g,t,h_max
0.01,0.0,1.0698216699004093
0.01,0.0008175568525747387,1.0688519944195516
0.01,0.0010219460657184232,1.0686066023690493
0.01,0.0010730433690043443,1.0685506261356292
0.01,0.001075599898725848,1.0685462446780296
0.01,0.0010781564284473519,1.0685419080550076
0.01,0.0010807129581688556,1.0685378845432365
0.01,0.0010832694878903594,1.0685341444087173
0.01,0.0010858260176118632,1.0685306138282307
0.01,0.001088382547333367,1.0685272291788939
0.01,0.0010909390770548707,1.0685239439867589
0.01,0.0010934956067763745,1.06852072600245
0.01,0.0010960521364978782,1.0685175532557376
0.01,0.001098608666219382,1.0685144108814606
0.01,0.0011011651959408858,1.0685112888469035
0.01,0.0011037217256623896,1.068508180386512
0.01,0.0011062782553838933,1.0685050809390237
0.01,0.001108834785105397,1.0685019874295167
0.01,0.0011113913148269009,1.0684988977852872
0.01,0.0011139478445484046,1.0684958106095268
0.01,0.0011165043742699084,1.0684927249613272
0.01,0.001120003350783913,1.0684885029670732
0.01,0.001154993115923959,1.0684462653801954
0.01,0.001189982881064005,1.068403977997292
0.01,0.001224972646204051,1.0683616137083431
0.01,0.0015748702976045108,1.067930068909267
0.01,0.0019247679490049707,1.0674908470022146
0.01,0.0034111917440781906,1.065494213315328
0.01,0.00489761553915141,1.0633850189767886
0.01,0.007266138951965581,1.0599109229441295
0.01,0.009634662364779752,1.0562479304644627
0.01,0.012003185777593923,1.0524677665319357
0.01,0.016044337267878572,1.0458843733669967
0.01,0.020085488758163222,1.0393376519646647
0.01,0.02412664024844787,1.0329717401941747
0.01,0.02816779173873252,1.0268321836272167
0.01,0.032955919233229755,1.0198508566630253
0.01,0.037744046727726986,1.0131941090597536
0.01,0.04253217422222422,1.0068610749087565
0.01,0.04732030171672145,1.0008565695013243
0.01,0.05210842921121868,0.9951863733782961
0.01,0.05689655670571591,0.989859353457595
0.01,0.06168468420021314,0.9848833989704158
0.01,0.06762449472788827,0.9792035222119114
0.01,0.0735643052555634,0.9740677129700633
0.01,0.07950411578323853,0.9694634297123783
0.01,0.08544392631091366,0.9653677469621613
0.01,0.09230629366499056,0.9612285259368479
0.01,0.09916866101906746,0.9576741617763104
0.01,0.10603102837314436,0.9546496045217387
0.01,0.11289339572722126,0.9521010500390698
0.01,0.11975576308129816,0.9499780355028794
0.01,0.12661813043537506,0.948234203749902
0.01,0.13348049778945195,0.9468270902902682
0.01,0.14034286514352884,0.94571762335801
0.01,0.14720523249760573,0.9448698755594264
0.01,0.1540675998516826,0.9442511154430424
0.01,0.1609299672057595,0.9438319200796725
0.01,0.1677923345598364,0.945194180578104
0.01,0.17465470191391327,0.9466271958155571
0.01,0.1839288343219408,0.9484430878581969
0.01,0.1932029667299683,0.9500944774240546
0.01,0.20247709913799583,0.9516064715589082
0.01,0.21175123154602335,0.9530000665002202
0.01,0.226985650250184,0.9550752256054831
0.01,0.24222006895434464,0.9569385884226111
0.01,0.2574544876585053,0.9586371304006419
0.01,0.27268890636266596,0.9602048277065625
0.01,0.29743806247150517,0.9625286838064763
0.01,0.3221872185803444,0.9646424624948905
0.01,0.3469363746891836,0.9665934225451854
0.01,0.3716855307980228,0.9684139916726869
0.01,0.41274457656218977,0.9713205807198829
0.01,0.45380362232635674,0.9739568227087069
0.01,0.4948626680905237,0.9764346944561837
0.01,0.5359217138546907,0.978740037605409
0.01,0.6051557972310709,0.982284200964009
0.01,0.6743898806074512,0.9854298887431426
0.01,0.7436239639838315,0.988224614320166
0.01,0.8128580473602117,0.9907123777512555
0.01,0.9355739079952582,0.9944483776328684
0.01,1.0582897686303046,0.9974414769571687
0.01,1.181005629265351,0.9998412046734694
0.01,1.3037214899003975,1.0017593010055956
0.01,1.4895829127598217,1.0038968698099304
0.01,1.6754443356192459,1.0053378650265128
0.01,1.86130575847867,1.0063209888565368
0.01,2.0471671813380943,1.0069993790638143
0.01,2.313046134449132,1.0076144034503773
0.01,2.57892508756017,1.007984894909293
0.01,2.844804040671208,1.0082188442044864
0.01,3.110682993782246,1.0083729513206903
0.01,3.627352219625833,1.0085538146835742
0.01,4.14402144546942,1.008652461385697
0.01,4.660690671313007,1.0087085558840332
0.01,5.845872836334074,1.0087998921202326
0.01,7.031055001355141,1.0088410446456715
0.01,8.216237166376208,1.0088756367548746
0.01,9.934759704713198,1.0089576261559667
0.01,11.653282243050187,1.0089908722982806
0.01,13.371804781387176,1.009036899996113
0.01,15.090327319724166,1.0090180822978088
0.01,16.808849858061155,1.0091081278700091
0.01,18.527372396398146,1.0091802577174582
0.01,20.245894934735137,1.009219737512603
0.01,21.964417473072128,1.009248153853272
0.01,23.68294001140912,1.0092790341381668
0.01,25.838341781674124,1.0092956774108086
0.01,27.99374355193913,1.0093131210186945
0.01,30.149145322204134,1.0093034247668848
0.01,32.30454709246914,1.0093788571137496
0.01,34.45994886273415,1.0094073909421404
0.01,36.61535063299916,1.0094098373856013
0.01,38.77075240326417,1.0093359178720065
0.01,40.92615417352918,1.009376581606099
0.01,43.081555943794186,1.00946259953628
0.01,45.236957714059194,1.0095353353092575
0.01,47.678254318851934,1.0094796736446117
0.01,50.119550923644674,1.009482857791224
0.01,52.560847528437414,1.0095341256706187
0.01,55.00214413323015,1.0096743945574207
0.01,57.44344073802289,1.0096726653271093
0.01,59.39347777671587,1.00962356816101
0.01,61.343514815408845,1.0095564449524987
0.01,63.29355185410182,1.0095870097542516
0.01,65.2435888927948,1.00957244718698
0.01,67.19362593148779,1.009610544054551
0.01,69.14366297018077,1.0096809561775053
0.01,71.09370000887375,1.0097826748071164
0.01,73.04373704756674,1.0097207415015719
0.01,73.34755796364627,1.00970380909348
0.01,73.6513788797258,1.0097053926228026
0.01,73.95519979580533,1.0097155915182625
0.01,74.5628416279644,1.0097307381805505
0.01,75.17048346012348,1.0097433609673099
0.01,76.19763929411609,1.009767616555774
0.01,77.2247951281087,1.009767392006461
0.01,78.2519509621013,1.009783951942041
0.01,79.44611459341075,1.0098006089019684
0.01,80.6402782247202,1.0098158078051442
0.01,81.83444185602966,1.0098197207345379
0.01,83.60604712435689,1.0098305151308995
0.01,85.37765239268413,1.0098480331273265
0.01,87.14925766101136,1.009875810003455
0.01,89.24524675507513,1.0099060423528194
0.01,91.3412358491389,1.0099185934360413
0.01,93.43722494320266,1.0098535920798528
0.01,95.0554127088198,1.00985522521819
0.01,95.31027238902483,1.009867856673736
0.01,95.56513206922986,1.0098831240642938
0.01,95.81999174943489,1.0098980202773502
0.01,96.32971110984494,1.0099215565015063
0.01,96.83943047025498,1.0099382907424221
0.01,97.34914983066503,1.0099502845206263
0.01,99.1360248595159,1.0099800316303473
0.01,100.92289988836677,1.0100045743669255
0.01,102.70977491721764,1.0100222516199775
0.01,104.49664994606852,1.0100343795256481
0.01,106.28352497491939,1.0100466144218083
0.01,108.07040000377026,1.010060826695298
0.01,110.52282371719605,1.0100778416421339
0.01,112.97524743062183,1.0101068783516851
0.01,115.42767114404762,1.0101371517102369
0.01,117.88009485747341,1.0101971342922782
0.01,120.76989984980544,1.0102301057701562
0.01,123.65970484213747,1.0102292384093798
0.01,126.5495098344695,1.0101912335830368
0.01,128.93634488326296,1.0102204952786387
0.01,131.3231799320564,1.010287331393465
0.01,133.71001498084985,1.0103429381910007
0.01,136.0968500296433,1.010362814681071
0.01,139.09376856168038,1.0103926891920796
0.01,141.55032733897409,1.0104016667469862
0.01,144.0068861162678,1.010416518176015
0.01,146.4634448935615,1.0104050031138014
0.01,148.9200036708552,1.0104475028244415
0.01,150.8538825525846,1.0104859775275679
0.01,152.78776143431398,1.0105381042506665
0.01,154.72164031604336,1.010592219486347
0.01,156.65551919777275,1.0106503550101942
0.01,158.58939807950213,1.0106855855522352
0.01,160.52327696123152,1.010731647137039
0.01,160.80422928323003,1.0107293921275413
0.01,161.010967575825,1.0107237146947408
0.01,161.21770586841996,1.0107167089119153
0.01,161.42444416101492,1.010710454495434
0.01,161.77332042301455,1.0107063033670063
0.01,162.1221966850142,1.0107039664431636
0.01,162.56731455723173,1.0107034246871063
0.01,163.01243242944926,1.0107044864877532
0.01,163.68418983747225,1.010708430586516
0.01,164.35594724549523,1.0107135450268527
0.01,165.0277046535182,1.0107177209236125
0.01,165.82146908546278,1.010731126223098
0.01,166.61523351740735,1.0107440906849448
0.01,167.4089979493519,1.01075167557103
0.01,168.7425298858075,1.0107629331876604
0.01,170.07606182226309,1.010776658088149
0.01,171.40959375871867,1.010794710725107
0.01,173.34553820868385,1.0108231163361403
0.01,175.28148265864903,1.0108406579346036
0.01,177.2174271086142,1.01085141519516
0.01,179.15337155857938,1.0108748487249302
0.01,179.51552782104196,1.0108817598022835
0.01,179.87768408350453,1.0108888523318689
0.01,180.2398403459671,1.0108957622059924
0.01,180.96415287089226,1.010908737620406
0.01,181.68846539581742,1.0109208388718545
0.01,182.41277792074257,1.010932302059348
0.01,184.52271553354288,1.010962926826232
0.01,186.6326531463432,1.010987659923211
0.01,188.7425907591435,1.0110054469633774
0.01,190.8525283719438,1.011015377198889
0.01,193.76083727667594,1.011033434727464
0.01,196.66914618140808,1.0110878200373858
0.01,199.57745508614022,1.0111675373636515
0.01,202.48576399087236,1.011210026362263
0.01,205.3940728956045,1.0112309536055042
0.01,208.30238180033663,1.0112740900818586
0.01,211.21069070506877,1.0113325226052368
0.01,214.1189996098009,1.0113622757414942
0.01,217.02730851453305,1.011388747061969
0.01,219.93561741926518,1.0114452393914235
0.01,222.84392632399732,1.0115110437921275
0.01,225.75223522872946,1.0115411100039875
0.01,228.6605441334616,1.011566048732263
0.01,231.56885303819374,1.0116237446872847
0.01,234.47716194292587,1.0116933014455767
0.01,237.385470847658,1.0117264643869623
0.01,240.29377975239015,1.0117517230921351
0.01,243.2020886571223,1.0118100778814272
0.01,246.11039756185443,1.011882624021399
0.01,249.01870646658656,1.0119184132115941
0.01,251.9270153713187,1.0119438558076588
0.01,254.30931163456435,1.0119984958944022
0.01,256.69160789781,1.0120710981130312
0.01,259.0739041610557,1.0121296961132442
0.01,261.45620042430136,1.0121680173005518
0.01,263.83849668754704,1.0121770499699307
0.01,266.2207929507927,1.0121856426222728
0.01,268.2080894770516,1.0122260581317948
0.01,270.1953860033105,1.0122955198226506
0.01,272.1826825295694,1.0123415653994134
0.01,274.16997905582826,1.012366805901658
0.01,275.7779927202882,1.0123763187373627
0.01,277.3860063847481,1.0124099042328878
0.01,278.994020049208,1.0124654239481568
0.01,280.60203371366794,1.0125243249798053
0.01,282.21004737812785,1.012599672041185
0.01,283.8180610425878,1.0126589675915443
0.01,285.4260747070477,1.012679847515945
0.01,287.0340883715076,1.0126735074077389
0.01,288.6421020359675,1.0126813824417173
0.01,290.25011570042744,1.0127146789079016
0.01,291.85812936488736,1.0127508218671544
0.01,293.4661430293473,1.0127651930303443
0.01,295.0741566938072,1.0127704180240318
0.01,296.6821703582671,1.0127942086166672
0.01,298.29018402272703,1.01284066585084
0.01,299.89819768718695,1.0128867663036856
0.01,301.9072780432703,1.0129304228419371
0.01,303.91635839935367,1.0129557776874338
0.01,305.925438755437,1.0129807431892923
0.01,307.9345191115204,1.0130244705633022
0.01,309.94359946760375,1.0130800405735914
0.01,311.9526798236871,1.0131301894952276
0.01,313.96176017977047,1.0131664737728587
0.01,316.81378891358315,1.013218101629196
0.01,319.66581764739584,1.0132795839740631
0.01,322.5178463812085,1.0133424189024307
0.01,325.3698751150212,1.013406362418161
0.01,328.2219038488339,1.013472444679014
0.01,331.0739325826466,1.0135397316510595
0.01,333.9259613164593,1.0136057089202415
0.01,336.77799005027197,1.0136713296592037
0.01,339.63001878408465,1.0137365084206924
0.01,342.48204751789734,1.0138024269128545
0.01,345.33407625171003,1.013868450182739
0.01,348.1861049855227,1.0139353901790276
0.01,351.0381337193354,1.014002520769276
0.01,353.8901624531481,1.0140706037559215
0.01,356.7421911869608,1.0141389096016558
0.01,359.59421992077347,1.0142081812574666
0.01,362.44624865458616,1.0142777002914212
0.01,365.29827738839884,1.0143481922451472
0.01,368.15030612221153,1.014418952710112
0.01,371.0023348560242,1.014490686673197
0.01,373.8543635898369,1.0145627102263683
0.01,376.7063923236496,1.0146357041293252
0.01,379.5584210574623,1.0147090101586702
0.01,381.92038390421527,1.0147704098730084
0.01,384.28234675096826,1.0148277435855744
0.01,386.64430959772125,1.0148848462489324
0.01,389.00627244447423,1.0149469908325257
0.01,391.3682352912272,1.0150154035628463
0.01,393.7301981379802,1.0150857356258247
0.01,396.0921609847332,1.0151511197507443
0.01,398.4541238314862,1.0152109260223419
0.01,400.8160866782392,1.0152722614732885
0.01,403.17804952499216,1.0153402423916098
0.01,405.54001237174515,1.0154119120379335
0.01,407.90197521849814,1.0154803827260088
0.01,410.2639380652511,1.0155429748299458
0.01,412.6259009120041,1.0156054578373621
0.01,414.9878637587571,1.0156731100932457
0.01,417.3498266055101,1.0157433540453502
0.01,419.7117894522631,1.0158134096280655
0.01,422.07375229901606,1.015878853041949
0.01,424.43571514576905,1.0159370268591068
0.01,426.79767799252204,1.0159977505986906
0.01,429.159640839275,1.0160700918719094
0.01,431.521603686028,1.0161496040694122
0.01,433.883566532781,1.0162289127371482
0.01,436.245529379534,1.016301021412364
0.01,438.607492226287,1.01636322199658
0.01,440.96945507303997,1.0164264624434498
0.01,443.33141791979295,1.0165014020025607
0.01,445.69338076654594,1.0165841990209437
0.01,448.05534361329893,1.0166670814430894
0.01,450.4173064600519,1.0167478395265825
0.01,452.7792693068049,1.0168263108799622
0.01,455.1412321535579,1.0169037124609068
0.01,457.5031950003109,1.0169819966663929
0.01,459.86515784706387,1.017060247641309
0.01,462.22712069381686,1.0171380699526074
0.01,464.58908354056985,1.0172120946033856
0.01,466.52116535902337,1.0172697683424112
0.01,468.4532471774769,1.017330710437859
0.01,470.3853289959304,1.0173982050002381
0.01,472.31741081438395,1.0174711267811118
0.01,474.50387268151354,1.0175542923834302
0.01,476.69033454864314,1.017633903025577
0.01,478.87679641577273,1.017708564228395
0.01,481.0632582829023,1.0177823389863045
0.01,481.438692801307,1.0177956375236041
0.01,481.5103523480447,1.0177982444093312
0.01,481.5820118947824,1.017800876815023
0.01,481.7253309882578,1.0178062360671714
0.01,481.86865008173316,1.0178116670743806
0.01,482.4046446225902,1.017832089864888
0.01,482.9406391634472,1.0178524637919246
0.01,483.4766337043042,1.017872471950217
0.01,484.88882713977677,1.0179241563908976
0.01,486.3010205752493,1.0179752378072766
0.01,487.71321401072186,1.0180264066738003
0.01,489.52270509306044,1.0180923403169937
0.01,491.332196175399,1.0181585938008637
0.01,493.1416872577376,1.0182249139228394
0.01,494.9511783400762,1.0182914198113386
0.01,497.0276389897733,1.0183682399738556
0.01,499.10409963947046,1.018444234608759
0.01,501.1805602891676,1.0185167192577467
0.01,503.25702093886474,1.0185869589792926
0.01,505.3334815885619,1.0186608538913904
0.01,507.409942238259,1.0187406167855844
0.01,509.48640288795616,1.0188209925185192
0.01,511.5628635376533,1.0188983653424346
0.01,513.6393241873504,1.0189757629219995
0.01,515.7157848370475,1.019057280079968
0.01,517.7922454867446,1.0191427121526802
0.01,519.8687061364417,1.01922871702429
0.01,521.9451667861388,1.0193122338048521
0.01,524.0216274358359,1.0193928955400975
0.01,526.0980880855329,1.0194732330722782
0.01,528.17454873523,1.019555210454899
0.01,530.5297957416615,1.01964993499681
0.01,532.8850427480929,1.0197467936190852
0.01,535.2402897545244,1.0198455395446469
0.01,537.5955367609558,1.0199452009475267
0.01,539.9507837673873,1.0200445691270175
0.01,542.3060307738187,1.0201433455336306
0.01,544.6612777802502,1.0202420699679973
0.01,547.0165247866817,1.0203413889004962
0.01,549.3717717931131,1.0204415103466995
0.01,551.7270187995446,1.0205424146003215
0.01,554.082265805976,1.020644017831598
0.01,556.4375128124075,1.0207463244724226
0.01,558.7927598188389,1.0208493249120747
0.01,561.1480068252704,1.0209530444571473
0.01,563.5032538317018,1.0210574673407955
0.01,565.8585008381333,1.021162612731964
0.01,568.2137478445648,1.0212684659608238
0.01,570.5689948509962,1.0213750475096992
0.01,572.9242418574277,1.0214823445809689
0.01,575.2794888638591,1.0215903773487676
0.01,577.6347358702906,1.0216991340923125
0.01,579.989982876722,1.0218086344930686
0.01,582.3452298831535,1.0219188679953282
0.01,584.7004768895849,1.0220298536987256
0.01,587.0557238960164,1.0221415821020159
0.01,589.4109709024478,1.0222540716509918
0.01,591.7662179088793,1.0223673137697475
0.01,594.1214649153108,1.0224813263024823
0.01,596.4767119217422,1.022596101446349
0.01,598.8319589281737,1.0227116565668837
0.01,601.1872059346051,1.022827984474994
0.01,603.5424529410366,1.0229451022033893
0.01,605.897699947468,1.023063003065024
0.01,608.2529469538995,1.0231817038711686
0.01,610.6081939603309,1.0233011984160973
0.01,612.9634409667624,1.0234215033142542
0.01,615.3186879731938,1.0235426129154797
0.01,617.6739349796253,1.0236645435601504
0.01,620.0291819860568,1.0237872902714233
0.01,622.3844289924882,1.0239108689725687
0.01,624.7396759989197,1.0240352754293782
0.01,626.6881098320237,1.024138801248412
0.01,628.6365436651276,1.024242346646263
0.01,630.5849774982316,1.0243456026427813
0.01,632.5334113313356,1.0244490654540979
0.01,634.4818451644396,1.0245540183628938
0.01,636.4302789975436,1.0246609282481887
0.01,638.3787128306476,1.0247682987819668
0.01,640.3271466637516,1.0248745433931303
0.01,642.2755804968556,1.024980426235097
0.01,644.2240143299596,1.0250881848391138
0.01,646.1724481630636,1.0251988328230746
0.01,648.1208819961676,1.025311250871719
0.01,650.0693158292715,1.0254235044261208
0.01,652.0177496623755,1.0255347671512098
0.01,653.9661834954795,1.0256459372021272
0.01,655.9146173285835,1.0257582341130091
0.01,657.8630511616875,1.0258718467564265
0.01,659.8114849947915,1.0259858122817238
0.01,661.7599188278955,1.0260986536120806
0.01,663.7083526609995,1.0262100844921807
0.01,665.6567864941035,1.026321480593371
0.01,667.6052203272075,1.02643425376046
0.01,669.5536541603115,1.0265490779656776
0.01,671.5020879934154,1.026666275649916
0.01,673.4505218265194,1.0267857595201586
0.01,675.3989556596234,1.026906918179785
0.01,677.3473894927274,1.0270287714363502
0.01,678.9579012859007,1.0271292928085125
0.01,680.5684130790739,1.0272294816572738
0.01,682.1789248722472,1.0273300078461156
0.01,683.7894366654205,1.0274316678921742
0.01,685.3999484585937,1.0275345164788365
0.01,687.010460251767,1.0276380933507505
0.01,688.6209720449402,1.0277424088610363
0.01,690.2314838381135,1.0278481119728762
0.01,691.8419956312867,1.0279553443975147
0.01,693.45250742446,1.0280627343448219
0.01,695.3878842116518,1.0281894211534892
0.01,697.3232609988436,1.0283132180916412
0.01,699.2586377860354,1.0284366213408107
0.01,701.1940145732272,1.028562200344555
0.01,703.1293913604189,1.028690437241354
0.01,705.0647681476107,1.0288202024801982
0.01,707.0001449348025,1.0289502969951443
0.01,708.9355217219943,1.029080437058295
0.01,710.8708985091861,1.0292110640658532
0.01,712.8062752963779,1.0293425767500837
0.01,714.7416520835696,1.0294750585703827
0.01,716.6770288707614,1.029608396770062
0.01,718.6124056579532,1.0297423813892697
0.01,720.547782445145,1.0298769371103114
0.01,722.4831592323368,1.030012201682933
0.01,724.4185360195286,1.0301482848023304
0.01,726.3539128067204,1.0302852060849759
0.01,728.2892895939121,1.0304229567683074
0.01,730.2246663811039,1.0305614549173452
0.01,732.1600431682957,1.0307006540217463
0.01,734.0954199554875,1.0308406239638594
0.01,736.0307967426793,1.0309814017258134
0.01,737.9661735298711,1.031122984651326
0.01,739.9015503170629,1.031265397978716
0.01,741.8369271042546,1.031408615888585
0.01,743.7723038914464,1.031552608979885
0.01,745.7076806786382,1.031697418393896
0.01,747.64305746583,1.031843050760526
0.01,749.5784342530218,1.03198949120213
0.01,751.5138110402136,1.0321367758072908
0.01,753.4491878274054,1.032284906718315
0.01,755.3845646145971,1.0324338655915757
0.01,757.3199414017889,1.0325836804006305
0.01,759.2553181889807,1.0327343456425717
0.01,761.1906949761725,1.0328858397170317
0.01,763.1260717633643,1.033038199314697
0.01,765.0614485505561,1.0331914400237578
0.01,766.9968253377479,1.0333455506328284
0.01,768.9322021249396,1.033500553962181
0.01,770.8675789121314,1.033656443048632
0.01,772.8029556993232,1.0338131941832365
0.01,774.738332486515,1.033970838954553
0.01,776.6737092737068,1.034129395777601
0.01,778.6090860608986,1.034288856234198
0.01,780.5444628480903,1.034449242998621
0.01,782.4798396352821,1.0346105563665364
0.01,784.4152164224739,1.0347727760469252
0.01,786.3505932096657,1.0349359256556787
0.01,788.2859699968575,1.035100017745079
0.01,790.2213467840493,1.0352650413636464
0.01,792.1567235712411,1.0354310206894388
0.01,794.0921003584328,1.0355979686762689
0.01,796.0274771456246,1.0357658737147835
0.01,797.9628539328164,1.03593475286889
0.01,799.8982307200082,1.036104610232885
0.01,801.8336075072,1.0362754293009564
0.01,803.7689842943918,1.0364472327194456
0.01,805.7043610815836,1.0366200427127734
0.01,807.6397378687753,1.0367938563493426
0.01,809.5751146559671,1.0369686894491466
0.01,811.5104914431589,1.0371445452322974
0.01,813.4458682303507,1.0373214060957658
0.01,815.3812450175425,1.0374992888271966
0.01,817.3166218047343,1.0376782135014557
0.01,819.251998591926,1.0378581780949883
0.01,821.1873753791178,1.038039199906373
0.01,823.1227521663096,1.038221290872904
0.01,825.0581289535014,1.0384044410029558
0.01,826.9935057406932,1.03858866303557
0.01,828.928882527885,1.0387739703017345
0.01,830.8642593150768,1.0389603563422989
0.01,832.7996361022686,1.0391478357241497
0.01,834.4019237616251,1.039303882146527
0.01,836.0042114209816,1.0394606210912818
0.01,837.6064990803382,1.0396179281237214
0.01,839.2087867396947,1.0397756553389197
0.01,840.8110743990512,1.0399338571976184
0.01,842.4133620584078,1.0400926849618854
0.01,844.0156497177643,1.0402523743760694
0.01,845.6179373771208,1.0404131841898863
0.01,847.2202250364774,1.040575293871614
0.01,848.8225126958339,1.0407387184345782
0.01,850.4248003551904,1.0409033167937525
0.01,852.027088014547,1.0410688816476354
0.01,853.6293756739035,1.0412352367922886
0.01,855.23166333326,1.0414022712944047
0.01,856.8339509926166,1.0415699255961197
0.01,858.4362386519731,1.0417382054641746
0.01,860.0385263113296,1.0419072070097692
0.01,861.6408139706862,1.0420770749429298
0.01,863.2431016300427,1.042247919081945
0.01,864.8453892893992,1.0424197784524267
0.01,866.4476769487558,1.0425926510491073
0.01,868.0499646081123,1.042766539066079
0.01,869.6522522674688,1.042941445379577
0.01,871.2545399268254,1.043117299468419
0.01,872.8568275861819,1.0432939027421346
0.01,874.4591152455384,1.043471039156574
0.01,876.061402904895,1.0436486914869507
0.01,877.6636905642515,1.0438270691253688
0.01,879.265978223608,1.0440063549079581
0.01,880.8682658829646,1.0441864947956037
0.01,882.4705535423211,1.0443672831066948
0.01,884.0728412016776,1.0445485841490412
0.01,885.6751288610342,1.0447304349973652
0.01,887.2774165203907,1.0449129915665414
0.01,888.8797041797473,1.045096433354008
0.01,890.4819918391038,1.0452809344945455
0.01,892.0842794984603,1.0454666849614498
0.01,893.6865671578169,1.0456538435893838
0.01,895.2888548171734,1.0458423912315449
0.01,896.8911424765299,1.046032058609788
0.01,898.4934301358865,1.0462224993983038
0.01,900.095717795243,1.0464135606051777
0.01,901.6980054545995,1.0466053478850497
0.01,903.3002931139561,1.046798053977765
0.01,904.9025807733126,1.0469917783224878
0.01,906.5048684326691,1.0471864826765256
0.01,908.1071560920257,1.0473820873536437
0.01,909.7094437513822,1.0475786375296867
0.01,911.3117314107387,1.0477763769949464
0.01,912.9140190700953,1.0479755998543514
0.01,914.5163067294518,1.048176388279492
0.01,916.1185943888083,1.0483785113523403
0.01,917.7208820481649,1.048581617613131
0.01,919.3231697075214,1.0487855259703922
0.01,920.9254573668779,1.04899032441785
0.01,922.5277450262345,1.049196230383127
0.01,924.130032685591,1.0494034176992622
0.01,925.7323203449475,1.0496119607323422
0.01,927.3346080043041,1.0498218597626237
0.01,928.9368956636606,1.0500330677486378
0.01,930.5391833230171,1.0502455092486283
0.01,932.1414709823737,1.050459109665789
0.01,933.7437586417302,1.0506738224393608
0.01,935.3460463010867,1.0508896333695439
0.01,936.9483339604433,1.051106545779712
0.01,938.5506216197998,1.051324565997492
0.01,940.1529092791563,1.0515436988037214
0.01,941.7551969385129,1.0517639492119515
0.01,943.3574845978694,1.0519853240817696
0.01,944.959772257226,1.0522078319524277
0.01,946.5620599165825,1.0524314821318492
0.01,948.164347575939,1.0526562842338205
0.01,949.7666352352956,1.05288224801058
0.01,951.3689228946521,1.053109383379282
0.01,952.9712105540086,1.0533377003482827
0.01,954.5734982133652,1.0535672090230235
0.01,956.1757858727217,1.0537979195397382
0.01,957.7780735320782,1.0540298420959033
0.01,959.3803611914348,1.0542629868995874
0.01,960.9826488507913,1.0544973642115796
0.01,962.5849365101478,1.0547329843058808
0.01,964.1872241695044,1.0549698575108755
0.01,965.7895118288609,1.0552079941729204
0.01,967.3917994882174,1.0554474046984614
0.01,968.994087147574,1.0556880995193763
0.01,970.5963748069305,1.0559300891347259
0.01,972.198662466287,1.05617338407719
0.01,973.8009501256436,1.0564179949539891
0.01,975.4032377850001,1.0566639324140945
0.01,977.0055254443566,1.0569112071881606
0.01,978.6078131037132,1.0571598300563785
0.01,980.2101007630697,1.0574098118873683
0.01,981.8123884224262,1.0576611636066249
0.01,983.4146760817828,1.0579138962343475
0.01,985.0169637411393,1.0581680208544342
0.01,986.6192514004958,1.0584235486512519
0.01,988.2215390598524,1.0586804908791647
0.01,989.8238267192089,1.0589388588982616
0.01,991.4261143785654,1.0591986641444193
0.01,993.028402037922,1.0594599181640199
0.01,994.6306896972785,1.0597226325845814
0.01,996.232977356635,1.0599868191485353
0.01,997.8352650159916,1.0602524896844971
0.01,999.4375526753481,1.0605196561402037
0.01,1001.0398403347046,1.0607883305545416
0.01,1002.6421279940612,1.0610585250898004
0.01,1004.2444156534177,1.0613302520046308
0.01,1005.8467033127743,1.061603523685805
0.01,1007.4489909721308,1.061878352622297
0.01,1009.0512786314873,1.0621547514367597
0.01,1010.6535662908439,1.062432732860935
0.01,1012.2558539502004,1.0627123097670585
0.01,1013.8581416095569,1.062993495144749
0.01,1015.4604292689135,1.0632763021324494
0.01,1017.06271692827,1.0635607439958057
0.01,1018.6650045876265,1.0638468341591063
0.01,1020.2672922469831,1.06413458618498
0.01,1021.8695799063396,1.0644240138055736
0.01,1023.4718675656961,1.0647151309031337
0.01,1025.0741552250527,1.0650079515404052
0.01,1026.6764428844092,1.06530248994142
0.01,1028.2787305437657,1.065598760520385
0.01,1029.8810182031223,1.0658967778618444
0.01,1031.4833058624788,1.066196556747269
0.01,1033.0855935218353,1.0664981121338342
0.01,1034.6878811811919,1.0668014591781165
0.01,1036.2901688405484,1.0671066132131055
0.01,1037.892456499905,1.067413589768967
0.01,1039.4947441592615,1.0677224045486289
0.01,1041.097031818618,1.0680330734464274
0.01,1042.425450333177,1.068292058854002
0.01,1043.753868847736,1.068552338664606
0.01,1045.082287362295,1.068813920410538
0.01,1046.4107058768539,1.0690768068272682
0.01,1047.7391243914128,1.069340991161192
0.01,1049.0675429059718,1.0696064513247876
0.01,1050.3959614205307,1.0698731478056982
0.01,1051.7243799350897,1.0701410342656361
0.01,1053.0527984496487,1.070410076964405
0.01,1054.3812169642076,1.0706802715103547
0.01,1055.7096354787666,1.070951645992394
0.01,1057.0380539933255,1.071224251756588
0.01,1058.3664725078845,1.0714981522146527
0.01,1059.6948910224435,1.071773417392381
0.01,1060.7879189983319,1.07200098318113
0.01,1061.8809469742203,1.072229568614121
0.01,1062.9739749501086,1.0724592161572033
0.01,1064.067002925997,1.072689958500024
0.01,1065.3174466315636,1.0729552941296443
0.01,1066.5678903371302,1.0732220797923828
0.01,1067.8183340426967,1.0734902875930479
0.01,1069.0687777482633,1.0737598755847095
0.01,1070.3192214538299,1.0740307985659283
0.01,1071.5696651593964,1.074303018357645
0.01,1072.820108864963,1.0745765147172612
0.01,1074.0705525705296,1.074851293184353
0.01,1075.3209962760961,1.0751273834253003
0.01,1076.5714399816627,1.0754048276020158
0.01,1077.8218836872293,1.0756836668017935
0.01,1079.0723273927958,1.075963935055184
0.01,1080.3227710983624,1.0762456607370439
0.01,1081.573214803929,1.07652886708531
0.01,1082.8236585094955,1.0768135673864274
0.01,1084.074102215062,1.077099761638538
0.01,1085.0568380839284,1.077325728328857
0.01,1085.814243204989,1.0775005076663489
0.01,1086.5716483260496,1.0776758309170449
0.01,1087.3290534471103,1.077851698167145
0.01,1088.0864585681709,1.0780281054348415
0.01,1089.1255546854036,1.078270982667876
0.01,1090.1646508026363,1.0785148386947785
0.01,1091.203746919869,1.0787596740269614
0.01,1092.2428430371017,1.0790055181283782
0.01,1093.2819391543344,1.079252415976122
0.01,1094.321035271567,1.079500405955786
0.01,1095.3601313887998,1.079749509125069
0.01,1096.3992275060325,1.0799997346400165
0.01,1097.4383236232652,1.0802510895905413
0.01,1098.477419740498,1.080503580968418
0.01,1099.7241271931914,1.0808080217545029
0.01,1100.970834645885,1.0811140948845477
0.01,1102.2175420985784,1.0814217972318538
0.01,1103.464249551272,1.0817311420506868
0.01,1104.7109570039654,1.082042157496223
0.01,1105.957664456659,1.082354871228983
0.01,1107.2043719093524,1.082669297371342
0.01,1108.451079362046,1.0829854371212029
0.01,1109.6977868147394,1.0833032891384486
0.01,1110.944494267433,1.0836228569768582
0.01,1112.1912017201264,1.0839441471511653
0.01,1113.43790917282,1.084267163027517
0.01,1114.6846166255134,1.0845919040019563
0.01,1115.931324078207,1.0849183725848204
0.01,1117.1780315309004,1.0852465827046134
0.01,1118.424738983594,1.0855765602611456
0.01,1119.6714464362874,1.0859083339381495
0.01,1120.918153888981,1.0862419227974207
0.01,1122.1648613416744,1.086577329317062
0.01,1123.411568794368,1.0869145424755304
0.01,1124.6582762470614,1.0872535480869914
0.01,1125.904983699755,1.0875943401272565
0.01,1127.1516911524484,1.0879369272858626
0.01,1128.398398605142,1.088281332846564
0.01,1129.6451060578354,1.0886275894287245
0.01,1130.891813510529,1.088975732017332
0.01,1132.1385209632224,1.089325792733146
0.01,1133.385228415916,1.089677798968341
0.01,1134.6319358686094,1.0900317745848127
0.01,1135.878643321303,1.0903877422558532
0.01,1137.1253507739964,1.0907457251818995
0.01,1138.37205822669,1.09110574744167
0.01,1139.6187656793834,1.0914678334821697
0.01,1140.8654731320769,1.0918320075618357
0.01,1142.1121805847704,1.092198293621931
0.01,1143.3588880374639,1.0925667155245686
0.01,1144.6055954901574,1.0929372973643383
0.01,1145.8523029428509,1.0933100636390887
0.01,1147.0990103955444,1.0936850392624573
0.01,1148.3457178482379,1.0940622494259131
0.01,1149.5924253009314,1.0944417191086755
0.01,1150.8391327536249,1.0948234718911578
0.01,1152.0858402063184,1.0952075279589621
0.01,1153.3325476590119,1.0955939019764265
0.01,1154.5792551117054,1.0959826022902868
0.01,1155.8259625643989,1.096373632904584
0.01,1157.0726700170924,1.0967669983894244
0.01,1158.3193774697859,1.097162709580798
0.01,1159.5660849224794,1.0975607869971133
0.01,1160.8127923751729,1.0979612599267077
0.01,1162.0594998278664,1.0983641623598206
0.01,1163.3062072805599,1.0987695286748054
0.01,1164.5529147332534,1.0991773916150707
0.01,1165.7996221859469,1.0995877827244607
0.01,1167.0463296386404,1.1000007337182476
0.01,1168.2930370913339,1.1004162769703445
0.01,1169.5397445440274,1.1008344441331497
0.01,1170.7864519967209,1.101255263218824
0.01,1172.0331594494144,1.101678755947815
0.01,1173.2798669021079,1.1021049379434638
0.01,1174.5265743548014,1.1025338229752946
0.01,1175.7732818074949,1.10296542897244
0.01,1177.0199892601884,1.1033997815053793
0.01,1178.2666967128819,1.1038369118953293
0.01,1179.5134041655754,1.104276852129069
0.01,1180.7601116182689,1.1047196311602452
0.01,1182.0068190709624,1.1051652756404495
0.01,1183.2535265236559,1.105613813727863
0.01,1184.2497017644237,1.1059743171480687
0.01,1185.0611100691344,1.106269349581638
0.01,1185.8725183738452,1.106565645743893
0.01,1186.683926678556,1.106863216983951
0.01,1187.4953349832667,1.1071620737459722
0.01,1188.4106117937358,1.1075007411354154
0.01,1189.325888604205,1.1078410661145657
0.01,1190.241165414674,1.1081830582680559
0.01,1191.156442225143,1.1085267287147669
0.01,1192.0717190356122,1.1088720927862168
0.01,1192.9869958460813,1.109219170854952
0.01,1193.9022726565504,1.1095679864438905
0.01,1194.945673494891,1.1099677787446967
0.01,1195.9890743332317,1.1103698851199448
0.01,1197.0324751715723,1.1107743234176233
0.01,1198.075876009913,1.1111811054645626
0.01,1199.1192768482535,1.111590243676747
0.01,1200.1626776865942,1.1120017572899417
0.01,1201.2060785249348,1.1124156743109603
0.01,1202.2494793632754,1.1128320282091513
0.01,1203.292880201616,1.1132508517872817
0.01,1204.3362810399567,1.1136721731329837
0.01,1205.3796818782973,1.1140960163843392
0.01,1206.423082716638,1.1145224064724306
0.01,1207.4664835549786,1.1149513730648823
0.01,1208.5098843933192,1.1153829500103387
0.01,1209.5532852316599,1.1158171703726127
0.01,1210.5966860700005,1.1162540614504461
0.01,1211.6400869083411,1.1166936440465642
0.01,1212.6834877466817,1.1171359367814533
0.01,1213.7268885850224,1.1175809620816783
0.01,1214.770289423363,1.1180287492730037
0.01,1215.8136902617036,1.1184793333117704
0.01,1215.9640638399874,1.1185445035909303
0.01,1216.114437418271,1.1186097328673446
0.01,1216.2648109965548,1.118675021252547
0.01,1216.4151845748386,1.1187403688452195
0.01,1216.7159317314063,1.1188712421350637
0.01,1217.016678887974,1.1190023534086821
0.01,1217.3174260445417,1.1191337032993616
0.01,1217.9832093465989,1.1194253343269365
0.01,1218.648992648656,1.119718145732302
0.01,1219.3147759507133,1.1200121448557843
0.01,1220.1610981578472,1.1203875913479884
0.01,1221.007420364981,1.1207649853722934
0.01,1221.853742572115,1.1211443460851094
0.01,1222.7000647792488,1.1215256921016545
0.01,1223.5463869863827,1.1219090427111837
0.01,1224.3927091935166,1.1222944186449955
0.01,1225.2390314006504,1.1226818423402989
0.01,1226.0853536077843,1.1230713376573416
0.01,1226.9316758149182,1.1234629291804756
0.01,1227.777998022052,1.1238566414346096
0.01,1228.624320229186,1.1242524982216753
0.01,1229.4706424363198,1.1246505222910734
0.01,1230.3169646434537,1.1250507353038852
0.01,1231.1632868505876,1.125453158098674
0.01,1232.0096090577215,1.1258578111317459
0.01,1232.8559312648554,1.126264714882812
0.01,1233.7022534719893,1.1266738901327191
0.01,1234.5485756791231,1.1270853581700744
0.01,1235.394897886257,1.1274991411513506
0.01,1236.3694755028678,1.127978529327909
0.01,1237.3440531194785,1.1284610576697511
0.01,1238.3186307360893,1.1289467676250113
0.01,1239.2932083527,1.1294357013802339
0.01,1240.2677859693108,1.129927900190271
0.01,1241.2423635859216,1.1304234043880113
0.01,1242.2169412025323,1.1309222551951037
0.01,1243.2944547256307,1.1314777442684676
0.01,1244.371968248729,1.132037443629989
0.01,1245.4494817718273,1.1326014223643817
0.01,1246.5269952949257,1.1331697513152954
0.01,1247.422286808984,1.1336453279733403
0.01,1248.3175783230422,1.134123997146111
0.01,1249.2128698371005,1.1346057989069585
0.01,1250.1081613511587,1.1350907732198423
0.01,1251.003452865217,1.1355789601711
0.01,1251.8987443792753,1.1360704004358768
0.01,1252.7940358933336,1.136565135907755
0.01,1253.6893274073918,1.1370632102471796
0.01,1254.58461892145,1.1375646690069043
0.01,1255.4799104355084,1.13806955928883
0.01,1256.3752019495666,1.138577929111736
0.01,1257.270493463625,1.1390898269453784
0.01,1258.1657849776832,1.1396053016040744
0.01,1259.1751866981685,1.1401908281304165
0.01,1260.184588418654,1.1407810365813735
0.01,1261.1939901391393,1.1413760014372887
0.01,1262.2033918596246,1.1419757996483966
0.01,1263.21279358011,1.14258051082773
0.01,1264.2221953005953,1.1431902176650346
0.01,1265.2315970210807,1.1438050066478267
0.01,1266.240998741566,1.1444249688405719
0.01,1267.2504004620514,1.1450502001871765
0.01,1268.2598021825368,1.1456808011948834
0.01,1269.09233666806,1.1462050227371874
0.01,1269.9248711535831,1.1467330279949635
0.01,1270.7574056391063,1.1472648785076103
0.01,1271.5899401246295,1.147800636960972
0.01,1272.5312661760813,1.1484111936733312
0.01,1273.4725922275331,1.1490269231799966
0.01,1274.413918278985,1.1496479231641774
0.01,1275.3552443304368,1.1502742948476734
0.01,1276.2965703818886,1.150906143636708
0.01,1277.2378964333404,1.1515435794159028
0.01,1278.1792224847923,1.1521867163392816
0.01,1279.120548536244,1.1528356723754467
0.01,1280.061874587696,1.1534905689029773
0.01,1281.0032006391477,1.154151530856979
0.01,1281.9445266905996,1.1548186871133592
0.01,1282.8858527420514,1.1554921709228363
0.01,1283.8271787935032,1.1561721202627897
0.01,1284.768504844955,1.156858678258467
0.01,1285.7098308964069,1.157551993824967
0.01,1286.6511569478587,1.1582522227324088
0.01,1287.5924829993105,1.1589595287278371
0.01,1288.3747008575815,1.1595527887189894
0.01,1289.1569187158525,1.1601511580555721
0.01,1289.9391365741235,1.1607547449859554
0.01,1290.7213544323945,1.161363661832873
0.01,1291.5035722906655,1.1619780249774363
0.01,1292.2857901489365,1.1625979549837804
0.01,1292.9040294771091,1.1630919479072803
0.01,1293.419053070639,1.1635062286762354
0.01,1293.9340766641687,1.163923059125647
0.01,1294.4491002576985,1.1643424783852188
0.01,1294.9641238512284,1.164764526665513
0.01,1295.6736950145082,1.165350384547271
0.01,1296.383266177788,1.1659414231888723
0.01,1297.092837341068,1.1665377584393595
0.01,1297.8024085043478,1.1671395109180505
0.01,1298.739949564483,1.1679431165675629
0.01,1299.677490624618,1.1687567056440746
0.01,1300.6150316847531,1.1695806014447552
0.01,1301.5525727448883,1.1704151473053865
0.01,1302.5865222568607,1.1713482989898156
0.01,1303.620471768833,1.1722953699388856
0.01,1304.6544212808055,1.173256919735558
0.01,1305.688370792778,1.174233551498715
0.01,1306.7223203047504,1.1752259167687105
0.01,1307.7562698167228,1.1762347202909371
0.01,1308.7902193286952,1.1772607265009742
0.01,1309.8241688406677,1.178304765090685
0.01,1310.85811835264,1.1793677393834607
0.01,1311.8920678646125,1.1804506354660624
0.01,1312.926017376585,1.1815545349257095
0.01,1313.9599668885573,1.1826806261729643
0.01,1314.9939164005298,1.1838302204261824
0.01,1316.0278659125022,1.1850047736831484
0.01,1317.0618154244746,1.1862059060136618
0.01,1318.095764936447,1.1874354285576094
0.01,1319.1297144484195,1.1886953814107506
0.01,1320.163663960392,1.1899880668190732
0.01,1321.1976134723643,1.1913160976167059
0.01,1322.2315629843367,1.1926824682716524
0.01,1323.2655124963092,1.1940906185180438
0.01,1324.2994620082816,1.195544528882245
0.01,1325.333411520254,1.1970488664671084
0.01,1326.3673610322264,1.1986091165792292
0.01,1327.4013105441989,1.2002318037393045
0.01,1328.4352600561713,1.2019247531392288
0.01,1329.4692095681437,1.2036975302434691
0.01,1330.5031590801161,1.2055618684465976
0.01,1331.5371085920885,1.2075323650871645
0.01,1332.571058104061,1.2096276995410344
0.01,1333.6050076160334,1.211871881267977
0.01,1334.6389571280058,1.2142963831702518
0.01,1335.6729066399782,1.2169437325568675
0.01,1336.7068561519507,1.2198743252410427
0.01,1337.740805663923,1.2231730419598261
0.01,1338.7747551758955,1.2269640699808675
0.01,1339.6302268853597,1.2306119276825997
0.01,1340.4856985948238,1.2349093549393149
0.01,1341.341170304288,1.2401353123618417
0.01,1342.1966420137521,1.2467682896544432
0.01,1343.1558841016913,1.2571744671313663
0.01,1344.1151261896305,1.2739487191098589
0.01,1344.793722148386,1.2943460800435103
0.01,1344.8966458127265,1.2985019207396258
0.01,1344.999569477067,1.303107866446705
0.01,1345.1024931414076,1.3082374511232382
0.01,1345.3083404700888,1.3206418610298936
0.01,1345.5141877987699,1.3368037550814391
0.01,1345.720035127451,1.3585844900032176
0.01,1345.9585522419602,1.3945310222857301
0.01,1346.1970693564695,1.4481000779975475
0.01,1346.4355864709787,1.5216610044029848
0.01,1346.4739293321957,1.5351310405689298
0.01,1346.5122721934126,1.548690794421174
0.01,1346.5506150546296,1.5622270969998928
0.01,1346.6273007770633,1.5887167051392426
0.01,1346.703986499497,1.613979790455906
0.01,1346.7806722219307,1.6374937322198275
0.01,1346.9362683958075,1.6796180120986093
0.01,1347.0918645696843,1.7142048214043761
0.01,1347.247460743561,1.7421344604705578
0.01,1347.4030569174379,1.7649341194912918
0.01,1347.6179672281864,1.7904344569503727
0.01,1347.832877538935,1.8110790396978877
0.01,1348.0477878496836,1.8283378947900195
0.01,1348.2626981604321,1.8429342498237746
0.01,1348.579554732587,1.8608672131652433
0.01,1348.8964113047418,1.8755958925085092
0.01,1349.2132678768967,1.8880235196764494
0.01,1349.5301244490515,1.8986005239121206
0.01,1350.0395032506303,1.9127324532282468
0.01,1350.5488820522091,1.924190382041686
0.01,1351.058260853788,1.933799298868493
0.01,1351.5676396553667,1.9418405477593241
0.01,1352.2456261139807,1.9509186926316535
0.01,1352.9236125725947,1.9583437433944317
0.01,1353.6015990312087,1.9647302414092627
0.01,1354.2795854898227,1.969909450159827
0.01,1355.0471784332215,1.975296415567536
0.01,1355.8147713766202,1.979784786214786
0.01,1356.582364320019,1.9838743729274488
0.01,1357.3499572634178,1.9872677493656974
0.01,1358.1175502068165,1.9903501591534871
0.01,1358.8851431502153,1.993040260761123
0.01,1359.652736093614,1.9954525980498095
0.01,1360.6390605421607,1.9980801484905084
0.01,1361.6253849907073,2.0005428350626158
0.01,1362.611709439254,2.002830037360635
0.01,1363.5980338878005,2.0048561437937926
0.01,1364.5843583363471,2.0066562120497333
0.01,1365.5706827848937,2.008308780641588
0.01,1366.5570072334403,2.009807928019544
0.01,1367.6662448362008,2.011387395595234
0.01,1368.7754824389613,2.012866019095842
0.01,1369.8847200417217,2.014242688571675
0.01,1370.9939576444822,2.015479062486671
0.01,1372.1031952472426,2.0166733096814586
0.01,1373.212432850003,2.017821797015843
0.01,1374.3216704527636,2.018955903014353
0.01,1375.5647197019268,2.020172498661616
0.01,1376.80776895109,2.021322048929306
0.01,1378.0508182002534,2.0223764650681813
0.01,1379.2938674494167,2.0234127822008454
0.01,1380.3070117298644,2.024279992019379
0.01,1381.320156010312,2.0251520968674037
0.01,1382.3333002907598,2.0259912596737597
0.01,1383.3464445712075,2.0267743842106305
0.01,1384.565629670182,2.027691040663995
0.01,1385.7848147691566,2.02861587048492
0.01,1387.0039998681311,2.0295773888891087
0.01,1388.2231849671057,2.030550033999001
0.01,1389.4423700660802,2.0314808304783494
0.01,1390.6615551650548,2.0323937268396537
0.01,1391.8807402640293,2.0333170951717716
0.01,1393.0999253630039,2.034249898702948
0.01,1394.3191104619784,2.035173961564982
0.01,1395.538295560953,2.0360885414320182
0.01,1397.020081166806,2.0372172298767914
0.01,1398.501866772659,2.038357872579235
0.01,1399.983652378512,2.0394895304051612
0.01,1401.465437984365,2.0406254956278778
0.01,1402.947223590218,2.0417816239434052
0.01,1404.429009196071,2.042958172758831
0.01,1405.910794801924,2.0441573796832886
0.01,1407.3925804077771,2.045370680855716
0.01,1408.8743660136302,2.046579277770313
0.01,1410.3561516194832,2.0477889719633806
0.01,1411.8379372253362,2.0490204589964454
0.01,1413.3197228311892,2.050279726090139
0.01,1414.8015084370422,2.051571811034459
0.01,1416.4789316984886,2.053066028015677
0.01,1418.156354959935,2.05456392198971
0.01,1419.8337782213814,2.0560666203671816
0.01,1421.5112014828278,2.057613128029464
0.01,1423.1886247442742,2.0592117878299088
0.01,1424.8660480057206,2.060837847169587
0.01,1426.543471267167,2.06249847031112
0.01,1428.2208945286134,2.0641991649676408
0.01,1429.8983177900598,2.065930299949006
0.01,1431.5757410515062,2.067696877494586
0.01,1433.2531643129525,2.069509277594839
0.01,1434.930587574399,2.071372666924141
0.01,1436.6080108358453,2.0732845698501214
0.01,1438.2854340972917,2.0752341294340027
0.01,1439.9628573587381,2.0772097756390084
0.01,1441.6402806201845,2.0792010654384896
0.01,1443.317703881631,2.0812120365055393
0.01,1444.9951271430773,2.0832847969804087
0.01,1446.6725504045237,2.085463188430922
0.01,1448.34997366597,2.0877393116688086
0.01,1450.0273969274165,2.090073911403322
0.01,1451.7048201888629,2.0924409150373133
0.01,1453.3822434503093,2.0948322205598497
0.01,1455.0596667117557,2.097243825500076
0.01,1456.439670622066,2.099262475819826
0.01,1457.8196745323762,2.101349163844665
0.01,1459.1996784426865,2.1035370925783012
0.01,1460.5796823529968,2.105826413193592
0.01,1461.959686263307,2.1081679793856427
0.01,1463.3396901736173,2.1105373945771153
0.01,1464.7196940839276,2.1129471484578546
0.01,1466.0996979942379,2.115411189123086
0.01,1467.4797019045482,2.1179284128351012
0.01,1468.6117849275292,2.1200290292765156
0.01,1469.7438679505103,2.12216630568428
0.01,1470.8759509734914,2.1243516647027914
0.01,1472.0080339964725,2.126594391587184
0.01,1473.449181431308,2.12953551275892
0.01,1474.8903288661436,2.1325627466906623
0.01,1476.3314763009791,2.1356673310125
0.01,1477.7726237358147,2.13885670353551
0.01,1479.4636945130892,2.142734354083891
0.01,1481.1547652903637,2.146765424328676
0.01,1482.5081602929924,2.1500961819992703
0.01,1483.8615552956212,2.153519271699057
0.01,1485.21495029825,2.1570496634168754
0.01,1486.5683453008787,2.160714738739341
0.01,1487.9217403035075,2.164545771657804
0.01,1489.2751353061362,2.1685359999131104
0.01,1490.628530308765,2.1726745814749178
0.01,1491.9819253113938,2.176972543056234
0.01,1493.3353203140225,2.1814625625481154
0.01,1493.5302039138526,2.1821278114293543
0.01,1493.7250875136826,2.1827980771469835
0.01,1493.9199711135127,2.183473082877495
0.01,1494.2978839122518,2.184802996227446
0.01,1494.6757967109909,2.1861504863586614
0.01,1495.303449004659,2.1884402877743443
0.01,1495.931101298327,2.1907852692106053
0.01,1496.8441318720054,2.1942634029577737
0.01,1497.757162445684,2.1978760110332707
0.01,1498.6701930193624,2.2016343972210586
0.01,1499.5832235930409,2.2055531882952795
0.01,1500.4962541667194,2.2096525781768492
0.01,1501.4092847403979,2.2139540266946995
0.01,1502.3223153140764,2.218481364393989
0.01,1503.2353458877549,2.223261565897199
0.01,1504.1483764614334,2.228328050640174
0.01,1505.2067441823426,2.2346246615346996
0.01,1506.2651119032519,2.2414542714155443
0.01,1507.323479624161,2.248930935295051
0.01,1508.670766249018,2.259677468705081
0.01,1510.018052873875,2.272213790914779
0.01,1511.3653394987318,2.287259532415348
0.01,1512.8988619066467,2.3086837701032534
0.01,1514.4323843145617,2.337782607265099
0.01,1515.9659067224766,2.3801342333093563
0.01,1517.4994291303915,2.4442874281303006
0.01,1519.2094781906703,2.543583893728213
0.01,1519.4486354286128,2.55935016955146
0.01,1519.6877926665552,2.574997072973725
0.01,1519.9269499044976,2.590371691016529
0.01,1520.4052643803827,2.6197766936873443
0.01,1520.8835788562678,2.6470092254427366
0.01,1521.361893332153,2.6718123417988853
0.01,1522.344861525081,2.715055266198029
0.01,1523.3278297180088,2.749693305169563
0.01,1524.3107979109368,2.777704667822342
0.01,1525.5386487668554,2.806546608030218
0.01,1526.766499622774,2.828948709150004
0.01,1527.9943504786927,2.8477847687821036
0.01,1529.2222013346113,2.8637771315659126
0.01,1530.45005219053,2.877657109072445
0.01,1531.6779030464486,2.889868377546678
0.01,1533.2996806569115,2.904020818005448
0.01,1534.9214582673744,2.9163007116165622
0.01,1536.5432358778373,2.927091290509454
0.01,1538.3319541203157,2.93754341743302
0.01,1540.120672362794,2.946804208603962
0.01,1541.9093906052724,2.9553157223913025
0.01,1543.6981088477507,2.963119640796805
0.01,1545.7039145434767,2.971123073447563
0.01,1547.7097202392026,2.978468704396378
0.01,1549.7155259349286,2.9853571854159773
0.01,1552.1063916313033,2.9928677100276913
0.01,1554.497257327678,2.9999360497024217
0.01,1556.3598565718607,3.0052342467791457
0.01,1558.2224558160435,3.010367734798037
0.01,1560.0850550602263,3.015352583408258
0.01,1561.947654304409,3.020211818707671
0.01,1564.055265021964,3.0257069359917814
0.01,1566.162875739519,3.031249681432805
0.01,1568.270486457074,3.036795953594064
0.01,1570.378097174629,3.0423224815647294
0.01,1573.376312868087,3.050286759256642
0.01,1576.3745285615453,3.058501977601357
0.01,1579.3727442550035,3.0669948887391207
0.01,1582.3709599484616,3.075781978492776
0.01,1585.3691756419198,3.084914632337113
0.01,1588.367391335378,3.0944499192950436
0.01,1591.3656070288362,3.104438588233057
0.01,1594.3638227222943,3.11493683374714
0.01,1597.3620384157525,3.1260017650447725
0.01,1600.3602541092107,3.137693593453945
0.01,1603.3584698026689,3.1500873662295468
0.01,1606.356685496127,3.163277431003769
0.01,1609.3549011895852,3.177376450123268
0.01,1612.3531168830434,3.1925270715696907
0.01,1615.3513325765016,3.208909225458721
0.01,1618.3495482699598,3.226754326363163
0.01,1621.347763963418,3.246365405247433
0.01,1624.3459796568761,3.2681752867194542
0.01,1627.3441953503343,3.2927703539300968
0.01,1630.3424110437925,3.320895894770697
0.01,1633.3406267372507,3.35351507953801
0.01,1636.3388424307088,3.3917588943696737
0.01,1639.337058124167,3.4365511949870955
0.01,1642.3352738176252,3.4878511891488
0.01,1645.3334895110834,3.543784789189499
0.01,1648.3317052045415,3.6006276927207184
0.01,1651.3299208979997,3.654261202548899
0.01,1654.328136591458,3.701930829951305
0.01,1657.326352284916,3.742827593912255
0.01,1660.3245679783743,3.77745147283821
0.01,1663.3227836718324,3.806870828772298
0.01,1666.3209993652906,3.8321421010818115
0.01,1669.3192150587488,3.85413968801324
0.01,1672.317430752207,3.8735649772922622
0.01,1675.8495367369596,3.8939213195836118
0.01,1679.3816427217123,3.9121650593326374
0.01,1682.913748706465,3.9287763229657844
0.01,1686.4458546912176,3.9441376074097665
0.01,1689.9779606759703,3.9585579647688554
0.01,1693.510066660723,3.9722767574146602
0.01,1697.0421726454756,3.985478783224927
0.01,1700.5742786302283,3.998313510936761
0.01,1704.106384614981,4.010899968073142
0.01,1707.6384905997336,4.023329121280016
0.01,1711.1705965844862,4.035673313606785
0.01,1714.702702569239,4.047989857033693
0.01,1718.2348085539916,4.060319854424388
0.01,1721.7669145387442,4.072693976120945
0.01,1725.299020523497,4.085139705508965
0.01,1728.8311265082496,4.097684007720355
0.01,1732.3632324930022,4.110356565689701
0.01,1735.8953384777549,4.123197113707674
0.01,1739.4274444625075,4.136238359201572
0.01,1742.9595504472602,4.149523207582209
0.01,1746.4916564320129,4.163122606296552
0.01,1750.0237624167655,4.177094683472492
0.01,1753.5558684015182,4.191459622263287
0.01,1757.0879743862708,4.206236700159348
0.01,1760.6200803710235,4.221452287550853
0.01,1764.1521863557762,4.237118333290676
0.01,1767.6842923405288,4.253242932620442
0.01,1771.2163983252815,4.269841628329871
0.01,1775.1993551800297,4.289142091517432
0.01,1779.1823120347779,4.309059225144942
0.01,1783.165268889526,4.329585744722815
0.01,1787.1482257442742,4.350695817097397
0.01,1792.455443185999,4.379646982197436
0.01,1797.7626606277238,4.409383203675193
0.01,1803.0698780694486,4.439639663297608
0.01,1808.3770955111734,4.470057730182575
0.01,1813.6843129528982,4.500217914737899
0.01,1818.991530394623,4.529675455318463
0.01,1824.2987478363477,4.558003316155465
0.01,1829.6059652780725,4.5848391367696175
0.01,1834.9131827197973,4.609926596287565
0.01,1840.220400161522,4.633122423968633
0.01,1847.0890672147434,4.660305095075445
0.01,1853.9577342679645,4.684389777196479
0.01,1859.6700515107711,4.702225553446612
0.01,1865.3823687535778,4.718274059677985
0.01,1871.0946859963844,4.732757962497278
0.01,1876.807003239191,4.745886516838345
0.01,1882.5193204819977,4.757846804330549
0.01,1888.2316377248044,4.76880752169641
0.01,1893.943954967611,4.77892186622692
0.01,1899.6562722104177,4.7883234400339285
0.01,1900.5154724208153,4.78968390509813
0.01,1901.374672631213,4.791031427981856
0.01,1902.2338728416105,4.792366453879759
0.01,1903.9522732624057,4.794976604559449
0.01,1905.670673683201,4.797540728642711
0.01,1907.6911092903729,4.800494017122085
0.01,1909.7115448975449,4.803388705580974
0.01,1912.1556945343011,4.806849999139571
0.01,1914.5998441710574,4.810232681675701
0.01,1917.0439938078136,4.813543086872888
0.01,1919.48814344457,4.8167879083584015
0.01,1921.9322930813262,4.81997304600212
0.01,1924.3764427180824,4.8231032401360325
0.01,1927.2605271978841,4.826731489381677
0.01,1930.1446116776858,4.830292805932573
0.01,1933.0286961574875,4.8337903945991965
0.01,1936.7131424175245,4.8381703347249445
0.01,1940.3975886775615,4.842455040424981
0.01,1944.0820349375986,4.846648510932097
0.01,1948.6050043762466,4.851675348057466
0.01,1953.1279738148946,4.856574122201517
0.01,1957.6509432535427,4.861348606983936
0.01,1962.1739126921907,4.866001453923863
0.01,1967.4844325044758,4.871312926773406
0.01,1972.7949523167608,4.876464456887868
0.01,1978.105472129046,4.881458705736609
0.01,1983.415991941331,4.886297468456471
0.01,1988.726511753616,4.8909824757106115
0.01,1994.037031565901,4.895515636451677
0.01,1999.3475513781862,4.899898898720154
0.01,2004.6580711904712,4.9041341958669875
0.01,2009.9685910027563,4.908223566717197
0.01,2015.2791108150413,4.912169282150324
0.01,2020.5896306273264,4.915973870647214
0.01,2025.9001504396115,4.919640075039878
0.01,2031.2106702518965,4.923170807728188
0.01,2036.5211900641816,4.926596873546253
0.01,2041.8317098764667,4.929970705883566
0.01,2047.1422296887517,4.933274473052198
0.01,2052.452749501037,4.936495685169557
0.01,2057.7632693133223,4.939627002188505
0.01,2063.0737891256076,4.94266352225814
0.01,2068.384308937893,4.945603455255761
0.01,2073.694828750178,4.94844516212367
0.01,2079.0053485624635,4.951189016262058
0.01,2084.315868374749,4.953835309250314
0.01,2089.626388187034,4.956387257352272
0.01,2094.9369079993194,4.958844719611997
0.01,2100.2474278116047,4.961210434545111
0.01,2105.55794762389,4.9634875559519855
0.01,2110.8684674361753,4.965678025111014
0.01,2116.1789872484605,4.967784285935832
0.01,2121.489507060746,4.9698096072197
0.01,2126.800026873031,4.97175650864889
0.01,2132.1105466853164,4.973627243408171
0.01,2137.4210664976017,4.975424174052868
0.01,2142.731586309887,4.977150160439449
0.01,2148.0421061221723,4.978809196534121
0.01,2153.3526259344576,4.980401478065526
0.01,2158.663145746743,4.9819307785278495
0.01,2163.973665559028,4.983399514373122
0.01,2169.2841853713135,4.9848085759446885
0.01,2174.5947051835988,4.986162582129656
0.01,2179.905224995884,4.987460685348795
0.01,2185.2157448081693,4.9887080386852345
0.01,2190.5262646204546,4.989903705701663
0.01,2195.83678443274,4.99105177552809
0.01,2201.147304245025,4.992152815495931
0.01,2206.4578240573105,4.99320830089145
0.01,2211.768343869596,4.994221858097323
0.01,2217.078863681881,4.9951922354488545
0.01,2222.3893834941664,4.996123447427788
0.01,2227.6999033064517,4.997016006865679
0.01,2233.010423118737,4.997869715698812
0.01,2238.3209429310223,4.998688186452714
0.01,2243.6314627433076,4.99947262382182
0.01,2248.941982555593,5.0
0.01,2254.252502367878,5.0
0.01,2258.560697654308,5.0
0.01,2262.868892940738,5.0
0.01,2267.177088227168,5.0
0.01,2271.485283513598,5.0
0.01,2275.793478800028,5.0
0.01,2280.101674086458,5.0
0.01,2284.409869372888,5.0
0.01,2288.718064659318,5.0
0.01,2292.2230134018787,5.0
0.01,2295.7279621444395,5.0
0.01,2299.2329108870003,5.0
0.01,2302.737859629561,5.0
0.01,2306.242808372122,5.0
0.01,2309.747757114683,5.0
0.01,2313.2527058572437,5.0
0.01,2316.7576545998045,5.0
0.01,2320.2626033423653,5.0
0.01,2323.767552084926,5.0
0.01,2326.599748775369,5.0
0.01,2329.4319454658116,5.0
0.01,2332.2641421562544,5.0
0.01,2335.096338846697,5.0
0.01,2337.92853553714,5.0
0.01,2340.7607322275826,5.0
0.01,2343.5929289180253,5.0
0.01,2346.425125608468,5.0
0.01,2349.257322298911,5.0
0.01,2352.0895189893536,5.0
0.01,2354.4156910362267,5.0
0.01,2356.7418630831,5.0
0.01,2359.068035129973,5.0
0.01,2361.394207176846,5.0
0.01,2363.720379223719,5.0
0.01,2366.0465512705923,5.0
0.01,2368.3727233174654,5.0
0.01,2370.6988953643386,5.0
0.01,2372.561450545705,5.0
0.01,2374.4240057270717,5.0
0.01,2376.2865609084383,5.0
0.01,2378.149116089805,5.0
0.01,2380.0116712711715,5.0
0.01,2381.874226452538,5.0
0.01,2383.7367816339047,5.0
0.01,2385.5993368152713,5.0
0.01,2387.461891996638,5.0
0.01,2389.3244471780044,5.0
0.01,2391.187002359371,5.0
0.01,2393.0495575407376,5.0
0.01,2394.912112722104,5.0
0.01,2396.401602298148,5.0
0.01,2397.891091874192,5.0
0.01,2399.380581450236,5.0
0.01,2400.87007102628,5.0
0.01,2402.5454059651474,5.0
0.01,2404.2207409040147,5.0
0.01,2405.896075842882,5.0
0.01,2407.5714107817494,5.0
0.01,2408.9325980163644,5.0
0.01,2410.2937852509795,5.0
0.01,2411.6549724855945,5.0
0.01,2413.0161597202095,5.0
0.01,2414.1454738120897,5.0
0.01,2415.27478790397,5.0
0.01,2416.40410199585,5.0
0.01,2417.53341608773,5.0
0.01,2418.66273017961,5.0
0.01,2419.7920442714903,5.0
0.01,2420.9213583633705,5.0
0.01,2422.0506724552506,5.0
0.01,2423.1799865471307,5.0
0.01,2424.309300639011,5.0
0.01,2425.438614730891,5.0
0.01,2426.567928822771,5.0
0.01,2427.6972429146513,5.0
0.01,2428.8265570065314,5.0
0.01,2429.9558710984115,5.0
0.01,2430.846340184824,5.0
0.01,2431.7368092712363,5.0
0.01,2432.6272783576487,5.0
0.01,2433.517747444061,5.0
0.01,2434.4082165304735,5.0
0.01,2435.298685616886,5.0
0.01,2436.003557327457,5.0
0.01,2436.7084290380285,5.0
0.01,2437.4133007486,5.0
0.01,2438.118172459171,5.0
0.01,2438.8230441697424,5.0
0.01,2439.5279158803137,5.0
0.01,2440.0972197460515,5.0
0.01,2440.666523611789,5.0
0.01,2441.235827477527,5.0
0.01,2441.8051313432647,5.0
0.01,2442.2365494000537,5.0
0.01,2442.6679674568427,5.0
0.01,2443.0993855136317,5.0
0.01,2443.5308035704206,5.0
0.01,2443.5977377360855,5.0
0.01,2443.6087694716653,5.0
0.01,2443.619801207245,5.0
0.01,2443.641864678405,5.0
0.01,2443.663928149565,5.0
0.01,2443.7703646757086,5.0
0.01,2443.8768012018522,5.0
0.01,2444.027732257105,5.0
0.01,2444.178663312358,5.0
0.01,2444.3295943676108,5.0
0.01,2444.6795072714067,5.0
0.01,2445.0294201752026,5.0
0.01,2445.3793330789986,5.0
0.01,2445.877405471161,5.0
0.01,2446.375477863324,5.0
0.01,2446.8735502554864,5.0
0.01,2447.371622647649,5.0
0.01,2447.9589457682114,5.0
0.01,2448.5462688887737,5.0
0.01,2449.133592009336,5.0
0.01,2449.7209151298985,5.0
0.01,2450.308238250461,5.0
0.01,2450.895561371023,5.0
0.01,2451.4828844915855,5.0
0.01,2452.289165406308,5.0
0.01,2453.09544632103,5.0
0.01,2453.9017272357523,5.0
0.01,2454.7080081504746,5.0
0.01,2455.894261083565,5.0
0.01,2457.080514016656,5.0
0.01,2457.2532409831797,5.0
0.01,2457.4259679497036,5.0
0.01,2457.5986949162275,5.0
0.01,2457.7714218827514,5.0
0.01,2458.1168758157987,5.0
0.01,2458.462329748846,5.0
0.01,2458.8077836818934,5.0
0.01,2459.663224847371,5.0
0.01,2460.518666012849,5.0
0.01,2461.3741071783265,5.0
0.01,2462.501150336107,5.0
0.01,2463.6281934938875,5.0
0.01,2464.755236651668,5.0
0.01,2466.1922907009352,5.0
0.01,2467.6293447502026,5.0
0.01,2469.06639879947,5.0
0.01,2470.503452848737,5.0
0.01,2472.1175391610495,5.0
0.01,2473.731625473362,5.0
0.01,2475.345711785674,5.0
0.01,2476.9597980979865,5.0
0.01,2479.3092067841617,5.0
0.01,2481.658615470337,5.0
0.01,2484.008024156512,5.0
0.01,2487.3807900304187,5.0
0.01,2490.7535559043254,5.0
0.01,2494.126321778232,5.0
0.01,2498.024588509156,5.0
0.01,2500.0,5.0
0.1,0.0,1.0698216699004093
0.1,0.0008153720910121248,1.068864347560464
0.1,0.001019215113765156,1.0686220598336396
0.1,0.0010701758694534136,1.0685667490377246
0.1,0.0010727419356668937,1.0685624125372952
0.1,0.0010753080018803738,1.0685581182769541
0.1,0.0010778740680938538,1.0685541313967768
0.1,0.001080440134307334,1.0685504232416247
0.1,0.001083006200520814,1.068546921209491
0.1,0.001085572266734294,1.0685435625935247
0.1,0.0010881383329477742,1.0685403015856598
0.1,0.0010907043991612542,1.0685371064267484
0.1,0.0010932704653747343,1.0685339555104196
0.1,0.0010958365315882144,1.068530834241543
0.1,0.0010984025978016945,1.0685277327868579
0.1,0.0011009686640151746,1.0685246445272025
0.1,0.0011035347302286547,1.0685215650080617
0.1,0.0011061007964421347,1.0685184912318755
0.1,0.0011090436664804935,1.068514969492082
0.1,0.0011119865365188523,1.0685114523635402
0.1,0.001114929406557211,1.068507936903003
0.1,0.0011175880268750012,1.0685047615858996
0.1,0.0011441742300529027,1.0684729973745906
0.1,0.0011707604332308042,1.0684412004853514
0.1,0.0011973466364087056,1.0684093610095817
0.1,0.0014632086681877195,1.0680864423694754
0.1,0.0017290706999667333,1.06775912578023
0.1,0.003118521337956163,1.065931995947004
0.1,0.004507971975945593,1.0640016909975112
0.1,0.00676401373974629,1.0607566023320578
0.1,0.009020055503546988,1.0573235165356032
0.1,0.011276097267347684,1.0537674336555176
0.1,0.015222026140595674,1.0473868524255567
0.1,0.019167955013843663,1.041008646441511
0.1,0.023113883887091652,1.0347845426805036
0.1,0.02705981276033964,1.0287673161426325
0.1,0.031857002360644114,1.0217352215648035
0.1,0.03665419196094859,1.0150263861370568
0.1,0.04145138156125306,1.0086400396259183
0.1,0.04624857116155753,1.0025809977439948
0.1,0.05104576076186201,0.9968535818490155
0.1,0.05584295036216648,0.9914670884484423
0.1,0.06064013996247095,0.9864300988426723
0.1,0.06543732956277543,0.9817480143799958
0.1,0.0702345191630799,0.9774219974772471
0.1,0.07503170876338439,0.9734481559347027
0.1,0.08037616090767277,0.9694215270338302
0.1,0.08572061305196116,0.9657994844499094
0.1,0.09106506519624954,0.96256056040135
0.1,0.09640951734053793,0.9596809580431104
0.1,0.10175396948482632,0.9571357967853916
0.1,0.1070984216291147,0.9549000890856578
0.1,0.11244287377340309,0.952949467041018
0.1,0.11778732591769148,0.9512604364011726
0.1,0.12313177806197986,0.9498107166872176
0.1,0.12925188077741057,0.9484156792182619
0.1,0.13537198349284127,0.9472773517450488
0.1,0.14149208620827197,0.946368883685804
0.1,0.14832461072913233,0.9455938235436138
0.1,0.1551571352499927,0.9450426091777563
0.1,0.16198965977085306,0.9447583767805745
0.1,0.16882218429171342,0.9462381866463565
0.1,0.17565470881257378,0.9476558720251361
0.1,0.18248723333343414,0.949016222627121
0.1,0.19379708168897286,0.9510639801483854
0.1,0.20510693004451158,0.9529017226344376
0.1,0.2164167784000503,0.9545724478252812
0.1,0.22772662675558902,0.9561068238355362
0.1,0.2458514635239537,0.9583339142991493
0.1,0.2639763002923184,0.9603403403214961
0.1,0.28210113706068307,0.9621781450594166
0.1,0.30022597382904775,0.9638826567558376
0.1,0.3303301408123411,0.9664756408910367
0.1,0.3604343077956344,0.9688685533425033
0.1,0.3905384747789277,0.9711582196928964
0.1,0.42064264176222105,0.9732887141984689
0.1,0.46930307402959404,0.976502422657409
0.1,0.5179635062969671,0.9794664380443661
0.1,0.5666239385643401,0.9822183165553707
0.1,0.6152843708317132,0.9847355290783788
0.1,0.6998483410018133,0.9887024553286837
0.1,0.7844123111719133,0.9921561548304152
0.1,0.8689762813420134,0.9951564129959052
0.1,0.9535402515121135,0.997768393075896
0.1,1.1049668317487824,1.0016061191650603
0.1,1.2563934119854514,1.004525745510793
0.1,1.4078199922221204,1.0066593269752175
0.1,1.5592465724587894,1.00822743888135
0.1,1.7762615166203963,1.0097730886066647
0.1,1.9932764607820033,1.0107851634480713
0.1,2.21029140494361,1.0114665938225635
0.1,2.427306349105217,1.0119387777331343
0.1,2.7573425837246135,1.0124002162203862
0.1,3.08737881834401,1.0127004920898013
0.1,3.4174150529634066,1.0129185401156242
0.1,3.747451287582803,1.0130944810697955
0.1,4.196897371745276,1.0132981332951374
0.1,4.64634345590775,1.0134775256904525
0.1,5.095789540070223,1.0136473765726974
0.1,5.545235624232697,1.0138338265016318
0.1,5.99468170839517,1.0140282185427412
0.1,6.4441277925576435,1.0142217106914928
0.1,6.893573876720117,1.0144189185996806
0.1,7.34301996088259,1.0146081270404743
0.1,7.792466045045064,1.0147882184331982
0.1,8.241912129207538,1.0149835484196739
0.1,8.691358213370012,1.015192530102143
0.1,9.140804297532487,1.0154101472030996
0.1,9.590250381694961,1.0156302507316566
0.1,10.039696465857435,1.0158472106288632
0.1,10.48914255001991,1.0160790455992483
0.1,10.938588634182384,1.016324505898199
0.1,11.388034718344858,1.0165759088571487
0.1,11.837480802507333,1.0168385774911397
0.1,12.286926886669807,1.0171060086986468
0.1,12.736372970832281,1.0173752278331456
0.1,13.185819054994756,1.017651853494978
0.1,13.63526513915723,1.0179320538959997
0.1,14.084711223319704,1.018216410007511
0.1,14.534157307482179,1.0185092698314966
0.1,14.983603391644653,1.0188089240599554
0.1,15.433049475807127,1.01911087222543
0.1,15.882495559969602,1.0194107137955861
0.1,16.331941644132076,1.0197153232770857
0.1,16.78138772829455,1.020035688875041
0.1,17.230833812457025,1.020372472663187
0.1,17.6802798966195,1.0207161252756145
0.1,18.129725980781974,1.0210597104806445
0.1,18.579172064944448,1.0214029133873865
0.1,19.028618149106922,1.0217453667703675
0.1,19.478064233269397,1.022093503887905
0.1,19.92751031743187,1.022458093037935
0.1,20.376956401594345,1.0228369855940123
0.1,20.82640248575682,1.0232181523898123
0.1,21.275848569919294,1.0236007698658398
0.1,21.725294654081768,1.0239950283374764
0.1,22.174740738244243,1.0244021185619518
0.1,22.54839977602976,1.0247447814922492
0.1,22.92205881381528,1.0250845795474324
0.1,23.2957178516008,1.0254191348002029
0.1,23.669376889386317,1.0257567041664553
0.1,24.043035927171836,1.0261085943351096
0.1,24.416694964957355,1.0264767326154989
0.1,24.790354002742873,1.0268543058324135
0.1,25.164013040528392,1.0272345770149989
0.1,25.53767207831391,1.0276176307243063
0.1,25.91133111609943,1.0280082691554049
0.1,26.324156178958425,1.0284507349672776
0.1,26.736981241817425,1.0289037644057
0.1,27.149806304676424,1.0293657791656983
0.1,27.562631367535424,1.029834493651765
0.1,27.975456430394424,1.0303062397789764
0.1,28.388281493253423,1.0307803862965508
0.1,28.801106556112423,1.031262550260495
0.1,29.213931618971422,1.0317572252877474
0.1,29.62675668183042,1.032261169136895
0.1,30.03958174468942,1.0327699969394017
0.1,30.45240680754842,1.0332859804788879
0.1,30.795024066107032,1.033723048132923
0.1,31.137641324665644,1.0341686287964482
0.1,31.480258583224256,1.0346185587613765
0.1,31.822875841782867,1.0350693621102116
0.1,32.16549310034148,1.035521403537022
0.1,32.50811035890009,1.0359793214071222
0.1,32.8507276174587,1.0364477333971716
0.1,33.19334487601731,1.0369269003410337
0.1,33.535962134575925,1.0374135421541983
0.1,33.87857939313454,1.0379050459731811
0.1,34.22119665169315,1.0384022498554197
0.1,34.56381391025176,1.0389075074204839
0.1,34.90643116881037,1.0394214420366255
0.1,35.24904842736898,1.039942431680965
0.1,35.591665685927595,1.0404688443374899
0.1,35.934282944486206,1.0410014249390909
0.1,36.27690020304482,1.0415422743456857
0.1,36.61951746160343,1.0420921374735672
0.1,36.96213472016204,1.042649785354658
0.1,37.30475197872065,1.043213804281015
0.1,37.647369237279264,1.043784734551008
0.1,37.989986495837876,1.0443644864811448
0.1,38.33260375439649,1.0449542494284196
0.1,38.6752210129551,1.0455542722115558
0.1,39.01783827151371,1.0461645883004032
0.1,39.36045553007232,1.0467847328621764
0.1,39.703072788630934,1.0474130759583793
0.1,40.045690047189545,1.0480476221919963
0.1,40.38830730574816,1.0486882312734975
0.1,40.67375705310596,1.049227928126144
0.1,40.95920680046376,1.0497745567359729
0.1,41.24465654782156,1.0503288108963102
0.1,41.530106295179365,1.0508901009570375
0.1,41.763812025224254,1.0513538155894349
0.1,41.945520266156464,1.0517160900258096
0.1,42.127228507088674,1.052079581860606
0.1,42.308936748020884,1.052445268231486
0.1,42.49064498895309,1.0528149369773478
0.1,42.727067833875246,1.0533033425331
0.1,42.9634906787974,1.0537995510959521
0.1,43.19991352371955,1.0543017091270463
0.1,43.436336368641705,1.0548086550178262
0.1,43.72787178606912,1.0554404728265736
0.1,44.01940720349654,1.0560793157535862
0.1,44.31094262092396,1.0567256338584545
0.1,44.60247803835138,1.0573804093728016
0.1,44.8940134557788,1.0580445378421068
0.1,45.185548873206216,1.0587181025540628
0.1,45.477084290633634,1.0594002980270274
0.1,45.76861970806105,1.0600902274570854
0.1,46.06015512548847,1.0607877976228315
0.1,46.35169054291589,1.0614937140350684
0.1,46.64322596034331,1.06220872661484
0.1,46.93476137777073,1.062933130031486
0.1,47.226296795198145,1.063666937536206
0.1,47.552221877229854,1.0644986106885104
0.1,47.878146959261564,1.0653427003231237
0.1,48.20407204129327,1.0661998004298496
0.1,48.52999712332498,1.0670703274408175
0.1,48.85592220535669,1.0679543383310388
0.1,49.1818472873884,1.068851550856335
0.1,49.50777236942011,1.0697616731881543
0.1,49.83369745145182,1.0706849301329238
0.1,50.15962253348353,1.0716222322542603
0.1,50.48554761551524,1.072574654222001
0.1,50.81147269754695,1.0735427150042882
0.1,51.137397779578656,1.0745262331724772
0.1,51.463322861610365,1.07552477373521
0.1,51.789247943642074,1.0765381559169358
0.1,52.11517302567378,1.0775667657038523
0.1,52.38357583681144,1.0784259258816247
0.1,52.65197864794909,1.0792967462210528
0.1,52.92038145908675,1.0801798257551494
0.1,53.1887842702244,1.0810753214422306
0.1,53.45718708136206,1.0819830456869552
0.1,53.72558989249971,1.0829028209478757
0.1,53.99399270363737,1.0838346630467182
0.1,54.26239551477502,1.084778810769464
0.1,54.53079832591268,1.0857356131865403
0.1,54.79920113705033,1.086705475457155
0.1,55.06760394818799,1.0876888478208602
0.1,55.33600675932564,1.0886861589130532
0.1,55.6044095704633,1.0896977254158327
0.1,55.902092299522714,1.090836575761261
0.1,56.19977502858213,1.09199356948765
0.1,56.49745775764155,1.093169221434329
0.1,56.795140486700966,1.0943641878677635
0.1,57.09282321576038,1.095579123941504
0.1,57.3905059448198,1.096814569756225
0.1,57.68818867387922,1.0980708942256907
0.1,57.985871402938635,1.0993482749658006
0.1,58.28355413199805,1.1006468369582205
0.1,58.58123686105747,1.101967012028866
0.1,58.87891959011689,1.1033097829893834
0.1,59.176602319176304,1.104676420511976
0.1,59.47428504823572,1.1060679287593955
0.1,59.722033655594046,1.1072453806349143
0.1,59.96978226295237,1.1084405852710473
0.1,60.217530870310696,1.1096538648285528
0.1,60.46527947766902,1.110885801870236
0.1,60.751981449933034,1.1123356155438455
0.1,61.038683422197046,1.1138122038404759
0.1,61.273451866119885,1.11504173837112
0.1,61.508220310042724,1.116290003980386
0.1,61.74298875396556,1.1175574215325317
0.1,61.9777571978884,1.118844545104079
0.1,62.21252564181124,1.120152021384067
0.1,62.44729408573408,1.1214805194271165
0.1,62.68206252965692,1.122830680649528
0.1,62.916830973579756,1.1242030895981439
0.1,63.151599417502595,1.1255982930533224
0.1,63.386367861425434,1.1270168654953923
0.1,63.62113630534827,1.1284594926620901
0.1,63.85590474927111,1.1299270154227206
0.1,64.09067319319395,1.1314203714965072
0.1,64.3254416371168,1.1329404935934477
0.1,64.56021008103964,1.134488252797076
0.1,64.79497852496249,1.1360645238920752
0.1,65.02974696888533,1.1376703067832101
0.1,65.26451541280818,1.1393067844522546
0.1,65.49928385673103,1.1409752726979707
0.1,65.73405230065387,1.1426771154982802
0.1,65.96882074457672,1.144413617546417
0.1,66.20358918849956,1.1461860585777077
0.1,66.43835763242241,1.1479957901327795
0.1,66.67312607634526,1.1498443745382674
0.1,66.9078945202681,1.1517336292178864
0.1,67.14266296419095,1.1536655683061703
0.1,67.3774314081138,1.1556422899671035
0.1,67.61219985203664,1.1576659481017766
0.1,67.84696829595948,1.1597388495252592
0.1,68.08173673988233,1.1618636042592965
0.1,68.31650518380518,1.1640432132370275
0.1,68.55127362772802,1.1662810454714774
0.1,68.78604207165087,1.1685807889015878
0.1,69.02081051557371,1.170946461778164
0.1,69.25557895949656,1.1733824920812026
0.1,69.4903474034194,1.1758938437528348
0.1,69.72511584734225,1.178486117555171
0.1,69.9598842912651,1.1811656604763041
0.1,70.19465273518794,1.1839396991660929
0.1,70.42942117911079,1.1868165030672562
0.1,70.69529705590857,1.1902108293448257
0.1,70.96117293270635,1.193765742738461
0.1,71.22704880950413,1.1975009350647379
0.1,71.4929246863019,1.201440383451363
0.1,71.75880056309968,1.2056136639141906
0.1,72.02467643989746,1.210057742322187
0.1,72.29055231669524,1.2148198136368216
0.1,72.55642819349302,1.219960687952571
0.1,72.8223040702908,1.2255620268433611
0.1,73.08817994708858,1.2317341062925633
0.1,73.35405582388636,1.2386311136132233
0.1,73.61993170068413,1.2464762754207597
0.1,73.88580757748191,1.2556071226328738
0.1,74.15168345427969,1.266551880865008
0.1,74.41755933107747,1.2802174300896654
0.1,74.68343520787525,1.2981651161338028
0.1,74.90373142203777,1.318439231557311
0.1,75.12402763620028,1.3471345757230957
0.1,75.3443238503628,1.3905884231129373
0.1,75.56462006452531,1.4584157931366404
0.1,75.72960107028996,1.5270105300319123
0.1,75.75392736344524,1.5382117221199616
0.1,75.77825365660053,1.54946313549662
0.1,75.80257994975581,1.560709558996592
0.1,75.85123253606638,1.5829127791652366
0.1,75.89988512237694,1.6044600535977454
0.1,75.94853770868751,1.6250484645297139
0.1,76.06106742205802,1.6682598228492915
0.1,76.17359713542852,1.704572708294873
0.1,76.28612684879903,1.7347212741661948
0.1,76.39865656216953,1.7594531126476818
0.1,76.54805182283948,1.7864877630667315
0.1,76.69744708350943,1.808584478708398
0.1,76.84684234417938,1.8272421600445496
0.1,76.99623760484933,1.8431951906588198
0.1,77.21518080779147,1.862985849883053
0.1,77.43412401073361,1.8795207304815522
0.1,77.65306721367575,1.893722970932757
0.1,77.8720104166179,1.9060298951276182
0.1,78.09095361956004,1.9169415554911684
0.1,78.26929565069591,1.9249228629419382
0.1,78.44763768183178,1.9322348491454457
0.1,78.62597971296765,1.9389985414472144
0.1,78.80432174410352,1.945272058023843
0.1,78.98266377523939,1.9511225316442948
0.1,79.16100580637526,1.9566089800695146
0.1,79.33934783751113,1.9617734091273182
0.1,79.55613533537792,1.9676786108300837
0.1,79.7355085480723,1.972295396948566
0.1,79.91488176076669,1.97669431328866
0.1,80.09425497346108,1.9808993883590778
0.1,80.27362818615546,1.9849335279022813
0.1,80.52641154801982,1.9903689383183503
0.1,80.77919490988418,1.9955496437479372
0.1,81.03197827174854,2.0005134446705353
0.1,81.2847616336129,2.0052927711839112
0.1,81.53754499547726,2.009923129517542
0.1,81.79032835734162,2.0144266154807573
0.1,82.04311171920598,2.0188490993576806
0.1,82.29589508107034,2.023211606526936
0.1,82.5486784429347,2.0275096715267904
0.1,82.80146180479906,2.0317526302352373
0.1,83.108226819248,2.0368504990978202
0.1,83.41499183369694,2.041936581705286
0.1,83.72175684814589,2.0469743513016776
0.1,84.02852186259483,2.052050107238054
0.1,84.33528687704377,2.0573220887469503
0.1,84.64205189149271,2.0627037908776535
0.1,84.94881690594165,2.0681294855910872
0.1,85.29610749263325,2.074352244483818
0.1,85.56725798393497,2.079295064337276
0.1,85.61174756585564,2.0801185863386418
0.1,85.65623714777631,2.08095155256478
0.1,85.70072672969698,2.0817943528741454
0.1,85.78970589353833,2.0834982295153686
0.1,85.87868505737967,2.0852199662413415
0.1,85.96766422122101,2.086955602766532
0.1,86.2077622925433,2.091713704471176
0.1,86.44786036386557,2.096592019779436
0.1,86.68795843518785,2.1016040130299483
0.1,86.9899935794185,2.1081080649146675
0.1,87.29202872364914,2.114854990501442
0.1,87.59406386787978,2.1218718588619936
0.1,87.89609901211043,2.129186663093715
0.1,88.22946987630972,2.1376595234090123
0.1,88.56284074050902,2.146596499818328
0.1,88.89621160470831,2.1560433149675102
0.1,89.22958246890761,2.166074506261956
0.1,89.5629533331069,2.17676382891479
0.1,89.8963241973062,2.1881916716191965
0.1,90.2296950615055,2.200445546281516
0.1,90.56306592570479,2.213670428256642
0.1,90.89643678990409,2.228072812777805
0.1,91.22980765410338,2.243883275542619
0.1,91.56317851830268,2.261340936226823
0.1,91.89654938250197,2.280775597065928
0.1,92.22992024670127,2.30263499329985
0.1,92.59911156581015,2.330355073619308
0.1,92.96830288491903,2.362650589501082
0.1,93.3374942040279,2.4004739705121985
0.1,93.70668552313678,2.444542860646928
0.1,94.13679840714873,2.5032766849928056
0.1,94.56691129116068,2.566910701968575
0.1,94.99702417517263,2.6299511917279457
0.1,95.42713705918457,2.6881504113577996
0.1,95.85724994319652,2.73851821728265
0.1,96.28736282720847,2.781542260454256
0.1,96.71747571122042,2.8182698636944536
0.1,97.20565487631549,2.8542275257590206
0.1,97.69383404141057,2.885292447759258
0.1,98.18201320650564,2.913774734311142
0.1,98.67019237160072,2.9399195754073135
0.1,99.1583715366958,2.9644669124743226
0.1,99.64655070179087,2.9880854477957244
0.1,100.13472986688595,3.011247568729734
0.1,100.62290903198102,3.0343199644588403
0.1,101.1110881970761,3.0576429372332883
0.1,101.59926736217118,3.0814974936936292
0.1,102.08744652726625,3.1061221020462075
0.1,102.57562569236133,3.1317502058875792
0.1,103.0638048574564,3.1586344188394957
0.1,103.55198402255148,3.1870463106167572
0.1,104.04016318764656,3.2172469194264015
0.1,104.52834235274163,3.249491602209124
0.1,105.01652151783671,3.284048793768778
0.1,105.50470068293178,3.3211584343753873
0.1,105.99287984802686,3.3609484273725942
0.1,106.48105901312194,3.4033757029122156
0.1,106.96923817821701,3.448158110633858
0.1,107.45741734331209,3.494690790873129
0.1,107.94559650840716,3.5420713867407834
0.1,108.43377567350224,3.589258051633451
0.1,108.92195483859732,3.635278864598815
0.1,109.41013400369239,3.6793681398262805
0.1,109.81073831142805,3.713781890887009
0.1,110.21134261916372,3.7465248609878183
0.1,110.61194692689938,3.777630525890467
0.1,111.01255123463504,3.8071986847789474
0.1,111.48885746011264,3.840563925534437
0.1,111.96516368559024,3.8722364980712967
0.1,112.44146991106784,3.902478526175903
0.1,112.91777613654544,3.9315259354686662
0.1,113.47430732668131,3.9642496193220627
0.1,114.03083851681718,3.9959443605932985
0.1,114.58736970695306,4.0268459281138895
0.1,115.14390089708893,4.057149178273207
0.1,115.7004320872248,4.087009834648249
0.1,116.25696327736067,4.116550835577352
0.1,116.81349446749654,4.145868456386489
0.1,117.37002565763241,4.175037117647591
0.1,117.92655684776828,4.204107389208103
0.1,118.48308803790415,4.233106316748947
0.1,119.03961922804002,4.262039945152843
0.1,119.5961504181759,4.290894017369667
0.1,120.15268160831177,4.319635323732666
0.1,120.70921279844764,4.348211983834822
0.1,121.26574398858351,4.376553904291783
0.1,121.82227517871938,4.4045761750859835
0.1,122.37880636885525,4.432184196406607
0.1,122.93533755899112,4.459278270707194
0.1,123.491868749127,4.485758873280178
0.1,124.04839993926286,4.511532237034807
0.1,124.60493112939874,4.536515471926234
0.1,125.1614623195346,4.560639318123853
0.1,125.71799350967048,4.583849878952348
0.1,126.27452469980635,4.606109922118306
0.1,126.35825815721961,4.609374650147378
0.1,126.44199161463287,4.612617268808964
0.1,126.52572507204613,4.615837817769888
0.1,126.63951680909321,4.620179030955913
0.1,126.75330854614029,4.624479348373248
0.1,126.86710028318737,4.628738765428583
0.1,127.23882816657242,4.642369136183486
0.1,127.61055604995747,4.655566764851767
0.1,127.98228393334252,4.668335603555582
0.1,128.46769479992668,4.684372510738958
0.1,128.95310566651082,4.699704167683697
0.1,129.43851653309497,4.714350272491678
0.1,129.92392739967912,4.728332090034947
0.1,130.40933826626326,4.741673325207753
0.1,130.8947491328474,4.75439946477205
0.1,131.38015999943156,4.7665366792946395
0.1,131.8655708660157,4.778111131520152
0.1,132.35098173259985,4.789148671507331
0.1,132.836392599184,4.799674436075995
0.1,133.32180346576814,4.80971239395772
0.1,133.8072143323523,4.819285354584597
0.1,134.29262519893643,4.828415291119926
0.1,134.86866995176615,4.838704143350457
0.1,135.44471470459587,4.848431996499037
0.1,136.02075945742558,4.857630262409538
0.1,136.5968042102553,4.866328336245589
0.1,137.28112338824883,4.876049511175969
0.1,137.96544256624236,4.885148033565904
0.1,138.6497617442359,4.893664063650235
0.1,139.33408092222942,4.901634076082279
0.1,140.01840010022295,4.909092401443105
0.1,140.70271927821648,4.916071830408801
0.1,141.38703845621,4.922602676329882
0.1,142.15909818182112,4.929466037270082
0.1,142.93115790743224,4.93582817754496
0.1,143.70321763304335,4.941722222126451
0.1,144.47527735865447,4.947180252586813
0.1,145.32859612012098,4.9527420753998
0.1,146.1819148815875,4.957845751405958
0.1,147.035233643054,4.962524878420641
0.1,147.8885524045205,4.966811122492915
0.1,148.74187116598702,4.970734282298921
0.1,149.59518992745353,4.97432105597877
0.1,150.44850868892004,4.9775956238025145
0.1,151.30182745038655,4.980581577819721
0.1,152.15514621185307,4.983301897130941
0.1,153.00846497331958,4.985777053008661
0.1,153.8617837347861,4.9880246691886105
0.1,154.7151024962526,4.99006144328073
0.1,155.5684212577191,4.9919042502499575
0.1,156.42174001918562,4.993568929142829
0.1,157.27505878065213,4.995069111239346
0.1,158.12837754211864,4.996417082118704
0.1,158.98169630358515,4.997625145555859
0.1,159.83501506505166,4.99870531629954
0.1,160.68833382651817,4.999668121729791
0.1,161.5416525879847,5.0
0.1,162.3949713494512,5.0
0.1,163.2482901109177,5.0
0.1,164.10160887238422,5.0
0.1,164.95492763385073,5.0
0.1,165.80824639531724,5.0
0.1,166.66156515678375,5.0
0.1,167.51488391825026,5.0
0.1,168.36820267971677,5.0
0.1,169.22152144118328,5.0
0.1,170.0748402026498,5.0
0.1,170.9281589641163,5.0
0.1,171.78147772558282,5.0
0.1,172.63479648704933,5.0
0.1,173.48811524851584,5.0
0.1,174.34143400998235,5.0
0.1,175.19475277144886,5.0
0.1,176.04807153291537,5.0
0.1,176.90139029438188,5.0
0.1,177.7547090558484,5.0
0.1,178.6080278173149,5.0
0.1,179.46134657878142,5.0
0.1,180.31466534024793,5.0
0.1,181.16798410171444,5.0
0.1,181.87897392155904,5.0
0.1,182.58996374140364,5.0
0.1,183.30095356124824,5.0
0.1,183.39591709359297,5.0
0.1,183.4908806259377,5.0
0.1,183.58584415828244,5.0
0.1,183.727047818653,5.0
0.1,183.86825147902357,5.0
0.1,184.00945513939413,5.0
0.1,184.47275130284808,5.0
0.1,184.93604746630203,5.0
0.1,185.29241124711692,5.0
0.1,185.6487750279318,5.0
0.1,186.0051388087467,5.0
0.1,186.36150258956158,5.0
0.1,186.71786637037647,5.0
0.1,187.07423015119136,5.0
0.1,187.48273239307028,5.0
0.1,187.8912346349492,5.0
0.1,188.29973687682812,5.0
0.1,188.70823911870704,5.0
0.1,189.11674136058596,5.0
0.1,189.52524360246488,5.0
0.1,190.0810371050474,5.0
0.1,190.6368306076299,5.0
0.1,191.1926241102124,5.0
0.1,191.82966337938447,5.0
0.1,192.46670264855655,5.0
0.1,192.99004986395346,5.0
0.1,193.51339707935037,5.0
0.1,194.03674429474728,5.0
0.1,194.5600915101442,5.0
0.1,195.15310621370074,5.0
0.1,195.7461209172573,5.0
0.1,196.33913562081383,5.0
0.1,196.93215032437038,5.0
0.1,197.52516502792693,5.0
0.1,198.00806253283932,5.0
0.1,198.4909600377517,5.0
0.1,198.9738575426641,5.0
0.1,199.45675504757648,5.0
0.1,200.03469489364647,5.0
0.1,200.61263473971647,5.0
0.1,200.61265717267923,5.0
0.1,200.612679605642,5.0
0.1,200.61270203860477,5.0
0.1,200.61272447156753,5.0
0.1,200.6127469045303,5.0
0.1,200.61279177045583,5.0
0.1,200.61283663638136,5.0
0.1,200.6132263756482,5.0
0.1,200.61361611491503,5.0
0.1,200.61485371884842,5.0
0.1,200.6160913227818,5.0
0.1,200.61982533863406,5.0
0.1,200.6235593544863,5.0
0.1,200.63313511726918,5.0
0.1,200.64271088005205,5.0
0.1,200.67026206438118,5.0
0.1,200.6978132487103,5.0
0.1,200.7798106171176,5.0
0.1,200.86180798552488,5.0
0.1,201.06548519202352,5.0
0.1,201.26916239852216,5.0
0.1,201.4728396050208,5.0
0.1,201.8667863543412,5.0
0.1,202.2607331036616,5.0
0.1,202.654679852982,5.0
0.1,203.1352963549453,5.0
0.1,203.61591285690858,5.0
0.1,204.09652935887186,5.0
0.1,204.57714586083515,5.0
0.1,205.05776236279843,5.0
0.1,205.5383788647617,5.0
0.1,206.018995366725,5.0
0.1,206.5764668829561,5.0
0.1,207.13393839918723,5.0
0.1,207.69140991541835,5.0
0.1,208.24888143164947,5.0
0.1,208.80635294788058,5.0
0.1,209.3638244641117,5.0
0.1,209.92129598034282,5.0
0.1,210.47876749657394,5.0
0.1,211.03623901280505,5.0
0.1,211.59371052903617,5.0
0.1,212.1511820452673,5.0
0.1,212.7086535614984,5.0
0.1,213.26612507772953,5.0
0.1,213.82359659396064,5.0
0.1,214.38106811019176,5.0
0.1,214.93853962642288,5.0
0.1,215.496011142654,5.0
0.1,216.05348265888512,5.0
0.1,216.61095417511623,5.0
0.1,217.16842569134735,5.0
0.1,217.72589720757847,5.0
0.1,218.2833687238096,5.0
0.1,218.8408402400407,5.0
0.1,219.39831175627182,5.0
0.1,219.95578327250294,5.0
0.1,220.51325478873406,5.0
0.1,221.07072630496518,5.0
0.1,221.6281978211963,5.0
0.1,222.1856693374274,5.0
0.1,222.74314085365853,5.0
0.1,223.30061236988965,5.0
0.1,223.85808388612077,5.0
0.1,224.41555540235188,5.0
0.1,224.973026918583,5.0
0.1,225.53049843481412,5.0
0.1,226.08796995104524,5.0
0.1,226.64544146727636,5.0
0.1,227.20291298350747,5.0
0.1,227.7603844997386,5.0
0.1,228.3178560159697,5.0
0.1,228.87532753220083,5.0
0.1,229.43279904843195,5.0
0.1,229.99027056466306,5.0
0.1,230.54774208089418,5.0
0.1,231.1052135971253,5.0
0.1,231.66268511335642,5.0
0.1,232.22015662958754,5.0
0.1,232.77762814581865,5.0
0.1,233.33509966204977,5.0
0.1,233.8925711782809,5.0
0.1,234.450042694512,5.0
0.1,235.00751421074312,5.0
0.1,235.56498572697424,5.0
0.1,236.12245724320536,5.0
0.1,236.67992875943648,5.0
0.1,237.2374002756676,5.0
0.1,237.79487179189871,5.0
0.1,238.35234330812983,5.0
0.1,238.90981482436095,5.0
0.1,239.46728634059207,5.0
0.1,240.0247578568232,5.0
0.1,240.5822293730543,5.0
0.1,241.13970088928542,5.0
0.1,241.69717240551654,5.0
0.1,242.25464392174766,5.0
0.1,242.81211543797878,5.0
0.1,243.3695869542099,5.0
0.1,243.927058470441,5.0
0.1,244.48452998667213,5.0
0.1,245.04200150290325,5.0
0.1,245.59947301913436,5.0
0.1,246.15694453536548,5.0
0.1,246.7144160515966,5.0
0.1,247.27188756782772,5.0
0.1,247.82935908405884,5.0
0.1,248.38683060028995,5.0
0.1,248.94430211652107,5.0
0.1,249.5017736327522,5.0
0.1,250.0592451489833,5.0
0.1,250.61671666521443,5.0
0.1,251.17418818144554,5.0
0.1,251.73165969767666,5.0
0.1,252.28913121390778,5.0
0.1,252.8466027301389,5.0
0.1,253.40407424637002,5.0
0.1,253.96154576260113,5.0
0.1,254.51901727883225,5.0
0.1,255.07648879506337,5.0
0.1,255.6339603112945,5.0
0.1,256.1914318275256,5.0
0.1,256.7489033437567,5.0
0.1,257.3063748599878,5.0
0.1,257.8638463762189,5.0
0.1,258.42131789244996,5.0
0.1,258.97878940868105,5.0
0.1,259.53626092491214,5.0
0.1,260.09373244114323,5.0
0.1,260.6512039573743,5.0
0.1,261.2086754736054,5.0
0.1,261.7661469898365,5.0
0.1,262.3236185060676,5.0
0.1,262.8810900222987,5.0
0.1,263.43856153852977,5.0
0.1,263.99603305476086,5.0
0.1,264.55350457099195,5.0
0.1,265.11097608722304,5.0
0.1,265.6684476034541,5.0
0.1,266.2259191196852,5.0
0.1,266.7833906359163,5.0
0.1,267.3408621521474,5.0
0.1,267.8983336683785,5.0
0.1,268.4558051846096,5.0
0.1,269.01327670084066,5.0
0.1,269.57074821707175,5.0
0.1,270.12821973330284,5.0
0.1,270.68569124953393,5.0
0.1,271.243162765765,5.0
0.1,271.8006342819961,5.0
0.1,272.3581057982272,5.0
0.1,272.9155773144583,5.0
0.1,273.4730488306894,5.0
0.1,274.03052034692047,5.0
0.1,274.58799186315156,5.0
0.1,275.14546337938265,5.0
0.1,275.70293489561374,5.0
0.1,276.2604064118448,5.0
0.1,276.8178779280759,5.0
0.1,277.375349444307,5.0
0.1,277.9328209605381,5.0
0.1,278.4902924767692,5.0
0.1,279.0477639930003,5.0
0.1,279.60523550923136,5.0
0.1,280.16270702546245,5.0
0.1,280.7781934937027,5.0
0.1,281.39367996194295,5.0
0.1,282.0091664301832,5.0
0.1,282.62465289842345,5.0
0.1,283.2401393666637,5.0
0.1,283.85562583490395,5.0
0.1,284.4711123031442,5.0
0.1,285.08659877138444,5.0
0.1,285.7020852396247,5.0
0.1,286.31757170786494,5.0
0.1,286.9330581761052,5.0
0.1,287.54854464434544,5.0
0.1,288.1640311125857,5.0
0.1,288.77951758082594,5.0
0.1,289.3950040490662,5.0
0.1,290.01049051730644,5.0
0.1,290.6259769855467,5.0
0.1,291.24146345378693,5.0
0.1,291.8569499220272,5.0
0.1,292.47243639026743,5.0
0.1,293.0879228585077,5.0
0.1,293.70340932674793,5.0
0.1,294.3188957949882,5.0
0.1,294.7894209848654,5.0
0.1,295.17641608491886,5.0
0.1,295.5634111849723,5.0
0.1,295.9504062850258,5.0
0.1,296.33740138507926,5.0
0.1,296.83284283592633,5.0
0.1,297.3282842867734,5.0
0.1,297.82372573762046,5.0
0.1,298.31916718846753,5.0
0.1,298.8146086393146,5.0
0.1,299.31005009016167,5.0
0.1,299.80549154100873,5.0
0.1,300.3009329918558,5.0
0.1,300.79637444270287,5.0
0.1,301.29181589354994,5.0
0.1,301.8514873687478,5.0
0.1,302.4111588439457,5.0
0.1,302.9708303191436,5.0
0.1,303.5305017943415,5.0
0.1,304.0901732695394,5.0
0.1,304.64984474473727,5.0
0.1,305.20951621993515,5.0
0.1,305.76918769513304,5.0
0.1,306.32885917033093,5.0
0.1,306.8885306455288,5.0
0.1,307.4482021207267,5.0
0.1,307.90877516861735,5.0
0.1,308.369348216508,5.0
0.1,308.82992126439865,5.0
0.1,309.2904943122893,5.0
0.1,309.80841689645234,5.0
0.1,310.3263394806154,5.0
0.1,310.72527607007544,5.0
0.1,311.0501405502512,5.0
0.1,311.3750050304269,5.0
0.1,311.69986951060264,5.0
0.1,312.0247339907784,5.0
0.1,312.4850680878819,5.0
0.1,312.9454021849855,5.0
0.1,313.40573628208904,5.0
0.1,313.8660703791926,5.0
0.1,314.41124096694335,5.0
0.1,314.9564115546941,5.0
0.1,315.5015821424449,5.0
0.1,315.9081277915861,5.0
0.1,316.3146734407273,5.0
0.1,316.7212190898685,5.0
0.1,317.1277647390097,5.0
0.1,317.63898269979256,5.0
0.1,318.1502006605754,5.0
0.1,318.6614186213583,5.0
0.1,319.17263658214114,5.0
0.1,319.75952693544633,5.0
0.1,320.3464172887515,5.0
0.1,320.9333076420567,5.0
0.1,321.5201979953619,5.0
0.1,321.9917177225832,5.0
0.1,322.3790541751305,5.0
0.1,322.76639062767777,5.0
0.1,323.15372708022505,5.0
0.1,323.54106353277234,5.0
0.1,324.03157628216127,5.0
0.1,324.5220890315502,5.0
0.1,325.0126017809391,5.0
0.1,325.50311453032805,5.0
0.1,325.993627279717,5.0
0.1,326.4841400291059,5.0
0.1,326.8776266797553,5.0
0.1,326.93623368255555,5.0
0.1,326.9948406853558,5.0
0.1,327.0534476881561,5.0
0.1,327.17007942683443,5.0
0.1,327.28671116551277,5.0
0.1,327.4033429041911,5.0
0.1,327.7412842611645,5.0
0.1,328.07922561813785,5.0
0.1,328.41716697511123,5.0
0.1,328.83852010043216,5.0
0.1,329.2598732257531,5.0
0.1,329.68122635107403,5.0
0.1,330.10257947639496,5.0
0.1,330.5880962364114,5.0
0.1,331.0736129964278,5.0
0.1,331.55912975644424,5.0
0.1,332.04464651646066,5.0
0.1,332.6244947010133,5.0
0.1,333.20434288556595,5.0
0.1,333.7841910701186,5.0
0.1,334.36403925467124,5.0
0.1,334.9438874392239,5.0
0.1,335.52373562377653,5.0
0.1,336.1035838083292,5.0
0.1,336.6834319928818,5.0
0.1,337.26328017743447,5.0
0.1,337.8431283619871,5.0
0.1,338.42297654653976,5.0
0.1,339.0028247310924,5.0
0.1,339.58267291564505,5.0
0.1,340.1625211001977,5.0
0.1,340.74236928475034,5.0
0.1,341.322217469303,5.0
0.1,341.90206565385563,5.0
0.1,342.4819138384083,5.0
0.1,343.0617620229609,5.0
0.1,343.64161020751357,5.0
0.1,344.2214583920662,5.0
0.1,344.80130657661886,5.0
0.1,345.3811547611715,5.0
0.1,345.96100294572415,5.0
0.1,346.5408511302768,5.0
0.1,347.12069931482944,5.0
0.1,347.7005474993821,5.0
0.1,348.2803956839347,5.0
0.1,348.8602438684874,5.0
0.1,349.44009205304,5.0
0.1,350.01994023759266,5.0
0.1,350.5997884221453,5.0
0.1,351.17963660669795,5.0
0.1,351.7594847912506,5.0
0.1,352.33933297580325,5.0
0.1,352.9191811603559,5.0
0.1,353.49902934490854,5.0
0.1,354.0788775294612,5.0
0.1,354.6587257140138,5.0
0.1,355.2385738985665,5.0
0.1,355.8184220831191,5.0
0.1,356.39827026767176,5.0
0.1,356.9781184522244,5.0
0.1,357.55796663677705,5.0
0.1,358.1378148213297,5.0
0.1,358.59227501306384,5.0
0.1,359.046735204798,5.0
0.1,359.5011953965321,5.0
0.1,359.95565558826627,5.0
0.1,360.45687436116015,5.0
0.1,360.958093134054,5.0
0.1,361.4593119069479,5.0
0.1,361.9605306798418,5.0
0.1,362.46174945273566,5.0
0.1,362.96296822562954,5.0
0.1,363.3565026350378,5.0
0.1,363.67958274197446,5.0
0.1,364.0026628489111,5.0
0.1,364.3257429558477,5.0
0.1,364.64882306278434,5.0
0.1,365.03131316138024,5.0
0.1,365.41380325997613,5.0
0.1,365.79629335857203,5.0
0.1,366.1787834571679,5.0
0.1,366.6128378933428,5.0
0.1,367.04689232951773,5.0
0.1,367.48094676569264,5.0
0.1,367.91500120186754,5.0
0.1,368.34905563804244,5.0
0.1,368.78311007421735,5.0
0.1,369.21716451039225,5.0
0.1,369.65121894656716,5.0
0.1,370.08527338274206,5.0
0.1,370.51932781891696,5.0
0.1,370.95338225509187,5.0
0.1,371.38743669126677,5.0
0.1,371.8214911274417,5.0
0.1,372.3485994060781,5.0
0.1,372.87570768471454,5.0
0.1,373.402815963351,5.0
0.1,373.9299242419874,5.0
0.1,374.45703252062384,5.0
0.1,374.9841407992603,5.0
0.1,375.5112490778967,5.0
0.1,376.0938331060715,5.0
0.1,376.67641713424626,5.0
0.1,377.25900116242104,5.0
0.1,377.8415851905958,5.0
0.1,378.4241692187706,5.0
0.1,379.0067532469454,5.0
0.1,379.58933727512016,5.0
0.1,380.17192130329494,5.0
0.1,380.7545053314697,5.0
0.1,381.3370893596445,5.0
0.1,381.98263045424096,5.0
0.1,382.62817154883743,5.0
0.1,383.2737126434339,5.0
0.1,383.91925373803036,5.0
0.1,384.56479483262683,5.0
0.1,385.2103359272233,5.0
0.1,385.85587702181977,5.0
0.1,386.3793738476432,5.0
0.1,386.8006726858318,5.0
0.1,387.2219715240204,5.0
0.1,387.64327036220897,5.0
0.1,388.06456920039756,5.0
0.1,388.56419403439213,5.0
0.1,389.0638188683867,5.0
0.1,389.5634437023813,5.0
0.1,390.06306853637585,5.0
0.1,390.5626933703704,5.0
0.1,391.062318204365,5.0
0.1,391.5619430383596,5.0
0.1,392.06156787235415,5.0
0.1,392.5611927063487,5.0
0.1,393.0608175403433,5.0
0.1,393.56044237433787,5.0
0.1,394.06006720833244,5.0
0.1,394.559692042327,5.0
0.1,395.0593168763216,5.0
0.1,395.55894171031616,5.0
0.1,396.05856654431074,5.0
0.1,396.6174803207295,5.0
0.1,397.17639409714826,5.0
0.1,397.735307873567,5.0
0.1,398.2942216499858,5.0
0.1,398.85313542640455,5.0
0.1,398.93637451510494,5.0
0.1,398.95252295243915,5.0
0.1,398.96867138977336,5.0
0.1,398.9848198271076,5.0
0.1,399.017116701776,5.0
0.1,399.0494135764444,5.0
0.1,399.18823547074595,5.0
0.1,399.3270573650475,5.0
0.1,399.46587925934904,5.0
0.1,399.79750466962173,5.0
0.1,400.1291300798944,5.0
0.1,400.4607554901671,5.0
0.1,400.9100386833428,5.0
0.1,401.3593218765185,5.0
0.1,401.8086050696942,5.0
0.1,402.25788826286987,5.0
0.1,402.70717145604556,5.0
0.1,403.15645464922125,5.0
0.1,403.60573784239693,5.0
0.1,404.0550210355726,5.0
0.1,404.5043042287483,5.0
0.1,404.953587421924,5.0
0.1,405.55722254164436,5.0
0.1,406.16085766136473,5.0
0.1,406.7644927810851,5.0
0.1,407.36812790080546,5.0
0.1,407.9717630205258,5.0
0.1,408.5753981402462,5.0
0.1,409.17903325996656,5.0
0.1,409.7826683796869,5.0
0.1,410.3863034994073,5.0
0.1,410.98993861912766,5.0
0.1,411.593573738848,5.0
0.1,412.1972088585684,5.0
0.1,412.80084397828875,5.0
0.1,413.4044790980091,5.0
0.1,414.0081142177295,5.0
0.1,414.61174933744985,5.0
0.1,415.2153844571702,5.0
0.1,415.8190195768906,5.0
0.1,416.42265469661095,5.0
0.1,416.90406317212563,5.0
0.1,417.3854716476403,5.0
0.1,417.866880123155,5.0
0.1,418.3482885986697,5.0
0.1,418.8786661439545,5.0
0.1,419.4090436892393,5.0
0.1,419.9394212345241,5.0
0.1,420.4697987798089,5.0
0.1,421.0001763250937,5.0
0.1,421.5305538703785,5.0
0.1,421.93930047101014,5.0
0.1,422.2707819146298,5.0
0.1,422.6022633582495,5.0
0.1,422.9337448018692,5.0
0.1,423.26522624548886,5.0
0.1,423.6581896535805,5.0
0.1,424.05115306167215,5.0
0.1,424.4441164697638,5.0
0.1,424.83707987785544,5.0
0.1,425.2987477299717,5.0
0.1,425.76041558208794,5.0
0.1,426.2220834342042,5.0
0.1,426.68375128632044,5.0
0.1,427.1454191384367,5.0
0.1,427.60708699055294,5.0
0.1,428.0687548426692,5.0
0.1,428.53042269478544,5.0
0.1,428.9920905469017,5.0
0.1,429.45375839901794,5.0
0.1,429.9154262511342,5.0
0.1,430.37709410325044,5.0
0.1,430.8387619553667,5.0
0.1,431.3881829753101,5.0
0.1,431.9376039952535,5.0
0.1,432.4870250151969,5.0
0.1,433.0364460351403,5.0
0.1,433.58586705508367,5.0
0.1,434.13528807502706,5.0
0.1,434.68470909497046,5.0
0.1,435.23413011491385,5.0
0.1,435.78355113485725,5.0
0.1,436.2292202875986,5.0
0.1,436.59821449228923,5.0
0.1,436.96720869697987,5.0
0.1,437.3362029016705,5.0
0.1,437.70519710636114,5.0
0.1,438.1991552127573,5.0
0.1,438.6931133191535,5.0
0.1,439.1870714255497,5.0
0.1,439.68102953194585,5.0
0.1,440.17498763834203,5.0
0.1,440.6689457447382,5.0
0.1,441.1629038511344,5.0
0.1,441.734400810087,5.0
0.1,442.3058977690396,5.0
0.1,442.87739472799217,5.0
0.1,443.44889168694476,5.0
0.1,443.9192172230796,5.0
0.1,444.38954275921446,5.0
0.1,444.8598682953493,5.0
0.1,445.33019383148417,5.0
0.1,445.800519367619,5.0
0.1,446.27084490375387,5.0
0.1,446.7411704398887,5.0
0.1,447.21149597602357,5.0
0.1,447.6818215121584,5.0
0.1,448.1521470482933,5.0
0.1,448.6224725844281,5.0
0.1,449.092798120563,5.0
0.1,449.5631236566978,5.0
0.1,450.0334491928327,5.0
0.1,450.5037747289675,5.0
0.1,450.9741002651024,5.0
0.1,451.44442580123723,5.0
0.1,451.9147513373721,5.0
0.1,452.38507687350693,5.0
0.1,452.8554024096418,5.0
0.1,453.32572794577663,5.0
0.1,453.7960534819115,5.0
0.1,454.3480739359792,5.0
0.1,454.9000943900469,5.0
0.1,455.4521148441146,5.0
0.1,456.0041352981823,5.0
0.1,456.55615575225,5.0
0.1,457.1081762063177,5.0
0.1,457.6601966603854,5.0
0.1,458.2122171144531,5.0
0.1,458.7642375685208,5.0
0.1,459.3162580225885,5.0
0.1,459.94132778340554,5.0
0.1,460.5663975442226,5.0
0.1,461.1914673050396,5.0
0.1,461.81653706585666,5.0
0.1,462.4416068266737,5.0
0.1,462.95090597733935,5.0
0.1,463.460205128005,5.0
0.1,463.9695042786706,5.0
0.1,464.47880342933627,5.0
0.1,464.9881025800019,5.0
0.1,465.39685165864654,5.0
0.1,465.46446883726765,5.0
0.1,465.53208601588875,5.0
0.1,465.59970319450986,5.0
0.1,465.7298813847189,5.0
0.1,465.86005957492796,5.0
0.1,465.990237765137,5.0
0.1,466.3566489833809,5.0
0.1,466.72306020162483,5.0
0.1,467.08947141986874,5.0
0.1,467.45588263811266,5.0
0.1,468.02645356149714,5.0
0.1,468.5970244848816,5.0
0.1,469.1675954082661,5.0
0.1,469.7381663316506,5.0
0.1,470.30873725503506,5.0
0.1,470.87930817841954,5.0
0.1,471.449879101804,5.0
0.1,472.0204500251885,5.0
0.1,472.591020948573,5.0
0.1,473.16159187195746,5.0
0.1,473.73216279534194,5.0
0.1,474.3027337187264,5.0
0.1,474.8733046421109,5.0
0.1,475.4438755654954,5.0
0.1,476.17717191595926,5.0
0.1,476.91046826642315,5.0
0.1,477.64376461688704,5.0
0.1,478.37706096735093,5.0
0.1,479.1103573178148,5.0
0.1,479.8436536682787,5.0
0.1,480.5769500187426,5.0
0.1,480.6952613725814,5.0
0.1,480.8135727264202,5.0
0.1,480.931884080259,5.0
0.1,481.0501954340978,5.0
0.1,481.2861329902229,5.0
0.1,481.52207054634795,5.0
0.1,481.758008102473,5.0
0.1,482.1664028399822,5.0
0.1,482.5747975774914,5.0
0.1,482.98319231500057,5.0
0.1,483.39158705250975,5.0
0.1,483.79998179001893,5.0
0.1,484.2083765275281,5.0
0.1,484.76474619668664,5.0
0.1,485.3211158658452,5.0
0.1,485.8774855350037,5.0
0.1,486.4338552041622,5.0
0.1,487.09783128589976,5.0
0.1,487.7618073676373,5.0
0.1,488.4257834493748,5.0
0.1,489.08975953111235,5.0
0.1,489.7537356128499,5.0
0.1,490.28616131215784,5.0
0.1,490.8185870114658,5.0
0.1,491.3510127107738,5.0
0.1,491.88343841008174,5.0
0.1,492.4158641093897,5.0
0.1,492.94828980869767,5.0
0.1,493.38286195732775,5.0
0.1,493.81743410595783,5.0
0.1,494.2520062545879,5.0
0.1,494.686578403218,5.0
0.1,495.1803965471649,5.0
0.1,495.6742146911118,5.0
0.1,496.1680328350587,5.0
0.1,496.6618509790056,5.0
0.1,497.2086068588238,5.0
0.1,497.7553627386421,5.0
0.1,498.3021186184603,5.0
0.1,498.8488744982786,5.0
0.1,499.4544683551987,5.0
0.1,500.0600622121188,5.0
0.1,500.6656560690389,5.0
0.1,501.271249925959,5.0
0.1,501.8768437828791,5.0
0.1,502.48243763979923,5.0
0.1,503.08803149671934,5.0
0.1,503.17508471202706,5.0
0.1,503.2621379273348,5.0
0.1,503.3491911426425,5.0
0.1,503.4362443579502,5.0
0.1,503.6103507885656,5.0
0.1,503.784457219181,5.0
0.1,503.95856364979636,5.0
0.1,504.3369560819611,5.0
0.1,504.7153485141258,5.0
0.1,505.09374094629055,5.0
0.1,505.57329691879,5.0
0.1,506.05285289128943,5.0
0.1,506.5324088637889,5.0
0.1,507.0119648362883,5.0
0.1,507.56740771937666,5.0
0.1,508.122850602465,5.0
0.1,508.67829348555335,5.0
0.1,509.2337363686417,5.0
0.1,509.8948254257516,5.0
0.1,510.5559144828615,5.0
0.1,511.2170035399714,5.0
0.1,511.8780925970813,5.0
0.1,512.5391816541912,5.0
0.1,513.2002707113012,5.0
0.1,513.8613597684111,5.0
0.1,514.5224488255211,5.0
0.1,515.1835378826311,5.0
0.1,515.844626939741,5.0
0.1,516.505715996851,5.0
0.1,517.166805053961,5.0
0.1,517.8278941110709,5.0
0.1,518.4889831681809,5.0
0.1,519.1500722252908,5.0
0.1,519.8111612824008,5.0
0.1,520.4722503395108,5.0
0.1,521.1333393966207,5.0
0.1,521.7944284537307,5.0
0.1,522.4555175108407,5.0
0.1,523.1166065679506,5.0
0.1,523.7776956250606,5.0
0.1,524.4387846821705,5.0
0.1,525.0998737392805,5.0
0.1,525.7609627963905,5.0
0.1,526.4220518535004,5.0
0.1,527.0831409106104,5.0
0.1,527.7442299677203,5.0
0.1,528.4053190248303,5.0
0.1,529.0664080819403,5.0
0.1,529.7274971390502,5.0
0.1,530.4637600653489,5.0
0.1,531.2000229916475,5.0
0.1,531.9362859179462,5.0
0.1,532.6725488442448,5.0
0.1,533.4088117705435,5.0
0.1,534.1450746968421,5.0
0.1,534.8813376231408,5.0
0.1,535.6176005494394,5.0
0.1,536.3538634757381,5.0
0.1,537.0901264020367,5.0
0.1,537.8263893283354,5.0
0.1,538.562652254634,5.0
0.1,539.2989151809327,5.0
0.1,540.0351781072313,5.0
0.1,540.77144103353,5.0
0.1,541.5077039598286,5.0
0.1,542.2439668861273,5.0
0.1,542.9802298124259,5.0
0.1,543.7164927387246,5.0
0.1,544.4527556650232,5.0
0.1,545.1890185913219,5.0
0.1,545.9252815176205,5.0
0.1,546.6615444439192,5.0
0.1,547.3978073702178,5.0
0.1,548.1340702965165,5.0
0.1,548.8703332228151,5.0
0.1,549.6065961491138,5.0
0.1,550.3428590754124,5.0
0.1,551.0791220017111,5.0
0.1,551.8153849280097,5.0
0.1,552.5516478543084,5.0
0.1,553.287910780607,5.0
0.1,554.0241737069057,5.0
0.1,554.7604366332043,5.0
0.1,555.496699559503,5.0
0.1,556.2329624858016,5.0
0.1,556.9692254121003,5.0
0.1,557.7054883383989,5.0
0.1,558.4417512646976,5.0
0.1,559.1780141909962,5.0
0.1,559.9142771172949,5.0
0.1,560.6505400435935,5.0
0.1,561.3868029698922,5.0
0.1,562.1230658961908,5.0
0.1,562.8593288224895,5.0
0.1,563.5955917487881,5.0
0.1,564.3318546750868,5.0
0.1,565.0681176013854,5.0
0.1,565.8043805276841,5.0
0.1,566.5406434539827,5.0
0.1,567.2769063802814,5.0
0.1,568.01316930658,5.0
0.1,568.7494322328787,5.0
0.1,569.4856951591773,5.0
0.1,570.221958085476,5.0
0.1,570.9582210117746,5.0
0.1,571.6944839380733,5.0
0.1,572.4307468643719,5.0
0.1,573.1670097906706,5.0
0.1,573.9032727169692,5.0
0.1,574.6395356432679,5.0
0.1,575.3757985695665,5.0
0.1,576.1120614958652,5.0
0.1,576.8483244221638,5.0
0.1,577.5845873484625,5.0
0.1,578.3208502747611,5.0
0.1,579.0571132010598,5.0
0.1,579.7933761273584,5.0
0.1,580.5296390536571,5.0
0.1,581.2659019799557,5.0
0.1,581.8605430525656,5.0
0.1,582.4551841251755,5.0
0.1,583.0498251977854,5.0
0.1,583.6444662703952,5.0
0.1,584.2391073430051,5.0
0.1,584.833748415615,5.0
0.1,585.4283894882249,5.0
0.1,586.099181674394,5.0
0.1,586.7699738605631,5.0
0.1,587.4407660467323,5.0
0.1,588.1115582329014,5.0
0.1,588.7823504190706,5.0
0.1,589.4531426052397,5.0
0.1,590.1239347914088,5.0
0.1,590.794726977578,5.0
0.1,591.4655191637471,5.0
0.1,592.1363113499162,5.0
0.1,592.8071035360854,5.0
0.1,593.4778957222545,5.0
0.1,594.1486879084237,5.0
0.1,594.8911485379222,5.0
0.1,595.6336091674207,5.0
0.1,596.3760697969192,5.0
0.1,597.1185304264177,5.0
0.1,597.8609910559162,5.0
0.1,598.6034516854147,5.0
0.1,599.3459123149132,5.0
0.1,599.8674245979605,5.0
0.1,600.3889368810078,5.0
0.1,600.4536806009953,5.0
0.1,600.5184243209828,5.0
0.1,600.5831680409703,5.0
0.1,600.7126554809454,5.0
0.1,600.8421429209204,5.0
0.1,600.9716303608955,5.0
0.1,601.1514219494643,5.0
0.1,601.3312135380331,5.0
0.1,601.511005126602,5.0
0.1,601.6907967151708,5.0
0.1,601.8396886059303,5.0
0.1,601.9885804966898,5.0
0.1,602.0894963079036,5.0
0.1,602.1904121191174,5.0
0.1,602.2620857529959,5.0
0.1,602.3196082138872,5.0
0.1,602.3771306747786,5.0
0.1,602.4181114707396,5.0
0.1,602.4513794683047,5.0
0.1,602.4846474658698,5.0
0.1,602.5094934634042,5.0
0.1,602.5343394609386,5.0
0.1,602.5542744469057,5.0
0.1,602.5742094328727,5.0
0.1,602.5941444188398,5.0
0.1,602.6080484538005,5.0
0.1,602.6219524887612,5.0
0.1,602.6358565237218,5.0
0.1,602.6497605586825,5.0
0.1,602.6636645936431,5.0
0.1,602.6775686286038,5.0
0.1,602.6914726635645,5.0
0.1,602.7053766985251,5.0
0.1,602.7192807334858,5.0
0.1,602.7331847684464,5.0
0.1,602.7554397087049,5.0
0.1,602.7776946489633,5.0
0.1,602.7999495892218,5.0
0.1,602.8222045294802,5.0
0.1,602.8550950150969,5.0
0.1,602.8879855007136,5.0
0.1,602.9208759863303,5.0
0.1,602.953766471947,5.0
0.1,603.005113378939,5.0
0.1,603.0564602859309,5.0
0.1,603.1078071929229,5.0
0.1,603.1591540999149,5.0
0.1,603.2413468503528,5.0
0.1,603.3235396007907,5.0
0.1,603.4057323512286,5.0
0.1,603.4879251016665,5.0
0.1,603.6271582147477,5.0
0.1,603.766391327829,5.0
0.1,603.9056244409102,5.0
0.1,604.0448575539914,5.0
0.1,604.3217027144135,5.0
0.1,604.5985478748356,5.0
0.1,604.8753930352577,5.0
0.1,605.3951297450524,5.0
0.1,605.914866454847,5.0
0.1,606.4346031646417,5.0
0.1,606.9543398744363,5.0
0.1,607.6809453178147,5.0
0.1,608.4075507611931,5.0
0.1,609.1341562045715,5.0
0.1,609.6499434770785,5.0
0.1,610.0217174972472,5.0
0.1,610.2899110579096,5.0
0.1,610.4819443669724,5.0
0.1,610.6739776760351,5.0
0.1,610.7053352918654,5.0
0.1,610.7366929076957,5.0
0.1,610.768050523526,5.0
0.1,610.7994081393563,5.0
0.1,610.8621233710169,5.0
0.1,610.9248386026775,5.0
0.1,610.9875538343381,5.0
0.1,611.0579858019636,5.0
0.1,611.1284177695891,5.0
0.1,611.1988497372146,5.0
0.1,611.2864639927103,5.0
0.1,611.374078248206,5.0
0.1,611.4616925037018,5.0
0.1,611.5781356316189,5.0
0.1,611.6945787595361,5.0
0.1,611.8110218874532,5.0
0.1,611.9535900994318,5.0
0.1,612.0961583114105,5.0
0.1,612.2387265233891,5.0
0.1,612.4635013078786,5.0
0.1,612.688276092368,5.0
0.1,612.9130508768575,5.0
0.1,613.1378256613469,5.0
0.1,613.492464158723,5.0
0.1,613.8471026560991,5.0
0.1,614.2017411534752,5.0
0.1,614.958043817822,5.0
0.1,615.7143464821689,5.0
0.1,616.4706491465158,5.0
0.1,617.2269518108627,5.0
0.1,617.8170290788272,5.0
0.1,618.3052840189765,5.0
0.1,618.4029350070064,5.0
0.1,618.5005859950362,5.0
0.1,618.598236983066,5.0
0.1,618.7935389591257,5.0
0.1,618.9888409351854,5.0
0.1,619.1841429112451,5.0
0.1,619.5576920861827,5.0
0.1,619.9312412611202,5.0
0.1,620.3047904360578,5.0
0.1,620.7526350836697,5.0
0.1,621.2004797312816,5.0
0.1,621.6483243788934,5.0
0.1,622.0961690265053,5.0
0.1,622.7664066181818,5.0
0.1,623.4366442098583,5.0
0.1,624.1068818015348,5.0
0.1,624.7771193932113,5.0
0.1,625.8308104550619,5.0
0.1,626.8845015169125,5.0
0.1,627.0838093145122,5.0
0.1,627.283117112112,5.0
0.1,627.4824249097118,5.0
0.1,627.8810405049114,5.0
0.1,628.2796561001111,5.0
0.1,628.6782716953107,5.0
0.1,629.7551098646105,5.0
0.1,630.8319480339103,5.0
0.1,631.9087862032101,5.0
0.1,633.2009963059783,5.0
0.1,634.4932064087465,5.0
0.1,635.7854165115147,5.0
0.1,637.0776266142828,5.0
0.1,638.9346209259786,5.0
0.1,640.7916152376744,5.0
0.1,642.6486095493701,5.0
0.1,645.2940375554083,5.0
0.1,647.9394655614465,5.0
0.1,650.5848935674846,5.0
0.1,654.8529540029584,5.0
0.1,659.1210144384322,5.0
0.1,663.389074873906,5.0
0.1,668.8348310956816,5.0
0.1,674.2805873174572,5.0
0.1,679.7263435392327,5.0
0.1,685.1720997610083,5.0
0.1,693.2920248883489,5.0
0.1,701.4119500156895,5.0
0.1,709.5318751430301,5.0
0.1,726.4780950129284,5.0
0.1,743.4243148828267,5.0
0.1,760.370534752725,5.0
0.1,848.0859817396663,5.0
0.1,935.8014287266076,5.0
0.1,1545.7307195656354,5.0
0.1,2155.660010404663,5.0
0.1,2500.0,5.0
1.0,0.0,1.0698216699004093
1.0,0.0007941499785359791,1.0689843521635745
1.0,0.0009926874731699738,1.0687722211703496
1.0,0.0010423218468284725,1.068723538522979
1.0,0.001044868823669525,1.068719749068544
1.0,0.0010474158005105774,1.0687159965392452
1.0,0.0010499627773516299,1.0687124980907898
1.0,0.0010525097541926823,1.068709229244203
1.0,0.0010550567310337348,1.0687061302067942
1.0,0.0010576037078747873,1.0687031495499497
1.0,0.0010601506847158397,1.0687002497001918
1.0,0.0010626976615568922,1.068697404551001
1.0,0.0010652446383979447,1.068694596283732
1.0,0.0010677916152389971,1.0686918128159255
1.0,0.0010703385920800496,1.0686890459739382
1.0,0.001072885568921102,1.0686862902326357
1.0,0.0010754325457621545,1.0686835418579606
1.0,0.001077979522603207,1.068680798326467
1.0,0.0010805264994442594,1.0686780579329898
1.0,0.001083073476285312,1.068675319525554
1.0,0.0010856204531263644,1.0686725823262289
1.0,0.0010894987714944846,1.0686684154164556
1.0,0.0011282819551756854,1.0686267175388353
1.0,0.0011670651388568862,1.0685849502063691
1.0,0.001205848322538087,1.068543088315149
1.0,0.0015936801593500961,1.0681146313264154
1.0,0.001981511996162105,1.0676766048971529
1.0,0.0035079350815429835,1.065813711637836
1.0,0.005034358166923862,1.0638317521442162
1.0,0.007436540133443004,1.060595609492076
1.0,0.009838722099962147,1.057163359110845
1.0,0.01224090406648129,1.0536075541676577
1.0,0.016330447806113365,1.047407105101541
1.0,0.02041999154574544,1.0412263253458272
1.0,0.024509535285377516,1.0352082794736674
1.0,0.02859907902500959,1.029397913972218
1.0,0.03336612799953329,1.0228885754272907
1.0,0.03813317697405699,1.0166704810668885
1.0,0.04290022594858069,1.010746537197657
1.0,0.047667274923104394,1.0051254171238686
1.0,0.052434323897628095,0.9998174692347364
1.0,0.057201372872151796,0.9948353794985729
1.0,0.061968421846675496,0.9901902080577399
1.0,0.06817256773461221,0.9846588269656433
1.0,0.07437671362254891,0.9797108758230488
1.0,0.08058085951048563,0.9753345835363624
1.0,0.08678500539842235,0.9715050652056435
1.0,0.09298915128635907,0.96818820535471
1.0,0.09919329717429579,0.9653450022655387
1.0,0.1053974430622325,0.9629351761666811
1.0,0.11160158895016922,0.9609193847457201
1.0,0.11780573483810594,0.9592603866156835
1.0,0.12400988072604266,0.9579234205768881
1.0,0.13134577442782078,0.9567141178185766
1.0,0.1386816681295989,0.9558602151118234
1.0,0.146017561831377,0.9553159570626522
1.0,0.15335345553315513,0.9550398385813493
1.0,0.16186905698814688,0.9550071652160027
1.0,0.17038465844313863,0.9552351165079184
1.0,0.17890025989813038,0.9567617810717098
1.0,0.18741586135312213,0.958549927430341
1.0,0.19753772028282207,0.9605571427370788
1.0,0.207659579212522,0.9624764777019097
1.0,0.21778143814222195,0.9642768261416544
1.0,0.2279032970719219,0.9659763332025723
1.0,0.24350188457249228,0.9684373633611908
1.0,0.2591004720730627,0.9707374178112024
1.0,0.2746990595736331,0.9729211785764106
1.0,0.29884162501848877,0.9761596863660726
1.0,0.3229841904633444,0.9792039221965128
1.0,0.3471267559082001,0.9821489252170149
1.0,0.38206124567437794,0.9862574221054454
1.0,0.4169957354405558,0.9902566074770438
1.0,0.45193022520673365,0.9941785388228513
1.0,0.5051354016143441,1.0000599640133645
1.0,0.5583405780219546,1.0059381564708951
1.0,0.611545754429565,1.011566479359874
1.0,0.6933199546081282,1.0194340645349487
1.0,0.7750941547866914,1.0264704691982705
1.0,0.8568683549652546,1.0328144885375867
1.0,0.9392750189522636,1.0385999906018568
1.0,1.0216816829392728,1.0439120204395371
1.0,1.1040883469262819,1.0488563567559388
1.0,1.186495010913291,1.0535049534274088
1.0,1.2747843979893747,1.0582234140661986
1.0,1.3630737850654584,1.0627423522649266
1.0,1.451363172141542,1.0671236164290836
1.0,1.5396525592176258,1.0714134055354418
1.0,1.6279419462937095,1.0756493767122708
1.0,1.7162313333697932,1.0798653586668105
1.0,1.8045207204458769,1.08409122298684
1.0,1.8928101075219605,1.0883564229459761
1.0,1.9810994945980442,1.0926881623418447
1.0,2.069388881674128,1.0971146469435986
1.0,2.1576782687502116,1.1016576922697683
1.0,2.2459676558262953,1.1063369136481767
1.0,2.334257042902379,1.111177635892421
1.0,2.4225464299784627,1.116204034852046
1.0,2.5108358170545464,1.121441837835993
1.0,2.59912520413063,1.1269220454443083
1.0,2.6874145912067138,1.1326942474327837
1.0,2.754315573339381,1.1372967637895128
1.0,2.8093514110659257,1.1412439530531453
1.0,2.8643872487924704,1.14534247382267
1.0,2.919423086519015,1.1496002788262667
1.0,2.97445892424556,1.154030745257624
1.0,3.0414649762875103,1.1596832830098371
1.0,3.1084710283294608,1.1656474873753326
1.0,3.175477080371411,1.1719563568548097
1.0,3.2424831324133616,1.178650190649753
1.0,3.317855410441756,1.186701367718964
1.0,3.39322768847015,1.1953878428002365
1.0,3.4685999664985445,1.2048215676046747
1.0,3.543972244526939,1.2151441829187601
1.0,3.619344522555333,1.2265323436425457
1.0,3.6947168005837274,1.2392152669110061
1.0,3.7700890786121217,1.2535039499578824
1.0,3.830259631344616,1.2663585713044676
1.0,3.8396065159445625,1.2684892936884318
1.0,3.848953400544509,1.270659361091001
1.0,3.8583002851444554,1.272870107402841
1.0,3.8769940543443484,1.2774215421161832
1.0,3.8956878235442414,1.2821549318980723
1.0,3.9143815927441343,1.287083414490771
1.0,3.96469343416287,1.30148818152856
1.0,4.015005275581606,1.3177917077080126
1.0,4.065317117000341,1.3364043374701042
1.0,4.130773239812183,1.3648782942342021
1.0,4.196229362624025,1.3995285421403036
1.0,4.261685485435867,1.4417546316437637
1.0,4.327141608247708,1.4920560011046857
1.0,4.413939126455163,1.5671337502571838
1.0,4.500736644662617,1.643139772171946
1.0,4.587534162870072,1.7109823721599247
1.0,4.674331681077526,1.7675455241768399
1.0,4.739368737496737,1.8025330063931417
1.0,4.804405793915948,1.8329527953806617
1.0,4.869442850335159,1.860179712084864
1.0,4.93447990675437,1.8849278048099378
1.0,5.011930943785148,1.911910048014771
1.0,5.089381980815927,1.9369817186373128
1.0,5.166833017846705,1.9607528114715504
1.0,5.244284054877483,1.98377858643113
1.0,5.34638260662017,2.0138575259771656
1.0,5.448481158362857,2.044323941086135
1.0,5.550579710105544,2.0760123685355634
1.0,5.652678261848231,2.1094837058646734
1.0,5.754776813590918,2.145842780513009
1.0,5.856875365333605,2.185677925321066
1.0,5.958973917076292,2.231177884633408
1.0,6.035095401207025,2.269483464665579
1.0,6.111216885337758,2.3119942585273634
1.0,6.187338369468492,2.35922449296954
1.0,6.263459853599225,2.4117082624115103
1.0,6.339581337729959,2.469303734095214
1.0,6.415702821860692,2.5306186372716337
1.0,6.491824305991425,2.5936203919557648
1.0,6.594263877686638,2.6777332507320195
1.0,6.69670344938185,2.757821313747091
1.0,6.799143021077063,2.832643973529541
1.0,6.901582592772275,2.902971515624584
1.0,7.004022164467488,2.9703125696223496
1.0,7.1064617361627,3.0367888238296623
1.0,7.2089013078579125,3.10382759126376
1.0,7.311340879553125,3.172813543322552
1.0,7.413780451248337,3.244854152391011
1.0,7.51622002294355,3.3203438008762753
1.0,7.618659594638762,3.3989988481725875
1.0,7.721099166333975,3.479819377580992
1.0,7.823538738029187,3.5611680741451814
1.0,7.9259783097244,3.6410406299505085
1.0,8.028417881419612,3.717900161216918
1.0,8.130857453114825,3.7909154956474764
1.0,8.260521401474852,3.8778609594031943
1.0,8.39018534983488,3.9592077703511745
1.0,8.519849298194908,4.036098794264807
1.0,8.649513246554935,4.10959867059399
1.0,8.779177194914963,4.180507395740615
1.0,8.90884114327499,4.2492313355214275
1.0,9.038505091635018,4.315796629816183
1.0,9.168169039995046,4.379961733266832
1.0,9.275576964514167,4.431001862483935
1.0,9.382984889033288,4.479829315097407
1.0,9.49039281355241,4.52621839107996
1.0,9.579395849941186,4.562699366437181
1.0,9.668398886329962,4.597343029333635
1.0,9.757401922718739,4.630118302280542
1.0,9.846404959107515,4.6610316237900475
1.0,9.935407995496291,4.690115982989491
1.0,10.024411031885068,4.717420656403357
1.0,10.113414068273844,4.7430068359287745
1.0,10.20241710466262,4.766944633626818
1.0,10.291420141051397,4.789309948255125
1.0,10.380423177440173,4.810181540048199
1.0,10.46942621382895,4.829638494023465
1.0,10.558429250217726,4.847757275994578
1.0,10.647432286606502,4.864611053792303
1.0,10.736435322995279,4.880270563243742
1.0,10.825438359384055,4.8948043713322535
1.0,10.914441395772831,4.908278381737372
1.0,11.003444432161608,4.9207555032542905
1.0,11.092447468550384,4.932295495683027
1.0,11.18145050493916,4.942954769345736
1.0,11.270453541327937,4.952786720690455
1.0,11.359456577716713,4.96184233996469
1.0,11.44845961410549,4.970170135226278
1.0,11.537462650494266,4.977815741164023
1.0,11.626465686883042,4.984821978452536
1.0,11.715468723271819,4.99122916984488
1.0,11.804471759660595,4.997075690140255
1.0,11.877247805133594,5.0
1.0,11.950023850606593,5.0
1.0,12.022799896079592,5.0
1.0,12.09557594155259,5.0
1.0,12.17778328181045,5.0
1.0,12.25999062206831,5.0
1.0,12.34219796232617,5.0
1.0,12.424405302584029,5.0
1.0,12.515162213938007,5.0
1.0,12.605919125291985,5.0
1.0,12.696676036645963,5.0
1.0,12.78743294799994,5.0
1.0,12.878189859353919,5.0
1.0,12.953032511686796,5.0
1.0,13.027875164019674,5.0
1.0,13.102717816352552,5.0
1.0,13.17756046868543,5.0
1.0,13.252403121018308,5.0
1.0,13.327245773351185,5.0
1.0,13.402088425684063,5.0
1.0,13.476931078016941,5.0
1.0,13.551773730349819,5.0
1.0,13.626616382682696,5.0
1.0,13.701459035015574,5.0
1.0,13.776301687348452,5.0
1.0,13.85114433968133,5.0
1.0,13.925986992014208,5.0
1.0,14.000829644347085,5.0
1.0,14.075672296679963,5.0
1.0,14.158469183090432,5.0
1.0,14.2412660695009,5.0
1.0,14.32406295591137,5.0
1.0,14.406859842321838,5.0
1.0,14.489656728732307,5.0
1.0,14.572453615142775,5.0
1.0,14.655250501553244,5.0
1.0,14.738047387963713,5.0
1.0,14.820844274374181,5.0
1.0,14.90364116078465,5.0
1.0,14.986438047195119,5.0
1.0,15.069234933605587,5.0
1.0,15.152031820016056,5.0
1.0,15.234828706426525,5.0
1.0,15.317625592836993,5.0
1.0,15.400422479247462,5.0
1.0,15.48321936565793,5.0
1.0,15.5660162520684,5.0
1.0,15.648813138478868,5.0
1.0,15.731610024889337,5.0
1.0,15.814406911299805,5.0
1.0,15.897203797710274,5.0
1.0,15.980000684120743,5.0
1.0,16.06279757053121,5.0
1.0,16.145594456941676,5.0
1.0,16.228391343352143,5.0
1.0,16.31118822976261,5.0
1.0,16.393985116173077,5.0
1.0,16.476782002583544,5.0
1.0,16.55957888899401,5.0
1.0,16.642375775404478,5.0
1.0,16.725172661814945,5.0
1.0,16.80796954822541,5.0
1.0,16.89076643463588,5.0
1.0,16.973563321046345,5.0
1.0,17.056360207456812,5.0
1.0,17.13915709386728,5.0
1.0,17.221953980277746,5.0
1.0,17.304750866688213,5.0
1.0,17.31644915644243,5.0
1.0,17.32814744619665,5.0
1.0,17.339845735950867,5.0
1.0,17.35397123655038,5.0
1.0,17.36809673714989,5.0
1.0,17.382222237749403,5.0
1.0,17.41255412869191,5.0
1.0,17.442886019634415,5.0
1.0,17.47321791057692,5.0
1.0,17.52608764828541,5.0
1.0,17.578957385993903,5.0
1.0,17.631827123702394,5.0
1.0,17.684696861410885,5.0
1.0,17.765829236724105,5.0
1.0,17.846961612037326,5.0
1.0,17.928093987350547,5.0
1.0,18.009226362663767,5.0
1.0,18.090358737976988,5.0
1.0,18.17149111329021,5.0
1.0,18.25262348860343,5.0
1.0,18.33375586391665,5.0
1.0,18.41488823922987,5.0
1.0,18.49602061454309,5.0
1.0,18.577152989856312,5.0
1.0,18.658285365169533,5.0
1.0,18.739417740482754,5.0
1.0,18.820550115795974,5.0
1.0,18.901682491109195,5.0
1.0,18.982814866422416,5.0
1.0,19.063947241735637,5.0
1.0,19.145079617048857,5.0
1.0,19.226211992362078,5.0
1.0,19.3073443676753,5.0
1.0,19.38847674298852,5.0
1.0,19.46960911830174,5.0
1.0,19.55074149361496,5.0
1.0,19.63187386892818,5.0
1.0,19.713006244241402,5.0
1.0,19.794138619554623,5.0
1.0,19.875270994867844,5.0
1.0,19.956403370181064,5.0
1.0,20.037535745494285,5.0
1.0,20.118668120807506,5.0
1.0,20.199800496120726,5.0
1.0,20.280932871433947,5.0
1.0,20.362065246747168,5.0
1.0,20.44319762206039,5.0
1.0,20.52432999737361,5.0
1.0,20.60546237268683,5.0
1.0,20.68659474800005,5.0
1.0,20.76772712331327,5.0
1.0,20.848859498626492,5.0
1.0,20.916362771290913,5.0
1.0,20.96729825195266,5.0
1.0,21.018233732614405,5.0
1.0,21.06916921327615,5.0
1.0,21.120104693937897,5.0
1.0,21.188183951887087,5.0
1.0,21.256263209836277,5.0
1.0,21.324342467785467,5.0
1.0,21.392421725734657,5.0
1.0,21.471305681850218,5.0
1.0,21.55018963796578,5.0
1.0,21.62907359408134,5.0
1.0,21.7079575501969,5.0
1.0,21.786841506312463,5.0
1.0,21.865725462428024,5.0
1.0,21.944609418543585,5.0
1.0,22.023493374659147,5.0
1.0,22.102377330774708,5.0
1.0,22.18126128689027,5.0
1.0,22.244644614902022,5.0
1.0,22.29292689992842,5.0
1.0,22.34120918495482,5.0
1.0,22.38949146998122,5.0
1.0,22.43777375500762,5.0
1.0,22.515612029442032,5.0
1.0,22.593450303876445,5.0
1.0,22.671288578310858,5.0
1.0,22.74912685274527,5.0
1.0,22.826965127179683,5.0
1.0,22.904803401614096,5.0
1.0,22.98264167604851,5.0
1.0,23.04349821529361,5.0
1.0,23.05372899432578,5.0
1.0,23.06395977335795,5.0
1.0,23.07419055239012,5.0
1.0,23.094652110454465,5.0
1.0,23.11511366851881,5.0
1.0,23.135575226583153,5.0
1.0,23.185750035519362,5.0
1.0,23.23592484445557,5.0
1.0,23.28609965339178,5.0
1.0,23.34721938874246,5.0
1.0,23.40833912409314,5.0
1.0,23.46945885944382,5.0
1.0,23.5305785947945,5.0
1.0,23.617588240606416,5.0
1.0,23.704597886418334,5.0
1.0,23.791607532230252,5.0
1.0,23.87861717804217,5.0
1.0,23.94809832532704,5.0
1.0,24.004404722901334,5.0
1.0,24.060711120475627,5.0
1.0,24.11701751804992,5.0
1.0,24.173323915624213,5.0
1.0,24.243258763438728,5.0
1.0,24.313193611253244,5.0
1.0,24.38312845906776,5.0
1.0,24.453063306882274,5.0
1.0,24.530811385456087,5.0
1.0,24.6085594640299,5.0
1.0,24.68630754260371,5.0
1.0,24.764055621177523,5.0
1.0,24.841803699751335,5.0
1.0,24.919551778325147,5.0
1.0,24.99729985689896,5.0
1.0,25.01094495936682,5.0
1.0,25.013377099368093,5.0
1.0,25.015809239369364,5.0
1.0,25.018241379370636,5.0
1.0,25.02310565937318,5.0
1.0,25.027969939375723,5.0
1.0,25.045344850845222,5.0
1.0,25.06271976231472,5.0
1.0,25.08009467378422,5.0
1.0,25.1440143470879,5.0
1.0,25.193967904143616,5.0
1.0,25.233143873348,5.0
1.0,25.27231984255238,5.0
1.0,25.311495811756764,5.0
1.0,25.36141598959427,5.0
1.0,25.411336167431777,5.0
1.0,25.461256345269284,5.0
1.0,25.51816866838531,5.0
1.0,25.575080991501338,5.0
1.0,25.631993314617365,5.0
1.0,25.68890563773339,5.0
1.0,25.74581796084942,5.0
1.0,25.802730283965445,5.0
1.0,25.859642607081472,5.0
1.0,25.93070548643104,5.0
1.0,26.00176836578061,5.0
1.0,26.059144569396334,5.0
1.0,26.11652077301206,5.0
1.0,26.173896976627784,5.0
1.0,26.23127318024351,5.0
1.0,26.30489282417782,5.0
1.0,26.378512468112135,5.0
1.0,26.45213211204645,5.0
1.0,26.51187408791818,5.0
1.0,26.52140121443715,5.0
1.0,26.530928340956123,5.0
1.0,26.540455467475095,5.0
1.0,26.559509720513034,5.0
1.0,26.578563973550974,5.0
1.0,26.597618226588914,5.0
1.0,26.64798301455565,5.0
1.0,26.698347802522385,5.0
1.0,26.74871259048912,5.0
1.0,26.799077378455856,5.0
1.0,26.84944216642259,5.0
1.0,26.899806954389327,5.0
1.0,26.96618308216223,5.0
1.0,27.032559209935137,5.0
1.0,27.098935337708042,5.0
1.0,27.165311465480947,5.0
1.0,27.231687593253852,5.0
1.0,27.298063721026757,5.0
1.0,27.364439848799663,5.0
1.0,27.446789756352974,5.0
1.0,27.529139663906285,5.0
1.0,27.593908348043204,5.0
1.0,27.64622118022644,5.0
1.0,27.698534012409677,5.0
1.0,27.750846844592914,5.0
1.0,27.80315967677615,5.0
1.0,27.875761916644592,5.0
1.0,27.948364156513033,5.0
1.0,28.020966396381475,5.0
1.0,28.093568636249916,5.0
1.0,28.17713197486361,5.0
1.0,28.260695313477303,5.0
1.0,28.33025204459412,5.0
1.0,28.399808775710934,5.0
1.0,28.46936550682775,5.0
1.0,28.538922237944565,5.0
1.0,28.616746397728413,5.0
1.0,28.69457055751226,5.0
1.0,28.77239471729611,5.0
1.0,28.850218877079957,5.0
1.0,28.928043036863805,5.0
1.0,29.005867196647653,5.0
1.0,29.0836913564315,5.0
1.0,29.16151551621535,5.0
1.0,29.239339675999197,5.0
1.0,29.317163835783045,5.0
1.0,29.394987995566893,5.0
1.0,29.47281215535074,5.0
1.0,29.55063631513459,5.0
1.0,29.628460474918437,5.0
1.0,29.706284634702286,5.0
1.0,29.784108794486134,5.0
1.0,29.86193295426998,5.0
1.0,29.93975711405383,5.0
1.0,30.017581273837678,5.0
1.0,30.095405433621526,5.0
1.0,30.173229593405374,5.0
1.0,30.251053753189222,5.0
1.0,30.32887791297307,5.0
1.0,30.406702072756918,5.0
1.0,30.484526232540766,5.0
1.0,30.562350392324614,5.0
1.0,30.640174552108462,5.0
1.0,30.71799871189231,5.0
1.0,30.795822871676158,5.0
1.0,30.873647031460006,5.0
1.0,30.951471191243854,5.0
1.0,31.029295351027702,5.0
1.0,31.10711951081155,5.0
1.0,31.1849436705954,5.0
1.0,31.262767830379246,5.0
1.0,31.340591990163094,5.0
1.0,31.418416149946943,5.0
1.0,31.49624030973079,5.0
1.0,31.57406446951464,5.0
1.0,31.651888629298487,5.0
1.0,31.729712789082335,5.0
1.0,31.807536948866183,5.0
1.0,31.88536110865003,5.0
1.0,31.96318526843388,5.0
1.0,32.04100942821773,5.0
1.0,32.11883358800158,5.0
1.0,32.19665774778543,5.0
1.0,32.27448190756928,5.0
1.0,32.35230606735313,5.0
1.0,32.430130227136985,5.0
1.0,32.50795438692084,5.0
1.0,32.58577854670469,5.0
1.0,32.650220773044666,5.0
1.0,32.71466299938464,5.0
1.0,32.77910522572462,5.0
1.0,32.8435474520646,5.0
1.0,32.907989678404576,5.0
1.0,32.97243190474455,5.0
1.0,33.03687413108453,5.0
1.0,33.10887306724479,5.0
1.0,33.18087200340504,5.0
1.0,33.2528709395653,5.0
1.0,33.324869875725554,5.0
1.0,33.38470085879564,5.0
1.0,33.444531841865725,5.0
1.0,33.50436282493581,5.0
1.0,33.564193808005896,5.0
1.0,33.637157471937364,5.0
1.0,33.71012113586883,5.0
1.0,33.7830847998003,5.0
1.0,33.85604846373177,5.0
1.0,33.91049535463368,5.0
1.0,33.91859915917044,5.0
1.0,33.9267029637072,5.0
1.0,33.93480676824396,5.0
1.0,33.94897633395682,5.0
1.0,33.963145899669684,5.0
1.0,33.977315465382546,5.0
1.0,34.04485891772322,5.0
1.0,34.09518167490655,5.0
1.0,34.134414418246315,5.0
1.0,34.17364716158608,5.0
1.0,34.21287990492585,5.0
1.0,34.26095639493663,5.0
1.0,34.309032884947406,5.0
1.0,34.357109374958185,5.0
1.0,34.41414475750675,5.0
1.0,34.47118014005531,5.0
1.0,34.52821552260387,5.0
1.0,34.585250905152435,5.0
1.0,34.642286287701,5.0
1.0,34.69932167024956,5.0
1.0,34.75635705279812,5.0
1.0,34.83106571347824,5.0
1.0,34.905774374158355,5.0
1.0,34.98048303483847,5.0
1.0,35.05519169551859,5.0
1.0,35.1299003561987,5.0
1.0,35.20460901687882,5.0
1.0,35.26566290571818,5.0
1.0,35.32671679455754,5.0
1.0,35.3877706833969,5.0
1.0,35.44882457223626,5.0
1.0,35.50987846107562,5.0
1.0,35.57093234991498,5.0
1.0,35.631986238754344,5.0
1.0,35.70585207948962,5.0
1.0,35.77971792022489,5.0
1.0,35.85358376096016,5.0
1.0,35.927449601695436,5.0
1.0,35.987168295801865,5.0
1.0,36.046886989908295,5.0
1.0,36.106605684014724,5.0
1.0,36.16632437812115,5.0
1.0,36.23755644705094,5.0
1.0,36.30878851598073,5.0
1.0,36.38002058491052,5.0
1.0,36.45125265384031,5.0
1.0,36.46269920415841,5.0
1.0,36.464552539679445,5.0
1.0,36.46640587520048,5.0
1.0,36.46825921072151,5.0
1.0,36.47196588176358,5.0
1.0,36.47567255280565,5.0
1.0,36.4909702769347,5.0
1.0,36.50626800106376,5.0
1.0,36.53180542729162,5.0
1.0,36.557342853519486,5.0
1.0,36.58288027974735,5.0
1.0,36.640052400423684,5.0
1.0,36.69722452110002,5.0
1.0,36.75439664177635,5.0
1.0,36.82282721697944,5.0
1.0,36.89125779218253,5.0
1.0,36.95968836738562,5.0
1.0,37.028118942588705,5.0
1.0,37.11723965014988,5.0
1.0,37.20636035771105,5.0
1.0,37.29548106527222,5.0
1.0,37.38460177283339,5.0
1.0,37.473722480394564,5.0
1.0,37.562843187955735,5.0
1.0,37.65196389551691,5.0
1.0,37.74108460307808,5.0
1.0,37.83020531063925,5.0
1.0,37.91932601820042,5.0
1.0,38.008446725761594,5.0
1.0,38.07818861345638,5.0
1.0,38.14793050115117,5.0
1.0,38.21767238884596,5.0
1.0,38.28741427654075,5.0
1.0,38.36756162697268,5.0
1.0,38.43151638690725,5.0
1.0,38.495471146841815,5.0
1.0,38.55942590677638,5.0
1.0,38.62338066671095,5.0
1.0,38.68733542664552,5.0
1.0,38.751290186580086,5.0
1.0,38.81524494651465,5.0
1.0,38.8901955023747,5.0
1.0,38.96514605823475,5.0
1.0,39.0400966140948,5.0
1.0,39.051232845799824,5.0
1.0,39.06236907750485,5.0
1.0,39.07350530920987,5.0
1.0,39.090322906014926,5.0
1.0,39.10714050281998,5.0
1.0,39.12711472094313,5.0
1.0,39.147088939066286,5.0
1.0,39.16706315718944,5.0
1.0,39.20510546322625,5.0
1.0,39.24314776926307,5.0
1.0,39.28119007529988,5.0
1.0,39.33159449342568,5.0
1.0,39.381998911551484,5.0
1.0,39.432403329677285,5.0
1.0,39.482807747803086,5.0
1.0,39.53321216592889,5.0
1.0,39.58361658405469,5.0
1.0,39.65025313055545,5.0
1.0,39.71688967705621,5.0
1.0,39.78352622355697,5.0
1.0,39.85016277005773,5.0
1.0,39.91679931655849,5.0
1.0,39.98343586305925,5.0
1.0,40.05007240956001,5.0
1.0,40.13115761551441,5.0
1.0,40.21224282146881,5.0
1.0,40.276441986773165,5.0
1.0,40.32867342051114,5.0
1.0,40.38090485424911,5.0
1.0,40.43313628798708,5.0
1.0,40.485367721725055,5.0
1.0,40.558069681205794,5.0
1.0,40.63077164068653,5.0
1.0,40.70347360016727,5.0
1.0,40.77617555964801,5.0
1.0,40.85667597620234,5.0
1.0,40.93717639275667,5.0
1.0,40.950582386303886,5.0
1.0,40.9639883798511,5.0
1.0,40.97739437339832,5.0
1.0,40.990800366945535,5.0
1.0,41.01611778549062,5.0
1.0,41.04143520403571,5.0
1.0,41.06675262258079,5.0
1.0,41.11467988089843,5.0
1.0,41.162607139216064,5.0
1.0,41.2105343975337,5.0
1.0,41.27040814853149,5.0
1.0,41.330281899529275,5.0
1.0,41.39015565052706,5.0
1.0,41.45002940152485,5.0
1.0,41.535761830498494,5.0
1.0,41.621494259472136,5.0
1.0,41.70722668844578,5.0
1.0,41.79295911741942,5.0
1.0,41.878691546393064,5.0
1.0,41.96442397536671,5.0
1.0,42.05015640434035,5.0
1.0,42.13588883331399,5.0
1.0,42.221621262287634,5.0
1.0,42.30735369126128,5.0
1.0,42.39308612023492,5.0
1.0,42.47881854920856,5.0
1.0,42.564550978182204,5.0
1.0,42.65028340715585,5.0
1.0,42.73601583612949,5.0
1.0,42.82174826510313,5.0
1.0,42.907480694076774,5.0
1.0,42.99321312305042,5.0
1.0,43.07894555202406,5.0
1.0,43.1646779809977,5.0
1.0,43.250410409971344,5.0
1.0,43.33614283894499,5.0
1.0,43.42187526791863,5.0
1.0,43.50760769689227,5.0
1.0,43.593340125865915,5.0
1.0,43.67907255483956,5.0
1.0,43.7648049838132,5.0
1.0,43.85053741278684,5.0
1.0,43.936269841760485,5.0
1.0,44.02200227073413,5.0
1.0,44.10773469970777,5.0
1.0,44.19346712868141,5.0
1.0,44.279199557655055,5.0
1.0,44.3649319866287,5.0
1.0,44.45066441560234,5.0
1.0,44.53639684457598,5.0
1.0,44.622129273549625,5.0
1.0,44.70786170252327,5.0
1.0,44.79359413149691,5.0
1.0,44.87932656047055,5.0
1.0,44.965058989444195,5.0
1.0,45.05079141841784,5.0
1.0,45.13652384739148,5.0
1.0,45.14845681244697,5.0
1.0,45.15052713682261,5.0
1.0,45.15259746119825,5.0
1.0,45.154667785573885,5.0
1.0,45.15880843432515,5.0
1.0,45.16294908307642,5.0
1.0,45.17961396342243,5.0
1.0,45.19627884376845,5.0
1.0,45.21294372411446,5.0
1.0,45.276084820634225,5.0
1.0,45.32602910352264,5.0
1.0,45.365723596605456,5.0
1.0,45.40541808968827,5.0
1.0,45.44511258277108,5.0
1.0,45.49407509351634,5.0
1.0,45.54303760426159,5.0
1.0,45.59200011500685,5.0
1.0,45.64894348211408,5.0
1.0,45.70588684922131,5.0
1.0,45.76283021632854,5.0
1.0,45.81977358343577,5.0
1.0,45.876716950543,5.0
1.0,45.93366031765023,5.0
1.0,45.99060368475746,5.0
1.0,46.06544774606085,5.0
1.0,46.140291807364235,5.0
1.0,46.21513586866762,5.0
1.0,46.28997992997101,5.0
1.0,46.3648239912744,5.0
1.0,46.43966805257779,5.0
1.0,46.50125410762726,5.0
1.0,46.562840162676736,5.0
1.0,46.62442621772621,5.0
1.0,46.686012272775685,5.0
1.0,46.74759832782516,5.0
1.0,46.80918438287463,5.0
1.0,46.87077043792411,5.0
1.0,46.94385630633333,5.0
1.0,47.01694217474255,5.0
1.0,47.090028043151776,5.0
1.0,47.163113911561,5.0
1.0,47.23619977997022,5.0
1.0,47.30928564837944,5.0
1.0,47.382371516788666,5.0
1.0,47.465147091551536,5.0
1.0,47.547922666314406,5.0
1.0,47.630698241077276,5.0
1.0,47.713473815840146,5.0
1.0,47.796249390603016,5.0
1.0,47.87241467187309,5.0
1.0,47.94857995314316,5.0
1.0,48.02474523441323,5.0
1.0,48.1009105156833,5.0
1.0,48.177075796953375,5.0
1.0,48.19121485608408,5.0
1.0,48.205353915214786,5.0
1.0,48.21949297434549,5.0
1.0,48.2336320334762,5.0
1.0,48.25727048103045,5.0
1.0,48.28090892858471,5.0
1.0,48.30454737613896,5.0
1.0,48.32818582369322,5.0
1.0,48.38341952469327,5.0
1.0,48.438653225693315,5.0
1.0,48.493886926693364,5.0
1.0,48.54912062769341,5.0
1.0,48.62847088970779,5.0
1.0,48.70782115172217,5.0
1.0,48.78717141373655,5.0
1.0,48.86652167575093,5.0
1.0,48.94587193776531,5.0
1.0,49.02522219977969,5.0
1.0,49.10457246179407,5.0
1.0,49.18392272380845,5.0
1.0,49.26327298582283,5.0
1.0,49.34262324783721,5.0
1.0,49.42197350985159,5.0
1.0,49.50132377186597,5.0
1.0,49.58067403388035,5.0
1.0,49.66002429589473,5.0
1.0,49.73937455790911,5.0
1.0,49.81872481992349,5.0
1.0,49.91145263906041,5.0
1.0,50.004180458197325,5.0
1.0,50.096908277334244,5.0
1.0,50.18963609647116,5.0
1.0,50.28236391560808,5.0
1.0,50.375091734745,5.0
1.0,50.46781955388192,5.0
1.0,50.560547373018835,5.0
1.0,50.65327519215575,5.0
1.0,50.74600301129267,5.0
1.0,50.83873083042959,5.0
1.0,50.93145864956651,5.0
1.0,51.02418646870343,5.0
1.0,51.116914287840345,5.0
1.0,51.20964210697726,5.0
1.0,51.30236992611418,5.0
1.0,51.3950977452511,5.0
1.0,51.48782556438802,5.0
1.0,51.580553383524936,5.0
1.0,51.673281202661855,5.0
1.0,51.76600902179877,5.0
1.0,51.85873684093569,5.0
1.0,51.95146466007261,5.0
1.0,52.04419247920953,5.0
1.0,52.136920298346446,5.0
1.0,52.229648117483364,5.0
1.0,52.32237593662028,5.0
1.0,52.4151037557572,5.0
1.0,52.50783157489412,5.0
1.0,52.60055939403104,5.0
1.0,52.693287213167956,5.0
1.0,52.786015032304874,5.0
1.0,52.87874285144179,5.0
1.0,52.97147067057871,5.0
1.0,53.06419848971563,5.0
1.0,53.15692630885255,5.0
1.0,53.249654127989466,5.0
1.0,53.263491749972495,5.0
1.0,53.277329371955524,5.0
1.0,53.29116699393855,5.0
1.0,53.30500461592158,5.0
1.0,53.3284510058288,5.0
1.0,53.351897395736025,5.0
1.0,53.375343785643246,5.0
1.0,53.39879017555047,5.0
1.0,53.44976866484479,5.0
1.0,53.50074715413911,5.0
1.0,53.551725643433436,5.0
1.0,53.60270413272776,5.0
1.0,53.68002547497901,5.0
1.0,53.757346817230264,5.0
1.0,53.83466815948152,5.0
1.0,53.91198950173277,5.0
1.0,53.98931084398402,5.0
1.0,54.066632186235275,5.0
1.0,54.14395352848653,5.0
1.0,54.20540007838705,5.0
1.0,54.21530139143732,5.0
1.0,54.225202704487586,5.0
1.0,54.23510401753785,5.0
1.0,54.254906643638385,5.0
1.0,54.27470926973892,5.0
1.0,54.294511895839456,5.0
1.0,54.34397359589194,5.0
1.0,54.39343529594442,5.0
1.0,54.442896995996904,5.0
1.0,54.504158562320825,5.0
1.0,54.565420128644746,5.0
1.0,54.62668169496867,5.0
1.0,54.68794326129259,5.0
1.0,54.774062838047385,5.0
1.0,54.86018241480218,5.0
1.0,54.94630199155698,5.0
1.0,55.032421568311776,5.0
1.0,55.11854114506657,5.0
1.0,55.20466072182137,5.0
1.0,55.217051251424905,5.0
1.0,55.22944178102844,5.0
1.0,55.24183231063198,5.0
1.0,55.254222840235514,5.0
1.0,55.2705179544812,5.0
1.0,55.286813068726886,5.0
1.0,55.30310818297257,5.0
1.0,55.31940329721826,5.0
1.0,55.374862904892446,5.0
1.0,55.43032251256663,5.0
1.0,55.48578212024082,5.0
1.0,55.54045403626692,5.0
1.0,55.595125952293024,5.0
1.0,55.649797868319126,5.0
1.0,55.70446978434523,5.0
1.0,55.78948090636843,5.0
1.0,55.874492028391636,5.0
1.0,55.95950315041484,5.0
1.0,56.04451427243804,5.0
1.0,56.12952539446125,5.0
1.0,56.21453651648445,5.0
1.0,56.299547638507654,5.0
1.0,56.38455876053086,5.0
1.0,56.46956988255406,5.0
1.0,56.554581004577265,5.0
1.0,56.63959212660047,5.0
1.0,56.72460324862367,5.0
1.0,56.80961437064688,5.0
1.0,56.89462549267008,5.0
1.0,56.979636614693284,5.0
1.0,57.06464773671649,5.0
1.0,57.14965885873969,5.0
1.0,57.234669980762895,5.0
1.0,57.3196811027861,5.0
1.0,57.4046922248093,5.0
1.0,57.489703346832506,5.0
1.0,57.57471446885571,5.0
1.0,57.659725590878914,5.0
1.0,57.74473671290212,5.0
1.0,57.82974783492532,5.0
1.0,57.914758956948525,5.0
1.0,57.9854284583769,5.0
1.0,58.05609795980528,5.0
1.0,58.126767461233655,5.0
1.0,58.19743696266203,5.0
1.0,58.2814977412329,5.0
1.0,58.36555851980376,5.0
1.0,58.431390802525215,5.0
1.0,58.49722308524667,5.0
1.0,58.56305536796812,5.0
1.0,58.62888765068957,5.0
1.0,58.704306258345284,5.0
1.0,58.779724866001,5.0
1.0,58.85514347365671,5.0
1.0,58.930562081312424,5.0
1.0,59.00598068896814,5.0
1.0,59.08139929662385,5.0
1.0,59.15681790427956,5.0
1.0,59.23223651193528,5.0
1.0,59.30765511959099,5.0
1.0,59.3830737272467,5.0
1.0,59.45849233490242,5.0
1.0,59.53391094255813,5.0
1.0,59.60932955021384,5.0
1.0,59.68474815786956,5.0
1.0,59.76016676552527,5.0
1.0,59.83558537318098,5.0
1.0,59.911003980836696,5.0
1.0,59.972487710327464,5.0
1.0,60.03397143981823,5.0
1.0,60.095455169309,5.0
1.0,60.156938898799766,5.0
1.0,60.21842262829053,5.0
1.0,60.2799063577813,5.0
1.0,60.34139008727207,5.0
1.0,60.41178795375372,5.0
1.0,60.48218582023538,5.0
1.0,60.552583686717036,5.0
1.0,60.62298155319869,5.0
1.0,60.69337941968035,5.0
1.0,60.763777286162004,5.0
1.0,60.83417515264366,5.0
1.0,60.91246407535005,5.0
1.0,60.99075299805644,5.0
1.0,61.069041920762835,5.0
1.0,61.14733084346923,5.0
1.0,61.22561976617562,5.0
1.0,61.31371577621038,5.0
1.0,61.32826821884525,5.0
1.0,61.33067301373434,5.0
1.0,61.33307780862343,5.0
1.0,61.33548260351252,5.0
1.0,61.3402921932907,5.0
1.0,61.345101783068884,5.0
1.0,61.36297370473415,5.0
1.0,61.38084562639942,5.0
1.0,61.39871754806469,5.0
1.0,61.4537713800549,5.0
1.0,61.50882521204512,5.0
1.0,61.56387904403533,5.0
1.0,61.618932876025546,5.0
1.0,61.67398670801576,5.0
1.0,61.729040540005975,5.0
1.0,61.78409437199619,5.0
1.0,61.839148203986404,5.0
1.0,61.89420203597662,5.0
1.0,61.96232457792833,5.0
1.0,62.03044711988004,5.0
1.0,62.086410531653925,5.0
1.0,62.14237394342781,5.0
1.0,62.1983373552017,5.0
1.0,62.25430076697559,5.0
1.0,62.323772067344514,5.0
1.0,62.39324336771344,5.0
1.0,62.46271466808236,5.0
1.0,62.53218596845129,5.0
1.0,62.60893037605668,5.0
1.0,62.68567478366208,5.0
1.0,62.762419191267476,5.0
1.0,62.83916359887287,5.0
1.0,62.91590800647827,5.0
1.0,62.992652414083665,5.0
1.0,63.06939682168906,5.0
1.0,63.14614122929446,5.0
1.0,63.22288563689985,5.0
1.0,63.29963004450525,5.0
1.0,63.376374452110646,5.0
1.0,63.45311885971604,5.0
1.0,63.52986326732144,5.0
1.0,63.606607674926835,5.0
1.0,63.68335208253223,5.0
1.0,63.76009649013763,5.0
1.0,63.819585675463934,5.0
1.0,63.87907486079024,5.0
1.0,63.93856404611655,5.0
1.0,63.99805323144285,5.0
1.0,64.0656117939423,5.0
1.0,64.13317035644174,5.0
1.0,64.20072891894118,5.0
1.0,64.26828748144062,5.0
1.0,64.33584604394007,5.0
1.0,64.3358555956892,5.0
1.0,64.33586514743833,5.0
1.0,64.33587469918746,5.0
1.0,64.33588425093659,5.0
1.0,64.33589380268572,5.0
1.0,64.33591290618396,5.0
1.0,64.33593200968221,5.0
1.0,64.33605834238398,5.0
1.0,64.33618467508575,5.0
1.0,64.33652913233686,5.0
1.0,64.33687358958798,5.0
1.0,64.33788895568766,5.0
1.0,64.33890432178734,5.0
1.0,64.34130653477423,5.0
1.0,64.34370874776113,5.0
1.0,64.34962821634768,5.0
1.0,64.35554768493424,5.0
1.0,64.37658712186071,5.0
1.0,64.39245285982852,5.0
1.0,64.40831859779634,5.0
1.0,64.42828355310799,5.0
1.0,64.44824850841964,5.0
1.0,64.46821346373129,5.0
1.0,64.50825377066641,5.0
1.0,64.54829407760154,5.0
1.0,64.58833438453667,5.0
1.0,64.63935259013425,5.0
1.0,64.69037079573184,5.0
1.0,64.74138900132942,5.0
1.0,64.79768169364743,5.0
1.0,64.85397438596544,5.0
1.0,64.91026707828345,5.0
1.0,64.96655977060146,5.0
1.0,65.02285246291947,5.0
1.0,65.07914515523748,5.0
1.0,65.1354378475555,5.0
1.0,65.20910010321175,5.0
1.0,65.28276235886801,5.0
1.0,65.35642461452427,5.0
1.0,65.43008687018053,5.0
1.0,65.50374912583679,5.0
1.0,65.57741138149305,5.0
1.0,65.63838780413214,5.0
1.0,65.69936422677122,5.0
1.0,65.76034064941031,5.0
1.0,65.8213170720494,5.0
1.0,65.89017841492105,5.0
1.0,65.95903975779271,5.0
1.0,66.02790110066437,5.0
1.0,66.09676244353602,5.0
1.0,66.16562378640768,5.0
1.0,66.222988676254,5.0
1.0,66.28035356610033,5.0
1.0,66.33771845594666,5.0
1.0,66.39508334579298,5.0
1.0,66.46412774568627,5.0
1.0,66.53317214557956,5.0
1.0,66.60221654547284,5.0
1.0,66.67126094536613,5.0
1.0,66.74030534525942,5.0
1.0,66.8093497451527,5.0
1.0,66.87839414504599,5.0
1.0,66.94743854493927,5.0
1.0,67.01648294483256,5.0
1.0,67.08552734472585,5.0
1.0,67.16226676654667,5.0
1.0,67.23900618836748,5.0
1.0,67.3157456101883,5.0
1.0,67.39248503200912,5.0
1.0,67.46922445382994,5.0
1.0,67.54596387565076,5.0
1.0,67.62270329747157,5.0
1.0,67.69944271929239,5.0
1.0,67.77618214111321,5.0
1.0,67.85292156293403,5.0
1.0,67.91666555811776,5.0
1.0,67.98040955330148,5.0
1.0,68.04415354848521,5.0
1.0,68.10789754366894,5.0
1.0,68.19102683152047,5.0
1.0,68.27415611937201,5.0
1.0,68.35728540722354,5.0
1.0,68.44041469507508,5.0
1.0,68.52354398292661,5.0
1.0,68.60667327077815,5.0
1.0,68.6715760545115,5.0
1.0,68.73647883824486,5.0
1.0,68.80138162197822,5.0
1.0,68.86628440571158,5.0
1.0,68.95299491901758,5.0
1.0,69.03970543232359,5.0
1.0,69.12641594562959,5.0
1.0,69.21312645893559,5.0
1.0,69.2998369722416,5.0
1.0,69.3865474855476,5.0
1.0,69.4732579988536,5.0
1.0,69.5599685121596,5.0
1.0,69.6466790254656,5.0
1.0,69.66098185907755,5.0
1.0,69.6752846926895,5.0
1.0,69.68958752630145,5.0
1.0,69.7038903599134,5.0
1.0,69.73249602713732,5.0
1.0,69.76110169436123,5.0
1.0,69.78970736158514,5.0
1.0,69.8472224027486,5.0
1.0,69.90473744391205,5.0
1.0,69.96225248507551,5.0
1.0,70.01976752623897,5.0
1.0,70.10190264051114,5.0
1.0,70.18403775478332,5.0
1.0,70.2661728690555,5.0
1.0,70.34830798332767,5.0
1.0,70.43044309759985,5.0
1.0,70.51257821187203,5.0
1.0,70.5947133261442,5.0
1.0,70.67684844041638,5.0
1.0,70.75898355468856,5.0
1.0,70.84111866896073,5.0
1.0,70.92325378323291,5.0
1.0,71.00538889750509,5.0
1.0,71.08752401177726,5.0
1.0,71.16965912604944,5.0
1.0,71.25179424032162,5.0
1.0,71.33392935459379,5.0
1.0,71.41606446886597,5.0
1.0,71.49819958313815,5.0
1.0,71.58033469741032,5.0
1.0,71.6624698116825,5.0
1.0,71.74460492595468,5.0
1.0,71.82674004022685,5.0
1.0,71.90887515449903,5.0
1.0,71.9910102687712,5.0
1.0,72.07314538304338,5.0
1.0,72.15528049731556,5.0
1.0,72.23741561158774,5.0
1.0,72.31955072585991,5.0
1.0,72.40168584013209,5.0
1.0,72.48382095440427,5.0
1.0,72.56595606867644,5.0
1.0,72.64809118294862,5.0
1.0,72.7302262972208,5.0
1.0,72.81236141149297,5.0
1.0,72.89449652576515,5.0
1.0,72.97663164003733,5.0
1.0,73.0587667543095,5.0
1.0,73.14090186858168,5.0
1.0,73.22303698285386,5.0
1.0,73.29046430216488,5.0
1.0,73.3006134752655,5.0
1.0,73.31076264836611,5.0
1.0,73.32091182146672,5.0
1.0,73.34121016766795,5.0
1.0,73.36150851386918,5.0
1.0,73.38180686007041,5.0
1.0,73.43256647175593,5.0
1.0,73.48332608344145,5.0
1.0,73.53408569512698,5.0
1.0,73.5848453068125,5.0
1.0,73.63560491849802,5.0
1.0,73.68636453018354,5.0
1.0,73.75388658574217,5.0
1.0,73.82140864130079,5.0
1.0,73.88893069685942,5.0
1.0,73.95645275241804,5.0
1.0,74.02397480797667,5.0
1.0,74.0914968635353,5.0
1.0,74.15901891909392,5.0
1.0,74.2405724735276,5.0
1.0,74.32212602796129,5.0
1.0,74.38712979191921,5.0
1.0,74.44032612142595,5.0
1.0,74.4935224509327,5.0
1.0,74.54671878043945,5.0
1.0,74.5999151099462,5.0
1.0,74.6740779493156,5.0
1.0,74.74824078868501,5.0
1.0,74.82240362805442,5.0
1.0,74.89656646742382,5.0
1.0,74.97918815258882,5.0
1.0,75.06180983775381,5.0
1.0,75.07544789261141,5.0
1.0,75.089085947469,5.0
1.0,75.1027240023266,5.0
1.0,75.11636205718419,5.0
1.0,75.14154964535739,5.0
1.0,75.16673723353058,5.0
1.0,75.19192482170378,5.0
1.0,75.24080120871778,5.0
1.0,75.28967759573179,5.0
1.0,75.3385539827458,5.0
1.0,75.39993043354298,5.0
1.0,75.46130688434016,5.0
1.0,75.52268333513734,5.0
1.0,75.58405978593453,5.0
1.0,75.66392142650749,5.0
1.0,75.74378306708044,5.0
1.0,75.8236447076534,5.0
1.0,75.90350634822636,5.0
1.0,75.98336798879932,5.0
1.0,76.06322962937227,5.0
1.0,76.14309126994523,5.0
1.0,76.22295291051819,5.0
1.0,76.30281455109115,5.0
1.0,76.3826761916641,5.0
1.0,76.47346531720926,5.0
1.0,76.56425444275442,5.0
1.0,76.65504356829958,5.0
1.0,76.74583269384473,5.0
1.0,76.83662181938989,5.0
1.0,76.92741094493505,5.0
1.0,77.0182000704802,5.0
1.0,77.10898919602536,5.0
1.0,77.19977832157052,5.0
1.0,77.29056744711568,5.0
1.0,77.38135657266083,5.0
1.0,77.47214569820599,5.0
1.0,77.54517781577744,5.0
1.0,77.61820993334888,5.0
1.0,77.69124205092032,5.0
1.0,77.76427416849177,5.0
1.0,77.8495526878181,5.0
1.0,77.93483120714444,5.0
1.0,78.00095160847671,5.0
1.0,78.06707200980898,5.0
1.0,78.13319241114125,5.0
1.0,78.19931281247352,5.0
1.0,78.27702653651153,5.0
1.0,78.35474026054953,5.0
1.0,78.43245398458754,5.0
1.0,78.51016770862554,5.0
1.0,78.58788143266355,5.0
1.0,78.66559515670156,5.0
1.0,78.74330888073956,5.0
1.0,78.82102260477757,5.0
1.0,78.89873632881557,5.0
1.0,78.97645005285358,5.0
1.0,79.05416377689158,5.0
1.0,79.13187750092959,5.0
1.0,79.2095912249676,5.0
1.0,79.26985126963959,5.0
1.0,79.31992415017503,5.0
1.0,79.36999703071046,5.0
1.0,79.4200699112459,5.0
1.0,79.47014279178134,5.0
1.0,79.54177991143031,5.0
1.0,79.61341703107928,5.0
1.0,79.68505415072825,5.0
1.0,79.75669127037722,5.0
1.0,79.83709356003469,5.0
1.0,79.91749584969216,5.0
1.0,79.99789813934963,5.0
1.0,80.0783004290071,5.0
1.0,80.15870271866457,5.0
1.0,80.23910500832204,5.0
1.0,80.31950729797951,5.0
1.0,80.39990958763698,5.0
1.0,80.48031187729445,5.0
1.0,80.56071416695193,5.0
1.0,80.6411164566094,5.0
1.0,80.65324368701714,5.0
1.0,80.66537091742488,5.0
1.0,80.67749814783262,5.0
1.0,80.69376443015243,5.0
1.0,80.71003071247223,5.0
1.0,80.73338253919633,5.0
1.0,80.75673436592042,5.0
1.0,80.78008619264452,5.0
1.0,80.82977582351339,5.0
1.0,80.87946545438226,5.0
1.0,80.92915508525113,5.0
1.0,80.99564154199058,5.0
1.0,81.06212799873003,5.0
1.0,81.12861445546949,5.0
1.0,81.19510091220894,5.0
1.0,81.28592525224937,5.0
1.0,81.36024299049853,5.0
1.0,81.4345607287477,5.0
1.0,81.50887846699686,5.0
1.0,81.58319620524603,5.0
1.0,81.66524940210253,5.0
1.0,81.74730259895904,5.0
1.0,81.82935579581554,5.0
1.0,81.91140899267205,5.0
1.0,81.97814397405243,5.0
1.0,82.04487895543281,5.0
1.0,82.11161393681319,5.0
1.0,82.17834891819356,5.0
1.0,82.24508389957394,5.0
1.0,82.31181888095432,5.0
1.0,82.3785538623347,5.0
1.0,82.44528884371508,5.0
1.0,82.51202382509545,5.0
1.0,82.57875880647583,5.0
1.0,82.64549378785621,5.0
1.0,82.65560497384635,5.0
1.0,82.66571615983649,5.0
1.0,82.67582734582663,5.0
1.0,82.6926433141571,5.0
1.0,82.70945928248756,5.0
1.0,82.72627525081802,5.0
1.0,82.78043174815916,5.0
1.0,82.8345882455003,5.0
1.0,82.88874474284144,5.0
1.0,82.94290124018258,5.0
1.0,82.99705773752372,5.0
1.0,83.05121423486486,5.0
1.0,83.105370732206,5.0
1.0,83.15952722954714,5.0
1.0,83.21368372688828,5.0
1.0,83.26784022422942,5.0
1.0,83.32199672157056,5.0
1.0,83.3761532189117,5.0
1.0,83.4504603933556,5.0
1.0,83.5247675677995,5.0
1.0,83.5990747422434,5.0
1.0,83.6733819166873,5.0
1.0,83.7476890911312,5.0
1.0,83.82199626557511,5.0
1.0,83.89630344001901,5.0
1.0,83.98187820169565,5.0
1.0,84.06745296337229,5.0
1.0,84.13638909516499,5.0
1.0,84.1934593249682,5.0
1.0,84.25052955477142,5.0
1.0,84.30759978457463,5.0
1.0,84.36467001437785,5.0
1.0,84.44282143906342,5.0
1.0,84.520972863749,5.0
1.0,84.59912428843457,5.0
1.0,84.67727571312014,5.0
1.0,84.76385509816826,5.0
1.0,84.85043448321639,5.0
1.0,84.93701386826451,5.0
1.0,85.02359325331264,5.0
1.0,85.04090913032226,5.0
1.0,85.05822500733188,5.0
1.0,85.0755408843415,5.0
1.0,85.09285676135113,5.0
1.0,85.11877618016524,5.0
1.0,85.14469559897935,5.0
1.0,85.17061501779347,5.0
1.0,85.19653443660758,5.0
1.0,85.25269621375779,5.0
1.0,85.308857990908,5.0
1.0,85.3650197680582,5.0
1.0,85.42118154520841,5.0
1.0,85.5037097422143,5.0
1.0,85.58623793922018,5.0
1.0,85.66876613622607,5.0
1.0,85.75129433323195,5.0
1.0,85.83382253023784,5.0
1.0,85.91635072724372,5.0
1.0,85.99887892424961,5.0
1.0,86.0814071212555,5.0
1.0,86.16393531826138,5.0
1.0,86.24646351526727,5.0
1.0,86.32899171227315,5.0
1.0,86.41151990927904,5.0
1.0,86.49404810628492,5.0
1.0,86.59430589735382,5.0
1.0,86.69456368842272,5.0
1.0,86.77526552929397,5.0
1.0,86.85596737016523,5.0
1.0,86.93666921103649,5.0
1.0,87.01737105190774,5.0
1.0,87.098072892779,5.0
1.0,87.17877473365026,5.0
1.0,87.25947657452151,5.0
1.0,87.34017841539277,5.0
1.0,87.40712710550719,5.0
1.0,87.4740757956216,5.0
1.0,87.54102448573602,5.0
1.0,87.60797317585043,5.0
1.0,87.69042528117104,5.0
1.0,87.77287738649166,5.0
1.0,87.85532949181227,5.0
1.0,87.93778159713288,5.0
1.0,88.0202337024535,5.0
1.0,88.03236762804728,5.0
1.0,88.04450155364107,5.0
1.0,88.05663547923486,5.0
1.0,88.06876940482864,5.0
1.0,88.09303725601622,5.0
1.0,88.11730510720379,5.0
1.0,88.14157295839136,5.0
1.0,88.19197403743607,5.0
1.0,88.24237511648077,5.0
1.0,88.29277619552548,5.0
1.0,88.35844373140331,5.0
1.0,88.42411126728115,5.0
1.0,88.48977880315898,5.0
1.0,88.55544633903682,5.0
1.0,88.64111872483977,5.0
1.0,88.72679111064272,5.0
1.0,88.81246349644567,5.0
1.0,88.89813588224862,5.0
1.0,88.98380826805158,5.0
1.0,89.06948065385453,5.0
1.0,89.13539539519716,5.0
1.0,89.14622767982196,5.0
1.0,89.15705996444676,5.0
1.0,89.16789224907156,5.0
1.0,89.18955681832114,5.0
1.0,89.21122138757072,5.0
1.0,89.2328859568203,5.0
1.0,89.28813184512308,5.0
1.0,89.34337773342585,5.0
1.0,89.39862362172863,5.0
1.0,89.45386951003141,5.0
1.0,89.50911539833419,5.0
1.0,89.56436128663697,5.0
1.0,89.61960717493974,5.0
1.0,89.67485306324252,5.0
1.0,89.7300989515453,5.0
1.0,89.78534483984808,5.0
1.0,89.84059072815086,5.0
1.0,89.89583661645364,5.0
1.0,89.97217684334869,5.0
1.0,90.04851707024375,5.0
1.0,90.1248572971388,5.0
1.0,90.20119752403386,5.0
1.0,90.27753775092891,5.0
1.0,90.35387797782397,5.0
1.0,90.43021820471903,5.0
1.0,90.51537517858137,5.0
1.0,90.6005321524437,5.0
1.0,90.68568912630604,5.0
1.0,90.77084610016838,5.0
1.0,90.85600307403072,5.0
1.0,90.94116004789306,5.0
1.0,91.0263170217554,5.0
1.0,91.11147399561774,5.0
1.0,91.18145326110759,5.0
1.0,91.25143252659744,5.0
1.0,91.32141179208729,5.0
1.0,91.39139105757714,5.0
1.0,91.4770709346587,5.0
1.0,91.56275081174026,5.0
1.0,91.64843068882182,5.0
1.0,91.73411056590338,5.0
1.0,91.81979044298494,5.0
1.0,91.9054703200665,5.0
1.0,91.99115019714806,5.0
1.0,92.07683007422962,5.0
1.0,92.16250995131118,5.0
1.0,92.24818982839274,5.0
1.0,92.3338697054743,5.0
1.0,92.40157347836845,5.0
1.0,92.41254718841144,5.0
1.0,92.42352089845443,5.0
1.0,92.43449460849742,5.0
1.0,92.45644202858341,5.0
1.0,92.4783894486694,5.0
1.0,92.5003368687554,5.0
1.0,92.55579995701866,5.0
1.0,92.61126304528193,5.0
1.0,92.6667261335452,5.0
1.0,92.72218922180846,5.0
1.0,92.77765231007173,5.0
1.0,92.833115398335,5.0
1.0,92.88857848659826,5.0
1.0,92.94404157486153,5.0
1.0,92.9995046631248,5.0
1.0,93.05496775138806,5.0
1.0,93.11043083965133,5.0
1.0,93.1658939279146,5.0
1.0,93.22724544541,5.0
1.0,93.28859696290542,5.0
1.0,93.34994848040083,5.0
1.0,93.41129999789624,5.0
1.0,93.47265151539165,5.0
1.0,93.53400303288706,5.0
1.0,93.59535455038247,5.0
1.0,93.68246088711015,5.0
1.0,93.76956722383784,5.0
1.0,93.85667356056553,5.0
1.0,93.94377989729321,5.0
1.0,94.0308862340209,5.0
1.0,94.11799257074858,5.0
1.0,94.20509890747627,5.0
1.0,94.29220524420396,5.0
1.0,94.36265323842055,5.0
1.0,94.4160432046786,5.0
1.0,94.42434608943913,5.0
1.0,94.43264897419965,5.0
1.0,94.44095185896018,5.0
1.0,94.45755762848124,5.0
1.0,94.4741633980023,5.0
1.0,94.49076916752337,5.0
1.0,94.55244175810024,5.0
1.0,94.61411434867712,5.0
1.0,94.675786939254,5.0
1.0,94.74586768048891,5.0
1.0,94.81594842172383,5.0
1.0,94.88602916295875,5.0
1.0,94.95610990419367,5.0
1.0,95.05225378693534,5.0
1.0,95.14839766967701,5.0
1.0,95.24454155241868,5.0
1.0,95.34068543516035,5.0
1.0,95.43682931790202,5.0
1.0,95.5329732006437,5.0
1.0,95.62911708338537,5.0
1.0,95.72526096612704,5.0
1.0,95.739065408149,5.0
1.0,95.7414803667177,5.0
1.0,95.74389532528639,5.0
1.0,95.74631028385508,5.0
1.0,95.75114020099248,5.0
1.0,95.75597011812988,5.0
1.0,95.77485087696436,5.0
1.0,95.79373163579885,5.0
1.0,95.82232324466598,5.0
1.0,95.85091485353311,5.0
1.0,95.87950646240024,5.0
1.0,95.9411422233443,5.0
1.0,96.00277798428836,5.0
1.0,96.06441374523241,5.0
1.0,96.1396852450158,5.0
1.0,96.21495674479918,5.0
1.0,96.29022824458256,5.0
1.0,96.36549974436595,5.0
1.0,96.4519952532811,5.0
1.0,96.53849076219625,5.0
1.0,96.6249862711114,5.0
1.0,96.71148178002655,5.0
1.0,96.80726134996111,5.0
1.0,96.90304091989567,5.0
1.0,96.99882048983024,5.0
1.0,97.0946000597648,5.0
1.0,97.19037962969936,5.0
1.0,97.28615919963393,5.0
1.0,97.38193876956849,5.0
1.0,97.47771833950306,5.0
1.0,97.57349790943762,5.0
1.0,97.66927747937218,5.0
1.0,97.76505704930675,5.0
1.0,97.86083661924131,5.0
1.0,97.95661618917588,5.0
1.0,98.05239575911044,5.0
1.0,98.148175329045,5.0
1.0,98.24395489897957,5.0
1.0,98.33973446891413,5.0
1.0,98.35389598764262,5.0
1.0,98.3680575063711,5.0
1.0,98.38221902509959,5.0
1.0,98.39638054382807,5.0
1.0,98.41862878594674,5.0
1.0,98.4408770280654,5.0
1.0,98.46312527018407,5.0
1.0,98.52461090362483,5.0
1.0,98.5860965370656,5.0
1.0,98.64758217050637,5.0
1.0,98.70906780394714,5.0
1.0,98.7705534373879,5.0
1.0,98.83203907082867,5.0
1.0,98.90254173305054,5.0
1.0,98.97304439527241,5.0
1.0,99.04354705749428,5.0
1.0,99.11404971971615,5.0
1.0,99.18455238193802,5.0
1.0,99.25505504415989,5.0
1.0,99.32555770638176,5.0
1.0,99.40878234073686,5.0
1.0,99.49200697509197,5.0
1.0,99.57523160944707,5.0
1.0,99.65845624380218,5.0
1.0,99.74168087815728,5.0
1.0,99.82490551251239,5.0
1.0,99.90813014686749,5.0
1.0,99.9913547812226,5.0
1.0,100.0745794155777,5.0
1.0,100.1402848302542,5.0
1.0,100.2059902449307,5.0
1.0,100.2716956596072,5.0
1.0,100.3374010742837,5.0
1.0,100.42087980429702,5.0
1.0,100.50435853431033,5.0
1.0,100.58783726432364,5.0
1.0,100.67131599433695,5.0
1.0,100.7462273132241,5.0
1.0,100.82113863211124,5.0
1.0,100.89604995099839,5.0
1.0,100.97096126988554,5.0
1.0,101.05908609130846,5.0
1.0,101.14721091273138,5.0
1.0,101.2353357341543,5.0
1.0,101.32346055557723,5.0
1.0,101.4287156100645,5.0
1.0,101.53397066455177,5.0
1.0,101.61722012257067,5.0
1.0,101.70046958058957,5.0
1.0,101.78371903860847,5.0
1.0,101.86696849662736,5.0
1.0,101.93387630115166,5.0
1.0,101.98579939544165,5.0
1.0,102.03772248973164,5.0
1.0,102.08964558402162,5.0
1.0,102.14156867831161,5.0
1.0,102.20168267083811,5.0
1.0,102.2617966633646,5.0
1.0,102.3219106558911,5.0
1.0,102.3820246484176,5.0
1.0,102.4421386409441,5.0
1.0,102.45375061277369,5.0
1.0,102.46536258460328,5.0
1.0,102.47697455643288,5.0
1.0,102.48858652826247,5.0
1.0,102.5109092764302,5.0
1.0,102.53323202459792,5.0
1.0,102.55555477276565,5.0
1.0,102.57787752093337,5.0
1.0,102.59469164098161,5.0
1.0,102.61150576102985,5.0
1.0,102.62831988107808,5.0
1.0,102.64513400112632,5.0
1.0,102.64764477798617,5.0
1.0,102.65015555484602,5.0
1.0,102.65266633170587,5.0
1.0,102.65517710856572,5.0
1.0,102.66019866228542,5.0
1.0,102.66522021600512,5.0
1.0,102.67024176972483,5.0
1.0,102.67817597406119,5.0
1.0,102.68611017839756,5.0
1.0,102.69404438273392,5.0
1.0,102.70197858707029,5.0
1.0,102.70991279140665,5.0
1.0,102.71784699574302,5.0
1.0,102.72578120007938,5.0
1.0,102.73864090399994,5.0
1.0,102.75150060792049,5.0
1.0,102.76436031184105,5.0
1.0,102.7772200157616,5.0
1.0,102.79781952543128,5.0
1.0,102.81841903510096,5.0
1.0,102.83901854477064,5.0
1.0,102.85961805444032,5.0
1.0,102.8883292470381,5.0
1.0,102.91704043963588,5.0
1.0,102.94575163223367,5.0
1.0,102.97446282483145,5.0
1.0,103.02152851162508,5.0
1.0,103.06859419841871,5.0
1.0,103.11565988521234,5.0
1.0,103.16272557200597,5.0
1.0,103.24650768988027,5.0
1.0,103.33028980775458,5.0
1.0,103.41407192562889,5.0
1.0,103.4978540435032,5.0
1.0,103.57399945749938,5.0
1.0,103.65014487149557,5.0
1.0,103.72629028549176,5.0
1.0,103.77253512087204,5.0
1.0,103.7817840879481,5.0
1.0,103.79103305502416,5.0
1.0,103.80028202210022,5.0
1.0,103.81877995625233,5.0
1.0,103.83727789040444,5.0
1.0,103.85983870297622,5.0
1.0,103.882399515548,5.0
1.0,103.90496032811978,5.0
1.0,103.94753878351752,5.0
1.0,103.99011723891525,5.0
1.0,104.03269569431298,5.0
1.0,104.09006172928413,5.0
1.0,104.14742776425528,5.0
1.0,104.20479379922644,5.0
1.0,104.26215983419759,5.0
1.0,104.33062283604103,5.0
1.0,104.39908583788447,5.0
1.0,104.46754883972791,5.0
1.0,104.53601184157135,5.0
1.0,104.61564339545474,5.0
1.0,104.67076771206538,5.0
1.0,104.72589202867603,5.0
1.0,104.78101634528667,5.0
1.0,104.84340048315961,5.0
1.0,104.90578462103255,5.0
1.0,104.96816875890549,5.0
1.0,105.06185039062109,5.0
1.0,105.15553202233669,5.0
1.0,105.24921365405228,5.0
1.0,105.38195427140319,5.0
1.0,105.5146948887541,5.0
1.0,105.647435506105,5.0
1.0,105.7801761234559,5.0
1.0,105.93558471204305,5.0
1.0,106.0909933006302,5.0
1.0,106.24640188921735,5.0
1.0,106.4018104778045,5.0
1.0,106.63525327859556,5.0
1.0,106.86869607938661,5.0
1.0,107.10213888017766,5.0
1.0,107.33558168096872,5.0
1.0,107.63523732614435,5.0
1.0,107.93489297131998,5.0
1.0,108.23454861649562,5.0
1.0,108.53420426167125,5.0
1.0,109.15592136605692,5.0
1.0,109.77763847044258,5.0
1.0,110.39935557482825,5.0
1.0,111.02107267921392,5.0
1.0,111.75671509322645,5.0
1.0,112.49235750723898,5.0
1.0,113.22799992125151,5.0
1.0,113.96364233526404,5.0
1.0,115.50205183111116,5.0
1.0,117.04046132695828,5.0
1.0,118.5788708228054,5.0
1.0,124.47642406420509,5.0
1.0,130.3739773056048,5.0
1.0,189.34950971960177,5.0
1.0,248.32504213359874,5.0
1.0,838.0803662735684,5.0
1.0,1427.835690413538,5.0
1.0,2500.0,5.0
