g,t,h_max
0.01,0.0,1.0698216699004093
0.01,0.0008175568521812916,1.0688519944207213
0.01,0.0010219460652266144,1.068606602859214
0.01,0.001073043368487945,1.0685506507616591
0.01,0.0010756087816687098,1.0685462523525628
0.01,0.0010781741948494745,1.0685418975451653
0.01,0.0010807396080302393,1.068537857705074
0.01,0.001083305021211004,1.0685341034016365
0.01,0.0010858704343917687,1.0685305602627224
0.01,0.0010884358475725334,1.0685271640668834
0.01,0.0010910012607532982,1.0685238678991194
0.01,0.0010935666739340629,1.0685206392294886
0.01,0.0010961320871148276,1.0685174559238917
0.01,0.0010986975002955923,1.0685143030280257
0.01,0.001101262913476357,1.068511170464624
0.01,0.0011038283266571218,1.0685080514488006
0.01,0.0011063937398378865,1.0685049414134455
0.01,0.0011089591530186512,1.0685018372844606
0.01,0.001111888188266344,1.0684982966415038
0.01,0.0011148172235140369,1.0684947607177424
0.01,0.0011177462587617297,1.068491226520249
0.01,0.0011204058460461091,1.0684880180676277
0.01,0.0011470017188899026,1.06845592295451
0.01,0.001173597591733696,1.0684237955458171
0.01,0.0012001934645774895,1.0683916255339099
0.01,0.0014661521930154253,1.0680654028730998
0.01,0.0017321109214533611,1.0677347840603861
0.01,0.0031204629086294096,1.065892741096942
0.01,0.0045088148958054575,1.0639478744890387
0.01,0.006765008980661162,1.060676717927299
0.01,0.009021203065516866,1.0572182002604111
0.01,0.01127739715037257,1.053637416542607
0.01,0.015221871173051155,1.0472183056706164
0.01,0.01916634519572974,1.0408040233669706
0.01,0.023110819218408324,1.0345461514007104
0.01,0.02705529324108691,1.0284973123180277
0.01,0.03185400638225391,1.0214247036936368
0.01,0.03665271952342092,1.0146785154708144
0.01,0.04145143266458792,1.008257638008612
0.01,0.04625014580575493,1.0021665580684158
0.01,0.05104885894692193,0.9964091997426735
0.01,0.05584757208808894,0.9909945114723987
0.01,0.06064628522925594,0.9859307444120082
0.01,0.06544499837042295,0.9812230028154317
0.01,0.07024371151158995,0.9768721981200349
0.01,0.07504242465275696,0.9728742336637473
0.01,0.08038897423540908,0.9688209978810242
0.01,0.08573552381806121,0.9651728461295584
0.01,0.09108207340071334,0.9619081898668638
0.01,0.09642862298336546,0.9590031265733332
0.01,0.10177517256601759,0.9564326894018211
0.01,0.10712172214866972,0.9541718233425104
0.01,0.11246827173132184,0.9521961098221743
0.01,0.11781482131397397,0.9504820203043225
0.01,0.1231613708966261,0.9490072535123567
0.01,0.12927286198668325,0.947585885117394
0.01,0.1353843530767404,0.9464203607862014
0.01,0.14149584416679756,0.9454839751232123
0.01,0.14830943650791115,0.9446780468100185
0.01,0.15398204194215795,0.9441801144469768
0.01,0.15965464737640475,0.9438202610005111
0.01,0.16532725281065155,0.9447240202819709
0.01,0.17354634675670247,0.9464562958997006
0.01,0.18176544070275338,0.9480941629753478
0.01,0.1899845346488043,0.9495964962924547
0.01,0.1982036285948552,0.9509819134701
0.01,0.20642272254090613,0.952266393588124
0.01,0.21464181648695704,0.9534635855991141
0.01,0.22887373518366377,0.9553705210938329
0.01,0.2431056538803705,0.9570975161434867
0.01,0.25733757257707723,0.9586797484417555
0.01,0.27918881231566983,0.9608778186932302
0.01,0.30104005205426243,0.962867154255535
0.01,0.32289129179285503,0.9647072969841766
0.01,0.3447425315314476,0.966428608382325
0.01,0.3698212947574571,0.9682804330141578
0.01,0.3949000579834666,0.9701010034237458
0.01,0.4199788212094761,0.9718156874361136
0.01,0.4610225930637375,0.9744152361432874
0.01,0.5020663649179988,0.9768771275223715
0.01,0.5431101367722602,0.9791483489048437
0.01,0.613195449592177,0.9827132242784332
0.01,0.6832807624120938,0.9858756971457753
0.01,0.7533660752320106,0.9886804393597755
0.01,0.8618913120784103,0.9924418173901494
0.01,0.97041654892481,0.9955449174651153
0.01,1.0789417857712098,0.9981014312795441
0.01,1.227280004719241,1.0007998219030811
0.01,1.375618223667272,1.002803449989903
0.01,1.5239564426153032,1.0042786739731617
0.01,1.6722946615633343,1.0053700782501716
0.01,1.8677685043480143,1.0064038126694057
0.01,2.0632423471326944,1.0071267962597434
0.01,2.2587161899173744,1.0076173208838841
0.01,2.4541900327020545,1.0079368803004423
0.01,2.6496638754867345,1.0081380190743778
0.01,2.91737864113884,1.008309401729481
0.01,3.1850934067909455,1.0084218371495612
0.01,3.452808172443051,1.008503976525904
0.01,3.7205229380951566,1.008567352134404
0.01,4.431256205865347,1.0086776284078285
0.01,5.141989473635538,1.0087414477856083
0.01,5.852722741405728,1.0087837118262863
0.01,7.398721940242867,1.0088689162476858
0.01,8.944721139080006,1.0089008217008262
0.01,10.490720337917145,1.0089366585524209
0.01,12.25061877675002,1.0089024553905401
0.01,14.010517215582894,1.009029963685399
0.01,15.770415654415768,1.0091281152361882
0.01,17.53031409324864,1.0091776546147817
0.01,19.290212532081515,1.0092128646129286
0.01,21.05011097091439,1.0092176450365358
0.01,23.24898379616138,1.0092461725534285
0.01,25.44785662140837,1.0092575929510763
0.01,27.64672944665536,1.0093298105089343
0.01,29.84560227190235,1.0093558621072014
0.01,32.04447509714934,1.0093615629795043
0.01,34.243347922396325,1.009307576008875
0.01,36.44222074764331,1.009348786970722
0.01,38.6410935728903,1.0094234250041736
0.01,40.839966398137285,1.0094839922913934
0.01,43.03883922338427,1.0094473935004196
0.01,45.675952623929824,1.0094602429497295
0.01,48.313066024475376,1.0095005968019057
0.01,50.95017942502093,1.0095844768510187
0.01,53.58729282556648,1.009594295399897
0.01,56.22440622611203,1.009573686107106
0.01,58.86151962665758,1.009536789209085
0.01,61.498633027203134,1.0095856536040495
0.01,64.13574642774869,1.009645803316924
0.01,66.77285982829424,1.009692401548246
0.01,69.4099732288398,1.009710622008582
0.01,72.47989250202441,1.009735784722622
0.01,75.54981177520902,1.0097600372362476
0.01,78.61973104839363,1.0097855793425994
0.01,81.68965032157824,1.009812511527638
0.01,84.75956959476285,1.0098421623558402
0.01,87.82948886794746,1.0098699741657973
0.01,90.89940814113207,1.0098845117803235
0.01,93.96932741431668,1.009902053300143
0.01,97.03924668750129,1.0099436869397715
0.01,100.1091659606859,1.009993682227868
0.01,103.17908523387051,1.0100251893758863
0.01,106.24900450705512,1.0100399646434735
0.01,109.31892378023973,1.0100451778295108
0.01,112.38884305342434,1.0100869482985169
0.01,115.45876232660895,1.010134043210145
0.01,118.52868159979356,1.0101698251716036
0.01,121.59860087297817,1.0102041177120258
0.01,124.66852014616278,1.010212448235296
0.01,127.73843941934739,1.0102308339999004
0.01,130.808358692532,1.0102837426428395
0.01,133.87827796571662,1.0103454304705697
0.01,136.94819723890123,1.010384928032172
0.01,140.01811651208584,1.0104132240537298
0.01,143.08803578527045,1.0104443510360346
0.01,146.15795505845506,1.0104839189004318
0.01,149.22787433163967,1.0105208014076674
0.01,152.29779360482428,1.010556930987889
0.01,155.3677128780089,1.010592371760806
0.01,158.4376321511935,1.010631292848421
0.01,161.5075514243781,1.0106686989920424
0.01,164.57747069756272,1.0107075238533525
0.01,167.64738997074733,1.010745327943019
0.01,170.71730924393194,1.0107855187602564
0.01,173.78722851711655,1.0108245175823682
0.01,176.85714779030116,1.0108653506952838
0.01,179.92706706348577,1.0109051553216637
0.01,182.99698633667037,1.0109470267141547
0.01,186.06690560985498,1.010987867760386
0.01,189.1368248830396,1.0110305924688494
0.01,192.2067441562242,1.0110723667568045
0.01,195.2766634294088,1.011116065723148
0.01,198.34658270259342,1.01115885330703
0.01,201.41650197577803,1.0112034846364806
0.01,204.48642124896264,1.0112472624350803
0.01,207.55634052214725,1.0112928728503938
0.01,210.62625979533186,1.0113376759247805
0.01,213.69617906851647,1.0113842641346666
0.01,216.76609834170108,1.0114300933090206
0.01,219.8360176148857,1.0114776852278204
0.01,222.9059368880703,1.0115245606982266
0.01,225.9758561612549,1.0115731671779835
0.01,229.04577543443952,1.0116210970742359
0.01,232.11569470762413,1.0116707374115306
0.01,235.18561398080874,1.011719736901887
0.01,238.25553325399335,1.0117704247732333
0.01,241.32545252717796,1.011820505126921
0.01,244.39537180036257,1.0118722562427604
0.01,247.46529107354718,1.011923432429678
0.01,250.5352103467318,1.0119762597719815
0.01,253.6051296199164,1.0120285467574563
0.01,256.675048893101,1.0120824638091348
0.01,259.7449681662856,1.0121358797667366
0.01,262.8148874394702,1.012190899785669
0.01,265.88480671265484,1.0122454643569216
0.01,268.95472598583945,1.0123016028257041
0.01,272.02464525902406,1.0123573375694788
0.01,275.09456453220866,1.0124146128418112
0.01,278.1644838053933,1.0124715390360155
0.01,281.2344030785779,1.012529973122092
0.01,284.3043223517625,1.0125881103303234
0.01,287.3742416249471,1.0126477272498542
0.01,290.4441608981317,1.0127070912514053
0.01,293.5140801713163,1.0127679139501677
0.01,296.06088443467894,1.0128186510084067
0.01,298.60768869804156,1.0128665417431053
0.01,301.1544929614042,1.0129104841759247
0.01,303.7012972247668,1.012958198437819
0.01,306.2481014881294,1.0130047898211276
0.01,308.794905751492,1.0130487283948948
0.01,311.34171001485464,1.013100732418671
0.01,313.88851427821726,1.013152947142791
0.01,316.4353185415799,1.0132058710364633
0.01,318.9821228049425,1.0132646311515432
0.01,321.5289270683051,1.0133253384903573
0.01,324.0757313316677,1.0133854927575423
0.01,326.62253559503034,1.013434308280226
0.01,329.16933985839296,1.0134716318709387
0.01,331.7161441217556,1.0135207131318198
0.01,334.2629483851182,1.0135880761570064
0.01,336.8097526484808,1.0136582515935628
0.01,339.3565569118434,1.0137238481560524
0.01,341.90336117520604,1.0137760014681656
0.01,344.45016543856866,1.0138252853317902
0.01,346.9969697019313,1.0138855084145975
0.01,349.5437739652939,1.01395216753519
0.01,352.0905782286565,1.014018950749387
0.01,354.6373824920191,1.0140843558458996
0.01,357.18418675538175,1.0141458986451322
0.01,359.73099101874436,1.0142066756107262
0.01,362.277795282107,1.014269944418284
0.01,364.8245995454696,1.0143323996659945
0.01,367.3714038088322,1.0143948779587757
0.01,369.91820807219483,1.0144498055477598
0.01,371.99892379114294,1.0144924953552035
0.01,374.07963951009106,1.0145442031429137
0.01,376.16035522903917,1.0146051175095976
0.01,378.2410709479873,1.0146697711268189
0.01,380.6229612677459,1.0147399209319983
0.01,383.0048515875045,1.0148038766245353
0.01,385.3867419072631,1.0148603765993258
0.01,387.7686322270217,1.014920644095788
0.01,388.17468992830106,1.0149332156211912
0.01,388.2488114966008,1.01493570481687
0.01,388.32293306490055,1.0149382391216444
0.01,388.4711762015,1.0149433620754762
0.01,388.6194193380994,1.0149484292945385
0.01,389.1980872082168,1.0149672620887897
0.01,389.7767550783342,1.01498438239894
0.01,390.3554229484516,1.0150003879190939
0.01,391.8664132984277,1.0150414213053867
0.01,393.3774036484038,1.015082208045451
0.01,394.8883939983799,1.0151250346578036
0.01,396.65903959174443,1.0151769200267233
0.01,398.42968518510895,1.0152263949231812
0.01,400.2003307784735,1.015271543951878
0.01,401.970976371838,1.0153160958463083
0.01,403.7416219652025,1.0153640344383024
0.01,405.51226755856703,1.0154077462058433
0.01,407.28291315193155,1.0154442722917258
0.01,409.0535587452961,1.0154853615829729
0.01,410.8242043386606,1.0155435148652865
0.01,412.5948499320251,1.0156134355339361
0.01,414.36549552538963,1.0156776948689603
0.01,416.13614111875415,1.0157255445232838
0.01,417.9067867121187,1.0157609591769639
0.01,419.6774323054832,1.0157979828711319
0.01,421.4480778988477,1.0158450819658016
0.01,423.21872349221223,1.0159037359036274
0.01,424.98936908557675,1.0159696828924643
0.01,426.7600146789413,1.016033780476016
0.01,428.5306602723058,1.0160846987461278
0.01,430.3013058656703,1.0161236037775572
0.01,432.07195145903484,1.0161655902874427
0.01,433.84259705239936,1.0162237892671342
0.01,435.6132426457639,1.016294351111117
0.01,437.3838882391284,1.016361734757299
0.01,439.1545338324929,1.0164151179287915
0.01,441.300148138735,1.0164692836038285
0.01,443.44576244497705,1.0165272479020415
0.01,445.5913767512191,1.0165945017725815
0.01,447.7369910574612,1.016666129222017
0.01,449.88260536370325,1.016734514351668
0.01,452.0282196699453,1.016796182936294
0.01,454.1738339761874,1.0168577175862767
0.01,456.31944828242945,1.0169233518574574
0.01,458.4650625886715,1.0169920530767511
0.01,460.6106768949136,1.01706446809593
0.01,462.75629120115565,1.0171404255142809
0.01,464.9019055073977,1.0172175701935084
0.01,467.0475198136398,1.0172910796541563
0.01,469.4476261203314,1.017369035165295
0.01,471.847732427023,1.0174488331014104
0.01,474.2478387337146,1.0175339798786196
0.01,476.6479450404062,1.017622251021393
0.01,479.04805134709784,1.0177111792923295
0.01,481.44815765378945,1.0177997798586162
0.01,483.84826396048106,1.017887807239714
0.01,486.2483702671727,1.0179752768566097
0.01,488.6484765738643,1.018062646910126
0.01,491.0485828805559,1.0181502251293546
0.01,493.4486891872475,1.0182381727701626
0.01,495.8487954939391,1.0183264717321465
0.01,498.24890180063073,1.0184152321513198
0.01,500.64900810732235,1.018504476800077
0.01,503.04911441401396,1.0185942823468712
0.01,505.44922072070557,1.0186846244564416
0.01,507.8493270273972,1.0187755668669294
0.01,510.2494333340888,1.0188670893432634
0.01,512.6495396407804,1.0189592438384267
0.01,515.049645947472,1.0190520005579595
0.01,517.4497522541635,1.0191454064242715
0.01,519.8498585608551,1.0192394334775507
0.01,522.2499648675466,1.0193341241347174
0.01,524.6500711742382,1.0194294495087197
0.01,527.0501774809297,1.0195254492198227
0.01,529.4502837876213,1.0196220961216123
0.01,531.8503900943128,1.0197194273756924
0.01,534.2504964010044,1.019817416904555
0.01,536.650602707696,1.019916099940586
0.01,539.0507090143875,1.0200154520015936
0.01,541.4508153210791,1.0201155066369976
0.01,543.8509216277706,1.020216240627018
0.01,546.2510279344622,1.0203176860989944
0.01,548.6511342411537,1.020419821034786
0.01,551.0512405478453,1.0205226763184663
0.01,553.4513468545368,1.0206262308784202
0.01,555.8514531612284,1.0207305144886696
0.01,558.25155946792,1.0208355069131672
0.01,560.6516657746115,1.0209412368818243
0.01,563.051772081303,1.0210476849517411
0.01,565.4518783879946,1.021154878825204
0.01,567.8519846946862,1.0212627999855735
0.01,570.2520910013777,1.0213714751063399
0.01,572.6521973080693,1.0214808868541636
0.01,575.0523036147608,1.0215910609035816
0.01,577.4524099214524,1.021701981427091
0.01,579.8525162281439,1.0218136732001808
0.01,582.2526225348355,1.0219261221446034
0.01,584.652728841527,1.0220393523019213
0.01,587.0528351482186,1.0221533513647287
0.01,589.4529414549102,1.0222681428044489
0.01,591.8530477616017,1.0223837157884916
0.01,594.2531540682933,1.0225000932649597
0.01,596.6532603749848,1.0226172652991927
0.01,599.0533666816764,1.0227352541471197
0.01,601.0389561305935,1.022833488213269
0.01,603.0245455795107,1.0229320222046265
0.01,605.0101350284278,1.0230302445374408
0.01,606.995724477345,1.0231281124507456
0.01,608.9813139262621,1.023226003438558
0.01,610.9669033751793,1.0233240486173834
0.01,612.9524928240965,1.023422621927978
0.01,614.9380822730136,1.0235224065470137
0.01,616.9236717219308,1.0236234631576866
0.01,618.9092611708479,1.0237255425182763
0.01,620.8948506197651,1.0238285887081873
0.01,622.8804400686822,1.0239324396584657
0.01,624.8660295175994,1.02403706047842
0.01,626.8516189665165,1.0241426689445003
0.01,628.8372084154337,1.0242490916822737
0.01,630.8227978643508,1.0243559318546984
0.01,632.808387313268,1.0244635002048061
0.01,634.7939767621851,1.0245725250516813
0.01,636.7795662111023,1.0246827470276323
0.01,638.7651556600194,1.024792749257466
0.01,640.7507451089366,1.024901776539228
0.01,642.7363345578538,1.0250108601184813
0.01,644.7219240067709,1.0251213244225594
0.01,646.7075134556881,1.02523325448461
0.01,648.6931029046052,1.0253460885246315
0.01,650.6786923535224,1.0254590463716524
0.01,652.291954822834,1.0255502386956707
0.01,653.9052172921456,1.025641069296803
0.01,655.5184797614572,1.0257325973482754
0.01,657.1317422307689,1.0258261576089165
0.01,658.7450047000805,1.0259218847392646
0.01,660.3582671693921,1.0260187596661428
0.01,661.9715296387037,1.0261154269017096
0.01,663.80226019338,1.0262239656593877
0.01,665.6329907480563,1.0263319633736931
0.01,667.4637213027326,1.02644116923782
0.01,669.2944518574088,1.0265527590287138
0.01,671.1251824120851,1.0266662106035171
0.01,672.9559129667614,1.0267793896474824
0.01,674.7866435214377,1.0268901929519614
0.01,676.617374076114,1.026998873928962
0.01,678.4481046307902,1.027108194729699
0.01,680.2788351854665,1.027220749469468
0.01,682.1095657401428,1.0273366306119995
0.01,683.9402962948191,1.0274537876884673
0.01,685.7710268494953,1.0275700430020753
0.01,687.6017574041716,1.0276848001924253
0.01,689.4324879588479,1.0277990738500273
0.01,691.2632185135242,1.0279139971546238
0.01,693.0939490682005,1.0280299266698025
0.01,694.9246796228767,1.0281467957629773
0.01,696.755410177553,1.0282643289365756
0.01,698.5861407322293,1.028382236537449
0.01,700.4168712869056,1.028500545239064
0.01,702.2476018415819,1.0286194826474173
0.01,704.0783323962581,1.028739393658109
0.01,705.9090629509344,1.0288608296615451
0.01,707.7397935056107,1.0289841932976427
0.01,709.570524060287,1.0291090476083269
0.01,711.4012546149632,1.0292340607382082
0.01,713.2319851696395,1.0293582346833117
0.01,715.0627157243158,1.0294819465775487
0.01,716.8934462789921,1.0296063259892023
0.01,718.7241768336684,1.029732164568482
0.01,720.5549073883446,1.0298597319213674
0.01,722.3856379430209,1.0299890094845516
0.01,724.2163684976972,1.030119539070954
0.01,726.0470990523735,1.0302503053476268
0.01,727.8778296070498,1.0303805142711213
0.01,729.708560161726,1.0305104401357887
0.01,731.5392907164023,1.030640920852423
0.01,733.3700212710786,1.0307723949216034
0.01,735.2007518257549,1.0309047955632014
0.01,737.0314823804312,1.0310377612430195
0.01,738.8622129351074,1.0311709162175122
0.01,740.6929434897837,1.0313045136740713
0.01,742.52367404446,1.0314395481801184
0.01,744.3544045991363,1.0315768125631766
0.01,746.1851351538126,1.0317161296932265
0.01,748.0158657084888,1.0318564796826482
0.01,749.5169682174402,1.0319714249023568
0.01,750.7598171142462,1.0320661503637358
0.01,752.0026660110522,1.032160715163567
0.01,753.2455149078581,1.0322557730913113
0.01,754.4883638046641,1.0323519372982342
0.01,755.7312127014701,1.0324493962516401
0.01,756.9740615982761,1.0325479457199718
0.01,758.2169104950821,1.032647121979565
0.01,759.459759391888,1.03274616280385
0.01,760.702608288694,1.0328442382603984
0.01,761.9454571855,1.0329411881202943
0.01,763.4255276122784,1.0330566483812247
0.01,764.9055980390568,1.0331734803387487
0.01,766.3856684658352,1.0332918954512615
0.01,767.8657388926136,1.033411222055072
0.01,769.5320884466566,1.033546415193283
0.01,771.1984380006996,1.033682994157214
0.01,772.8647875547426,1.0338208369877877
0.01,774.5311371087856,1.03395851645069
0.01,776.1974866628286,1.0340946941153224
0.01,777.8638362168716,1.034229723203488
0.01,779.5301857709146,1.034365281477254
0.01,781.1965353249576,1.0345027307077312
0.01,782.8628848790006,1.034642271975971
0.01,784.5292344330436,1.0347833417210104
0.01,786.1955839870866,1.0349252078969093
0.01,787.8619335411296,1.035067237546806
0.01,789.5282830951726,1.0352091117689788
0.01,791.1946326492156,1.0353509611531917
0.01,792.8609822032586,1.035493197092569
0.01,794.5273317573016,1.0356361979599942
0.01,796.1936813113446,1.0357801035671559
0.01,797.8600308653876,1.0359248278860307
0.01,799.5263804194306,1.0360702533856478
0.01,801.1927299734735,1.036216334484374
0.01,802.8590795275165,1.036363038989908
0.01,804.5254290815595,1.036510351187281
0.01,806.1917786356025,1.0366583399775837
0.01,807.8581281896455,1.036807163558646
0.01,809.5244777436885,1.0369570497060365
0.01,811.1908272977315,1.0371082461572856
0.01,812.8571768517745,1.0372608344103902
0.01,814.5235264058175,1.0374145277875406
0.01,816.1898759598605,1.0375688033141948
0.01,817.8562255139035,1.0377233589598
0.01,819.5225750679465,1.0378783534786797
0.01,821.1889246219895,1.0380341599860903
0.01,822.8552741760325,1.038191011266194
0.01,824.5216237300755,1.0383489110442143
0.01,826.1879732841185,1.0385077632658284
0.01,827.8543228381615,1.0386675124329101
0.01,829.5206723922045,1.0388281579148282
0.01,831.1870219462475,1.0389896716130922
0.01,832.8533715002905,1.0391519484848646
0.01,834.5197210543334,1.039314843647173
0.01,836.1860706083764,1.039478279433133
0.01,837.8524201624194,1.039642360357339
0.01,839.5187697164624,1.0398073460479094
0.01,841.1851192705054,1.0399734896278956
0.01,842.8514688245484,1.0401407616960732
0.01,844.5178183785914,1.0403088511874032
0.01,846.1841679326344,1.0404775042263217
0.01,847.8505174866774,1.0406467969125017
0.01,849.5168670407204,1.0408169937640113
0.01,851.1832165947634,1.040988228570208
0.01,852.8495661488064,1.0411604363969895
0.01,854.5159157028494,1.0413335235870198
0.01,856.1822652568924,1.0415074843525873
0.01,857.8486148109354,1.041682334129992
0.01,859.1943344740516,1.0418241224129225
0.01,860.5400541371679,1.0419662897360096
0.01,861.8857738002841,1.0421087475250561
0.01,863.2314934634004,1.0422516095844006
0.01,864.5772131265167,1.042395127217562
0.01,865.9229327896329,1.0425395489971785
0.01,867.2686524527492,1.042684847613679
0.01,868.6143721158654,1.0428307763169689
0.01,869.9600917789817,1.0429771565390435
0.01,871.3058114420979,1.0431240999690834
0.01,872.6515311052142,1.0432718948701858
0.01,873.9972507683304,1.0434206360453164
0.01,875.3429704314467,1.0435700094648284
0.01,876.688690094563,1.0437195605805858
0.01,878.0344097576792,1.043869218628072
0.01,879.3801294207955,1.0440194760369905
0.01,880.7258490839117,1.044170954223825
0.01,882.071568747028,1.0443238004460755
0.01,883.4172884101442,1.0444775685791796
0.01,884.7630080732605,1.0446317022463847
0.01,886.1087277363767,1.0447860791334351
0.01,887.454447399493,1.0449410558231422
0.01,888.8001670626093,1.045097020650443
0.01,890.1458867257255,1.045253959659892
0.01,891.4916063888418,1.0454114646450017
0.01,892.837326051958,1.0455691406394707
0.01,894.1830457150743,1.0457269737261767
0.01,895.5287653781905,1.0458852802190277
0.01,896.8744850413068,1.046044331288108
0.01,898.220204704423,1.0462041206230308
0.01,899.5659243675393,1.0463645472576268
0.01,900.9116440306556,1.0465257276011903
0.01,902.2573636937718,1.0466879689290989
0.01,903.6030833568881,1.0468514039099812
0.01,904.9488030200043,1.047015762123468
0.01,906.2945226831206,1.047180593216166
0.01,907.6402423462368,1.0473456797152474
0.01,908.9859620093531,1.047511138473426
0.01,910.070014767137,1.0476448114421257
0.01,911.1540675249208,1.0477788844267966
0.01,912.2381202827047,1.0479132806934641
0.01,913.3221730404886,1.0480479135236915
0.01,914.4062257982724,1.0481828366130472
0.01,915.4902785560563,1.0483183158308333
0.01,916.5743313138402,1.048454653808268
0.01,917.658384071624,1.0485919753656325
0.01,918.7424368294079,1.0487301968145888
0.01,919.8264895871918,1.0488691166525268
0.01,921.1024815398615,1.0490332438777035
0.01,922.3784734925313,1.0491978227778243
0.01,923.654465445201,1.0493628246055815
0.01,924.9304573978708,1.0495284078001956
0.01,926.2064493505405,1.0496947827822258
0.01,927.4824413032103,1.0498620339037905
0.01,928.75843325588,1.0500300541500756
0.01,930.0344252085498,1.0501986654032707
0.01,931.3104171612196,1.050367811493421
0.01,932.5864091138893,1.0505376258137507
0.01,933.8624010665591,1.0507082973193163
0.01,935.1383930192288,1.050879865387885
0.01,936.4143849718986,1.051052140127082
0.01,937.9160061893373,1.0512553647911451
0.01,939.417627406776,1.0514589555605316
0.01,940.9192486242147,1.051663013239133
0.01,942.4208698416534,1.0518678400796606
0.01,943.9224910590921,1.052073746735725
0.01,945.4241122765308,1.0522809489395988
0.01,946.9257334939695,1.0524895529151554
0.01,948.4273547114082,1.052699546738432
0.01,949.9289759288469,1.052910805968979
0.01,951.4305971462855,1.0531231657030444
0.01,952.9322183637242,1.0533365261328549
0.01,954.4338395811629,1.05355089330251
0.01,955.9354607986016,1.0537663172252163
0.01,957.4370820160403,1.0539827980409449
0.01,958.938703233479,1.0542002504340902
0.01,960.4403244509177,1.0544185573262235
0.01,961.9419456683564,1.0546376620857132
0.01,963.4435668857951,1.0548576111911168
0.01,964.9451881032338,1.0550785103054257
0.01,966.4468093206725,1.0553004520650058
0.01,967.9484305381112,1.0555234890002223
0.01,969.4500517555499,1.0557476649811444
0.01,970.9516729729886,1.055973061602456
0.01,972.4532941904273,1.056199807519079
0.01,973.954915407866,1.0564280315872603
0.01,975.4565366253047,1.0566577908373544
0.01,976.9581578427434,1.0568890294175162
0.01,978.4597790601821,1.0571216039041431
0.01,979.9614002776208,1.0573553570313663
0.01,981.4630214950595,1.05759018385157
0.01,982.9646427124982,1.0578260507238713
0.01,984.4662639299369,1.0580629772459909
0.01,985.9678851473756,1.05830100685505
0.01,987.4695063648143,1.0585401808771264
0.01,988.7175234278518,1.058739852431928
0.01,989.9655404908893,1.058940343499537
0.01,991.2135575539269,1.0591416720489748
0.01,992.4615746169644,1.059343878005358
0.01,993.709591680002,1.0595470288928757
0.01,994.9576087430395,1.059751214183539
0.01,996.205625806077,1.0599565144524328
0.01,997.5975765360632,1.060186838130668
0.01,998.9895272660494,1.0604185218407447
0.01,1000.3814779960356,1.06065143024575
0.01,1001.7734287260218,1.0608854322161574
0.01,1003.165379456008,1.0611204817705957
0.01,1004.5573301859943,1.0613566388245812
0.01,1005.9492809159805,1.061594013204952
0.01,1007.3412316459667,1.0618326827082534
0.01,1008.7331823759529,1.0620726548877013
0.01,1010.1251331059391,1.0623138942686083
0.01,1011.5170838359253,1.0625563729120564
0.01,1012.9090345659115,1.0628000935634974
0.01,1014.3009852958977,1.0630450715445683
0.01,1015.6929360258839,1.0632913008274913
0.01,1017.0848867558701,1.0635387354216104
0.01,1018.4768374858563,1.063787301945538
0.01,1019.8687882158425,1.0640369373232137
0.01,1021.2607389458287,1.064287626694329
0.01,1022.6526896758149,1.0645394136048854
0.01,1024.0446404058011,1.0647923685787446
0.01,1025.4365911357875,1.0650465577533095
0.01,1026.8285418657738,1.065302028269978
0.01,1028.22049259576,1.0655588190428913
0.01,1029.6124433257464,1.0658169795628127
0.01,1031.0043940557327,1.066076573450746
0.01,1032.396344785719,1.0663376590751623
0.01,1033.7882955157054,1.0666002610442618
0.01,1035.1802462456917,1.0668643574289627
0.01,1036.572196975678,1.0671298962463092
0.01,1037.9641477056643,1.067396829678037
0.01,1039.3560984356507,1.0676651392009109
0.01,1040.748049165637,1.0679348364639065
0.01,1042.1399998956233,1.068205947751493
0.01,1043.5319506256096,1.0684784974083514
0.01,1044.923901355596,1.0687524973463
0.01,1046.3158520855823,1.0690279443034272
0.01,1047.7078028155686,1.069304827230182
0.01,1049.099753545555,1.0695831426621865
0.01,1050.4917042755412,1.0698629067723149
0.01,1051.8836550055275,1.0701441530599427
0.01,1053.2756057355139,1.0704269160615558
0.01,1054.6675564655002,1.0707112159998735
0.01,1056.0595071954865,1.0709970511969609
0.01,1057.4514579254728,1.0712844150886218
0.01,1058.8434086554591,1.0715733089683603
0.01,1059.9663143629639,1.0718074857093929
0.01,1061.0892200704686,1.0720426712181794
0.01,1062.2121257779734,1.072278862916562
0.01,1063.335031485478,1.0725160492045958
0.01,1064.4579371929829,1.0727542176235447
0.01,1065.5808429004876,1.0729933714881688
0.01,1066.7037486079923,1.0732335372278756
0.01,1067.960041890749,1.0735034807094115
0.01,1069.2163351735055,1.0737747836451284
0.01,1070.472628456262,1.0740474553781587
0.01,1071.7289217390187,1.07432147726488
0.01,1072.9852150217753,1.0745968272696373
0.01,1074.2415083045319,1.0748734991079822
0.01,1075.4978015872884,1.0751515032699566
0.01,1076.754094870045,1.0754308584471786
0.01,1078.0103881528016,1.075711587065318
0.01,1079.2666814355582,1.0759937182535244
0.01,1080.5229747183148,1.0762772889148973
0.01,1081.7792680010714,1.0765623331010243
0.01,1083.035561283828,1.0768488607754263
0.01,1084.2918545665846,1.0771368431247799
0.01,1085.5481478493411,1.0774262259428284
0.01,1086.8044411320977,1.077716973581113
0.01,1088.0607344148543,1.0780091134232874
0.01,1089.317027697611,1.0783027396376133
0.01,1090.5733209803675,1.078597965266345
0.01,1091.829614263124,1.0788948568366303
0.01,1093.0859075458807,1.0791934040194684
0.01,1094.3422008286373,1.0794935464639188
0.01,1095.5984941113938,1.0797952316488852
0.01,1096.8547873941504,1.080098455906742
0.01,1098.111080676907,1.080403262234406
0.01,1099.3673739596636,1.0807097077900105
0.01,1100.6236672424202,1.0810178335085214
0.01,1101.8799605251768,1.0813276548880488
0.01,1102.8959884838814,1.0815794626634392
0.01,1103.912016442586,1.0818323709516908
0.01,1104.9280444012907,1.082086369045177
0.01,1105.9440723599953,1.0823414437565457
0.01,1107.0992951875062,1.0826327589946125
0.01,1108.254518015017,1.0829254548301748
0.01,1109.409740842528,1.083219555017107
0.01,1110.5649636700389,1.0835150959944577
0.01,1111.7201864975498,1.0838121086934558
0.01,1112.8754093250607,1.0841106083402743
0.01,1114.0306321525716,1.0844105999263522
0.01,1114.9645114986217,1.0846542075312786
0.01,1115.898390844672,1.084898803277938
0.01,1116.832270190722,1.0851443962291598
0.01,1117.7661495367722,1.0853909925534853
0.01,1118.7982080834677,1.085664676199302
0.01,1119.8302666301631,1.0859395714414422
0.01,1120.8623251768586,1.0862156764453639
0.01,1121.894383723554,1.086493004457272
0.01,1122.9264422702495,1.0867715796750128
0.01,1123.958500816945,1.0870514262339674
0.01,1124.747703261477,1.087266289975172
0.01,1125.536905706009,1.087481909536598
0.01,1126.3261081505411,1.0876982857625626
0.01,1127.1153105950732,1.0879154188351348
0.01,1128.1487804588796,1.088200904546024
0.01,1129.182250322686,1.0884876998279986
0.01,1130.2157201864925,1.0887758190734256
0.01,1131.249190050299,1.089065279107332
0.01,1132.2826599141054,1.089356093627268
0.01,1133.3161297779118,1.0896482694961576
0.01,1134.3495996417182,1.0899418084177344
0.01,1135.6462651969123,1.0903120368308405
0.01,1136.9429307521063,1.0906844363955597
0.01,1138.2395963073004,1.0910590438364767
0.01,1139.2826030190706,1.0913620028449857
0.01,1140.3256097308408,1.0916664451844784
0.01,1141.368616442611,1.0919723871138292
0.01,1142.4116231543812,1.092279831770908
0.01,1143.5797581025156,1.0926259324505625
0.01,1144.74789305065,1.092973879561939
0.01,1145.9160279987843,1.093323650396021
0.01,1147.0841629469187,1.0936752550729743
0.01,1148.252297895053,1.0940287425654578
0.01,1149.4204328431874,1.0943841751245582
0.01,1150.3437311891773,1.094666515588684
0.01,1151.2670295351672,1.0949500988305656
0.01,1152.1903278811571,1.095234923103312
0.01,1153.113626227147,1.095520997822714
0.01,1154.036924573137,1.0958083465327393
0.01,1154.9602229191269,1.0960969927886053
0.01,1155.8835212651168,1.0963869477150285
0.01,1156.8068196111067,1.0966782144698584
0.01,1157.7301179570966,1.0969708032915755
0.01,1158.6534163030865,1.0972647381110516
0.01,1159.5767146490764,1.097560047484316
0.01,1160.5000129950663,1.097856749916543
0.01,1161.4233113410562,1.0981548481230778
0.01,1162.346609687046,1.0984543345253093
0.01,1163.269908033036,1.0987552014531734
0.01,1164.193206379026,1.0990574488006728
0.01,1165.1165047250158,1.0993610850231998
0.01,1166.294305691571,1.0997504463070231
0.01,1167.4721066581262,1.100142082776003
0.01,1168.6499076246814,1.100535971762639
0.01,1169.8277085912366,1.1009320947194123
0.01,1171.0055095577918,1.1013304729512832
0.01,1172.183310524347,1.1017311671163377
0.01,1173.3611114909022,1.102134235039153
0.01,1173.535307126419,1.102194052482188
0.01,1173.7095027619357,1.1022539219672334
0.01,1173.8836983974525,1.1023138433434425
0.01,1174.2320896684862,1.1024338415709485
0.01,1174.58048093952,1.1025540473365256
0.01,1174.9288722105537,1.1026744612069703
0.01,1175.83905580922,1.1029900349076125
0.01,1176.7492394078865,1.1033070518957253
0.01,1177.659423006553,1.1036255296164152
0.01,1178.5696066052194,1.1039454824457255
0.01,1179.7514267048225,1.1043631444303412
0.01,1180.9332468044256,1.1047833497507502
0.01,1182.1150669040287,1.1052061339189452
0.01,1183.2968870036318,1.1056315293836745
0.01,1184.478707103235,1.1060595605016226
0.01,1185.660527202838,1.1064902426181806
0.01,1186.842347302441,1.1069235881391326
0.01,1187.8058717270897,1.1072788729360596
0.01,1188.7693961517382,1.1076359579362869
0.01,1189.7329205763867,1.1079948693373627
0.01,1190.6964450010353,1.1083556378368982
0.01,1191.6599694256838,1.1087182929110673
0.01,1192.6234938503324,1.1090828575038123
0.01,1193.4194536552031,1.1093854734092128
0.01,1193.5606071655634,1.109439276279705
0.01,1193.7017606759237,1.1094931206249843
0.01,1193.842914186284,1.1095470064517239
0.01,1194.1252212070042,1.1096549026745732
0.01,1194.4075282277245,1.1097629651768093
0.01,1194.6898352484448,1.1098711942678716
0.01,1195.4739791215452,1.1101726918757648
0.01,1196.2581229946456,1.110475488015383
0.01,1197.042266867746,1.1107795951320512
0.01,1197.8264107408465,1.111085025957011
0.01,1199.0247746013333,1.1115543826754197
0.01,1200.22313846182,1.112026896293284
0.01,1201.4215023223069,1.1125026026448965
0.01,1202.6198661827937,1.1129815403051793
0.01,1202.8325141461535,1.113066867858391
0.01,1203.0451621095133,1.1131522988362212
0.01,1203.257810072873,1.1132378334898094
0.01,1203.470458036233,1.1133234720384033
0.01,1203.8957539629523,1.1134950618512138
0.01,1204.3210498896717,1.1136670697160445
0.01,1204.746345816391,1.1138394970330674
0.01,1205.411392089006,1.1141099714855407
0.01,1206.076438361621,1.1143814824140956
0.01,1206.741484634236,1.114654037143018
0.01,1207.6114078795804,1.1150121427801525
0.01,1208.4813311249247,1.1153720663002398
0.01,1209.351254370269,1.1157338295118313
0.01,1210.2211776156134,1.1160974524234064
0.01,1211.0911008609578,1.116462953338983
0.01,1211.9610241063021,1.116830349169815
0.01,1212.8309473516465,1.1171996561006423
0.01,1213.8597812015091,1.117638913834983
0.01,1214.8886150513717,1.1180808943790885
0.01,1215.9174489012344,1.118525624601201
0.01,1216.946282751097,1.1189731298245391
0.01,1217.9751166009596,1.1194234327250483
0.01,1218.7747985906005,1.1197753851944103
0.01,1219.5744805802415,1.1201290487932534
0.01,1220.3741625698824,1.1204844330741828
0.01,1221.1738445595233,1.1208415490276762
0.01,1222.2207325439942,1.1213117008643607
0.01,1223.0714859540708,1.1216959969740115
0.01,1223.9222393641473,1.122082312959292
0.01,1224.772992774224,1.1224706702543295
0.01,1225.6237461843004,1.1228610901737608
0.01,1226.6515422865982,1.1233355383313839
0.01,1227.679338388896,1.123813066755878
0.01,1228.7071344911938,1.1242937160885784
0.01,1229.7349305934915,1.124777527626174
0.01,1230.9094738664317,1.1253343412633758
0.01,1232.0840171393718,1.1258953996327163
0.01,1233.258560412312,1.1264607667021016
0.01,1234.433103685252,1.1270305097042195
0.01,1235.6076469581922,1.1276046979464318
0.01,1236.7821902311323,1.1281834009652085
0.01,1237.9567335040724,1.128766687730675
0.01,1239.1312767770125,1.1293546273710857
0.01,1240.3058200499527,1.1299472910235806
0.01,1241.4803633228928,1.1305447538042281
0.01,1242.654906595833,1.1311470959233652
0.01,1243.829449868773,1.131754402125581
0.01,1245.0039931417132,1.1323667597954816
0.01,1246.1785364146533,1.1329842570295663
0.01,1247.3530796875934,1.1336069819409746
0.01,1248.5276229605336,1.134235023375246
0.01,1249.7021662334737,1.1348684721493671
0.01,1250.8767095064138,1.1355074218870191
0.01,1252.051252779354,1.136151969094946
0.01,1253.225796052294,1.1368022128528679
0.01,1254.4003393252342,1.137458254597578
0.01,1255.5748825981743,1.1381201982367555
0.01,1256.7494258711145,1.1387881505496829
0.01,1257.9239691440546,1.1394622217155115
0.01,1259.0985124169947,1.1401425257788105
0.01,1260.2730556899348,1.1408291809601647
0.01,1261.447598962875,1.1415223097754166
0.01,1262.622142235815,1.1422220390442228
0.01,1263.7966855087552,1.1429284999390676
0.01,1264.9712287816953,1.1436418281971823
0.01,1266.1457720546355,1.1443621645449367
0.01,1267.3203153275756,1.1450896551714511
0.01,1268.4948586005157,1.1458244521774585
0.01,1269.6694018734559,1.1465667138686997
0.01,1270.843945146396,1.1473166049216803
0.01,1272.018488419336,1.148074296553024
0.01,1273.1930316922762,1.1488399668245106
0.01,1274.3675749652164,1.1496138012062946
0.01,1275.5421182381565,1.150395993204514
0.01,1276.7166615110966,1.1511867450630153
0.01,1277.8912047840367,1.1519862683449522
0.01,1279.0657480569769,1.1527947843903348
0.01,1280.240291329917,1.153612524762502
0.01,1281.4148346028571,1.1544397318053663
0.01,1282.5893778757973,1.1552766595329538
0.01,1283.7639211487374,1.1561235745546723
0.01,1284.9384644216775,1.1569807572409445
0.01,1286.1130076946176,1.157848502849834
0.01,1287.2875509675578,1.1587271225884335
0.01,1288.462094240498,1.1596169446970788
0.01,1289.636637513438,1.1605183156309784
0.01,1290.8111807863781,1.1614316017522828
0.01,1291.9857240593183,1.162357190955392
0.01,1293.1602673322584,1.1632954948622363
0.01,1294.3348106051985,1.164246951139299
0.01,1295.5093538781387,1.1652120259075236
0.01,1296.6838971510788,1.1661912163259573
0.01,1297.858440424019,1.1671850535010027
0.01,1299.032983696959,1.168194105905229
0.01,1300.2075269698992,1.1692189833986024
0.01,1301.3820702428393,1.1702603419001152
0.01,1302.5566135157794,1.1713188883079346
0.01,1303.7311567887195,1.1723953869969472
0.01,1304.9057000616597,1.1734906652232673
0.01,1306.0802433345998,1.1746056209631814
0.01,1307.25478660754,1.1757412320421996
0.01,1308.42932988048,1.1768985669456884
0.01,1309.6038731534202,1.1780787978218963
0.01,1310.7784164263603,1.1792832153423787
0.01,1311.9529596993004,1.1805132463296903
0.01,1313.1275029722406,1.181770474348556
0.01,1314.3020462451807,1.1830566649390295
0.01,1315.4765895181208,1.1843737955150844
0.01,1316.651132791061,1.185724092913333
0.01,1317.825676064001,1.1871100789733544
0.01,1319.0002193369412,1.188534628231338
0.01,1320.1747626098813,1.1900010373433392
0.01,1321.3493058828215,1.1915131152546121
0.01,1322.5238491557616,1.193075296305875
0.01,1323.6983924287017,1.194692791065268
0.01,1324.8729357016418,1.1963717748616418
0.01,1326.047478974582,1.198119647490142
0.01,1327.222022247522,1.1999453750314273
0.01,1328.3965655204622,1.2018599784396515
0.01,1329.5711087934023,1.2038771759030944
0.01,1330.7456520663425,1.206014343088579
0.01,1331.9201953392826,1.2082938709689064
0.01,1333.0947386122227,1.2107453287221404
0.01,1334.2692818851629,1.2134085570136077
0.01,1335.443825158103,1.2163389456520688
0.01,1336.618368431043,1.2196158794475485
0.01,1337.7929117039832,1.2233590992063241
0.01,1338.9674549769234,1.2277564593066854
0.01,1340.1419982498635,1.233125526917281
0.01,1341.3165415228036,1.2400433729703753
0.01,1342.4910847957437,1.249762994618518
0.01,1343.6656280686839,1.2654562645667427
0.01,1344.477327736337,1.2844226424565803
0.01,1345.044921683692,1.3073598291146913
0.01,1345.1280907348437,1.3118264106068054
0.01,1345.2112597859953,1.3167459623877857
0.01,1345.2944288371468,1.322189522984687
0.01,1345.46076693945,1.3349949945595811
0.01,1345.627105041753,1.351168945734923
0.01,1345.7934431440563,1.372106915238362
0.01,1345.9597812463594,1.3997496875769646
0.01,1346.2085693562342,1.4584585184067378
0.01,1346.2528977049467,1.4715130871002553
0.01,1346.2972260536592,1.4852783962864788
0.01,1346.3415544023717,1.4996785321397055
0.01,1346.3858827510842,1.514605101194701
0.01,1346.4745394485094,1.5454113172147803
0.01,1346.5631961459346,1.5763841979145685
0.01,1346.6518528433598,1.6062663723530028
0.01,1346.740509540785,1.6341092839755498
0.01,1346.89832224321,1.6773181504935837
0.01,1347.056134945635,1.7123439550424626
0.01,1347.21394764806,1.740909655940302
0.01,1347.371760350485,1.7640241268662464
0.01,1347.5753919345802,1.7890351169463348
0.01,1347.7790235186756,1.8072808853413114
0.01,1347.9826551027709,1.8249158728208124
0.01,1348.146351786417,1.8378456519430912
0.01,1348.310048470063,1.8476475348609986
0.01,1348.4737451537092,1.8563012710421922
0.01,1348.6374418373553,1.865093432426737
0.01,1348.859831801309,1.8741185523289798
0.01,1348.8977268842596,1.8764382799672912
0.01,1348.9356219672102,1.878171295163772
0.01,1349.0083951852143,1.881138657600229
0.01,1349.0811684032185,1.8839529856280348
0.01,1349.2951395476455,1.8913959822597533
0.01,1349.5091106920725,1.898237076793393
0.01,1349.8181997654467,1.907480669087066
0.01,1350.127288838821,1.9153702808529238
0.01,1350.4363779121952,1.9223181082089706
0.01,1350.8843404439287,1.9312211403538615
0.01,1351.3323029756623,1.9388047494981473
0.01,1351.7802655073958,1.9453398671230466
0.01,1352.4005680883126,1.9531874827117495
0.01,1353.0208706692295,1.959762534457581
0.01,1353.6411732501463,1.9653546439334746
0.01,1354.3781126439296,1.9709125459116585
0.01,1355.115052037713,1.9757158370859382
0.01,1355.8519914314963,1.9800563528414425
0.01,1356.5889308252797,1.9839185279177483
0.01,1357.325870219063,1.9872594393747773
0.01,1358.0628096128464,1.9901490978806224
0.01,1358.7997490066298,1.9927491976720129
0.01,1359.5366884004131,1.9950420063555976
0.01,1360.2736277941965,1.9972059077647382
0.01,1361.0105671879799,1.999163885196462
0.01,1361.849778326232,2.0012504722238056
0.01,1362.688989464484,2.003107897311757
0.01,1363.528200602736,2.0047706360909303
0.01,1364.367411740988,2.0063128543535864
0.01,1365.20662287924,2.0077164878349163
0.01,1366.045834017492,2.0090549188304823
0.01,1366.8850451557441,2.0103185865118123
0.01,1367.7242562939962,2.011508989177342
0.01,1368.5634674322482,2.012631851691514
0.01,1369.4026785705003,2.013676233852808
0.01,1370.4185203491913,2.014864281968883
0.01,1371.4343621278824,2.016005225055035
0.01,1372.4502039065735,2.017111168579064
0.01,1373.4660456852646,2.0181691339360284
0.01,1374.4818874639557,2.019155068382921
0.01,1375.4977292426468,2.020095651980643
0.01,1376.5135710213378,2.021022570037657
0.01,1377.354555338842,2.021789977487894
0.01,1378.195539656346,2.022543722251938
0.01,1379.03652397385,2.0232722421543636
0.01,1379.8775082913542,2.0239820735415073
0.01,1380.7184926088582,2.024676060734446
0.01,1381.5594769263623,2.025366774357797
0.01,1382.4004612438664,2.026051393452098
0.01,1383.338850609843,2.0268054588637563
0.01,1384.2772399758194,2.0275465498061043
0.01,1385.2156293417959,2.028275506426887
0.01,1386.1540187077724,2.028986227521778
0.01,1387.3827347819786,2.029908686626693
0.01,1388.6114508561848,2.0308348215301315
0.01,1389.840166930391,2.031779891191335
0.01,1391.0688830045972,2.0326646704049574
0.01,1392.2975990788034,2.0335292935248237
0.01,1393.5263151530096,2.0344778853655754
0.01,1394.7550312272158,2.0354839613493927
0.01,1396.1920745283774,2.0366423092967767
0.01,1397.629117829539,2.037749840634509
0.01,1399.0661611307005,2.0388159351911734
0.01,1400.503204431862,2.039887099424658
0.01,1401.9402477330236,2.04100732677136
0.01,1403.3772910341852,2.0421508267968473
0.01,1404.8143343353468,2.0432879662170187
0.01,1406.4846304840485,2.0446180499797904
0.01,1408.1549266327502,2.0459809824052773
0.01,1409.8252227814519,2.0473502958532412
0.01,1411.4955189301536,2.0487078691533265
0.01,1413.1658150788553,2.050087387943577
0.01,1414.5327092247553,2.051266976739821
0.01,1415.8996033706553,2.0524954136852753
0.01,1417.2664975165553,2.053738631502532
0.01,1418.6333916624553,2.0549678869404966
0.01,1420.4020668496216,2.0565479094692587
0.01,1422.170742036788,2.058192310441788
0.01,1423.9394172239543,2.0599074164620976
0.01,1425.7080924111206,2.061626838659634
0.01,1427.4767675982869,2.0633536826500105
0.01,1429.2454427854532,2.0651555319640718
0.01,1431.0141179726195,2.067043589934739
0.01,1433.0718662327833,2.0692958804245407
0.01,1435.1296144929472,2.0715943210524714
0.01,1437.187362753111,2.073951720765792
0.01,1439.245111013275,2.076363975060564
0.01,1441.3028592734388,2.0788242873184943
0.01,1443.3606075336027,2.0813546244452454
0.01,1445.4183557937665,2.083976384795433
0.01,1447.4761040539304,2.0866918195926267
0.01,1449.5338523140942,2.089496916129312
0.01,1451.591600574258,2.092383262522672
0.01,1453.3042539729404,2.094839562177269
0.01,1455.0169073716227,2.0973544789544305
0.01,1456.729560770305,2.099937622999799
0.01,1458.4422141689872,2.1025968974847435
0.01,1460.1548675676695,2.10532365211585
0.01,1461.8675209663518,2.1081239867838506
0.01,1463.580174365034,2.1110165310098505
0.01,1465.2928277637163,2.1140093363474866
0.01,1467.0054811623986,2.1171009993281578
0.01,1468.718134561081,2.1202891360338834
0.01,1470.4307879597632,2.123573976256722
0.01,1472.1434413584454,2.1269630979291647
0.01,1473.8560947571277,2.13046826787609
0.01,1475.56874815581,2.1340957489546493
0.01,1477.2814015544923,2.1378468843527094
0.01,1478.9940549531746,2.1417332509485894
0.01,1480.7067083518568,2.145775283746721
0.01,1482.419361750539,2.1499863159429897
0.01,1484.1320151492214,2.1543727963818418
0.01,1485.8446685479037,2.158944842358491
0.01,1487.557321946586,2.163720339336412
0.01,1489.2699753452682,2.168722334732348
0.01,1490.9826287439505,2.1739802150995966
0.01,1492.6952821426328,2.1795282863632757
0.01,1494.407935541315,2.1854056189437836
0.01,1496.1205889399973,2.191661204282155
0.01,1497.8332423386796,2.1983580178598974
0.01,1499.545895737362,2.205577132747793
0.01,1501.527140630448,2.2147286342520847
0.01,1503.5083855235341,2.2249677679455937
0.01,1505.4896304166202,2.2366526004716656
0.01,1507.4708753097063,2.250352154388205
0.01,1509.4521202027925,2.267031608820333
0.01,1511.4333650958786,2.2884620110879794
0.01,1513.4146099889647,2.3182285108551492
0.01,1515.3958548820508,2.364240445933278
0.01,1517.377099775137,2.4422279309448958
0.01,1518.9671274529533,2.5336524189142504
0.01,1519.2074242972922,2.5493342699123773
0.01,1519.447721141631,2.5650187852652273
0.01,1519.68801798597,2.5805513269369795
0.01,1520.1686116746478,2.610509656922985
0.01,1520.6492053633256,2.6384905717298075
0.01,1521.1297990520034,2.6641188810886516
0.01,1522.0933213182484,2.7079637242849044
0.01,1523.0568435844934,2.7432686858136974
0.01,1524.0203658507385,2.771902076096133
0.01,1525.2286968844955,2.801478942026103
0.01,1526.4370279182526,2.824428139036309
0.01,1527.6453589520097,2.8436615020229157
0.01,1528.8536899857668,2.8599776243704946
0.01,1530.0620210195239,2.874118806323872
0.01,1531.270352053281,2.8865483407157493
0.01,1532.853045647317,2.9008224771078335
0.01,1534.435739241353,2.9132080429765885
0.01,1536.0184328353891,2.924090993929243
0.01,1537.8148600916718,2.934921810153482
0.01,1539.6112873479544,2.9444884684147676
0.01,1541.407714604237,2.953250492469195
0.01,1543.2041418605197,2.961264390573987
0.01,1545.2338838022254,2.9695198749417133
0.01,1547.263625743931,2.97707199648898
0.01,1549.2933676856367,2.9841361997957208
0.01,1551.6275400480022,2.991553202994903
0.01,1553.9617124103677,2.9985183834581655
0.01,1555.7829200536528,3.00374386735664
0.01,1557.604127696938,3.008805573288714
0.01,1559.425335340223,3.013719772668655
0.01,1561.246542983508,3.0185673944762472
0.01,1563.4322575909516,3.0243224639455004
0.01,1565.6179721983951,3.030020588161583
0.01,1567.8036868058387,3.035686381501354
0.01,1569.9894014132822,3.0413980979576887
0.01,1572.1751160207257,3.0471968929846436
0.01,1574.3608306281692,3.0530828778415926
0.01,1576.5465452356127,3.0590850364351714
0.01,1578.7322598430562,3.0652495801705126
0.01,1580.9179744504997,3.0715694379050973
0.01,1583.1036890579433,3.078028499372803
0.01,1585.7439805092686,3.0860666121766562
0.01,1588.3842719605939,3.094438771436134
0.01,1591.0245634119192,3.1031780308039605
0.01,1593.6648548632445,3.1123147782854756
0.01,1596.3051463145698,3.1219113636571114
0.01,1598.9454377658951,3.1319980697772722
0.01,1601.5857292172204,3.142561051270809
0.01,1604.2260206685457,3.1536747710043707
0.01,1606.866312119871,3.1654621363909414
0.01,1609.5066035711964,3.1779977097449934
0.01,1612.1468950225217,3.1913009098398377
0.01,1614.787186473847,3.2055104117515634
0.01,1617.4274779251723,3.220832217372429
0.01,1620.0677693764976,3.2374888305869383
0.01,1622.708060827823,3.2557286549587494
0.01,1625.3483522791482,3.2758644733040283
0.01,1627.9886437304735,3.2983182067584127
0.01,1630.6289351817989,3.323650726549393
0.01,1633.2692266331242,3.352482373364703
0.01,1635.9095180844495,3.3855499809391074
0.01,1638.5498095357748,3.4235941866492476
0.01,1641.1901009871,3.4669032051277338
0.01,1643.8303924384254,3.514676113279754
0.01,1646.4706838897507,3.564770460843279
0.01,1649.110975341076,3.614438765395008
0.01,1651.7512667924013,3.6608728476676196
0.01,1654.3915582437266,3.702558711707954
0.01,1657.031849695052,3.7387612766145946
0.01,1659.6721411463773,3.7700390782424487
0.01,1662.3124325977026,3.7970991887354377
0.01,1664.952724049028,3.820709419630677
0.01,1667.9568528498419,3.8442271848015084
0.01,1670.9609816506559,3.8648801038108673
0.01,1673.9651104514699,3.8832263192666057
0.01,1676.9692392522838,3.8997745509650223
0.01,1679.9733680530978,3.91492610745619
0.01,1682.9774968539118,3.928959084775637
0.01,1685.9816256547258,3.942078596759987
0.01,1689.3037708519466,3.955743296474047
0.01,1692.6259160491675,3.9687659266353545
0.01,1695.3578594423602,3.9791293326460613
0.01,1698.089802835553,3.9892406844766577
0.01,1700.8217462287457,3.999133109340963
0.01,1703.5536896219385,4.0088690721720575
0.01,1706.2856330151312,4.0185017685676705
0.01,1709.017576408324,4.028061259677915
0.01,1711.7495198015167,4.0375765955917995
0.01,1714.4814631947095,4.047087630001232
0.01,1717.2134065879022,4.056613302730057
0.01,1719.945349981095,4.0661607122377
0.01,1722.6772933742877,4.0757407079338845
0.01,1725.4092367674805,4.085360013272814
0.01,1728.1411801606732,4.095030626633477
0.01,1732.0231645583092,4.108900461130255
0.01,1735.9051489559452,4.122973644712414
0.01,1739.787133353581,4.1373139309522164
0.01,1743.669117751217,4.151977396901072
0.01,1746.8596164254732,4.164313282514522
0.01,1750.0501150997293,4.176947873942503
0.01,1753.2406137739854,4.189920577829248
0.01,1756.4311124482415,4.203241149126065
0.01,1760.9531388600171,4.222722940162067
0.01,1765.4751652717928,4.242937339649767
0.01,1769.9971916835684,4.263913542561449
0.01,1774.519218095344,4.285673870185948
0.01,1779.0412445071197,4.308227766790024
0.01,1783.5632709188953,4.3315648019667305
0.01,1788.085297330671,4.355648300114249
0.01,1793.7320648950292,4.386654974175741
0.01,1799.3788324593875,4.418482320812365
0.01,1805.0256000237457,4.450784888519167
0.01,1810.672367588104,4.4831058951423435
0.01,1816.3191351524622,4.514916904280172
0.01,1821.9659027168204,4.545679994791375
0.01,1827.6126702811787,4.574918529066791
0.01,1833.259437845537,4.602274550672251
0.01,1838.9062054098952,4.627528115811789
0.01,1844.5529729742534,4.650596502360737
0.01,1851.5971351474213,4.676387601887246
0.01,1858.6412973205893,4.699085214410746
0.01,1865.6854594937572,4.71903610200684
0.01,1871.5500157317313,4.733821264546462
0.01,1877.4145719697053,4.74718556767556
0.01,1883.2791282076794,4.7593312723288275
0.01,1889.1436844456534,4.7704441289984345
0.01,1895.0082406836275,4.780693557666172
0.01,1900.8727969216015,4.790222398981044
0.01,1906.7373531595756,4.799147914164879
0.01,1911.6088822533054,4.806175204720857
0.01,1916.4804113470352,4.812901351881622
0.01,1921.351940440765,4.819363944748312
0.01,1922.1972804951104,4.820461222817536
0.01,1923.0426205494557,4.821551649478516
0.01,1923.887960603801,4.822635409459199
0.01,1925.5786407124917,4.824771296115412
0.01,1927.2693208211824,4.826882943684116
0.01,1929.301781362634,4.829387128380765
0.01,1931.3342419040857,4.831857677008592
0.01,1933.5993569884806,4.83459063980881
0.01,1935.8644720728755,4.837283033231019
0.01,1938.1295871572704,4.8399358712023535
0.01,1940.3947022416653,4.84255082529217
0.01,1942.6598173260602,4.845129993880196
0.01,1944.924932410455,4.84767542277988
0.01,1947.19004749485,4.850188775006558
0.01,1949.4551625792449,4.852671238207663
0.01,1951.7202776636398,4.855123560788158
0.01,1954.5215908996995,4.8581153901978755
0.01,1957.3229041357592,4.861062015469841
0.01,1960.124217371819,4.863963586584551
0.01,1962.9255306078787,4.866820286356879
0.01,1965.7268438439385,4.86963237534801
0.01,1968.5281570799982,4.872400128346928
0.01,1971.6945699276966,4.875475544204987
0.01,1974.860982775395,4.878494899336899
0.01,1978.0273956230935,4.881458509725791
0.01,1981.9171706584543,4.885023592065141
0.01,1985.8069456938151,4.888506132635732
0.01,1989.696720729176,4.8919068696730195
0.01,1993.5864957645367,4.895226403955659
0.01,1997.4762707998975,4.898465274575728
0.01,2000.0,4.900523749501385
0.1,0.0,1.0698216699004093
0.1,0.0008153720906218235,1.0688643475604929
0.1,0.0010192151132772794,1.068622059534286
0.1,0.0010701758689411435,1.068566733547951
0.1,0.0010727487658949769,1.0685623917159202
0.1,0.0010753216628488103,1.0685580905952923
0.1,0.0010778945598026437,1.068554096593608
0.1,0.0010804674567564771,1.0685503815442736
0.1,0.0010830403537103106,1.0685468727870036
0.1,0.001085613250664144,1.0685435074449308
0.1,0.0010881861476179774,1.0685402395841794
0.1,0.0010907590445718108,1.0685370373848035
0.1,0.0010933319415256442,1.0685338792269576
0.1,0.0010959048384794777,1.0685307505287378
0.1,0.001098477735433311,1.068527641482021
0.1,0.0011010506323871445,1.068524545495879
0.1,0.001103623529340978,1.0685214581425422
0.1,0.0011061964262948113,1.0685183764477149
0.1,0.0011091702157962503,1.0685148179652237
0.1,0.0011121440052976892,1.0685112640624606
0.1,0.001115117794799128,1.0685077117812007
0.1,0.001117776953157697,1.0685045358777847
0.1,0.0011443685367433865,1.068472765287986
0.1,0.0011709601203290759,1.0684409615512274
0.1,0.0011975517039147653,1.0684091152481974
0.1,0.0014634675397716583,1.0680861270333923
0.1,0.0017293833756285514,1.067758739002289
0.1,0.0031191054460630234,1.0659312059542996
0.1,0.004508827516497496,1.064000467359541
0.1,0.006765138148076697,1.0607549044568967
0.1,0.009021448779655898,1.0573213356495372
0.1,0.0112777594112351,1.0537647774599013
0.1,0.015223934166635415,1.0473837733727176
0.1,0.01917010892203573,1.0410052193456614
0.1,0.023116283677436046,1.0347808276948727
0.1,0.02706245843283636,1.0287633569686705
0.1,0.03185961674977765,1.0217314871458627
0.1,0.03665677506671894,1.0150228714044285
0.1,0.04145393338366023,1.0086367397943654
0.1,0.046251091700601515,1.0025779083703512
0.1,0.051048250017542804,0.996850703564084
0.1,0.05584540833448409,0.9914644221461824
0.1,0.06064256665142538,0.9864276442381551
0.1,0.06543972496836667,0.9817457690880428
0.1,0.07023688328530796,0.9774199562908579
0.1,0.07503404160224925,0.9734463109217472
0.1,0.08037975362797263,0.9694189612208164
0.1,0.08572546565369601,0.9657963736551258
0.1,0.0910711776794194,0.9625570635267513
0.1,0.09641688970514278,0.9596772159635881
0.1,0.10176260173086617,0.9571319325127109
0.1,0.10710831375658955,0.954896208698065
0.1,0.11245402578231294,0.9529456609970881
0.1,0.11779973780803632,0.9512567807980911
0.1,0.1231454498337597,0.9498072746143186
0.1,0.12926558823740944,0.9484128366184365
0.1,0.1353857266410592,0.9472750491271784
0.1,0.14150586504470894,0.9463670652860385
0.1,0.1483401645621603,0.9455923136839509
0.1,0.15517446407961163,0.945041455360001
0.1,0.16200876359706298,0.9447626778274701
0.1,0.16884306311451433,0.9462425621584989
0.1,0.17567736263196568,0.9476605637451917
0.1,0.18251166214941703,0.9490209294371191
0.1,0.19382393249657484,0.9510686060678085
0.1,0.20513620284373266,0.9529062774101993
0.1,0.21644847319089047,0.9545769469078833
0.1,0.2277607435380483,0.9561112839293961
0.1,0.2458894293366837,0.9583383399409277
0.1,0.26401811513531914,0.960344766324046
0.1,0.28214680093395456,0.9621825977565092
0.1,0.30027548673258997,0.9638871538999582
0.1,0.33038815226785606,0.9664804045763667
0.1,0.36050081780312215,0.968873804675955
0.1,0.39061348333838825,0.9711637159046593
0.1,0.42072614887365434,0.9732944133888796
0.1,0.4694006348643812,0.9765086894173393
0.1,0.5180751208551081,0.9794728812094412
0.1,0.566749606845835,0.9822251523705473
0.1,0.6154240928365619,0.9847426655617678
0.1,0.7000147488412262,0.9887098151376345
0.1,0.7846054048458905,0.9921635241553305
0.1,0.8691960608505548,0.995163628345743
0.1,0.9537867168552191,0.9977754982473944
0.1,1.105264132435408,1.0016127239274264
0.1,1.2567415480155968,1.0045314492999549
0.1,1.4082189635957856,1.0066640909269222
0.1,1.5596963791759744,1.0082313781500398
0.1,1.776756727237639,1.0097759077505917
0.1,1.9938170752993036,1.0107872038015158
0.1,2.2108774233609685,1.0114680941299092
0.1,2.4279377714226333,1.0119399042006507
0.1,2.7580483352806597,1.012400999758046
0.1,3.088158899138686,1.0127010884019603
0.1,3.4182694629967125,1.0129190363327236
0.1,3.748380026854739,1.013094928018613
0.1,4.197802413878157,1.0132985170051905
0.1,4.647224800901575,1.0134778858093538
0.1,5.096647187924993,1.0136477267809598
0.1,5.546069574948411,1.01383416482304
0.1,5.995491961971829,1.0140285483834
0.1,6.444914348995247,1.0142220347674056
0.1,6.894336736018665,1.0144192373274865
0.1,7.343759123042083,1.0146084483229574
0.1,7.793181510065501,1.014788550725505
0.1,8.242603897088918,1.0149838845123493
0.1,8.692026284112336,1.015192866722477
0.1,9.141448671135754,1.0154104844566822
0.1,9.590871058159172,1.0156305867010418
0.1,10.04029344518259,1.0158475450057396
0.1,10.489715832206008,1.0160793725357113
0.1,10.939138219229426,1.016324823120755
0.1,11.388560606252843,1.0165762175785702
0.1,11.837982993276261,1.0168388755170628
0.1,12.28740538029968,1.0171062968133233
0.1,12.736827767323097,1.0173755078840827
0.1,13.186250154346515,1.017652123753933
0.1,13.635672541369933,1.0179323139078706
0.1,14.085094928393351,1.018216659548136
0.1,14.53451731541677,1.018509507396072
0.1,14.983939702440187,1.01880914884928
0.1,15.433362089463605,1.019111085283637
0.1,15.882784476487023,1.0194109178726996
0.1,16.33220686351044,1.0197155177031323
0.1,16.781629250533857,1.0200358689454496
0.1,17.231051637557275,1.0203726342888009
0.1,17.680474024580693,1.0207162684482514
0.1,18.12989641160411,1.021059837475831
0.1,18.57931879862753,1.021403026338421
0.1,19.028741185650947,1.0217454677042195
0.1,19.478163572674365,1.022093591641471
0.1,19.927585959697783,1.0224581626078741
0.1,20.3770083467212,1.0228370341042532
0.1,20.82643073374462,1.0232181813410444
0.1,21.275853120768037,1.023600779951697
0.1,21.725275507791455,1.0239950169040848
0.1,22.174697894814873,1.0244020838439019
0.1,22.54835711062849,1.0247447460251586
0.1,22.922016326442108,1.0250845449793797
0.1,23.295675542255726,1.0254191046269676
0.1,23.669334758069343,1.0257566792161001
0.1,24.04299397388296,1.0261085722152936
0.1,24.41665318969658,1.0264767102543675
0.1,24.790312405510196,1.0268542816413002
0.1,25.163971621323814,1.0272345501714666
0.1,25.53763083713743,1.0276176007304867
0.1,25.91129005295105,1.0280082360283853
0.1,26.32411517535847,1.0284506984777975
0.1,26.736940297765894,1.028903724864492
0.1,27.149765420173317,1.0293657372848084
0.1,27.56259054258074,1.0298344502931713
0.1,27.975415664988162,1.0303061954215378
0.1,28.388240787395585,1.0307803410123089
0.1,28.801065909803008,1.0312625039924648
0.1,29.21389103221043,1.0317571780019041
0.1,29.626716154617853,1.0322611208308772
0.1,30.039541277025275,1.0327699476362184
0.1,30.452366399432698,1.033285930226983
0.1,30.79498575260389,1.0337229997560697
0.1,31.13760510577508,1.0341685824029911
0.1,31.48022445894627,1.0346185143277795
0.1,31.822843812117462,1.0350693193273728
0.1,32.16546316528866,1.0355213621455195
0.1,32.50808251845985,1.035979281493171
0.1,32.850701871631045,1.0364476953330677
0.1,33.19332122480224,1.036926864434595
0.1,33.535940577973435,1.0374135085370213
0.1,33.87855993114463,1.0379050147386684
0.1,34.221179284315824,1.038402221184309
0.1,34.56379863748702,1.0389074815470272
0.1,34.90641799065821,1.0394214191255666
0.1,35.24903734382941,1.0399424117449325
0.1,35.5916566970006,1.0404688272933713
0.1,35.934276050171796,1.041001410788641
0.1,36.27689540334299,1.0415422632464362
0.1,36.619514756514185,1.0420921296148664
0.1,36.96213410968538,1.0426497808188637
0.1,37.304753462856574,1.0432138030541096
0.1,37.64737281602777,1.043784736673014
0.1,37.98999216919896,1.0443644921233355
0.1,38.33261152237016,1.0449542588183895
0.1,38.67523087554135,1.0455542855747775
0.1,39.01785022871255,1.046164605866032
0.1,39.36046958188374,1.046784754826403
0.1,39.703088935054936,1.0474131023904414
0.1,40.04570828822613,1.0480476530140563
0.1,40.388327641397325,1.0486882664011588
0.1,40.673776513329756,1.0492279618753404
0.1,40.95922538526219,1.0497745891036037
0.1,41.24467425719462,1.050328841935215
0.1,41.53012312912705,1.0508901307296294
0.1,41.76382938747919,1.0513538468582988
0.1,41.945538617782745,1.0517161236587638
0.1,42.1272478480863,1.0520796178809797
0.1,42.30895707838985,1.0524453066604185
0.1,42.490666308693406,1.0528149778569764
0.1,42.72709170678714,1.0533033893143369
0.1,42.96351710488088,1.0537996039309492
0.1,43.199942502974615,1.0543017681185582
0.1,43.43636790106835,1.0548087202457859
0.1,43.727903303746054,1.0554405389495927
0.1,44.019438706423756,1.0560793827609678
0.1,44.31097410910146,1.0567257017689669
0.1,44.60250951177916,1.057380478248216
0.1,44.89404491445686,1.0580446077756098
0.1,45.185580317134566,1.0587181736261713
0.1,45.47711571981227,1.0594003702599357
0.1,45.76865112248997,1.060090300807092
0.1,46.06018652516767,1.0607878720188908
0.1,46.351721927845375,1.0614937894271814
0.1,46.64325733052308,1.0622088029912595
0.1,46.93479273320078,1.062933207404524
0.1,47.22632813587848,1.0636670159230708
0.1,47.55225295813538,1.0644986896003945
0.1,47.87817778039227,1.0653427797565755
0.1,48.204102602649165,1.0661998803789492
0.1,48.53002742490606,1.06707040790189
0.1,48.85595224716295,1.067954419309459
0.1,49.18187706941985,1.0688516323672386
0.1,49.50780189167674,1.0697617552483476
0.1,49.833726713933636,1.070685012750938
0.1,50.15965153619053,1.071622315427672
0.1,50.485576358447425,1.0725747379437782
0.1,50.81150118070432,1.0735427992714768
0.1,51.13742600296121,1.0745263179899056
0.1,51.46335082521811,1.0755248591135855
0.1,51.789275647475,1.0765382418684861
0.1,52.115200469731896,1.0775668522370907
0.1,52.383604205518246,1.0784260165644561
0.1,52.652007941304596,1.079296841152029
0.1,52.92041167709095,1.0801799250359405
0.1,53.1888154128773,1.0810754251773194
0.1,53.45721914866365,1.0819831539834315
0.1,53.72562288445,1.0829029339157676
0.1,53.99402662023635,1.0838347807990851
0.1,54.2624303560227,1.0847789334186453
0.1,54.53083409180905,1.0857357408437813
0.1,54.7992378275954,1.0867056082383446
0.1,55.06764156338175,1.087688985852681
0.1,55.3360452991681,1.088686302332656
0.1,55.60444903495445,1.0896978743653767
0.1,55.902130621460785,1.0908367226521818
0.1,56.19981220796712,1.0919937142340652
0.1,56.497493794473456,1.0931693639480964
0.1,56.79517538097979,1.094364328056546
0.1,57.09285696748613,1.0955792617089892
0.1,57.390538553992464,1.0968147050074932
0.1,57.6882201404988,1.098071026875472
0.1,57.985901727005135,1.0993484049463587
0.1,58.28358331351147,1.100646964216881
0.1,58.58126490001781,1.1019671365049732
0.1,58.87894648652414,1.103309904583855
0.1,59.17662807303048,1.1046765390803372
0.1,59.474309659536814,1.1060680441359976
0.1,59.72205771894875,1.1072454951618191
0.1,59.96980577836068,1.1084406989055318
0.1,60.21755383777261,1.1096539775317098
0.1,60.465301897184546,1.110885913599734
0.1,60.752000034689786,1.1123357097559659
0.1,61.038698172195026,1.113812279869011
0.1,61.2734657738924,1.1150418111260985
0.1,61.50823337558977,1.116290073362716
0.1,61.74300097728714,1.1175574874392833
0.1,61.97776857898451,1.118844607426011
0.1,62.21253618068188,1.1201520800051252
0.1,62.44730378237925,1.1214805742260079
0.1,62.68207138407662,1.1228307315021424
0.1,62.91683898577399,1.1242031363797516
0.1,63.15160658747136,1.1255983356348778
0.1,63.386374189168734,1.1270169037322613
0.1,63.621141790866105,1.1284595263827133
0.1,63.855909392563476,1.1299270444311948
0.1,64.09067699426085,1.131420395588869
0.1,64.32544459595822,1.1329405125705956
0.1,64.56021219765559,1.1344882664598592
0.1,64.79497979935296,1.1360645320254725
0.1,65.02974740105033,1.1376703091480727
0.1,65.2645150027477,1.1393067807915886
0.1,65.49928260444507,1.140975262749366
0.1,65.73405020614244,1.1426770990015116
0.1,65.96881780783981,1.1444135942427653
0.1,66.20358540953718,1.1461860282039873
0.1,66.43835301123455,1.1479957524158206
0.1,66.67312061293192,1.149844329192809
0.1,66.9078882146293,1.151733575942079
0.1,67.14265581632667,1.153665506773074
0.1,67.37742341802404,1.1556422198213678
0.1,67.61219101972141,1.157665868967347
0.1,67.84695862141878,1.1597387610120091
0.1,68.08172622311615,1.1618635059539286
0.1,68.31649382481352,1.1640431046815412
0.1,68.55126142651089,1.1662809261421063
0.1,68.78602902820826,1.1685806581958784
0.1,69.02079662990563,1.1709463190068585
0.1,69.255564231603,1.173382336461366
0.1,69.49033183330037,1.1758936743996826
0.1,69.72509943499774,1.1784859334722828
0.1,69.95986703669512,1.1811654605417743
0.1,70.19463463839249,1.1839394821128322
0.1,70.42940224008986,1.1868162674558524
0.1,70.69527762846974,1.1902105767856175
0.1,70.96115301684962,1.1937654713222245
0.1,71.2270284052295,1.1975006425014512
0.1,71.49290379360939,1.201440066954876
0.1,71.75877918198927,1.2056133200420402
0.1,72.02465457036915,1.2100573667508956
0.1,72.29052995874903,1.2148194008257442
0.1,72.55640534712892,1.2199602306707262
0.1,72.8222807355088,1.2255615153708415
0.1,73.08815612388868,1.2317335272408236
0.1,73.35403151226856,1.238630447949153
0.1,73.61990690064845,1.2464754950503252
0.1,73.88578228902833,1.2556061841042672
0.1,74.15165767740821,1.2665507138148497
0.1,74.41753306578809,1.2802159106501338
0.1,74.68340845416797,1.2981630169696037
0.1,74.90370600084263,1.3184365044841122
0.1,75.12400354751729,1.3471307973000979
0.1,75.34430109419195,1.3905828705178036
0.1,75.5645986408666,1.458407808924475
0.1,75.72959001207352,1.5270055396891826
0.1,75.75391673265864,1.5382068918835776
0.1,75.77824345324376,1.5494584887962461
0.1,75.80257017382888,1.560705118759054
0.1,75.85122361499914,1.582908805373772
0.1,75.8998770561694,1.6044565915664737
0.1,75.94853049733966,1.625045526751445
0.1,76.061062940479,1.6682582949506368
0.1,76.17359538361835,1.7045722604601274
0.1,76.28612782675769,1.7347216131981844
0.1,76.39866026989704,1.7594539352692586
0.1,76.54805523227546,1.7864883714247937
0.1,76.69745019465388,1.808584929819853
0.1,76.8468451570323,1.8272425080711319
0.1,76.99624011941073,1.8431954562244894
0.1,77.21518069912477,1.8629858564165978
0.1,77.43412127883882,1.8795205550757024
0.1,77.65306185855286,1.8937226600102441
0.1,77.8720024382669,1.9060294848313633
0.1,78.09094301798095,1.916941066225466
0.1,78.26928587906237,1.9249224501000257
0.1,78.44762874014378,1.932234502934525
0.1,78.6259716012252,1.9389982506789811
0.1,78.80431446230662,1.9452718147621582
0.1,78.98265732338804,1.9511223307935643
0.1,79.16100018446946,1.9566088162702888
0.1,79.33934304555088,1.9617732772852639
0.1,79.55613526973201,1.967678611811748
0.1,79.73551085500138,1.9722954576669436
0.1,79.91488644027075,1.976694428221464
0.1,80.09426202554012,1.9808995529070754
0.1,80.27363761080949,1.984933738313812
0.1,80.52642019580465,1.9903691221580784
0.1,80.7792027807998,1.995549804216083
0.1,81.03198536579497,2.0005135842862694
0.1,81.28476795079013,2.0052928919268695
0.1,81.53755053578529,2.0099232329959027
0.1,81.79033312078045,2.014426702961326
0.1,82.0431157057756,2.0188491715338226
0.1,82.29589829077077,2.023211664016662
0.1,82.54868087576592,2.027509715100506
0.1,82.80146346076108,2.0317526605306413
0.1,83.10822426249946,2.036850460054082
0.1,83.41498506423784,2.041936473133318
0.1,83.72174586597622,2.046974179620831
0.1,84.0285066677146,2.052049872242688
0.1,84.33526746945297,2.0573217725147654
0.1,84.64202827119135,2.06270338741529
0.1,84.94878907292973,2.068128996085956
0.1,85.29615742626628,2.0743531645132984
0.1,85.56729049286423,2.0792956377792655
0.1,85.61176057429442,2.0801187849709466
0.1,85.65623065572461,2.080951370938426
0.1,85.7007007371548,2.0817937908994146
0.1,85.78964090001517,2.083496909807435
0.1,85.87858106287554,2.08521788443585
0.1,85.96752122573591,2.086952747652222
0.1,86.20764818242193,2.0917113762419346
0.1,86.44777513910796,2.096590238339509
0.1,86.68790209579399,2.1016028043149912
0.1,86.98994499578637,2.108106989930707
0.1,87.29198789577876,2.1148540549245105
0.1,87.59403079577115,2.121871065673898
0.1,87.89607369576353,2.129186022987188
0.1,88.22943374953687,2.1376585666302885
0.1,88.5627938033102,2.146595195807399
0.1,88.89615385708353,2.156041623537053
0.1,89.22951391085687,2.1660723709530263
0.1,89.5628739646302,2.176761191584119
0.1,89.89623401840353,2.188188467496741
0.1,90.22959407217687,2.200441696456376
0.1,90.5629541259502,2.213665829211251
0.1,90.89631417972353,2.22806731999993
0.1,91.22967423349687,2.2438766978319316
0.1,91.5630342872702,2.2613330409789434
0.1,91.89639434104353,2.280766090003053
0.1,92.22975439481687,2.3026234884007506
0.1,92.59896940285701,2.3303436574154444
0.1,92.96818441089715,2.3626394782858884
0.1,93.3373994189373,2.4004635715921396
0.1,93.70661442697744,2.444533863341964
0.1,94.13670016072884,2.5032626585071434
0.1,94.56678589448023,2.5668921378820175
0.1,94.99687162823163,2.6299297226769847
0.1,95.42695736198303,2.68812772169027
0.1,95.85704309573443,2.7384958430556217
0.1,96.28712882948582,2.7815207118684104
0.1,96.71721456323722,2.8182492052382253
0.1,97.2053347222766,2.8542056101874183
0.1,97.69345488131599,2.885269701634006
0.1,98.18157504035537,2.9137505956876946
0.1,98.66969519939475,2.939893909618853
0.1,99.15781535843414,2.96443953401847
0.1,99.64593551747352,2.9880560245384293
0.1,100.1340556765129,3.0112156993444925
0.1,100.62217583555228,3.03428520080239
0.1,101.11029599459167,3.057604774182397
0.1,101.59841615363105,3.081455365081962
0.1,102.08653631267043,3.10607538247245
0.1,102.57465647170982,3.131698194659056
0.1,103.0627766307492,3.158576320287599
0.1,103.55089678978858,3.186981213444511
0.1,104.03901694882796,3.2171737895907087
0.1,104.52713710786735,3.2494093096008756
0.1,105.01525726690673,3.283956164402714
0.1,105.50337742594611,3.3210543539970336
0.1,105.9914975849855,3.3608320746028757
0.1,106.47961774402488,3.403246875199548
0.1,106.96773790306426,3.448017571206971
0.1,107.45585806210364,3.4945404613559137
0.1,107.94397822114303,3.541914248652481
0.1,108.43209838018241,3.5890976100337166
0.1,108.92021853922179,3.6351184290738963
0.1,109.40833869826118,3.6792103175271618
0.1,109.80900086979314,3.7136363526146714
0.1,110.2096630413251,3.7463911764696305
0.1,110.61032521285706,3.7775079241182454
0.1,111.01098738438903,3.80708622658762
0.1,111.48722957850427,3.840453136818421
0.1,111.96347177261951,3.8721268886195115
0.1,112.43971396673476,3.9023695557548557
0.1,112.91595616085,3.9314170695390867
0.1,113.4724309016494,3.9641413145746047
0.1,114.0289056424488,3.99583592828923
0.1,114.58538038324821,4.0267367740883095
0.1,115.14185512404761,4.057038801937238
0.1,115.69832986484701,4.086897816676873
0.1,116.25480460564641,4.116436829976667
0.1,116.81127934644582,4.145752186967648
0.1,117.36775408724522,4.174918377673137
0.1,117.92422882804462,4.2039860427101665
0.1,118.48070356884402,4.232982304839287
0.1,119.03717830964342,4.261913293822886
0.1,119.59365305044282,4.290764845366568
0.1,120.15012779124223,4.319503848853267
0.1,120.70660253204163,4.348078524249362
0.1,121.26307727284103,4.376418873398799
0.1,121.81955201364043,4.404440070638324
0.1,122.37602675443983,4.432047582580705
0.1,122.93250149523924,4.459141753736043
0.1,123.48897623603864,4.485622928700918
0.1,124.04545097683804,4.511397453061229
0.1,124.60192571763744,4.536382452147814
0.1,125.15840045843684,4.560509209835681
0.1,125.71487519923625,4.583724044564652
0.1,126.27134994003565,4.60598885905644
0.1,126.82782468083505,4.627282508864661
0.1,127.38429942163445,4.647599532370749
0.1,127.94077416243385,4.666947019228231
0.1,128.49724890323324,4.685341856588639
0.1,128.94674260111094,4.699520625064524
0.1,129.316710324657,4.710746950688002
0.1,129.68667804820308,4.721583752683228
0.1,130.05664577174915,4.732043063558122
0.1,130.42661349529521,4.742137090793637
0.1,130.8729216990656,4.753843166956473
0.1,131.319229902836,4.765051576340915
0.1,131.7655381066064,4.775780796143582
0.1,132.2118463103768,4.786050050473583
0.1,132.6581545141472,4.795879249101985
0.1,133.1044627179176,4.805288104469715
0.1,133.550770921688,4.814295220890891
0.1,134.07854348580526,4.824451555809211
0.1,134.6063160499225,4.8340979768684385
0.1,135.13408861403974,4.84326115661204
0.1,135.66186117815698,4.851966090897896
0.1,136.18963374227422,4.860236235963873
0.1,136.71740630639147,4.86809385513177
0.1,137.2451788705087,4.875559979924749
0.1,137.77295143462595,4.882654282572405
0.1,138.3007239987432,4.889395305590778
0.1,138.82849656286044,4.895800749441322
0.1,139.35626912697768,4.901887339892626
0.1,139.88404169109492,4.90767060215031
0.1,140.41181425521216,4.913165024505928
0.1,141.04393334439496,4.919384964008412
0.1,141.67605243357775,4.925233045706253
0.1,142.30817152276055,4.9307303420784
0.1,142.94029061194334,4.935896646040226
0.1,143.6835920183979,4.941573350150368
0.1,144.42689342485244,4.946846635208957
0.1,145.170194831307,4.951742729581141
0.1,145.91349623776154,4.956285702561177
0.1,146.65679764421608,4.960498415039448
0.1,147.40009905067063,4.964402825290573
0.1,148.14340045712518,4.968019417321697
0.1,148.96885582280342,4.9717209079729985
0.1,149.79431118848166,4.975113562078243
0.1,150.6197665541599,4.978219199396925
0.1,151.44522191983813,4.981059072054821
0.1,152.27067728551637,4.983653601812448
0.1,153.0961326511946,4.986021092746592
0.1,153.92158801687285,4.988177409985395
0.1,154.74704338255108,4.990137416918143
0.1,155.57249874822932,4.99191611820724
0.1,156.39795411390756,4.99352790600881
0.1,157.2234094795858,4.994985405338657
0.1,158.04886484526403,4.996299879648333
0.1,158.87432021094227,4.997482407971428
0.1,159.6997755766205,4.998543885246626
0.1,160.52523094229875,4.999494052112571
0.1,161.35068630797699,5.0
0.1,162.17614167365522,5.0
0.1,163.00159703933346,5.0
0.1,163.8270524050117,5.0
0.1,164.65250777068994,5.0
0.1,165.47796313636817,5.0
0.1,166.3034185020464,5.0
0.1,167.12887386772465,5.0
0.1,167.9543292334029,5.0
0.1,168.77978459908113,5.0
0.1,169.60523996475936,5.0
0.1,170.4306953304376,5.0
0.1,171.25615069611584,5.0
0.1,172.08160606179408,5.0
0.1,172.9070614274723,5.0
0.1,173.73251679315055,5.0
0.1,174.5579721588288,5.0
0.1,175.38342752450703,5.0
0.1,176.20888289018527,5.0
0.1,177.0343382558635,5.0
0.1,177.85979362154174,5.0
0.1,178.68524898721998,5.0
0.1,179.51070435289822,5.0
0.1,180.33615971857645,5.0
0.1,181.1616150842547,5.0
0.1,181.98707044993293,5.0
0.1,182.81252581561117,5.0
0.1,183.47613042544353,5.0
0.1,184.1397350352759,5.0
0.1,184.80333964510825,5.0
0.1,185.4669442549406,5.0
0.1,185.99137124790147,5.0
0.1,186.51579824086232,5.0
0.1,187.04022523382318,5.0
0.1,187.56465222678403,5.0
0.1,188.0890792197449,5.0
0.1,188.61350621270574,5.0
0.1,189.1379332056666,5.0
0.1,189.66236019862745,5.0
0.1,190.1867871915883,5.0
0.1,190.71121418454916,5.0
0.1,191.3933501556548,5.0
0.1,192.0754861267604,5.0
0.1,192.75762209786603,5.0
0.1,193.43975806897166,5.0
0.1,194.22312118603168,5.0
0.1,195.0064843030917,5.0
0.1,195.78984742015172,5.0
0.1,196.57321053721174,5.0
0.1,197.35657365427176,5.0
0.1,198.13993677133178,5.0
0.1,198.9232998883918,5.0
0.1,199.70666300545182,5.0
0.1,200.3424729629142,5.0
0.1,200.97828292037659,5.0
0.1,201.61409287783897,5.0
0.1,202.24990283530136,5.0
0.1,202.76515840360153,5.0
0.1,203.1721109397622,5.0
0.1,203.57906347592288,5.0
0.1,203.98601601208355,5.0
0.1,204.39296854824423,5.0
0.1,204.7999210844049,5.0
0.1,205.20687362056557,5.0
0.1,205.61382615672625,5.0
0.1,206.02077869288692,5.0
0.1,206.4277312290476,5.0
0.1,206.74050820577628,5.0
0.1,207.05328518250496,5.0
0.1,207.36606215923365,5.0
0.1,207.67883913596233,5.0
0.1,207.99161611269102,5.0
0.1,208.0432126699456,5.0
0.1,208.0510644113523,5.0
0.1,208.05891615275902,5.0
0.1,208.06676789416574,5.0
0.1,208.08247137697916,5.0
0.1,208.09817485979258,5.0
0.1,208.21790528695507,5.0
0.1,208.33763571411757,5.0
0.1,208.49323842314473,5.0
0.1,208.6488411321719,5.0
0.1,208.80444384119906,5.0
0.1,209.0564893019589,5.0
0.1,209.30853476271872,5.0
0.1,209.56058022347855,5.0
0.1,209.91190520315416,5.0
0.1,210.26323018282977,5.0
0.1,210.61455516250538,5.0
0.1,210.965880142181,5.0
0.1,211.3172051218566,5.0
0.1,211.6685301015322,5.0
0.1,212.08151546704173,5.0
0.1,212.49450083255124,5.0
0.1,212.90748619806075,5.0
0.1,213.32047156357027,5.0
0.1,213.84169396598676,5.0
0.1,214.36291636840326,5.0
0.1,214.88413877081976,5.0
0.1,215.40536117323626,5.0
0.1,215.92658357565276,5.0
0.1,216.44780597806925,5.0
0.1,216.96902838048575,5.0
0.1,217.49025078290225,5.0
0.1,218.01147318531875,5.0
0.1,218.53269558773525,5.0
0.1,219.05391799015175,5.0
0.1,219.57514039256824,5.0
0.1,220.09636279498474,5.0
0.1,220.50767639348186,5.0
0.1,220.91898999197898,5.0
0.1,221.3303035904761,5.0
0.1,221.7416171889732,5.0
0.1,222.15293078747032,5.0
0.1,222.56424438596744,5.0
0.1,222.97555798446456,5.0
0.1,223.5540952335314,5.0
0.1,224.13263248259824,5.0
0.1,224.71116973166508,5.0
0.1,225.17922795497435,5.0
0.1,225.64728617828362,5.0
0.1,226.1153444015929,5.0
0.1,226.58340262490216,5.0
0.1,227.05146084821143,5.0
0.1,227.5195190715207,5.0
0.1,227.8926654639806,5.0
0.1,227.95837281709396,5.0
0.1,228.02408017020733,5.0
0.1,228.0897875233207,5.0
0.1,228.22120222954746,5.0
0.1,228.35261693577422,5.0
0.1,228.48403164200099,5.0
0.1,228.83040555799053,5.0
0.1,229.17677947398008,5.0
0.1,229.52315338996962,5.0
0.1,229.86952730595917,5.0
0.1,230.4086025452765,5.0
0.1,230.94767778459382,5.0
0.1,231.48675302391115,5.0
0.1,232.02582826322848,5.0
0.1,232.5649035025458,5.0
0.1,233.10397874186313,5.0
0.1,233.64305398118046,5.0
0.1,234.18212922049779,5.0
0.1,234.82427121714545,5.0
0.1,235.46641321379312,5.0
0.1,236.10855521044078,5.0
0.1,236.75069720708845,5.0
0.1,237.39283920373612,5.0
0.1,238.03498120038378,5.0
0.1,238.67712319703145,5.0
0.1,238.77684254266333,5.0
0.1,238.8765618882952,5.0
0.1,238.9762812339271,5.0
0.1,239.07600057955898,5.0
0.1,239.24926568731343,5.0
0.1,239.42253079506787,5.0
0.1,239.59579590282232,5.0
0.1,239.93915238147568,5.0
0.1,240.28250886012904,5.0
0.1,240.6258653387824,5.0
0.1,240.96922181743577,5.0
0.1,241.31257829608913,5.0
0.1,241.6559347747425,5.0
0.1,242.0661890049442,5.0
0.1,242.4764432351459,5.0
0.1,242.8866974653476,5.0
0.1,243.2969516955493,5.0
0.1,243.81766949871542,5.0
0.1,244.33838730188154,5.0
0.1,244.85910510504766,5.0
0.1,245.37982290821378,5.0
0.1,245.9005407113799,5.0
0.1,246.42125851454603,5.0
0.1,246.94197631771215,5.0
0.1,247.46269412087827,5.0
0.1,247.9834119240444,5.0
0.1,248.5041297272105,5.0
0.1,249.02484753037663,5.0
0.1,249.54556533354275,5.0
0.1,250.06628313670888,5.0
0.1,250.587000939875,5.0
0.1,251.10771874304112,5.0
0.1,251.62843654620724,5.0
0.1,252.14915434937336,5.0
0.1,252.66987215253948,5.0
0.1,253.1905899557056,5.0
0.1,253.71130775887173,5.0
0.1,254.1309289320916,5.0
0.1,254.55055010531146,5.0
0.1,254.97017127853132,5.0
0.1,255.3897924517512,5.0
0.1,255.87700496507173,5.0
0.1,256.3642174783923,5.0
0.1,256.85142999171285,5.0
0.1,257.3386425050334,5.0
0.1,257.825855018354,5.0
0.1,258.31306753167456,5.0
0.1,258.80028004499513,5.0
0.1,259.2874925583157,5.0
0.1,259.7747050716363,5.0
0.1,260.26191758495685,5.0
0.1,260.7491300982774,5.0
0.1,261.14818436114734,5.0
0.1,261.2050866226143,5.0
0.1,261.2619888840813,5.0
0.1,261.31889114554826,5.0
0.1,261.43269566848215,5.0
0.1,261.54650019141604,5.0
0.1,261.66030471434993,5.0
0.1,261.98902135025617,5.0
0.1,262.3177379861624,5.0
0.1,262.64645462206863,5.0
0.1,263.05483919672326,5.0
0.1,263.4632237713779,5.0
0.1,263.87160834603253,5.0
0.1,264.27999292068716,5.0
0.1,264.6883774953418,5.0
0.1,265.09676206999643,5.0
0.1,265.50514664465106,5.0
0.1,265.9135312193057,5.0
0.1,266.32191579396033,5.0
0.1,266.73030036861496,5.0
0.1,267.1386849432696,5.0
0.1,267.5470695179242,5.0
0.1,267.95545409257886,5.0
0.1,268.4080745102669,5.0
0.1,268.8606949279549,5.0
0.1,269.31331534564293,5.0
0.1,269.76593576333096,5.0
0.1,270.218556181019,5.0
0.1,270.671176598707,5.0
0.1,271.12379701639503,5.0
0.1,271.57641743408306,5.0
0.1,272.0290378517711,5.0
0.1,272.4816582694591,5.0
0.1,273.0911935385958,5.0
0.1,273.7007288077325,5.0
0.1,274.3102640768692,5.0
0.1,274.9197993460059,5.0
0.1,275.5293346151426,5.0
0.1,276.1388698842793,5.0
0.1,276.748405153416,5.0
0.1,277.3579404225527,5.0
0.1,277.9674756916894,5.0
0.1,278.5770109608261,5.0
0.1,279.1865462299628,5.0
0.1,279.7960814990995,5.0
0.1,280.4056167682362,5.0
0.1,281.0151520373729,5.0
0.1,281.5187487507775,5.0
0.1,282.0223454641821,5.0
0.1,282.52594217758667,5.0
0.1,283.02953889099126,5.0
0.1,283.53313560439585,5.0
0.1,284.03673231780044,5.0
0.1,284.54032903120503,5.0
0.1,285.0439257446096,5.0
0.1,285.5475224580142,5.0
0.1,285.96371117798225,5.0
0.1,286.3798998979503,5.0
0.1,286.7960886179183,5.0
0.1,287.21227733788635,5.0
0.1,287.6284660578544,5.0
0.1,288.0446547778224,5.0
0.1,288.46084349779045,5.0
0.1,288.8770322177585,5.0
0.1,289.2932209377265,5.0
0.1,289.70940965769455,5.0
0.1,290.2566925903038,5.0
0.1,290.8039755229131,5.0
0.1,291.3512584555224,5.0
0.1,291.89854138813166,5.0
0.1,292.44582432074094,5.0
0.1,292.9931072533502,5.0
0.1,293.5403901859595,5.0
0.1,294.0876731185688,5.0
0.1,294.63495605117805,5.0
0.1,295.18223898378733,5.0
0.1,295.7844016840685,5.0
0.1,296.38656438434964,5.0
0.1,296.9887270846308,5.0
0.1,297.59088978491195,5.0
0.1,298.1930524851931,5.0
0.1,298.79521518547426,5.0
0.1,299.3973778857554,5.0
0.1,299.9995405860366,5.0
0.1,300.60170328631773,5.0
0.1,301.2038659865989,5.0
0.1,301.80602868688004,5.0
0.1,302.4081913871612,5.0
0.1,303.01035408744235,5.0
0.1,303.6125167877235,5.0
0.1,304.21467948800466,5.0
0.1,304.8168421882858,5.0
0.1,305.419004888567,5.0
0.1,306.02116758884813,5.0
0.1,306.6233302891293,5.0
0.1,307.22549298941044,5.0
0.1,307.8276556896916,5.0
0.1,308.42981838997275,5.0
0.1,309.0319810902539,5.0
0.1,309.63414379053506,5.0
0.1,310.2363064908162,5.0
0.1,310.8384691910974,5.0
0.1,311.44063189137853,5.0
0.1,312.0427945916597,5.0
0.1,312.64495729194084,5.0
0.1,313.247119992222,5.0
0.1,313.84928269250315,5.0
0.1,314.4514453927843,5.0
0.1,315.05360809306546,5.0
0.1,315.6557707933466,5.0
0.1,316.2579334936278,5.0
0.1,316.86009619390893,5.0
0.1,317.4622588941901,5.0
0.1,318.06442159447124,5.0
0.1,318.6665842947524,5.0
0.1,319.26874699503355,5.0
0.1,319.8709096953147,5.0
0.1,320.47307239559586,5.0
0.1,321.075235095877,5.0
0.1,321.6773977961582,5.0
0.1,322.27956049643933,5.0
0.1,322.8817231967205,5.0
0.1,323.48388589700164,5.0
0.1,324.0860485972828,5.0
0.1,324.68821129756395,5.0
0.1,325.2903739978451,5.0
0.1,325.89253669812626,5.0
0.1,326.4946993984074,5.0
0.1,327.0968620986886,5.0
0.1,327.69902479896973,5.0
0.1,328.3011874992509,5.0
0.1,328.90335019953204,5.0
0.1,329.5055128998132,5.0
0.1,330.10767560009435,5.0
0.1,330.7098383003755,5.0
0.1,331.31200100065666,5.0
0.1,331.9141637009378,5.0
0.1,332.516326401219,5.0
0.1,333.11848910150013,5.0
0.1,333.7206518017813,5.0
0.1,334.32281450206244,5.0
0.1,334.9249772023436,5.0
0.1,335.52713990262475,5.0
0.1,336.1293026029059,5.0
0.1,336.73146530318706,5.0
0.1,337.3336280034682,5.0
0.1,337.9357907037494,5.0
0.1,338.53795340403053,5.0
0.1,339.1401161043117,5.0
0.1,339.74227880459284,5.0
0.1,340.344441504874,5.0
0.1,340.94660420515515,5.0
0.1,341.5487669054363,5.0
0.1,342.15092960571747,5.0
0.1,342.7530923059986,5.0
0.1,343.3552550062798,5.0
0.1,343.95741770656093,5.0
0.1,344.5595804068421,5.0
0.1,345.16174310712324,5.0
0.1,345.7639058074044,5.0
0.1,346.36606850768555,5.0
0.1,346.9682312079667,5.0
0.1,347.57039390824787,5.0
0.1,348.172556608529,5.0
0.1,348.7747193088102,5.0
0.1,349.37688200909133,5.0
0.1,349.9790447093725,5.0
0.1,350.58120740965364,5.0
0.1,351.1833701099348,5.0
0.1,351.6839493787584,5.0
0.1,352.18452864758206,5.0
0.1,352.6851079164057,5.0
0.1,353.1856871852293,5.0
0.1,353.68626645405294,5.0
0.1,354.18684572287657,5.0
0.1,354.5907824581473,5.0
0.1,354.66175134274357,5.0
0.1,354.7327202273398,5.0
0.1,354.8036891119361,5.0
0.1,354.9456268811286,5.0
0.1,355.0875646503211,5.0
0.1,355.2295024195136,5.0
0.1,355.6048137022886,5.0
0.1,355.9801249850636,5.0
0.1,356.35543626783857,5.0
0.1,356.73074755061356,5.0
0.1,357.2986033150775,5.0
0.1,357.86645907954147,5.0
0.1,358.4343148440054,5.0
0.1,359.0021706084694,5.0
0.1,359.57002637293334,5.0
0.1,360.1378821373973,5.0
0.1,360.70573790186126,5.0
0.1,361.2735936663252,5.0
0.1,361.84144943078917,5.0
0.1,362.4093051952531,5.0
0.1,362.9771609597171,5.0
0.1,363.54501672418104,5.0
0.1,364.112872488645,5.0
0.1,364.68072825310895,5.0
0.1,365.2485840175729,5.0
0.1,365.81643978203687,5.0
0.1,366.3842955465008,5.0
0.1,366.9521513109648,5.0
0.1,367.52000707542874,5.0
0.1,368.0878628398927,5.0
0.1,368.65571860435665,5.0
0.1,369.2235743688206,5.0
0.1,369.79143013328456,5.0
0.1,370.3592858977485,5.0
0.1,370.9271416622125,5.0
0.1,371.49499742667643,5.0
0.1,372.0628531911404,5.0
0.1,372.63070895560435,5.0
0.1,373.1985647200683,5.0
0.1,373.76642048453226,5.0
0.1,374.3342762489962,5.0
0.1,374.9021320134602,5.0
0.1,375.46998777792413,5.0
0.1,376.0378435423881,5.0
0.1,376.6701030400559,5.0
0.1,377.3023625377237,5.0
0.1,377.9346220353915,5.0
0.1,378.5668815330593,5.0
0.1,379.1991410307271,5.0
0.1,379.8314005283949,5.0
0.1,380.4636600260627,5.0
0.1,381.0959195237305,5.0
0.1,381.7281790213983,5.0
0.1,382.3604385190661,5.0
0.1,382.9926980167339,5.0
0.1,383.62495751440173,5.0
0.1,384.25721701206953,5.0
0.1,384.88947650973734,5.0
0.1,385.52173600740514,5.0
0.1,386.15399550507294,5.0
0.1,386.78625500274075,5.0
0.1,387.2956264911262,5.0
0.1,387.80499797951165,5.0
0.1,388.3143694678971,5.0
0.1,388.82374095628256,5.0
0.1,389.333112444668,5.0
0.1,389.8424839330535,5.0
0.1,390.2450023096569,5.0
0.1,390.3189799613308,5.0
0.1,390.3929576130047,5.0
0.1,390.46693526467857,5.0
0.1,390.6148905680264,5.0
0.1,390.7628458713742,5.0
0.1,390.91080117472205,5.0
0.1,391.2953299581057,5.0
0.1,391.67985874148934,5.0
0.1,392.064387524873,5.0
0.1,392.4489163082566,5.0
0.1,393.0460682116236,5.0
0.1,393.6432201149906,5.0
0.1,394.24037201835756,5.0
0.1,394.83752392172454,5.0
0.1,395.4346758250915,5.0
0.1,396.0318277284585,5.0
0.1,396.6289796318255,5.0
0.1,397.11487769418335,5.0
0.1,397.6007757565412,5.0
0.1,398.0866738188991,5.0
0.1,398.572571881257,5.0
0.1,399.1150992065336,5.0
0.1,399.65762653181025,5.0
0.1,400.2001538570869,5.0
0.1,400.7426811823635,5.0
0.1,401.28520850764016,5.0
0.1,401.8277358329168,5.0
0.1,402.37026315819344,5.0
0.1,402.9127904834701,5.0
0.1,403.4553178087467,5.0
0.1,403.99784513402335,5.0
0.1,404.5403724593,5.0
0.1,405.0828997845766,5.0
0.1,405.62542710985326,5.0
0.1,406.1679544351299,5.0
0.1,406.6122754489833,5.0
0.1,407.05659646283675,5.0
0.1,407.5009174766902,5.0
0.1,407.9452384905436,5.0
0.1,408.389559504397,5.0
0.1,408.83388051825045,5.0
0.1,409.2782015321039,5.0
0.1,409.7225225459573,5.0
0.1,410.16684355981073,5.0
0.1,410.61116457366415,5.0
0.1,411.0554855875176,5.0
0.1,411.499806601371,5.0
0.1,411.94412761522443,5.0
0.1,412.4637586068062,5.0
0.1,412.983389598388,5.0
0.1,413.50302058996976,5.0
0.1,414.02265158155154,5.0
0.1,414.5422825731333,5.0
0.1,414.9601265590845,5.0
0.1,415.30555843448104,5.0
0.1,415.6509903098776,5.0
0.1,415.9964221852742,5.0
0.1,416.34185406067076,5.0
0.1,416.7932627542403,5.0
0.1,417.2446714478098,5.0
0.1,417.69608014137935,5.0
0.1,418.1474888349489,5.0
0.1,418.5988975285184,5.0
0.1,419.05030622208795,5.0
0.1,419.5017149156575,5.0
0.1,420.04190628494746,5.0
0.1,420.58209765423743,5.0
0.1,421.1222890235274,5.0
0.1,421.6624803928174,5.0
0.1,422.20267176210734,5.0
0.1,422.7428631313973,5.0
0.1,423.2830545006873,5.0
0.1,423.8840061602697,5.0
0.1,424.48495781985207,5.0
0.1,425.08590947943446,5.0
0.1,425.68686113901686,5.0
0.1,426.28781279859925,5.0
0.1,426.88876445818164,5.0
0.1,427.48971611776403,5.0
0.1,428.0906677773464,5.0
0.1,428.6916194369288,5.0
0.1,429.2925710965112,5.0
0.1,429.95871451436705,5.0
0.1,430.6248579322229,5.0
0.1,431.2910013500787,5.0
0.1,431.95714476793455,5.0
0.1,432.6232881857904,5.0
0.1,433.2894316036462,5.0
0.1,433.95557502150206,5.0
0.1,434.50244575142153,5.0
0.1,434.94625716097636,5.0
0.1,435.3900685705312,5.0
0.1,435.833879980086,5.0
0.1,436.27769138964084,5.0
0.1,436.79202516036804,5.0
0.1,437.30635893109525,5.0
0.1,437.82069270182245,5.0
0.1,438.33502647254966,5.0
0.1,438.84936024327686,5.0
0.1,439.36369401400407,5.0
0.1,439.8780277847313,5.0
0.1,440.3923615554585,5.0
0.1,440.9066953261857,5.0
0.1,441.4210290969129,5.0
0.1,441.9353628676401,5.0
0.1,442.4496966383673,5.0
0.1,442.9640304090945,5.0
0.1,443.4783641798217,5.0
0.1,443.9926979505489,5.0
0.1,444.5070317212761,5.0
0.1,445.0825100231857,5.0
0.1,445.6579883250953,5.0
0.1,446.2334666270049,5.0
0.1,446.80894492891446,5.0
0.1,447.38442323082404,5.0
0.1,447.9599015327336,5.0
0.1,448.5353798346432,5.0
0.1,449.17393113543056,5.0
0.1,449.8124824362179,5.0
0.1,450.4510337370053,5.0
0.1,451.08958503779263,5.0
0.1,451.72813633858,5.0
0.1,452.36668763936734,5.0
0.1,453.0052389401547,5.0
0.1,453.64379024094205,5.0
0.1,454.2823415417294,5.0
0.1,454.92089284251676,5.0
0.1,455.5594441433041,5.0
0.1,456.1979954440915,5.0
0.1,456.83654674487883,5.0
0.1,457.4750980456662,5.0
0.1,458.11364934645354,5.0
0.1,458.7522006472409,5.0
0.1,459.39075194802825,5.0
0.1,460.0293032488156,5.0
0.1,460.66785454960296,5.0
0.1,461.3064058503903,5.0
0.1,461.9449571511777,5.0
0.1,462.58350845196503,5.0
0.1,463.2220597527524,5.0
0.1,463.86061105353974,5.0
0.1,464.4991623543271,5.0
0.1,465.13771365511445,5.0
0.1,465.7762649559018,5.0
0.1,466.41481625668916,5.0
0.1,467.0533675574765,5.0
0.1,467.6919188582639,5.0
0.1,468.33047015905123,5.0
0.1,468.9690214598386,5.0
0.1,469.60757276062594,5.0
0.1,470.2461240614133,5.0
0.1,470.9548874481346,5.0
0.1,471.66365083485596,5.0
0.1,472.3724142215773,5.0
0.1,473.0811776082986,5.0
0.1,473.78994099501995,5.0
0.1,474.4987043817413,5.0
0.1,475.2074677684626,5.0
0.1,475.91623115518394,5.0
0.1,476.62499454190527,5.0
0.1,477.3337579286266,5.0
0.1,478.0425213153479,5.0
0.1,478.75128470206926,5.0
0.1,479.4600480887906,5.0
0.1,480.1688114755119,5.0
0.1,480.87757486223325,5.0
0.1,481.5863382489546,5.0
0.1,482.2951016356759,5.0
0.1,483.00386502239724,5.0
0.1,483.71262840911857,5.0
0.1,484.4213917958399,5.0
0.1,485.1301551825612,5.0
0.1,485.83891856928255,5.0
0.1,486.5476819560039,5.0
0.1,487.2564453427252,5.0
0.1,487.96520872944654,5.0
0.1,488.6739721161679,5.0
0.1,489.3827355028892,5.0
0.1,490.09149888961053,5.0
0.1,490.80026227633186,5.0
0.1,491.5090256630532,5.0
0.1,492.2177890497745,5.0
0.1,492.92655243649585,5.0
0.1,493.6353158232172,5.0
0.1,494.3440792099385,5.0
0.1,495.05284259665984,5.0
0.1,495.7616059833812,5.0
0.1,496.4703693701025,5.0
0.1,497.17913275682383,5.0
0.1,497.88789614354516,5.0
0.1,498.5966595302665,5.0
0.1,499.3054229169878,5.0
0.1,500.01418630370915,5.0
0.1,500.7229496904305,5.0
0.1,501.4317130771518,5.0
0.1,502.14047646387314,5.0
0.1,502.8492398505945,5.0
0.1,503.5580032373158,5.0
0.1,504.26676662403713,5.0
0.1,504.97553001075846,5.0
0.1,505.6842933974798,5.0
0.1,506.3930567842011,5.0
0.1,507.10182017092245,5.0
0.1,507.8105835576438,5.0
0.1,508.36431687727116,5.0
0.1,508.91805019689855,5.0
0.1,509.47178351652593,5.0
0.1,510.0255168361533,5.0
0.1,510.5792501557807,5.0
0.1,511.1329834754081,5.0
0.1,511.68671679503547,5.0
0.1,512.2404501146628,5.0
0.1,512.7941834342902,5.0
0.1,513.3479167539175,5.0
0.1,513.9016500735448,5.0
0.1,514.4553833931722,5.0
0.1,515.0091167127995,5.0
0.1,515.5628500324268,5.0
0.1,516.1165833520541,5.0
0.1,516.6703166716815,5.0
0.1,517.2240499913088,5.0
0.1,517.7777833109361,5.0
0.1,518.3315166305634,5.0
0.1,518.8852499501908,5.0
0.1,519.4389832698181,5.0
0.1,519.9927165894454,5.0
0.1,520.6774829819493,5.0
0.1,521.3622493744532,5.0
0.1,522.0470157669571,5.0
0.1,522.731782159461,5.0
0.1,523.4165485519649,5.0
0.1,524.1013149444688,5.0
0.1,524.7860813369726,5.0
0.1,525.4708477294765,5.0
0.1,526.1556141219804,5.0
0.1,526.8403805144843,5.0
0.1,527.5251469069882,5.0
0.1,528.2099132994921,5.0
0.1,528.894679691996,5.0
0.1,529.5794460844999,5.0
0.1,530.2642124770038,5.0
0.1,530.9489788695076,5.0
0.1,531.6337452620115,5.0
0.1,532.3185116545154,5.0
0.1,533.0032780470193,5.0
0.1,533.6880444395232,5.0
0.1,534.3728108320271,5.0
0.1,535.057577224531,5.0
0.1,535.7423436170349,5.0
0.1,536.4271100095388,5.0
0.1,537.1118764020426,5.0
0.1,537.7966427945465,5.0
0.1,538.4814091870504,5.0
0.1,539.1661755795543,5.0
0.1,539.8509419720582,5.0
0.1,540.5357083645621,5.0
0.1,541.220474757066,5.0
0.1,541.9052411495699,5.0
0.1,542.5900075420737,5.0
0.1,543.2747739345776,5.0
0.1,543.9595403270815,5.0
0.1,544.6443067195854,5.0
0.1,545.3290731120893,5.0
0.1,546.0138395045932,5.0
0.1,546.6986058970971,5.0
0.1,547.383372289601,5.0
0.1,548.0681386821049,5.0
0.1,548.7529050746087,5.0
0.1,549.4376714671126,5.0
0.1,550.1224378596165,5.0
0.1,550.8072042521204,5.0
0.1,551.4919706446243,5.0
0.1,552.1767370371282,5.0
0.1,552.8615034296321,5.0
0.1,553.546269822136,5.0
0.1,554.2310362146399,5.0
0.1,554.9158026071437,5.0
0.1,555.6005689996476,5.0
0.1,556.2853353921515,5.0
0.1,556.9701017846554,5.0
0.1,557.6548681771593,5.0
0.1,558.3396345696632,5.0
0.1,559.0244009621671,5.0
0.1,559.709167354671,5.0
0.1,560.3939337471749,5.0
0.1,561.0787001396787,5.0
0.1,561.7634665321826,5.0
0.1,562.4482329246865,5.0
0.1,563.1329993171904,5.0
0.1,563.8177657096943,5.0
0.1,564.5025321021982,5.0
0.1,565.1872984947021,5.0
0.1,565.872064887206,5.0
0.1,566.5568312797099,5.0
0.1,567.2415976722137,5.0
0.1,567.9263640647176,5.0
0.1,568.6111304572215,5.0
0.1,569.2958968497254,5.0
0.1,569.9806632422293,5.0
0.1,570.6654296347332,5.0
0.1,571.3501960272371,5.0
0.1,572.034962419741,5.0
0.1,572.7197288122449,5.0
0.1,573.4044952047487,5.0
0.1,574.0892615972526,5.0
0.1,574.7740279897565,5.0
0.1,575.4587943822604,5.0
0.1,576.1435607747643,5.0
0.1,576.8283271672682,5.0
0.1,577.5130935597721,5.0
0.1,578.197859952276,5.0
0.1,578.8826263447799,5.0
0.1,579.5673927372837,5.0
0.1,580.2521591297876,5.0
0.1,580.9369255222915,5.0
0.1,581.6216919147954,5.0
0.1,582.3064583072993,5.0
0.1,582.9912246998032,5.0
0.1,583.6759910923071,5.0
0.1,584.360757484811,5.0
0.1,585.0455238773148,5.0
0.1,585.7302902698187,5.0
0.1,586.4150566623226,5.0
0.1,587.0998230548265,5.0
0.1,587.6681588026261,5.0
0.1,588.137928789717,5.0
0.1,588.6076987768079,5.0
0.1,589.0774687638988,5.0
0.1,589.5472387509897,5.0
0.1,590.1484860219032,5.0
0.1,590.7497332928167,5.0
0.1,591.3509805637302,5.0
0.1,591.9522278346437,5.0
0.1,592.5534751055573,5.0
0.1,593.1547223764708,5.0
0.1,593.7559696473843,5.0
0.1,594.3572169182978,5.0
0.1,594.9584641892113,5.0
0.1,595.5597114601248,5.0
0.1,596.1609587310384,5.0
0.1,596.7622060019519,5.0
0.1,597.3634532728654,5.0
0.1,597.9647005437789,5.0
0.1,598.5659478146924,5.0
0.1,599.167195085606,5.0
0.1,599.7684423565195,5.0
0.1,600.1940780647201,5.0
0.1,600.6197137729207,5.0
0.1,600.6765964194763,5.0
0.1,600.7334790660318,5.0
0.1,600.7903617125874,5.0
0.1,600.8472443591429,5.0
0.1,600.9468037693379,5.0
0.1,601.0463631795328,5.0
0.1,601.1459225897278,5.0
0.1,601.2454819999227,5.0
0.1,601.4203431646234,5.0
0.1,601.5952043293241,5.0
0.1,601.7700654940248,5.0
0.1,601.9066912247451,5.0
0.1,602.0433169554655,5.0
0.1,602.1356917698861,5.0
0.1,602.2280665843067,5.0
0.1,602.2924985794709,5.0
0.1,602.3569305746352,5.0
0.1,602.4013017851462,5.0
0.1,602.4456729956572,5.0
0.1,602.4761686176857,5.0
0.1,602.5066642397143,5.0
0.1,602.529124023169,5.0
0.1,602.5515838066236,5.0
0.1,602.5740435900783,5.0
0.1,602.596503373533,5.0
0.1,602.5992304888003,5.0
0.1,602.6019576040677,5.0
0.1,602.6046847193351,5.0
0.1,602.6101389498699,5.0
0.1,602.6155931804047,5.0
0.1,602.6210474109396,5.0
0.1,602.6313785292277,5.0
0.1,602.6417096475159,5.0
0.1,602.652040765804,5.0
0.1,602.6623718840922,5.0
0.1,602.6758075855407,5.0
0.1,602.6892432869893,5.0
0.1,602.7026789884378,5.0
0.1,602.7161146898864,5.0
0.1,602.7295503913349,5.0
0.1,602.7448835239722,5.0
0.1,602.7602166566096,5.0
0.1,602.775549789247,5.0
0.1,602.7908829218843,5.0
0.1,602.8211435645898,5.0
0.1,602.8514042072952,5.0
0.1,602.8816648500007,5.0
0.1,602.9119254927061,5.0
0.1,602.9575139162416,5.0
0.1,603.0031023397771,5.0
0.1,603.0486907633126,5.0
0.1,603.0942791868481,5.0
0.1,603.1666637064883,5.0
0.1,603.2390482261285,5.0
0.1,603.3114327457687,5.0
0.1,603.3838172654089,5.0
0.1,603.5039075420669,5.0
0.1,603.623997818725,5.0
0.1,603.7440880953831,5.0
0.1,603.8641783720411,5.0
0.1,604.0930705954191,5.0
0.1,604.3219628187971,5.0
0.1,604.5508550421752,5.0
0.1,605.054449970291,5.0
0.1,605.5580448984068,5.0
0.1,606.0616398265227,5.0
0.1,606.5652347546385,5.0
0.1,607.2306675496843,5.0
0.1,607.8961003447301,5.0
0.1,608.561533139776,5.0
0.1,609.2269659348218,5.0
0.1,609.3239369815526,5.0
0.1,609.4209080282834,5.0
0.1,609.5178790750142,5.0
0.1,609.7118211684758,5.0
0.1,609.9057632619374,5.0
0.1,610.099705355399,5.0
0.1,610.3417107304664,5.0
0.1,610.5382841144067,5.0
0.1,610.6917644218122,5.0
0.1,610.8452447292177,5.0
0.1,610.9592662540116,5.0
0.1,610.9820705589703,5.0
0.1,611.0048748639291,5.0
0.1,611.0276791688879,5.0
0.1,611.0732877788054,5.0
0.1,611.1188963887229,5.0
0.1,611.1717909101575,5.0
0.1,611.2246854315921,5.0
0.1,611.2775799530267,5.0
0.1,611.3704619541503,5.0
0.1,611.4633439552739,5.0
0.1,611.5562259563975,5.0
0.1,611.6837381026841,5.0
0.1,611.8112502489706,5.0
0.1,611.9387623952572,5.0
0.1,612.0662745415437,5.0
0.1,612.2215402090968,5.0
0.1,612.3768058766499,5.0
0.1,612.532071544203,5.0
0.1,612.8036709460123,5.0
0.1,613.0752703478216,5.0
0.1,613.346869749631,5.0
0.1,613.7433823630074,5.0
0.1,614.1398949763839,5.0
0.1,614.5364075897603,5.0
0.1,614.9329202031367,5.0
0.1,615.3960850094325,5.0
0.1,615.8592498157282,5.0
0.1,616.3224146220239,5.0
0.1,616.8801607597206,5.0
0.1,617.2801525818172,5.0
0.1,617.6801444039138,5.0
0.1,618.0801362260104,5.0
0.1,618.4127302149672,5.0
0.1,618.6416894752591,5.0
0.1,618.8706487355511,5.0
0.1,619.099607995843,5.0
0.1,619.4178383970119,5.0
0.1,619.7360687981808,5.0
0.1,620.0542991993497,5.0
0.1,620.4764167610417,5.0
0.1,620.8985343227338,5.0
0.1,621.3206518844258,5.0
0.1,621.9010475186715,5.0
0.1,622.4814431529171,5.0
0.1,623.0618387871627,5.0
0.1,623.6422344214084,5.0
0.1,624.3613914252386,5.0
0.1,625.0805484290688,5.0
0.1,625.799705432899,5.0
0.1,626.5188624367293,5.0
0.1,627.2443521142172,5.0
0.1,627.9698417917052,5.0
0.1,628.6953314691932,5.0
0.1,629.4208211466812,5.0
0.1,630.1463108241692,5.0
0.1,630.8718005016572,5.0
0.1,632.0043456883973,5.0
0.1,633.1368908751374,5.0
0.1,634.2694360618775,5.0
0.1,635.8648114533278,5.0
0.1,637.460186844778,5.0
0.1,639.0555622362283,5.0
0.1,640.6509376276786,5.0
0.1,643.343399220236,5.0
0.1,646.0358608127935,5.0
0.1,648.728322405351,5.0
0.1,652.0360767741204,5.0
0.1,655.3438311428897,5.0
0.1,658.651585511659,5.0
0.1,662.3340268061067,5.0
0.1,666.0164681005544,5.0
0.1,669.6989093950021,5.0
0.1,673.3813506894498,5.0
0.1,673.9640741414278,5.0
0.1,674.5467975934057,5.0
0.1,675.1295210453836,5.0
0.1,676.2949679493396,5.0
0.1,677.4604148532956,5.0
0.1,683.8210844854361,5.0
0.1,690.1817541175767,5.0
0.1,700.8229138140663,5.0
0.1,711.4640735105559,5.0
0.1,732.3579914171482,5.0
0.1,753.2519093237406,5.0
0.1,813.2669860378976,5.0
0.1,873.2820627520546,5.0
0.1,1251.1998366783232,5.0
0.1,1629.1176106045918,5.0
0.1,2000.0,5.0
1.0,0.0,1.0698216699004093
1.0,0.0007941499781753672,1.0689843521636067
1.0,0.000992687472719209,1.0687722208461394
1.0,0.0010423218463551695,1.0687235225571234
1.0,0.0010448670177354246,1.0687197386931238
1.0,0.0010474121891156797,1.068715991677648
1.0,0.0010499573604959348,1.0687124978730782
1.0,0.0010525025318761899,1.0687092328663377
1.0,0.001055047703256445,1.0687061370696553
1.0,0.0010575928746367,1.0687031592357792
1.0,0.0010601380460169552,1.0687002619246417
1.0,0.0010626832173972103,1.0686974191221508
1.0,0.0010652283887774654,1.068694613072288
1.0,0.0010677735601577205,1.0686918317347003
1.0,0.0010703187315379756,1.0686890669640088
1.0,0.0010728639029182307,1.0686863132540774
1.0,0.0010754090742984858,1.068683566883651
1.0,0.001077954245678741,1.0686808253379414
1.0,0.001080499417058996,1.068678086917661
1.0,0.0010830445884392511,1.0686753504748434
1.0,0.0010855897598195062,1.068672615234304
1.0,0.0010895020107229165,1.0686684118960272
1.0,0.0011286245197570184,1.0686263489221164
1.0,0.0011677470287911203,1.0685842149397653
1.0,0.0012068695378252222,1.0685419847553816
1.0,0.0015980946281662419,1.0681096697598347
1.0,0.0019893197185072613,1.0676676151636748
1.0,0.0035187759465659684,1.0658000877501645
1.0,0.0050482321746246756,1.0638132234539701
1.0,0.007454093731791718,1.0605707263633075
1.0,0.00985995528895876,1.0571321274271874
1.0,0.012265816846125802,1.0535701825593902
1.0,0.016358583739507833,1.047364632205513
1.0,0.020451350632889862,1.041179772787906
1.0,0.02454411752627189,1.0351584050879339
1.0,0.02863688441965392,1.0293452489351396
1.0,0.03340373967882671,1.022838486699047
1.0,0.0381705949379995,1.0166229575951935
1.0,0.04293745019717229,1.0107015842902367
1.0,0.047704305456345075,1.0050830637474464
1.0,0.05247116071551786,0.9997777871311615
1.0,0.05723801597469065,0.9947984434325935
1.0,0.06200487123386344,0.9901560663861375
1.0,0.06822507115178812,0.9846145578379067
1.0,0.07444527106971281,0.979659445608941
1.0,0.0806654709876375,0.9752787591735248
1.0,0.08688567090556219,0.9714472877137129
1.0,0.09310587082348688,0.9681305014417252
1.0,0.09932607074141157,0.9652890534054485
1.0,0.10554627065933626,0.9628823280493584
1.0,0.11176647057726095,0.9608707273427906
1.0,0.11798667049518564,0.9592168525221425
1.0,0.12420687041311033,0.957885798785022
1.0,0.1312771154802373,0.9567237283817795
1.0,0.13834736054736427,0.9558921473519677
1.0,0.14541760561449124,0.9553499175925072
1.0,0.15248785068161821,0.9550596435766843
1.0,0.16035333708693567,0.9549853522470837
1.0,0.16821882349225312,0.9551375798932554
1.0,0.17608430989757057,0.9561710487005742
1.0,0.1907213180520877,0.9592285107364428
1.0,0.20535832620660482,0.9620574067876528
1.0,0.21999533436112195,0.9646551333954909
1.0,0.23463234251563908,0.9670520244977746
1.0,0.25353760837737743,0.9699117922991582
1.0,0.2724428742391158,0.9725821558118226
1.0,0.29134814010085414,0.9751444584882308
1.0,0.3102534059625925,0.9775847379017262
1.0,0.3339372438105652,0.9805113563812183
1.0,0.35762108165853795,0.9833835891605168
1.0,0.3813049195065107,0.9861536830866112
1.0,0.4237497310870151,0.991017745141756
1.0,0.4661945426675195,0.9957517885122684
1.0,0.5086393542480239,1.000438977199167
1.0,0.5721574645713803,1.0074383107182832
1.0,0.6356755748947367,1.013979776505713
1.0,0.6991936852180931,1.0199516562745103
1.0,0.7884134224103161,1.027489996123656
1.0,0.8776331596025391,1.034219263474691
1.0,0.966852896794762,1.0403126169960566
1.0,1.056072633986985,1.0459023195795247
1.0,1.158860815650644,1.051861730365677
1.0,1.2616489973143028,1.0574403897536782
1.0,1.3644371789779617,1.0627409460549733
1.0,1.4672253606416206,1.0678456315335951
1.0,1.5700135423052795,1.0728266735319445
1.0,1.6728017239689383,1.077746981019791
1.0,1.7755899056325972,1.082661475646307
1.0,1.878378087296256,1.0876195309354153
1.0,1.981166268959915,1.0926640899346294
1.0,2.083954450623574,1.0978358356579687
1.0,2.186742632287233,1.1031747290229703
1.0,2.289530813950892,1.1087176046722813
1.0,2.3748199196694557,1.1134977642735593
1.0,2.4601090253880193,1.1184661451849205
1.0,2.545398131106583,1.123648493644636
1.0,2.6306872368251466,1.1290743996241002
1.0,2.7159763425437102,1.1347723758747
1.0,2.801265448262274,1.1407797621448201
1.0,2.8865545539808375,1.1471426872243493
1.0,2.971843659699401,1.1539113765329887
1.0,3.0571327654179647,1.1611400172775983
1.0,3.1424218711365284,1.1688907254170908
1.0,3.227710976855092,1.1772385146699669
1.0,3.3130000825736556,1.186276108575629
1.0,3.3982891882922193,1.1961227210732954
1.0,3.483578294010783,1.2069355716336347
1.0,3.5688673997293465,1.2189249055917886
1.0,3.65415650544791,1.2323709237065426
1.0,3.739445611166474,1.2476528543979122
1.0,3.751269554083221,1.2499435432012327
1.0,3.7534497948102334,1.2503715102880524
1.0,3.755630035537246,1.2508010501439073
1.0,3.7578102762642587,1.2512321603864827
1.0,3.762170757718284,1.2521023196806318
1.0,3.766531239172309,1.2529789417277388
1.0,3.7816029749092386,1.2560497966638802
1.0,3.796674710646168,1.2592043379919071
1.0,3.8117464463830975,1.262447486119642
1.0,3.860267416537592,1.2735786057849565
1.0,3.9087883866920863,1.2858809531476032
1.0,3.9573093568465807,1.299594071795033
1.0,4.005830327001075,1.3150160471373775
1.0,4.054351297155569,1.332527072508683
1.0,4.1028722673100635,1.3525979580584033
1.0,4.167363772274316,1.3840304661209348
1.0,4.231855277238569,1.4222460235024683
1.0,4.296346782202822,1.4682347274698404
1.0,4.360838287167075,1.5213871813462851
1.0,4.425329792131328,1.5783771814405219
1.0,4.489821297095581,1.6350225690802882
1.0,4.554312802059834,1.6874454149566873
1.0,4.618804307024087,1.7340014886642776
1.0,4.68329581198834,1.7735577780155278
1.0,4.747787316952593,1.8087370655464758
1.0,4.798603741907429,1.832118519900766
1.0,4.805999913545121,1.8351804788851864
1.0,4.813396085182814,1.8382893696873683
1.0,4.820792256820506,1.841400810783571
1.0,4.835584600095891,1.8475508957643754
1.0,4.850376943371276,1.85358715007182
1.0,4.865169286646661,1.8595009235808209
1.0,4.907615688063931,1.8758347489170522
1.0,4.950062089481201,1.891310735277163
1.0,4.992508490898471,1.9060544908544201
1.0,5.074735738956296,1.9329369812290116
1.0,5.15696298701412,1.9582739006740013
1.0,5.239190235071945,1.9827400980456533
1.0,5.321417483129769,2.0068880243071496
1.0,5.428529633950782,2.038689624786316
1.0,5.535641784771794,2.071686074857102
1.0,5.642753935592807,2.106631728655988
1.0,5.749866086413819,2.144541447766558
1.0,5.856978237234832,2.186512577419434
1.0,5.964090388055844,2.2340508190974293
1.0,6.052943747443609,2.278867622376855
1.0,6.141797106831374,2.3297809542806736
1.0,6.2306504662191395,2.387818191076961
1.0,6.319503825606905,2.453026559984715
1.0,6.40835718499467,2.524182919503285
1.0,6.497210544382435,2.598019247869497
1.0,6.5860639037702,2.670853712551179
1.0,6.687435889292603,2.74955788904598
1.0,6.788807874815006,2.8236946502103035
1.0,6.804966034353439,2.8354068620839405
1.0,6.821124193891872,2.8470844336530163
1.0,6.837282353430305,2.8585353297248233
1.0,6.86959867250717,2.8805581925933716
1.0,6.901914991584035,2.902196996887034
1.0,6.960653284579517,2.94134927446289
1.0,7.019391577574999,2.9797737246728913
1.0,7.078129870570481,3.0179789236063876
1.0,7.173083814804335,3.0800320705822215
1.0,7.268037759038189,3.1433267416028716
1.0,7.362991703272043,3.2088555954771385
1.0,7.457945647505897,3.2771827069065744
1.0,7.5528995917397515,3.348442121167536
1.0,7.6478535359736055,3.422159947835486
1.0,7.754248225156958,3.506472826029734
1.0,7.860642914340311,3.590308343636195
1.0,7.967037603523664,3.671804298166735
1.0,8.073432292707016,3.7499472555789937
1.0,8.179826981890368,3.8242685990817926
1.0,8.28622167107372,3.894417368542884
1.0,8.301521699459071,3.9041207137868326
1.0,8.316821727844422,3.913738279644677
1.0,8.332121756229773,3.923291380869397
1.0,8.347421784615124,3.9327809465660626
1.0,8.378021841385824,3.951574114786969
1.0,8.408621898156523,3.9701324393757695
1.0,8.439221954927223,3.9884648208062647
1.0,8.505951995675577,4.027741620906299
1.0,8.572682036423931,4.066140328739774
1.0,8.639412077172285,4.103775303193524
1.0,8.75700408058917,4.168431826239732
1.0,8.874596084006054,4.231251829851311
1.0,8.992188087422939,4.2923411316954905
1.0,9.109780090839823,4.351533958504801
1.0,9.227372094256708,4.408528055945494
1.0,9.321495301172416,4.452350124715461
1.0,9.415618508088123,4.49440006729352
1.0,9.50974171500383,4.534535981253801
1.0,9.603864921919538,4.5726534252191495
1.0,9.697988128835245,4.608695551910437
1.0,9.792111335750953,4.642647336181855
1.0,9.88623454266666,4.674527297836301
1.0,9.980357749582367,4.704381462316873
1.0,10.074480956498075,4.7322749818755865
1.0,10.168604163413782,4.7582881207103735
1.0,10.26272737032949,4.782508618627435
1.0,10.356850577245197,4.805028149315566
1.0,10.434022320103457,4.822287793836219
1.0,10.511194062961717,4.838517144431225
1.0,10.588365805819977,4.853766448644126
1.0,10.665537548678238,4.868084370724404
1.0,10.742709291536498,4.881516849327828
1.0,10.819881034394758,4.894107609165356
1.0,10.897052777253018,4.905898572340568
1.0,10.974224520111278,4.916930351599922
1.0,11.051396262969538,4.927242548678789
1.0,11.128568005827798,4.936873393295981
1.0,11.213936273730608,4.946777035303171
1.0,11.299304541633418,4.955937368878321
1.0,11.384672809536228,4.964397528745818
1.0,11.470041077439038,4.972198747195371
1.0,11.555409345341848,4.979381542865238
1.0,11.640777613244659,4.985985204921636
1.0,11.726145881147469,4.992046349666794
1.0,11.811514149050279,4.997598395107016
1.0,11.896882416953089,5.0
1.0,11.982250684855899,5.0
1.0,12.067618952758709,5.0
1.0,12.152987220661519,5.0
1.0,12.238355488564329,5.0
1.0,12.323723756467139,5.0
1.0,12.409092024369949,5.0
1.0,12.494460292272759,5.0
1.0,12.579828560175569,5.0
1.0,12.665196828078379,5.0
1.0,12.75056509598119,5.0
1.0,12.81696101913274,5.0
1.0,12.87131092763406,5.0
1.0,12.925660836135378,5.0
1.0,12.980010744636697,5.0
1.0,13.034360653138016,5.0
1.0,13.115921826141678,5.0
1.0,13.19748299914534,5.0
1.0,13.279044172149002,5.0
1.0,13.360605345152663,5.0
1.0,13.442166518156325,5.0
1.0,13.523727691159987,5.0
1.0,13.605288864163649,5.0
1.0,13.68685003716731,5.0
1.0,13.768411210170973,5.0
1.0,13.849972383174634,5.0
1.0,13.931533556178296,5.0
1.0,14.013094729181958,5.0
1.0,14.09465590218562,5.0
1.0,14.176217075189282,5.0
1.0,14.257778248192944,5.0
1.0,14.339339421196605,5.0
1.0,14.420900594200267,5.0
1.0,14.502461767203929,5.0
1.0,14.584022940207591,5.0
1.0,14.665584113211253,5.0
1.0,14.747145286214915,5.0
1.0,14.828706459218576,5.0
1.0,14.910267632222238,5.0
1.0,14.9918288052259,5.0
1.0,15.073389978229562,5.0
1.0,15.154951151233224,5.0
1.0,15.236512324236886,5.0
1.0,15.318073497240547,5.0
1.0,15.39963467024421,5.0
1.0,15.481195843247871,5.0
1.0,15.562757016251533,5.0
1.0,15.644318189255195,5.0
1.0,15.725879362258857,5.0
1.0,15.807440535262518,5.0
1.0,15.88900170826618,5.0
1.0,15.970562881269842,5.0
1.0,16.052124054273502,5.0
1.0,16.133685227277162,5.0
1.0,16.215246400280822,5.0
1.0,16.296807573284482,5.0
1.0,16.378368746288142,5.0
1.0,16.459929919291802,5.0
1.0,16.541491092295463,5.0
1.0,16.623052265299123,5.0
1.0,16.704613438302783,5.0
1.0,16.786174611306443,5.0
1.0,16.867735784310103,5.0
1.0,16.949296957313763,5.0
1.0,17.030858130317423,5.0
1.0,17.112419303321083,5.0
1.0,17.193980476324743,5.0
1.0,17.275541649328403,5.0
1.0,17.357102822332063,5.0
1.0,17.438663995335723,5.0
1.0,17.520225168339383,5.0
1.0,17.601786341343043,5.0
1.0,17.683347514346703,5.0
1.0,17.764908687350363,5.0
1.0,17.846469860354023,5.0
1.0,17.928031033357684,5.0
1.0,18.009592206361344,5.0
1.0,18.091153379365004,5.0
1.0,18.172714552368664,5.0
1.0,18.254275725372324,5.0
1.0,18.335836898375984,5.0
1.0,18.417398071379644,5.0
1.0,18.498959244383304,5.0
1.0,18.580520417386964,5.0
1.0,18.662081590390624,5.0
1.0,18.743642763394284,5.0
1.0,18.825203936397944,5.0
1.0,18.906765109401604,5.0
1.0,18.988326282405264,5.0
1.0,19.054298717064007,5.0
1.0,19.107038861026275,5.0
1.0,19.159779004988543,5.0
1.0,19.21251914895081,5.0
1.0,19.26525929291308,5.0
1.0,19.345306235343386,5.0
1.0,19.425353177773694,5.0
1.0,19.505400120204,5.0
1.0,19.58544706263431,5.0
1.0,19.665494005064616,5.0
1.0,19.745540947494924,5.0
1.0,19.82558788992523,5.0
1.0,19.90563483235554,5.0
1.0,19.985681774785846,5.0
1.0,20.065728717216153,5.0
1.0,20.14577565964646,5.0
1.0,20.225822602076768,5.0
1.0,20.305869544507075,5.0
1.0,20.385916486937383,5.0
1.0,20.44777191449548,5.0
1.0,20.457786074195162,5.0
1.0,20.467800233894845,5.0
1.0,20.477814393594528,5.0
1.0,20.49784271299389,5.0
1.0,20.517871032393252,5.0
1.0,20.537899351792614,5.0
1.0,20.587479115181385,5.0
1.0,20.637058878570155,5.0
1.0,20.686638641958925,5.0
1.0,20.74731675357772,5.0
1.0,20.807994865196516,5.0
1.0,20.86867297681531,5.0
1.0,20.929351088434107,5.0
1.0,21.01618953264053,5.0
1.0,21.103027976846956,5.0
1.0,21.18986642105338,5.0
1.0,21.2622311251212,5.0
1.0,21.33459582918902,5.0
1.0,21.40696053325684,5.0
1.0,21.47932523732466,5.0
1.0,21.55168994139248,5.0
1.0,21.624054645460298,5.0
1.0,21.696419349528117,5.0
1.0,21.77795408257339,5.0
1.0,21.859488815618665,5.0
1.0,21.94102354866394,5.0
1.0,22.022558281709212,5.0
1.0,22.104093014754486,5.0
1.0,22.18562774779976,5.0
1.0,22.267162480845034,5.0
1.0,22.348697213890308,5.0
1.0,22.360148322875837,5.0
1.0,22.371599431861366,5.0
1.0,22.383050540846895,5.0
1.0,22.397811211611778,5.0
1.0,22.41257188237666,5.0
1.0,22.427332553141543,5.0
1.0,22.45541062019663,5.0
1.0,22.483488687251718,5.0
1.0,22.511566754306806,5.0
1.0,22.56068547985504,5.0
1.0,22.60980420540327,5.0
1.0,22.658922930951505,5.0
1.0,22.72002446337905,5.0
1.0,22.781125995806597,5.0
1.0,22.842227528234144,5.0
1.0,22.90332906066169,5.0
1.0,22.989272085000206,5.0
1.0,23.07521510933872,5.0
1.0,23.161158133677237,5.0
1.0,23.247101158015752,5.0
1.0,23.333044182354268,5.0
1.0,23.418987206692783,5.0
1.0,23.5049302310313,5.0
1.0,23.56972649534042,5.0
1.0,23.62179342441025,5.0
1.0,23.67386035348008,5.0
1.0,23.72592728254991,5.0
1.0,23.777994211619742,5.0
1.0,23.845905090252003,5.0
1.0,23.913815968884265,5.0
1.0,23.981726847516526,5.0
1.0,24.049637726148788,5.0
1.0,24.12991566020524,5.0
1.0,24.21019359426169,5.0
1.0,24.29047152831814,5.0
1.0,24.37074946237459,5.0
1.0,24.45102739643104,5.0
1.0,24.53130533048749,5.0
1.0,24.611583264543942,5.0
1.0,24.691861198600392,5.0
1.0,24.772139132656843,5.0
1.0,24.852417066713294,5.0
1.0,24.932695000769744,5.0
1.0,25.012972934826195,5.0
1.0,25.093250868882645,5.0
1.0,25.173528802939096,5.0
1.0,25.253806736995546,5.0
1.0,25.334084671051997,5.0
1.0,25.414362605108447,5.0
1.0,25.494640539164898,5.0
1.0,25.57491847322135,5.0
1.0,25.6551964072778,5.0
1.0,25.73547434133425,5.0
1.0,25.8157522753907,5.0
1.0,25.89603020944715,5.0
1.0,25.9763081435036,5.0
1.0,26.056586077560052,5.0
1.0,26.136864011616503,5.0
1.0,26.217141945672953,5.0
1.0,26.297419879729404,5.0
1.0,26.389486691382892,5.0
1.0,26.48155350303638,5.0
1.0,26.57362031468987,5.0
1.0,26.665687126343357,5.0
1.0,26.757753937996846,5.0
1.0,26.849820749650334,5.0
1.0,26.941887561303822,5.0
1.0,27.03395437295731,5.0
1.0,27.1260211846108,5.0
1.0,27.218087996264288,5.0
1.0,27.310154807917776,5.0
1.0,27.402221619571264,5.0
1.0,27.494288431224753,5.0
1.0,27.58635524287824,5.0
1.0,27.67842205453173,5.0
1.0,27.770488866185218,5.0
1.0,27.862555677838706,5.0
1.0,27.954622489492195,5.0
1.0,28.046689301145683,5.0
1.0,28.13875611279917,5.0
1.0,28.23082292445266,5.0
1.0,28.32288973610615,5.0
1.0,28.336719141688476,5.0
1.0,28.350548547270805,5.0
1.0,28.364377952853133,5.0
1.0,28.37820735843546,5.0
1.0,28.40235026663092,5.0
1.0,28.426493174826376,5.0
1.0,28.450636083021834,5.0
1.0,28.474778991217292,5.0
1.0,28.525030496990126,5.0
1.0,28.57528200276296,5.0
1.0,28.625533508535796,5.0
1.0,28.67578501430863,5.0
1.0,28.7523665895988,5.0
1.0,28.82894816488897,5.0
1.0,28.90552974017914,5.0
1.0,28.98211131546931,5.0
1.0,29.05869289075948,5.0
1.0,29.13527446604965,5.0
1.0,29.21185604133982,5.0
1.0,29.273864599866943,5.0
1.0,29.283812784531694,5.0
1.0,29.293760969196445,5.0
1.0,29.303709153861195,5.0
1.0,29.323605523190697,5.0
1.0,29.343501892520198,5.0
1.0,29.3633982618497,5.0
1.0,29.412563616734932,5.0
1.0,29.461728971620165,5.0
1.0,29.510894326505397,5.0
1.0,29.57191433931698,5.0
1.0,29.63293435212856,5.0
1.0,29.693954364940144,5.0
1.0,29.754974377751726,5.0
1.0,29.84080394648059,5.0
1.0,29.926633515209456,5.0
1.0,30.01246308393832,5.0
1.0,30.098292652667187,5.0
1.0,30.184122221396052,5.0
1.0,30.269951790124917,5.0
1.0,30.282396365208303,5.0
1.0,30.29484094029169,5.0
1.0,30.307285515375074,5.0
1.0,30.31973009045846,5.0
1.0,30.33617639567814,5.0
1.0,30.35262270089782,5.0
1.0,30.369069006117503,5.0
1.0,30.385515311337183,5.0
1.0,30.440748362514412,5.0
1.0,30.49598141369164,5.0
1.0,30.55121446486887,5.0
1.0,30.60563765934062,5.0
1.0,30.660060853812368,5.0
1.0,30.714484048284117,5.0
1.0,30.768907242755866,5.0
1.0,30.853788294937264,5.0
1.0,30.938669347118662,5.0
1.0,31.02355039930006,5.0
1.0,31.108431451481458,5.0
1.0,31.193312503662856,5.0
1.0,31.278193555844254,5.0
1.0,31.363074608025652,5.0
1.0,31.44795566020705,5.0
1.0,31.53283671238845,5.0
1.0,31.617717764569846,5.0
1.0,31.702598816751244,5.0
1.0,31.787479868932643,5.0
1.0,31.87236092111404,5.0
1.0,31.95724197329544,5.0
1.0,32.04212302547684,5.0
1.0,32.12700407765824,5.0
1.0,32.211885129839644,5.0
1.0,32.296766182021045,5.0
1.0,32.38164723420245,5.0
1.0,32.46652828638385,5.0
1.0,32.55140933856525,5.0
1.0,32.63629039074665,5.0
1.0,32.72117144292805,5.0
1.0,32.806052495109455,5.0
1.0,32.89093354729086,5.0
1.0,32.97581459947226,5.0
1.0,33.046472514651214,5.0
1.0,33.11713042983017,5.0
1.0,33.187788345009125,5.0
1.0,33.25844626018808,5.0
1.0,33.338672157456536,5.0
1.0,33.41889805472499,5.0
1.0,33.49912395199345,5.0
1.0,33.5793498492619,5.0
1.0,33.668921705643186,5.0
1.0,33.75849356202447,5.0
1.0,33.84806541840575,5.0
1.0,33.937637274787036,5.0
1.0,34.02720913116832,5.0
1.0,34.1167809875496,5.0
1.0,34.20635284393089,5.0
1.0,34.29592470031217,5.0
1.0,34.385496556693454,5.0
1.0,34.47506841307474,5.0
1.0,34.56464026945602,5.0
1.0,34.654212125837304,5.0
1.0,34.74378398221859,5.0
1.0,34.83335583859987,5.0
1.0,34.922927694981155,5.0
1.0,35.01249955136244,5.0
1.0,35.10207140774372,5.0
1.0,35.191643264125005,5.0
1.0,35.28121512050629,5.0
1.0,35.37078697688757,5.0
1.0,35.460358833268856,5.0
1.0,35.54993068965014,5.0
1.0,35.63950254603142,5.0
1.0,35.72907440241271,5.0
1.0,35.81864625879399,5.0
1.0,35.90821811517527,5.0
1.0,35.99778997155656,5.0
1.0,36.08736182793784,5.0
1.0,36.176933684319124,5.0
1.0,36.26650554070041,5.0
1.0,36.35607739708169,5.0
1.0,36.445649253462975,5.0
1.0,36.53522110984426,5.0
1.0,36.60911333626862,5.0
1.0,36.68300556269298,5.0
1.0,36.756897789117346,5.0
1.0,36.83079001554171,5.0
1.0,36.90468224196607,5.0
1.0,36.978574468390434,5.0
1.0,37.0524666948148,5.0
1.0,37.12635892123916,5.0
1.0,37.18693191781871,5.0
1.0,37.24750491439826,5.0
1.0,37.308077910977815,5.0
1.0,37.36865090755737,5.0
1.0,37.44298229530589,5.0
1.0,37.51731368305441,5.0
1.0,37.59164507080293,5.0
1.0,37.665976458551455,5.0
1.0,37.72775263445086,5.0
1.0,37.73649788727265,5.0
1.0,37.74524314009444,5.0
1.0,37.75398839291623,5.0
1.0,37.771478898559806,5.0
1.0,37.788969404203385,5.0
1.0,37.806459909846964,5.0
1.0,37.85748710924602,5.0
1.0,37.90851430864508,5.0
1.0,37.95954150804414,5.0
1.0,38.0105687074432,5.0
1.0,38.06159590684226,5.0
1.0,38.112623106241315,5.0
1.0,38.18047648956054,5.0
1.0,38.248329872879765,5.0
1.0,38.30451423853816,5.0
1.0,38.36069860419656,5.0
1.0,38.41688296985495,5.0
1.0,38.47306733551335,5.0
1.0,38.536452931624275,5.0
1.0,38.5998385277352,5.0
1.0,38.66322412384613,5.0
1.0,38.726609719957054,5.0
1.0,38.80388954776576,5.0
1.0,38.88116937557447,5.0
1.0,38.95844920338318,5.0
1.0,39.02216999047716,5.0
1.0,39.08589077757114,5.0
1.0,39.149611564665115,5.0
1.0,39.21333235175909,5.0
1.0,39.29362476003412,5.0
1.0,39.37391716830915,5.0
1.0,39.45420957658418,5.0
1.0,39.534501984859205,5.0
1.0,39.61479439313423,5.0
1.0,39.69508680140926,5.0
1.0,39.77537920968429,5.0
1.0,39.85567161795932,5.0
1.0,39.935964026234345,5.0
1.0,40.01625643450937,5.0
1.0,40.0965488427844,5.0
1.0,40.17684125105943,5.0
1.0,40.25713365933446,5.0
1.0,40.337426067609485,5.0
1.0,40.41771847588451,5.0
1.0,40.49801088415954,5.0
1.0,40.57830329243457,5.0
1.0,40.6585957007096,5.0
1.0,40.738888108984625,5.0
1.0,40.81918051725965,5.0
1.0,40.89947292553468,5.0
1.0,40.97976533380971,5.0
1.0,41.06005774208474,5.0
1.0,41.140350150359765,5.0
1.0,41.22064255863479,5.0
1.0,41.30093496690982,5.0
1.0,41.38122737518485,5.0
1.0,41.46151978345988,5.0
1.0,41.47333429039634,5.0
1.0,41.47548874660833,5.0
1.0,41.47764320282032,5.0
1.0,41.47979765903231,5.0
1.0,41.48410657145628,5.0
1.0,41.48841548388025,5.0
1.0,41.50554629982366,5.0
1.0,41.522677115767074,5.0
1.0,41.539807931710484,5.0
1.0,41.58243800392316,5.0
1.0,41.62506807613583,5.0
1.0,41.66769814834851,5.0
1.0,41.728745019483675,5.0
1.0,41.789791890618844,5.0
1.0,41.85083876175401,5.0
1.0,41.91188563288918,5.0
1.0,41.982944754536504,5.0
1.0,42.05400387618383,5.0
1.0,42.12506299783115,5.0
1.0,42.196122119478474,5.0
1.0,42.2671812411258,5.0
1.0,42.33824036277312,5.0
1.0,42.409299484420444,5.0
1.0,42.48939996863672,5.0
1.0,42.56950045285299,5.0
1.0,42.649600937069266,5.0
1.0,42.72970142128554,5.0
1.0,42.809801905501814,5.0
1.0,42.88990238971809,5.0
1.0,42.97000287393436,5.0
1.0,42.98208545792922,5.0
1.0,42.994168041924084,5.0
1.0,43.006250625918945,5.0
1.0,43.018333209913806,5.0
1.0,43.03660628515094,5.0
1.0,43.05487936038807,5.0
1.0,43.073152435625204,5.0
1.0,43.12691076447275,5.0
1.0,43.18066909332029,5.0
1.0,43.23442742216783,5.0
1.0,43.297608255957236,5.0
1.0,43.36078908974664,5.0
1.0,43.42396992353604,5.0
1.0,43.487150757325445,5.0
1.0,43.5730266357293,5.0
1.0,43.65890251413315,5.0
1.0,43.74477839253701,5.0
1.0,43.81471243561237,5.0
1.0,43.884646478687735,5.0
1.0,43.9545805217631,5.0
1.0,44.02451456483846,5.0
1.0,44.10456275016787,5.0
1.0,44.18461093549728,5.0
1.0,44.26465912082669,5.0
1.0,44.3447073061561,5.0
1.0,44.42475549148551,5.0
1.0,44.50480367681492,5.0
1.0,44.58485186214433,5.0
1.0,44.66490004747374,5.0
1.0,44.676557540433905,5.0
1.0,44.688215033394066,5.0
1.0,44.69987252635423,5.0
1.0,44.71153001931439,5.0
1.0,44.73110249048476,5.0
1.0,44.75067496165513,5.0
1.0,44.7702474328255,5.0
1.0,44.825478825927966,5.0
1.0,44.88071021903043,5.0
1.0,44.9359416121329,5.0
1.0,44.990508305940914,5.0
1.0,45.04507499974893,5.0
1.0,45.09964169355694,5.0
1.0,45.15420838736495,5.0
1.0,45.24213177050372,5.0
1.0,45.313200038420625,5.0
1.0,45.38426830633753,5.0
1.0,45.45533657425444,5.0
1.0,45.526404842171345,5.0
1.0,45.59747311008825,5.0
1.0,45.66854137800516,5.0
1.0,45.739609645922066,5.0
1.0,45.81067791383897,5.0
1.0,45.88174618175588,5.0
1.0,45.89308306024958,5.0
1.0,45.89498945065933,5.0
1.0,45.89689584106908,5.0
1.0,45.89880223147883,5.0
1.0,45.90261501229833,5.0
1.0,45.90642779311782,5.0
1.0,45.92087671564683,5.0
1.0,45.93532563817583,5.0
1.0,45.96261166697043,5.0
1.0,45.98989769576503,5.0
1.0,46.01718372455963,5.0
1.0,46.05395556172052,5.0
1.0,46.09072739888141,5.0
1.0,46.127499236042304,5.0
1.0,46.17541197545914,5.0
1.0,46.22332471487598,5.0
1.0,46.271237454292816,5.0
1.0,46.32714598519914,5.0
1.0,46.38305451610546,5.0
1.0,46.43896304701178,5.0
1.0,46.484893369011765,5.0
1.0,46.49280521789435,5.0
1.0,46.500717066776936,5.0
1.0,46.50862891565952,5.0
1.0,46.524452613424685,5.0
1.0,46.54027631118985,5.0
1.0,46.55610000895501,5.0
1.0,46.607616806237075,5.0
1.0,46.65913360351914,5.0
1.0,46.7106504008012,5.0
1.0,46.76216719808326,5.0
1.0,46.813683995365324,5.0
1.0,46.865200792647386,5.0
1.0,46.93294875377349,5.0
1.0,47.00069671489959,5.0
1.0,47.06844467602569,5.0
1.0,47.136192637151794,5.0
1.0,47.203940598277896,5.0
1.0,47.271688559404,5.0
1.0,47.3394365205301,5.0
1.0,47.415972251418495,5.0
1.0,47.49250798230689,5.0
1.0,47.569043713195285,5.0
1.0,47.64557944408368,5.0
1.0,47.722115174972075,5.0
1.0,47.79865090586047,5.0
1.0,47.875186636748865,5.0
1.0,47.95172236763726,5.0
1.0,48.028258098525654,5.0
1.0,48.10479382941405,5.0
1.0,48.16762946281681,5.0
1.0,48.230465096219575,5.0
1.0,48.29330072962234,5.0
1.0,48.3561363630251,5.0
1.0,48.439024327985244,5.0
1.0,48.52191229294539,5.0
1.0,48.60480025790553,5.0
1.0,48.67349226860983,5.0
1.0,48.742184279314124,5.0
1.0,48.81087629001842,5.0
1.0,48.86799902673185,5.0
1.0,48.92512176344528,5.0
1.0,48.982244500158714,5.0
1.0,49.039367236872145,5.0
1.0,49.09648997358558,5.0
1.0,49.15361271029901,5.0
1.0,49.21073544701244,5.0
1.0,49.26785818372587,5.0
1.0,49.3249809204393,5.0
1.0,49.38210365715273,5.0
1.0,49.447613435215146,5.0
1.0,49.51312321327756,5.0
1.0,49.57863299133997,5.0
1.0,49.644142769402386,5.0
1.0,49.72050800573102,5.0
1.0,49.796873242059654,5.0
1.0,49.87323847838829,5.0
1.0,49.94960371471692,5.0
1.0,50.025968951045556,5.0
1.0,50.10233418737419,5.0
1.0,50.178699423702824,5.0
1.0,50.23957396802387,5.0
1.0,50.24949083408884,5.0
1.0,50.25940770015381,5.0
1.0,50.26932456621878,5.0
1.0,50.28915829834871,5.0
1.0,50.30899203047864,5.0
1.0,50.328825762608574,5.0
1.0,50.38091900167614,5.0
1.0,50.43301224074371,5.0
1.0,50.485105479811274,5.0
1.0,50.53719871887884,5.0
1.0,50.58929195794641,5.0
1.0,50.641385197013975,5.0
1.0,50.701153364140815,5.0
1.0,50.760921531267655,5.0
1.0,50.820689698394496,5.0
1.0,50.880457865521336,5.0
1.0,50.94022603264818,5.0
1.0,50.99999419977502,5.0
1.0,51.05976236690186,5.0
1.0,51.13066062867892,5.0
1.0,51.20155889045598,5.0
1.0,51.27245715223304,5.0
1.0,51.3433554140101,5.0
1.0,51.422572566593274,5.0
1.0,51.50178971917645,5.0
1.0,51.58100687175963,5.0
1.0,51.6602240243428,5.0
1.0,51.73944117692598,5.0
1.0,51.818658329509155,5.0
1.0,51.89787548209233,5.0
1.0,51.97709263467551,5.0
1.0,52.056309787258684,5.0
1.0,52.13552693984186,5.0
1.0,52.214744092425036,5.0
1.0,52.29396124500821,5.0
1.0,52.37317839759139,5.0
1.0,52.452395550174565,5.0
1.0,52.53161270275774,5.0
1.0,52.61082985534092,5.0
1.0,52.69004700792409,5.0
1.0,52.76926416050727,5.0
1.0,52.848481313090446,5.0
1.0,52.92769846567362,5.0
1.0,53.0069156182568,5.0
1.0,53.086132770839974,5.0
1.0,53.16534992342315,5.0
1.0,53.24456707600633,5.0
1.0,53.3237842285895,5.0
1.0,53.40300138117268,5.0
1.0,53.482218533755855,5.0
1.0,53.56143568633903,5.0
1.0,53.64065283892221,5.0
1.0,53.719869991505384,5.0
1.0,53.79908714408856,5.0
1.0,53.878304296671736,5.0
1.0,53.95752144925491,5.0
1.0,54.03673860183809,5.0
1.0,54.115955754421265,5.0
1.0,54.19517290700444,5.0
1.0,54.27439005958762,5.0
1.0,54.35360721217079,5.0
1.0,54.43282436475397,5.0
1.0,54.512041517337146,5.0
1.0,54.59125866992032,5.0
1.0,54.6704758225035,5.0
1.0,54.749692975086674,5.0
1.0,54.82891012766985,5.0
1.0,54.90812728025303,5.0
1.0,54.9873444328362,5.0
1.0,55.06656158541938,5.0
1.0,55.145778738002555,5.0
1.0,55.22499589058573,5.0
1.0,55.30421304316891,5.0
1.0,55.383430195752084,5.0
1.0,55.46264734833526,5.0
1.0,55.541864500918436,5.0
1.0,55.60728460695512,5.0
1.0,55.6727047129918,5.0
1.0,55.738124819028485,5.0
1.0,55.80354492506517,5.0
1.0,55.86896503110185,5.0
1.0,55.934385137138534,5.0
1.0,55.99980524317522,5.0
1.0,56.07372223658834,5.0
1.0,56.14763923000146,5.0
1.0,56.22155622341458,5.0
1.0,56.2954732168277,5.0
1.0,56.36939021024082,5.0
1.0,56.443307203653944,5.0
1.0,56.517224197067065,5.0
1.0,56.59114119048019,5.0
1.0,56.66505818389331,5.0
1.0,56.73897517730643,5.0
1.0,56.81289217071955,5.0
1.0,56.88680916413267,5.0
1.0,56.96072615754579,5.0
1.0,57.034643150958914,5.0
1.0,57.108560144372035,5.0
1.0,57.182477137785156,5.0
1.0,57.25639413119828,5.0
1.0,57.3303111246114,5.0
1.0,57.40422811802452,5.0
1.0,57.49383681776868,5.0
1.0,57.58344551751284,5.0
1.0,57.673054217257004,5.0
1.0,57.74154568416001,5.0
1.0,57.810037151063014,5.0
1.0,57.87852861796602,5.0
1.0,57.947020084869024,5.0
1.0,58.02771626251553,5.0
1.0,58.10841244016204,5.0
1.0,58.18910861780855,5.0
1.0,58.26980479545506,5.0
1.0,58.35050097310157,5.0
1.0,58.414126427228936,5.0
1.0,58.477751881356305,5.0
1.0,58.54137733548367,5.0
1.0,58.60500278961104,5.0
1.0,58.682160293649794,5.0
1.0,58.759317797688546,5.0
1.0,58.8364753017273,5.0
1.0,58.91363280576605,5.0
1.0,58.9907903098048,5.0
1.0,59.06794781384355,5.0
1.0,59.145105317882305,5.0
1.0,59.222262821921056,5.0
1.0,59.29942032595981,5.0
1.0,59.37657782999856,5.0
1.0,59.45373533403731,5.0
1.0,59.53089283807606,5.0
1.0,59.608050342114815,5.0
1.0,59.67106499563326,5.0
1.0,59.68125678066009,5.0
1.0,59.691448565686926,5.0
1.0,59.70164035071376,5.0
1.0,59.72202392076743,5.0
1.0,59.742407490821094,5.0
1.0,59.76279106087476,5.0
1.0,59.81150564554879,5.0
1.0,59.86022023022282,5.0
1.0,59.90893481489685,5.0
1.0,59.96939175910754,5.0
1.0,60.02984870331822,5.0
1.0,60.09030564752891,5.0
1.0,60.15076259173959,5.0
1.0,60.23708953132759,5.0
1.0,60.32341647091559,5.0
1.0,60.40974341050359,5.0
1.0,60.496070350091586,5.0
1.0,60.582397289679584,5.0
1.0,60.65422948725954,5.0
1.0,60.7260616848395,5.0
1.0,60.79789388241946,5.0
1.0,60.86972607999942,5.0
1.0,60.953922970690904,5.0
1.0,61.03811986138239,5.0
1.0,61.12231675207388,5.0
1.0,61.206513642765366,5.0
1.0,61.29071053345685,5.0
1.0,61.37490742414834,5.0
1.0,61.45910431483983,5.0
1.0,61.543301205531314,5.0
1.0,61.6274980962228,5.0
1.0,61.71169498691429,5.0
1.0,61.795891877605776,5.0
1.0,61.88008876829726,5.0
1.0,61.96428565898875,5.0
1.0,62.04848254968024,5.0
1.0,62.132679440371724,5.0
1.0,62.21687633106321,5.0
1.0,62.3010732217547,5.0
1.0,62.385270112446186,5.0
1.0,62.46946700313767,5.0
1.0,62.55366389382916,5.0
1.0,62.63786078452065,5.0
1.0,62.722057675212135,5.0
1.0,62.80625456590362,5.0
1.0,62.89045145659511,5.0
1.0,62.974648347286596,5.0
1.0,63.05884523797808,5.0
1.0,63.14304212866957,5.0
1.0,63.22723901936106,5.0
1.0,63.311435910052545,5.0
1.0,63.39563280074403,5.0
1.0,63.47982969143552,5.0
1.0,63.564026582127006,5.0
1.0,63.64822347281849,5.0
1.0,63.73242036350998,5.0
1.0,63.81661725420147,5.0
1.0,63.900814144892955,5.0
1.0,63.98501103558444,5.0
1.0,64.06920792627592,5.0
1.0,64.15340481696741,5.0
1.0,64.2376017076589,5.0
1.0,64.32179859835038,5.0
1.0,64.40599548904187,5.0
1.0,64.49019237973336,5.0
1.0,64.57438927042485,5.0
1.0,64.65858616111633,5.0
1.0,64.74278305180782,5.0
1.0,64.8269799424993,5.0
1.0,64.9111768331908,5.0
1.0,64.99537372388228,5.0
1.0,65.07957061457377,5.0
1.0,65.16376750526526,5.0
1.0,65.24796439595674,5.0
1.0,65.33216128664823,5.0
1.0,65.41635817733972,5.0
1.0,65.5005550680312,5.0
1.0,65.58475195872269,5.0
1.0,65.66894884941418,5.0
1.0,65.75314574010567,5.0
1.0,65.83734263079715,5.0
1.0,65.92153952148864,5.0
1.0,66.00573641218013,5.0
1.0,66.08993330287161,5.0
1.0,66.1741301935631,5.0
1.0,66.25832708425459,5.0
1.0,66.34252397494608,5.0
1.0,66.42672086563756,5.0
1.0,66.51091775632905,5.0
1.0,66.59511464702054,5.0
1.0,66.67931153771202,5.0
1.0,66.76350842840351,5.0
1.0,66.847705319095,5.0
1.0,66.93190220978649,5.0
1.0,67.01609910047797,5.0
1.0,67.10029599116946,5.0
1.0,67.18449288186095,5.0
1.0,67.26868977255243,5.0
1.0,67.35288666324392,5.0
1.0,67.43708355393541,5.0
1.0,67.5212804446269,5.0
1.0,67.60547733531838,5.0
1.0,67.68967422600987,5.0
1.0,67.77387111670136,5.0
1.0,67.85806800739284,5.0
1.0,67.94226489808433,5.0
1.0,68.02646178877582,5.0
1.0,68.1106586794673,5.0
1.0,68.1948555701588,5.0
1.0,68.27905246085028,5.0
1.0,68.36324935154177,5.0
1.0,68.44744624223326,5.0
1.0,68.53164313292474,5.0
1.0,68.61584002361623,5.0
1.0,68.70003691430772,5.0
1.0,68.7842338049992,5.0
1.0,68.86843069569069,5.0
1.0,68.95262758638218,5.0
1.0,69.03682447707367,5.0
1.0,69.12102136776515,5.0
1.0,69.20521825845664,5.0
1.0,69.28941514914813,5.0
1.0,69.37361203983961,5.0
1.0,69.4578089305311,5.0
1.0,69.54200582122259,5.0
1.0,69.62620271191408,5.0
1.0,69.71039960260556,5.0
1.0,69.79459649329705,5.0
1.0,69.87879338398854,5.0
1.0,69.96299027468002,5.0
1.0,70.04718716537151,5.0
1.0,70.131384056063,5.0
1.0,70.21558094675449,5.0
1.0,70.29977783744597,5.0
1.0,70.38397472813746,5.0
1.0,70.46817161882895,5.0
1.0,70.55236850952043,5.0
1.0,70.63656540021192,5.0
1.0,70.72076229090341,5.0
1.0,70.8049591815949,5.0
1.0,70.88915607228638,5.0
1.0,70.97335296297787,5.0
1.0,71.05754985366936,5.0
1.0,71.14174674436084,5.0
1.0,71.22594363505233,5.0
1.0,71.31014052574382,5.0
1.0,71.3943374164353,5.0
1.0,71.4785343071268,5.0
1.0,71.56273119781828,5.0
1.0,71.64692808850977,5.0
1.0,71.73112497920125,5.0
1.0,71.81532186989274,5.0
1.0,71.89951876058423,5.0
1.0,71.98371565127572,5.0
1.0,72.0679125419672,5.0
1.0,72.15210943265869,5.0
1.0,72.23630632335018,5.0
1.0,72.32050321404166,5.0
1.0,72.40470010473315,5.0
1.0,72.48889699542464,5.0
1.0,72.57309388611613,5.0
1.0,72.65729077680761,5.0
1.0,72.7414876674991,5.0
1.0,72.82568455819059,5.0
1.0,72.90988144888208,5.0
1.0,72.99407833957356,5.0
1.0,73.07827523026505,5.0
1.0,73.16247212095654,5.0
1.0,73.24666901164802,5.0
1.0,73.33086590233951,5.0
1.0,73.415062793031,5.0
1.0,73.49925968372249,5.0
1.0,73.58345657441397,5.0
1.0,73.66765346510546,5.0
1.0,73.75185035579695,5.0
1.0,73.83604724648843,5.0
1.0,73.92024413717992,5.0
1.0,74.00444102787141,5.0
1.0,74.0886379185629,5.0
1.0,74.17283480925438,5.0
1.0,74.25703169994587,5.0
1.0,74.34122859063736,5.0
1.0,74.42542548132884,5.0
1.0,74.50962237202033,5.0
1.0,74.59381926271182,5.0
1.0,74.6780161534033,5.0
1.0,74.76221304409479,5.0
1.0,74.84640993478628,5.0
1.0,74.93060682547777,5.0
1.0,75.01480371616925,5.0
1.0,75.09900060686074,5.0
1.0,75.18319749755223,5.0
1.0,75.26739438824372,5.0
1.0,75.3515912789352,5.0
1.0,75.43578816962669,5.0
1.0,75.51998506031818,5.0
1.0,75.60418195100966,5.0
1.0,75.68837884170115,5.0
1.0,75.77257573239264,5.0
1.0,75.85677262308413,5.0
1.0,75.94096951377561,5.0
1.0,76.0251664044671,5.0
1.0,76.10936329515859,5.0
1.0,76.19356018585007,5.0
1.0,76.27775707654156,5.0
1.0,76.36195396723305,5.0
1.0,76.44615085792454,5.0
1.0,76.53034774861602,5.0
1.0,76.61454463930751,5.0
1.0,76.698741529999,5.0
1.0,76.78293842069048,5.0
1.0,76.86713531138197,5.0
1.0,76.95133220207346,5.0
1.0,77.03552909276495,5.0
1.0,77.11972598345643,5.0
1.0,77.20392287414792,5.0
1.0,77.28811976483941,5.0
1.0,77.3723166555309,5.0
1.0,77.45651354622238,5.0
1.0,77.54071043691387,5.0
1.0,77.62490732760536,5.0
1.0,77.70910421829684,5.0
1.0,77.79330110898833,5.0
1.0,77.87749799967982,5.0
1.0,77.9616948903713,5.0
1.0,78.04589178106279,5.0
1.0,78.05836995578547,5.0
1.0,78.07084813050814,5.0
1.0,78.08332630523081,5.0
1.0,78.09580447995349,5.0
1.0,78.11644882498591,5.0
1.0,78.13709317001833,5.0
1.0,78.15773751505075,5.0
1.0,78.21276798606212,5.0
1.0,78.26779845707348,5.0
1.0,78.32282892808485,5.0
1.0,78.37785939909621,5.0
1.0,78.43288987010757,5.0
1.0,78.48792034111894,5.0
1.0,78.55685296888288,5.0
1.0,78.62578559664682,5.0
1.0,78.69471822441076,5.0
1.0,78.7636508521747,5.0
1.0,78.83258347993865,5.0
1.0,78.90151610770259,5.0
1.0,78.97044873546653,5.0
1.0,79.05004122431389,5.0
1.0,79.12963371316124,5.0
1.0,79.19287959545773,5.0
1.0,79.24498697183292,5.0
1.0,79.2970943482081,5.0
1.0,79.3492017245833,5.0
1.0,79.40130910095849,5.0
1.0,79.47441308876478,5.0
1.0,79.54751707657107,5.0
1.0,79.62062106437736,5.0
1.0,79.69372505218365,5.0
1.0,79.77929558045439,5.0
1.0,79.86486610872512,5.0
1.0,79.87880083768584,5.0
1.0,79.89273556664656,5.0
1.0,79.90667029560728,5.0
1.0,79.920605024568,5.0
1.0,79.94528746200633,5.0
1.0,79.96996989944466,5.0
1.0,79.994652336883,5.0
1.0,80.04413033478876,5.0
1.0,80.09360833269453,5.0
1.0,80.1430863306003,5.0
1.0,80.2061433908948,5.0
1.0,80.26920045118929,5.0
1.0,80.33225751148379,5.0
1.0,80.39531457177829,5.0
1.0,80.47770980092227,5.0
1.0,80.56010503006625,5.0
1.0,80.64250025921024,5.0
1.0,80.72489548835422,5.0
1.0,80.8072907174982,5.0
1.0,80.88968594664219,5.0
1.0,80.97208117578617,5.0
1.0,81.05447640493016,5.0
1.0,81.13687163407414,5.0
1.0,81.21926686321812,5.0
1.0,81.30166209236211,5.0
1.0,81.38405732150609,5.0
1.0,81.46645255065008,5.0
1.0,81.54884777979406,5.0
1.0,81.63124300893804,5.0
1.0,81.71363823808203,5.0
1.0,81.79603346722601,5.0
1.0,81.87842869637,5.0
1.0,81.96082392551398,5.0
1.0,82.04321915465796,5.0
1.0,82.12561438380195,5.0
1.0,82.20800961294593,5.0
1.0,82.29040484208991,5.0
1.0,82.3728000712339,5.0
1.0,82.45519530037788,5.0
1.0,82.53759052952186,5.0
1.0,82.61998575866585,5.0
1.0,82.70238098780983,5.0
1.0,82.78477621695382,5.0
1.0,82.8671714460978,5.0
1.0,82.94956667524178,5.0
1.0,83.03196190438577,5.0
1.0,83.11435713352975,5.0
1.0,83.19675236267373,5.0
1.0,83.27914759181772,5.0
1.0,83.3615428209617,5.0
1.0,83.44393805010569,5.0
1.0,83.52633327924967,5.0
1.0,83.60872850839365,5.0
1.0,83.69112373753764,5.0
1.0,83.754941964465,5.0
1.0,83.76555700768269,5.0
1.0,83.77617205090037,5.0
1.0,83.78678709411805,5.0
1.0,83.80801718055343,5.0
1.0,83.82924726698882,5.0
1.0,83.8504773534242,5.0
1.0,83.90333349428829,5.0
1.0,83.95618963515238,5.0
1.0,84.00904577601648,5.0
1.0,84.06733180235712,5.0
1.0,84.12561782869776,5.0
1.0,84.1839038550384,5.0
1.0,84.24218988137903,5.0
1.0,84.30047590771967,5.0
1.0,84.35876193406031,5.0
1.0,84.41704796040095,5.0
1.0,84.4302751741867,5.0
1.0,84.44350238797246,5.0
1.0,84.45672960175821,5.0
1.0,84.46995681554397,5.0
1.0,84.49641124311549,5.0
1.0,84.52286567068701,5.0
1.0,84.54932009825853,5.0
1.0,84.60135429209524,5.0
1.0,84.65338848593194,5.0
1.0,84.70542267976865,5.0
1.0,84.77024371124278,5.0
1.0,84.83506474271692,5.0
1.0,84.89988577419106,5.0
1.0,84.9647068056652,5.0
1.0,85.05633420790234,5.0
1.0,85.14796161013948,5.0
1.0,85.23958901237661,5.0
1.0,85.33121641461375,5.0
1.0,85.42284381685089,5.0
1.0,85.51447121908802,5.0
1.0,85.60609862132516,5.0
1.0,85.67398509020909,5.0
1.0,85.72670427182518,5.0
1.0,85.77942345344128,5.0
1.0,85.83214263505738,5.0
1.0,85.88486181667348,5.0
1.0,85.95466853914947,5.0
1.0,86.02447526162545,5.0
1.0,86.09428198410144,5.0
1.0,86.16408870657743,5.0
1.0,86.24680955675267,5.0
1.0,86.3295304069279,5.0
1.0,86.41225125710314,5.0
1.0,86.49497210727837,5.0
1.0,86.5776929574536,5.0
1.0,86.66041380762884,5.0
1.0,86.74313465780408,5.0
1.0,86.82585550797931,5.0
1.0,86.90857635815455,5.0
1.0,86.99129720832978,5.0
1.0,87.05709167460665,5.0
1.0,87.12288614088352,5.0
1.0,87.18868060716039,5.0
1.0,87.25447507343726,5.0
1.0,87.32026953971413,5.0
1.0,87.386064005991,5.0
1.0,87.45185847226787,5.0
1.0,87.51765293854474,5.0
1.0,87.58344740482161,5.0
1.0,87.64924187109848,5.0
1.0,87.72753784589491,5.0
1.0,87.79131508638183,5.0
1.0,87.85509232686874,5.0
1.0,87.91886956735566,5.0
1.0,87.98264680784257,5.0
1.0,88.05817214490567,5.0
1.0,88.13369748196877,5.0
1.0,88.20922281903187,5.0
1.0,88.28474815609496,5.0
1.0,88.36027349315806,5.0
1.0,88.43579883022116,5.0
1.0,88.51132416728426,5.0
1.0,88.5870018474675,5.0
1.0,88.64779768488555,5.0
1.0,88.70859352230359,5.0
1.0,88.76938935972163,5.0
1.0,88.83018519713967,5.0
1.0,88.91055320860642,5.0
1.0,88.99092122007316,5.0
1.0,89.07128923153991,5.0
1.0,89.15165724300665,5.0
1.0,89.2442498045038,5.0
1.0,89.33684236600094,5.0
1.0,89.42943492749808,5.0
1.0,89.52202748899522,5.0
1.0,89.61462005049236,5.0
1.0,89.62808521088745,5.0
1.0,89.64155037128253,5.0
1.0,89.65501553167762,5.0
1.0,89.6684806920727,5.0
1.0,89.69541101286286,5.0
1.0,89.72234133365302,5.0
1.0,89.74927165444318,5.0
1.0,89.80362385260355,5.0
1.0,89.85797605076392,5.0
1.0,89.9123282489243,5.0
1.0,89.97930097845128,5.0
1.0,90.04627370797826,5.0
1.0,90.11324643750524,5.0
1.0,90.18021916703222,5.0
1.0,90.27565974172204,5.0
1.0,90.37110031641186,5.0
1.0,90.46654089110167,5.0
1.0,90.56198146579149,5.0
1.0,90.65742204048131,5.0
1.0,90.75286261517113,5.0
1.0,90.76640593645033,5.0
1.0,90.76891507689713,5.0
1.0,90.77142421734393,5.0
1.0,90.77393335779074,5.0
1.0,90.77895163868435,5.0
1.0,90.78396991957796,5.0
1.0,90.80306751773466,5.0
1.0,90.82216511589137,5.0
1.0,90.84126271404807,5.0
1.0,90.90212403252934,5.0
1.0,90.96298535101062,5.0
1.0,91.02384666949189,5.0
1.0,91.09092123423612,5.0
1.0,91.15799579898035,5.0
1.0,91.22507036372458,5.0
1.0,91.29214492846882,5.0
1.0,91.38684267376568,5.0
1.0,91.48154041906255,5.0
1.0,91.57623816435942,5.0
1.0,91.6709359096563,5.0
1.0,91.76563365495316,5.0
1.0,91.86033140025003,5.0
1.0,91.9550291455469,5.0
1.0,92.04972689084377,5.0
1.0,92.06283207396078,5.0
1.0,92.07593725707778,5.0
1.0,92.08904244019479,5.0
1.0,92.10698576388192,5.0
1.0,92.12492908756906,5.0
1.0,92.1521641162468,5.0
1.0,92.17939914492453,5.0
1.0,92.20663417360227,5.0
1.0,92.27144346781097,5.0
1.0,92.33625276201967,5.0
1.0,92.40106205622837,5.0
1.0,92.47987646705944,5.0
1.0,92.55869087789051,5.0
1.0,92.63750528872158,5.0
1.0,92.71631969955266,5.0
1.0,92.81284968645996,5.0
1.0,92.90937967336725,5.0
1.0,93.00590966027455,5.0
1.0,93.10243964718185,5.0
1.0,93.19896963408915,5.0
1.0,93.29549962099645,5.0
1.0,93.37501684597767,5.0
1.0,93.45453407095889,5.0
1.0,93.5340512959401,5.0
1.0,93.61356852092132,5.0
1.0,93.69308574590254,5.0
1.0,93.77260297088375,5.0
1.0,93.85212019586497,5.0
1.0,93.93163742084619,5.0
1.0,94.0111546458274,5.0
1.0,94.09067187080862,5.0
1.0,94.17018909578984,5.0
1.0,94.24970632077105,5.0
1.0,94.32922354575227,5.0
1.0,94.4178786563414,5.0
1.0,94.50653376693053,5.0
1.0,94.59518887751966,5.0
1.0,94.60808484841574,5.0
1.0,94.62098081931182,5.0
1.0,94.6338767902079,5.0
1.0,94.6587055352398,5.0
1.0,94.67710355876605,5.0
1.0,94.6955015822923,5.0
1.0,94.72318352200892,5.0
1.0,94.75086546172555,5.0
1.0,94.77854740144218,5.0
1.0,94.81452287958729,5.0
1.0,94.85049835773239,5.0
1.0,94.8864738358775,5.0
1.0,94.93654718266413,5.0
1.0,94.98662052945076,5.0
1.0,95.0366938762374,5.0
1.0,95.08676722302403,5.0
1.0,95.14405875859626,5.0
1.0,95.15527647697385,5.0
1.0,95.16649419535145,5.0
1.0,95.17771191372904,5.0
1.0,95.1939651127391,5.0
1.0,95.21021831174914,5.0
1.0,95.23763076709217,5.0
1.0,95.2650432224352,5.0
1.0,95.29245567777822,5.0
1.0,95.35107787816493,5.0
1.0,95.40970007855164,5.0
1.0,95.46832227893834,5.0
1.0,95.52694447932505,5.0
1.0,95.58556667971176,5.0
1.0,95.64418888009847,5.0
1.0,95.72096376047006,5.0
1.0,95.79773864084164,5.0
1.0,95.87451352121323,5.0
1.0,95.95128840158482,5.0
1.0,96.0280632819564,5.0
1.0,96.104838162328,5.0
1.0,96.18161304269958,5.0
1.0,96.2707377062288,5.0
1.0,96.35986236975802,5.0
1.0,96.43226682588457,5.0
1.0,96.50467128201112,5.0
1.0,96.57707573813767,5.0
1.0,96.64948019426421,5.0
1.0,96.72188465039076,5.0
1.0,96.79428910651731,5.0
1.0,96.86669356264386,5.0
1.0,96.95940749110584,5.0
1.0,97.05212141956781,5.0
1.0,97.14483534802979,5.0
1.0,97.23754927649176,5.0
1.0,97.33026320495374,5.0
1.0,97.42297713341571,5.0
1.0,97.51569106187769,5.0
1.0,97.60840499033966,5.0
1.0,97.70111891880164,5.0
1.0,97.7737297933105,5.0
1.0,97.83067922207913,5.0
1.0,97.88762865084776,5.0
1.0,97.94457807961639,5.0
1.0,98.00152750838502,5.0
1.0,98.0918613043762,5.0
1.0,98.18219510036737,5.0
1.0,98.27252889635854,5.0
1.0,98.36286269234971,5.0
1.0,98.45319648834088,5.0
1.0,98.54353028433205,5.0
1.0,98.63386408032322,5.0
1.0,98.72419787631439,5.0
1.0,98.81453167230556,5.0
1.0,98.90486546829673,5.0
1.0,98.9951992642879,5.0
1.0,99.06735362285255,5.0
1.0,99.08021290357374,5.0
1.0,99.09307218429493,5.0
1.0,99.10593146501611,5.0
1.0,99.13165002645849,5.0
1.0,99.15736858790086,5.0
1.0,99.18308714934324,5.0
1.0,99.24198786449166,5.0
1.0,99.30088857964009,5.0
1.0,99.35978929478851,5.0
1.0,99.41869000993694,5.0
1.0,99.51668372066803,5.0
1.0,99.61467743139912,5.0
1.0,99.7126711421302,5.0
1.0,99.8106648528613,5.0
1.0,99.90865856359238,5.0
1.0,100.00665227432347,5.0
1.0,100.10464598505456,5.0
1.0,100.20263969578565,5.0
1.0,100.30063340651674,5.0
1.0,100.39862711724783,5.0
1.0,100.49662082797892,5.0
1.0,100.59461453871,5.0
1.0,100.6926082494411,5.0
1.0,100.79060196017218,5.0
1.0,100.80953468994255,5.0
1.0,100.82846741971292,5.0
1.0,100.84740014948329,5.0
1.0,100.86633287925366,5.0
1.0,100.89968225358596,5.0
1.0,100.93303162791827,5.0
1.0,100.96638100225057,5.0
1.0,101.0207909152131,5.0
1.0,101.07520082817562,5.0
1.0,101.12961074113815,5.0
1.0,101.20010098523446,5.0
1.0,101.27059122933076,5.0
1.0,101.34108147342707,5.0
1.0,101.41157171752337,5.0
1.0,101.48206196161968,5.0
1.0,101.55255220571598,5.0
1.0,101.62304244981229,5.0
1.0,101.6935326939086,5.0
1.0,101.7640229380049,5.0
1.0,101.8345131821012,5.0
1.0,101.92330966363616,5.0
1.0,102.01210614517112,5.0
1.0,102.079014044001,5.0
1.0,102.14592194283088,5.0
1.0,102.15522012873414,5.0
1.0,102.1645183146374,5.0
1.0,102.17381650054067,5.0
1.0,102.19036198310471,5.0
1.0,102.20690746566875,5.0
1.0,102.22345294823279,5.0
1.0,102.25165928277302,5.0
1.0,102.27986561731325,5.0
1.0,102.30807195185348,5.0
1.0,102.34793612255208,5.0
1.0,102.38780029325069,5.0
1.0,102.4276644639493,5.0
1.0,102.4603933297933,5.0
1.0,102.49312219563731,5.0
1.0,102.51964360751215,5.0
1.0,102.54616501938699,5.0
1.0,102.56543793141893,5.0
1.0,102.58471084345086,5.0
1.0,102.60011659233996,5.0
1.0,102.61552234122905,5.0
1.0,102.63092809011815,5.0
1.0,102.64633383900724,5.0
1.0,102.64848450189659,5.0
1.0,102.65063516478594,5.0
1.0,102.65278582767529,5.0
1.0,102.65708715345399,5.0
1.0,102.66138847923268,5.0
1.0,102.66568980501138,5.0
1.0,102.67348148831353,5.0
1.0,102.68127317161567,5.0
1.0,102.68906485491782,5.0
1.0,102.69685653821996,5.0
1.0,102.70726378583572,5.0
1.0,102.71767103345148,5.0
1.0,102.72807828106724,5.0
1.0,102.738485528683,5.0
1.0,102.74889277629876,5.0
1.0,102.76370586137506,5.0
1.0,102.77851894645136,5.0
1.0,102.79333203152765,5.0
1.0,102.80814511660395,5.0
1.0,102.82295820168025,5.0
1.0,102.84827344801809,5.0
1.0,102.87358869435593,5.0
1.0,102.89890394069377,5.0
1.0,102.92421918703161,5.0
1.0,102.97157149926973,5.0
1.0,103.01892381150785,5.0
1.0,103.06627612374596,5.0
1.0,103.11362843598408,5.0
1.0,103.1609807482222,5.0
1.0,103.24584609055404,5.0
1.0,103.33071143288588,5.0
1.0,103.41557677521772,5.0
1.0,103.50044211754955,5.0
1.0,103.57401981901286,5.0
1.0,103.64759752047617,5.0
1.0,103.72117522193948,5.0
1.0,103.76767186886916,5.0
1.0,103.7769711982551,5.0
1.0,103.78627052764104,5.0
1.0,103.79556985702698,5.0
1.0,103.81416851579885,5.0
1.0,103.83276717457073,5.0
1.0,103.85513836872956,5.0
1.0,103.87750956288838,5.0
1.0,103.8998807570472,5.0
1.0,103.94206185030727,5.0
1.0,103.98424294356734,5.0
1.0,104.02642403682741,5.0
1.0,104.08329074938953,5.0
1.0,104.14015746195166,5.0
1.0,104.19702417451379,5.0
1.0,104.25389088707591,5.0
1.0,104.32162297324105,5.0
1.0,104.38935505940618,5.0
1.0,104.45708714557132,5.0
1.0,104.52481923173646,5.0
1.0,104.60529491476206,5.0
1.0,104.68577059778765,5.0
1.0,104.76624628081325,5.0
1.0,104.84672196383885,5.0
1.0,104.92719764686444,5.0
1.0,105.00767332989004,5.0
1.0,105.08814901291564,5.0
1.0,105.21160366414495,5.0
1.0,105.33505831537425,5.0
1.0,105.45851296660356,5.0
1.0,105.58196761783287,5.0
1.0,105.60233930737029,5.0
1.0,105.6227109969077,5.0
1.0,105.64308268644511,5.0
1.0,105.68382606551994,5.0
1.0,105.72456944459476,5.0
1.0,105.83472614608024,5.0
1.0,105.94488284756572,5.0
1.0,106.0550395490512,5.0
1.0,106.23701091529887,5.0
1.0,106.41898228154653,5.0
1.0,106.6009536477942,5.0
1.0,106.83892344522171,5.0
1.0,107.07689324264922,5.0
1.0,107.31486304007673,5.0
1.0,107.55283283750424,5.0
1.0,108.06243790421868,5.0
1.0,108.57204297093313,5.0
1.0,109.08164803764757,5.0
1.0,109.59125310436201,5.0
1.0,110.23104220591175,5.0
1.0,110.87083130746149,5.0
1.0,111.51062040901122,5.0
1.0,112.15040951056096,5.0
1.0,113.07094823686315,5.0
1.0,113.99148696316533,5.0
1.0,114.91202568946751,5.0
1.0,115.8325644157697,5.0
1.0,118.15056310368831,5.0
1.0,120.46856179160693,5.0
1.0,122.78656047952555,5.0
1.0,139.73418060459218,5.0
1.0,156.68180072965882,5.0
1.0,326.1580019803252,5.0
1.0,495.6342032309916,5.0
1.0,2000.0,5.0
