g,t,h_max
0.01,0.0,1.0698216699004093
0.01,0.0008175568521812916,1.0688519944207213
0.01,0.0010219460652266144,1.068606602859214
0.01,0.001073043368487945,1.0685506507616591
0.01,0.0010756087816687098,1.0685462523525628
0.01,0.0010781741948494745,1.0685418975451653
0.01,0.0010807396080302393,1.068537857705074
0.01,0.001083305021211004,1.0685341034016365
0.01,0.0010858704343917687,1.0685305602627224
0.01,0.0010884358475725334,1.0685271640668834
0.01,0.0010910012607532982,1.0685238678991194
0.01,0.0010935666739340629,1.0685206392294886
0.01,0.0010961320871148276,1.0685174559238917
0.01,0.0010986975002955923,1.0685143030280257
0.01,0.001101262913476357,1.068511170464624
0.01,0.0011038283266571218,1.0685080514488006
0.01,0.0011063937398378865,1.0685049414134455
0.01,0.0011089591530186512,1.0685018372844606
0.01,0.001111888188266344,1.0684982966415038
0.01,0.0011148172235140369,1.0684947607177424
0.01,0.0011177462587617297,1.068491226520249
0.01,0.0011204058460461091,1.0684880180676277
0.01,0.0011470017188899026,1.06845592295451
0.01,0.001173597591733696,1.0684237955458171
0.01,0.0012001934645774895,1.0683916255339099
0.01,0.0014661521930154253,1.0680654028730998
0.01,0.0017321109214533611,1.0677347840603861
0.01,0.0031204629086294096,1.065892741096942
0.01,0.0045088148958054575,1.0639478744890387
0.01,0.0067650089806611646,1.060676717927299
0.01,0.009021203065516872,1.0572182002604111
0.01,0.011277397150372579,1.053637416542607
0.01,0.015221871173053486,1.0472183056706126
0.01,0.019166345195734395,1.0408040233661189
0.01,0.023110819218415304,1.0345461513995604
0.01,0.027055293241096214,1.0284973123171632
0.01,0.03185400638709921,1.0214247036858581
0.01,0.03665271953310221,1.014678515457275
0.01,0.041451432679105206,1.008257637988823
0.01,0.0462501458251082,1.0021665580441756
0.01,0.0510488589711112,0.9964091997142988
0.01,0.0558475721171142,0.9909945114404444
0.01,0.060646285263117196,0.9859307443771949
0.01,0.06544499840912019,0.9812230027785349
0.01,0.07024371155512318,0.9768721980817379
0.01,0.07504242470112618,0.972874233624714
0.01,0.08038897427796493,0.9688209978499446
0.01,0.08573552385480368,0.9651728461054231
0.01,0.09108207343164243,0.9619081898487137
0.01,0.09642862300848118,0.9590031265602513
0.01,0.10177517258531993,0.9564326893929577
0.01,0.10712172216215868,0.9541718233371013
0.01,0.11246827173899743,0.9521961098195232
0.01,0.11781482131583618,0.9504820203038096
0.01,0.12316137089267493,0.949007253513437
0.01,0.12927286199470597,0.9475858851157848
0.01,0.13538435309673702,0.946420360782851
0.01,0.14149584419876807,0.9454839751189427
0.01,0.1483094364087037,0.9446780468204955
0.01,0.15398204160134868,0.9441801144735384
0.01,0.15965464679399366,0.9438202610323129
0.01,0.16532725198663864,0.9447240201068667
0.01,0.17354634538518862,0.9464562956137303
0.01,0.1817654387837386,0.9480941626082864
0.01,0.18998453218228858,0.9495964958580452
0.01,0.19820362558083857,0.950981912978969
0.01,0.20642271897938855,0.9522663930485268
0.01,0.21464181237793853,0.9534635850174029
0.01,0.22887373240090159,0.9553705207414618
0.01,0.24310565242386464,0.9570975159783233
0.01,0.2573375724468277,0.9586797484327203
0.01,0.27918881431412973,0.9608778188871404
0.01,0.30104005618143176,0.9628671546155348
0.01,0.3228912980487338,0.9647072974887398
0.01,0.3447425399160358,0.96642860901687
0.01,0.3698212988424013,0.9682804332992052
0.01,0.39490005776876674,0.9701010034035827
0.01,0.4199788166951322,0.9718156871321276
0.01,0.4610225810436618,0.9744152354127013
0.01,0.5020663453921913,0.9768771263857733
0.01,0.5431101097407208,0.9791483474691177
0.01,0.613195419486837,0.9827132228395191
0.01,0.6832807292329532,0.9858756957238152
0.01,0.7533660389790695,0.9886804379725022
0.01,0.8618912726504955,0.9924418161571801
0.01,0.9704165063219214,0.9955449163555182
0.01,1.0789417399933474,0.9981014303372863
0.01,1.227280074085382,1.0007998230855397
0.01,1.3756184081774165,1.0028034524377927
0.01,1.523956742269451,1.0042786776112687
0.01,1.6722950763614857,1.005370084135279
0.01,1.8677661555963232,1.0064038133494306
0.01,2.0632372348311607,1.007126807889056
0.01,2.258708314065998,1.0076173631797005
0.01,2.4541793933008353,1.0079369764332937
0.01,2.6496504725356727,1.0081381946241454
0.01,2.9174109168167477,1.0083097293394085
0.01,3.1851713610978227,1.008422291625612
0.01,3.4529318053788978,1.0085044964660337
0.01,3.720692249659973,1.0085678124853876
0.01,4.413154819105102,1.0086745444753331
0.01,5.105617388550232,1.0087346970950157
0.01,5.798079957995361,1.0087723661659271
0.01,7.185842696833866,1.0088333079802618
0.01,8.573605435672372,1.008862183482637
0.01,9.961368174510877,1.0089053975277618
0.01,11.349130913349383,1.0089558807532322
0.01,12.736893652187888,1.0090027904840801
0.01,14.124656391026393,1.0089999245184333
0.01,15.512419129864899,1.009017007405492
0.01,16.900181868703406,1.0090316690512329
0.01,18.287944607541913,1.0090403123241836
0.01,19.67570734638042,1.0090505894583393
0.01,21.063470085218928,1.0091012767220817
0.01,22.451232824057435,1.0091074440308045
0.01,23.838995562895942,1.0091085523213623
0.01,25.22675830173445,1.009121392202117
0.01,26.614521040572956,1.0091407398876575
0.01,28.31535402455383,1.0091829566644146
0.01,30.016187008534704,1.0091976778149163
0.01,31.717019992515578,1.0092003562990879
0.01,33.417852976496455,1.009167198840823
0.01,35.445958897605074,1.0092007897788315
0.01,37.47406481871369,1.009255899417971
0.01,39.50217073982231,1.00928450473033
0.01,41.53027666093093,1.009312346734672
0.01,43.55838258203955,1.009338730384159
0.01,45.58648850314817,1.0093415485748733
0.01,47.2497553153686,1.0093634651589183
0.01,48.91302212758904,1.0094018290311175
0.01,50.57628893980947,1.009443214500529
0.01,52.23955575202991,1.0094472305930997
0.01,53.90282256425034,1.0094602168730513
0.01,55.56608937647078,1.0094898682544884
0.01,57.22935618869121,1.009539492819525
0.01,58.89262300091165,1.0095151425679392
0.01,60.55588981313208,1.0095199087783082
0.01,60.80029931567674,1.0095311257639052
0.01,61.044708818221395,1.0095443497866974
0.01,61.28911832076605,1.0095559829994787
0.01,61.533527823310706,1.0095649999972953
0.01,62.02234682840001,1.0095792847547116
0.01,62.511165833489315,1.0095905818316078
0.01,62.99998483857862,1.009600471423567
0.01,64.0738658450485,1.009619438297898
0.01,65.14774685151838,1.0096392981819762
0.01,66.22162785798825,1.0096614735886382
0.01,67.58414736975979,1.009685351266111
0.01,68.94666688153133,1.009702384364854
0.01,70.30918639330287,1.0097157551621927
0.01,71.6717059050744,1.009744790091763
0.01,73.03422541684594,1.0097482498550103
0.01,74.39674492861748,1.0097521251670802
0.01,75.75926444038902,1.0097810426795553
0.01,77.12178395216056,1.0098148021609683
0.01,78.4843034639321,1.0098477771124295
0.01,79.84682297570363,1.0098725971154816
0.01,81.47355689145941,1.0098967174306366
0.01,83.10029080721519,1.0098856865309527
0.01,84.72702472297097,1.0098857002703026
0.01,86.35375863872675,1.009931887830751
0.01,87.98049255448252,1.010030849784914
0.01,89.6072264702383,1.0100904643551578
0.01,91.23396038599408,1.010084870471723
0.01,92.86069430174986,1.010071629609709
0.01,94.48742821750564,1.0100900381971785
0.01,96.11416213326142,1.010117475496261
0.01,97.94426145765965,1.0101433282832566
0.01,99.77436078205788,1.0101806189741316
0.01,101.60446010645612,1.0102273985081998
0.01,103.43455943085435,1.0102723068217838
0.01,105.26465875525258,1.0103113426986232
0.01,107.09475807965082,1.0103360107448056
0.01,108.92485740404905,1.0103602374915286
0.01,110.75495672844728,1.010399416614475
0.01,112.58505605284552,1.0104486999756095
0.01,114.41515537724375,1.0104827281662256
0.01,116.24525470164198,1.0104963095135797
0.01,118.07535402604022,1.0105272520954798
0.01,119.90545335043845,1.0105794211239076
0.01,121.73555267483668,1.0106338615535988
0.01,123.56565199923492,1.0106810428768875
0.01,125.39575132363315,1.0107231925908573
0.01,127.22585064803138,1.0107630128709801
0.01,129.05594997242963,1.010793149086894
0.01,130.88604929682788,1.0108219305243622
0.01,132.71614862122613,1.0108635908698493
0.01,134.54624794562437,1.0109166977529307
0.01,136.37634727002262,1.0109678365007595
0.01,138.20644659442087,1.0110127809587084
0.01,140.03654591881912,1.0110546163630754
0.01,141.86664524321736,1.0110977102878038
0.01,143.6967445676156,1.0111415438727036
0.01,145.52684389201386,1.0111860266401893
0.01,147.3569432164121,1.011230451613372
0.01,149.18704254081035,1.0112756232856583
0.01,151.0171418652086,1.011320944489869
0.01,152.84724118960685,1.0113669806060746
0.01,154.6773405140051,1.0114131622635008
0.01,156.50743983840334,1.011460067532246
0.01,158.3375391628016,1.011507150054266
0.01,160.16763848719984,1.0115549392558145
0.01,161.99773781159809,1.011602921532622
0.01,163.82783713599633,1.0116516008157377
0.01,165.65793646039458,1.0117004926715434
0.01,167.48803578479283,1.0117500705719977
0.01,169.31813510919108,1.0117998788083096
0.01,171.14823443358932,1.0118503633742157
0.01,172.97833375798757,1.0119010958440526
0.01,174.80843308238582,1.0119524954316235
0.01,176.63853240678407,1.012004159906622
0.01,178.4686317311823,1.012056483084798
0.01,180.29873105558056,1.0121090876452983
0.01,182.1288303799788,1.012162343231207
0.01,183.95892970437706,1.0122158961225665
0.01,185.7890290287753,1.0122700931662878
0.01,187.61912835317355,1.0123246028198796
0.01,189.4492276775718,1.012379750585753
0.01,191.27932700197005,1.0124352255747109
0.01,193.1094263263683,1.0124913335000087
0.01,194.93952565076654,1.0125477825068496
0.01,196.7696249751648,1.0126048601400142
0.01,198.59972429956304,1.012662291911416
0.01,200.42982362396128,1.0127203488317644
0.01,202.25992294835953,1.0127787721373231
0.01,204.09002227275778,1.0128378178632724
0.01,205.92012159715603,1.0128972414587882
0.01,207.75022092155427,1.0129572853655002
0.01,209.58032024595252,1.0130177179833142
0.01,211.41041957035077,1.0130787692561545
0.01,213.24051889474902,1.0131402196317947
0.01,215.07061821914726,1.0132022872871058
0.01,216.9007175435455,1.0132647642429293
0.01,218.73081686794376,1.013327857247422
0.01,220.560916192342,1.0133913698406285
0.01,222.39101551674025,1.0134554973436622
0.01,224.2211148411385,1.0135200550747405
0.01,226.05121416553675,1.0135852267332273
0.01,227.881313489935,1.0136508397786845
0.01,229.71141281433324,1.0137170661081845
0.01,231.5415121387315,1.0137837455154448
0.01,233.37161146312974,1.0138510381605077
0.01,235.201710787528,1.0139187959221776
0.01,237.03181011192623,1.013987167706003
0.01,238.86190943632448,1.01405601661466
0.01,240.69200876072273,1.0141254812435403
0.01,242.52210808512098,1.014195434470786
0.01,244.35220740951922,1.0142660058566526
0.01,246.18230673391747,1.0143370762803332
0.01,248.01240605831572,1.0144087675895288
0.01,249.84250538271397,1.0144809670193764
0.01,251.6726047071122,1.014553789745127
0.01,253.19673913644843,1.014614899797684
0.01,254.72087356578464,1.014675460561402
0.01,256.24500799512083,1.0147345295110002
0.01,257.769142424457,1.014790397169482
0.01,259.2932768537932,1.0148434859699604
0.01,260.8174112831294,1.0148980679521526
0.01,262.3415457124656,1.0149571665834836
0.01,263.86568014180176,1.0150185195883497
0.01,265.38981457113795,1.015081133499747
0.01,266.91394900047413,1.0151450533510553
0.01,268.4380834298103,1.0152079770990678
0.01,269.9622178591465,1.0152708126418064
0.01,271.4863522884827,1.0153350512379755
0.01,273.0104867178189,1.0154003335139221
0.01,274.53462114715506,1.01546807055085
0.01,276.05875557649125,1.0155396652196647
0.01,277.58289000582744,1.015613606972607
0.01,279.1070244351636,1.015685620068834
0.01,280.6311588644998,1.0157529951653663
0.01,282.155293293836,1.015818875854832
0.01,283.6794277231722,1.0158872018885006
0.01,285.20356215250837,1.0159576145793978
0.01,286.72769658184455,1.0160289682151329
0.01,288.25183101118074,1.0161009371609162
0.01,289.7759654405169,1.0161729030112112
0.01,291.3000998698531,1.016245254235608
0.01,292.8242342991893,1.01631853782685
0.01,294.3483687285255,1.016392423506648
0.01,295.8725031578617,1.0164669803709199
0.01,297.39663758719786,1.0165424456553622
0.01,298.92077201653404,1.0166177866169874
0.01,300.44490644587023,1.016692221430093
0.01,301.9690408752064,1.0167671383434156
0.01,303.4931753045426,1.0168432922449953
0.01,305.0173097338788,1.0169185052489444
0.01,306.541444163215,1.0169917568929039
0.01,308.06557859255116,1.0170640996319271
0.01,309.58971302188735,1.0171354865589823
0.01,311.11384745122353,1.0172069529297632
0.01,312.6379818805597,1.0172801980324586
0.01,314.1621163098959,1.0173553678599037
0.01,315.6862507392321,1.0174330378183145
0.01,317.2103851685683,1.0175143116953906
0.01,318.73451959790447,1.017598563060563
0.01,320.25865402724065,1.017683825155225
0.01,321.78278845657684,1.0177674149328642
0.01,323.03386476100354,1.0178334614578064
0.01,324.06540990341415,1.0178870456577773
0.01,325.09695504582476,1.017942105588201
0.01,326.12850018823536,1.0179998181060026
0.01,327.16004533064597,1.0180594370650833
0.01,328.1915904730566,1.0181197627046026
0.01,329.2231356154672,1.0181801081290036
0.01,330.2546807578778,1.0182391861606157
0.01,331.42648550427316,1.018302626718111
0.01,332.5982902506685,1.0183629678166177
0.01,333.7700949970639,1.0184244530278423
0.01,334.94189974345926,1.0184901509808506
0.01,336.1137044898546,1.018558200824226
0.01,337.28550923625,1.0186243016699392
0.01,338.45731398264536,1.0186875337660048
0.01,339.6291187290407,1.0187512580442457
0.01,340.8009234754361,1.0188183727138953
0.01,341.97272822183146,1.0188883482767073
0.01,343.1445329682268,1.0189589670644836
0.01,344.3163377146222,1.0190285914763855
0.01,345.48814246101756,1.0190967699647204
0.01,346.6599472074129,1.0191642954162201
0.01,347.8317519538083,1.0192327831149268
0.01,349.00355670020366,1.019302784541884
0.01,350.3075597342143,1.0193805888122154
0.01,351.6115627682249,1.0194568814855947
0.01,352.91556580223556,1.0195333517178364
0.01,354.2195688362462,1.0196128948999632
0.01,355.52357187025683,1.0196955226780136
0.01,356.82757490426746,1.0197778152668906
0.01,358.1315779382781,1.019856269846423
0.01,359.43558097228873,1.0199309283918476
0.01,360.73958400629937,1.0200049967420057
0.01,362.04358704031,1.020081427144248
0.01,363.34759007432064,1.0201611972186824
0.01,364.65159310833127,1.0202441260013069
0.01,365.9555961423419,1.0203285734490903
0.01,367.25959917635254,1.0204114131694322
0.01,368.3139395782178,1.0204760352670987
0.01,369.36827998008306,1.0205402191494783
0.01,370.4226203819483,1.020605919900322
0.01,371.4769607838136,1.020674249067751
0.01,372.65082785747876,1.0207514269338351
0.01,373.82469493114394,1.0208281164955388
0.01,374.9985620048091,1.0209045585176413
0.01,376.1724290784743,1.0209812329053964
0.01,377.3462961521395,1.0210571693113837
0.01,378.52016322580465,1.0211316362448701
0.01,379.69403029946983,1.0212065236626697
0.01,380.867897373135,1.0212850622055578
0.01,382.0417644468002,1.021368004658628
0.01,383.21563152046537,1.0214522964901702
0.01,384.5328508080353,1.0215438205043876
0.01,385.8500700956052,1.0216306876191334
0.01,387.1672893831751,1.0217154839479112
0.01,388.484508670745,1.021801404259078
0.01,389.8017279583149,1.0218897436693903
0.01,391.11894724588484,1.0219804344056556
0.01,392.43616653345475,1.0220731304045723
0.01,393.75338582102466,1.0221672768810364
0.01,395.0706051085946,1.0222619834930362
0.01,396.3878243961645,1.022356533398312
0.01,397.7050436837344,1.0224509527639571
0.01,399.0222629713043,1.0225457924158554
0.01,400.3394822588742,1.0226413064102198
0.01,401.65670154644414,1.0227370107891511
0.01,402.97392083401405,1.0228322515139159
0.01,404.29114012158396,1.0229270684148686
0.01,405.6083594091539,1.0230222144815295
0.01,406.9255786967238,1.0231184190193925
0.01,408.2427979842937,1.0232158430920006
0.01,409.5600172718636,1.023314095230334
0.01,410.8772365594335,1.0234124256208819
0.01,412.19445584700344,1.0235101331052403
0.01,413.51167513457335,1.0236070621351026
0.01,414.82889442214326,1.0237034919570467
0.01,416.1461137097132,1.0237998409846036
0.01,417.4633329972831,1.0238966974969241
0.01,418.780552284853,1.0239945118294584
0.01,420.0977715724229,1.0240932675254497
0.01,421.4149908599928,1.0241927806974507
0.01,422.73221014756274,1.0242930195991928
0.01,424.04942943513265,1.0243941554132854
0.01,425.36664872270256,1.0244965839436295
0.01,426.6838680102725,1.0246006883669436
0.01,428.0010872978424,1.0247062897467174
0.01,429.3183065854123,1.0248125012904667
0.01,430.6355258729822,1.0249184835847638
0.01,431.9527451605521,1.0250242567352912
0.01,433.26996444812204,1.0251304992307804
0.01,434.58718373569195,1.0252377528026972
0.01,435.90440302326186,1.0253460688472853
0.01,437.2216223108318,1.0254551638280198
0.01,438.5388415984017,1.0255646700584387
0.01,439.8560608859716,1.0256744082361846
0.01,441.1732801735415,1.0257845009868445
0.01,442.4904994611114,1.0258950982913337
0.01,443.80771874868134,1.0260061208821123
0.01,445.12493803625125,1.0261174208148527
0.01,446.44215732382116,1.0262290366250109
0.01,447.7593766113911,1.0263411886614235
0.01,449.076595898961,1.0264541030085093
0.01,450.3938151865309,1.0265678147014299
0.01,451.7110344741008,1.0266820949641553
0.01,453.0282537616707,1.0267965608845762
0.01,454.34547304924064,1.0269108203649238
0.01,455.66269233681055,1.0270246989208645
0.01,456.97991162438046,1.0271384934707861
0.01,458.2971309119504,1.0272527893053809
0.01,459.6143501995203,1.0273679682675272
0.01,460.9315694870902,1.0274840599364945
0.01,462.2487887746601,1.0276009039221807
0.01,463.56600806223,1.0277183150500055
0.01,464.88322734979994,1.0278362391921918
0.01,466.20044663736985,1.0279547419004667
0.01,467.51766592493976,1.028073851640196
0.01,468.8348852125097,1.0281935640939017
0.01,470.1521045000796,1.028313889764965
0.01,471.4693237876495,1.028434802576587
0.01,472.7865430752194,1.0285562793650014
0.01,474.1037623627893,1.0286783273508229
0.01,475.42098165035924,1.0288009095705453
0.01,476.73820093792915,1.0289239912243595
0.01,478.05542022549906,1.0290476498934045
0.01,479.372639513069,1.029172074027696
0.01,480.6898588006389,1.0292975400414666
0.01,482.0070780882088,1.0294243563227745
0.01,483.3242973757787,1.0295526726463105
0.01,484.6415166633486,1.0296822998865516
0.01,485.95873595091854,1.0298127490554256
0.01,487.27595523848845,1.0299435082194268
0.01,488.59317452605836,1.0300743543326645
0.01,489.9103938136283,1.0302054098234583
0.01,491.2276131011982,1.0303369401365834
0.01,492.5448323887681,1.030469161333818
0.01,493.862051676338,1.030602162512375
0.01,495.1792709639079,1.0307358874684054
0.01,496.49649025147784,1.030870226226515
0.01,497.81370953904775,1.0310051662607203
0.01,499.13092882661766,1.0311407520342244
0.01,500.4481481141876,1.0312768971812092
0.01,501.7653674017575,1.0314133954848572
0.01,503.0825866893274,1.031550125552627
0.01,504.3998059768973,1.0316871575601563
0.01,505.7170252644672,1.0318247263548865
0.01,507.03424455203714,1.0319631535250575
0.01,508.35146383960705,1.032102657720666
0.01,509.66868312717696,1.0322431640726513
0.01,510.9859024147469,1.0323843897661955
0.01,512.3031217023168,1.0325261373550356
0.01,513.6203409898868,1.0326684525286858
0.01,514.9375602774568,1.032811533123061
0.01,516.2547795650268,1.0329555317562302
0.01,517.5719988525967,1.0331003935958036
0.01,518.8892181401667,1.0332458622240825
0.01,520.2064374277367,1.0333917116127256
0.01,521.2868372527984,1.033511624859461
0.01,522.3672370778601,1.0336319416854454
0.01,523.4476369029218,1.033752789676487
0.01,524.5280367279835,1.0338741255419863
0.01,525.6084365530452,1.0339958222120686
0.01,526.6888363781069,1.0341178585291295
0.01,527.7692362031686,1.034240419614448
0.01,528.9897053075262,1.0343798726654068
0.01,530.2101744118837,1.034520640698511
0.01,531.4306435162413,1.0346626376967247
0.01,532.6511126205988,1.0348054330861733
0.01,533.8715817249564,1.0349484936702595
0.01,535.092050829314,1.0350914989335054
0.01,536.3125199336715,1.0352345026443706
0.01,537.5329890380291,1.0353778262578879
0.01,538.7534581423866,1.0355218093629632
0.01,539.9739272467442,1.0356666414604363
0.01,541.1943963511018,1.0358123628772073
0.01,542.4148654554593,1.0359589530541344
0.01,543.6353345598169,1.0361063811062152
0.01,544.8558036641745,1.036254572130384
0.01,546.076272768532,1.0364033588333523
0.01,547.2967418728896,1.0365525421652764
0.01,548.5172109772471,1.0367020586764115
0.01,549.7376800816047,1.036852060120805
0.01,550.9581491859623,1.0370027715649432
0.01,552.1786182903198,1.0371542847356576
0.01,553.3990873946774,1.0373065234768089
0.01,554.619556499035,1.0374593807280268
0.01,555.8400256033925,1.0376128445341737
0.01,557.0604947077501,1.0377669970928525
0.01,558.2809638121076,1.0379219250725358
0.01,559.5014329164652,1.0380776526700177
0.01,560.7219020208228,1.038234159882168
0.01,561.9423711251803,1.038391431961171
0.01,563.1628402295379,1.0385494588230557
0.01,564.3833093338955,1.0387082064935378
0.01,565.603778438253,1.0388676292204548
0.01,566.8242475426106,1.0390277102980352
0.01,568.0447166469681,1.0391884757587049
0.01,569.2651857513257,1.039349974535636
0.01,570.4856548556833,1.0395122503037717
0.01,571.7061239600408,1.0396753119425743
0.01,572.9265930643984,1.0398391194818075
0.01,574.147062168756,1.0400036181117254
0.01,575.3675312731135,1.0401687894709732
0.01,576.5880003774711,1.0403346631544739
0.01,577.8084694818286,1.040501295292888
0.01,579.0289385861862,1.0406687369855507
0.01,580.2494076905438,1.0408370004431027
0.01,581.4698767949013,1.041006045735516
0.01,582.6903458992589,1.0411758144686434
0.01,583.9108150036164,1.0413462838337137
0.01,585.131284107974,1.0415174841817179
0.01,586.3517532123316,1.0416894737202744
0.01,587.5722223166891,1.0418623042639348
0.01,588.7926914210467,1.0420359862593236
0.01,590.0131605254043,1.0422104770781595
0.01,591.2336296297618,1.0423857136857353
0.01,592.4540987341194,1.0425616669604922
0.01,593.674567838477,1.042738365744535
0.01,594.8950369428345,1.042915874627385
0.01,596.1155060471921,1.0430942578735907
0.01,597.3359751515496,1.0432735371306447
0.01,598.5564442559072,1.0434536742079739
0.01,599.570143271584,1.0436038980632232
0.01,600.5838422872608,1.0437546367162456
0.01,601.5975413029377,1.0439058965586578
0.01,602.6112403186145,1.0440576852815049
0.01,603.6249393342913,1.0442099938564477
0.01,604.6386383499681,1.0443628079312033
0.01,605.6523373656449,1.0445161529914262
0.01,606.6660363813218,1.0446701247368844
0.01,607.6797353969986,1.0448248624322354
0.01,608.6934344126754,1.0449804706137178
0.01,609.7071334283522,1.0451369413496505
0.01,610.720832444029,1.045294135199398
0.01,611.7345314597059,1.0454518443667808
0.01,612.8736738313285,1.0456294934751995
0.01,614.0128162029511,1.045807554620909
0.01,615.1519585745737,1.0459861607716403
0.01,616.2911009461963,1.0461654945389123
0.01,617.4302433178188,1.0463456602624222
0.01,618.5693856894414,1.046526653525378
0.01,619.708528061064,1.0467084239893667
0.01,620.8476704326866,1.0468909521750491
0.01,621.9868128043092,1.0470742725268904
0.01,623.1259551759318,1.0472584432577536
0.01,624.2650975475544,1.047443506676741
0.01,625.404239919177,1.0476294741812473
0.01,626.5433822907996,1.0478163385119583
0.01,627.6825246624222,1.0480040936456418
0.01,628.8216670340448,1.0481927379703757
0.01,629.9608094056674,1.04838225619549
0.01,631.09995177729,1.0485726038671084
0.01,632.2390941489126,1.0487637178628737
0.01,633.3782365205352,1.0489555478194352
0.01,634.5173788921578,1.0491480838885754
0.01,635.6565212637804,1.0493413623633745
0.01,636.795663635403,1.0495354473169576
0.01,637.9348060070256,1.04973040235221
0.01,639.0739483786482,1.049926270687498
0.01,640.2130907502708,1.050123073255859
0.01,641.3522331218934,1.05032082067003
0.01,642.491375493516,1.050519525120186
0.01,643.6305178651386,1.05071919674707
0.01,644.7696602367612,1.0509198243472258
0.01,645.9088026083838,1.0511213620353026
0.01,647.0479449800064,1.051323741529257
0.01,648.187087351629,1.051526904037603
0.01,649.3262297232516,1.0517308282740054
0.01,650.4653720948742,1.051935537805749
0.01,651.6045144664968,1.0521410861733507
0.01,652.7436568381194,1.052347531624799
0.01,653.882799209742,1.0525549169068735
0.01,655.0219415813646,1.0527632634168564
0.01,656.1610839529872,1.0529725782239527
0.01,657.3002263246098,1.0531828682051358
0.01,658.4393686962323,1.0533941405540526
0.01,659.578511067855,1.0536064099817184
0.01,660.7176534394775,1.0538196933131254
0.01,661.8567958111001,1.054034007064322
0.01,662.9959381827227,1.0542493675599376
0.01,664.1350805543453,1.0544657903093457
0.01,665.2742229259679,1.054683282993766
0.01,666.4133652975905,1.0549018330806506
0.01,667.5525076692131,1.0551214049411077
0.01,668.6916500408357,1.0553419599912177
0.01,669.8307924124583,1.0555634864720431
0.01,670.9699347840809,1.0557860067553877
0.01,672.1090771557035,1.0560095522964823
0.01,673.2482195273261,1.0562341336520686
0.01,674.3873618989487,1.0564597369858613
0.01,675.5265042705713,1.0566863463457365
0.01,676.6656466421939,1.0569139665185037
0.01,677.8047890138165,1.0571426270888993
0.01,678.9439313854391,1.0573723696368615
0.01,680.0830737570617,1.057603230075496
0.01,681.2222161286843,1.0578352233185129
0.01,682.3613585003069,1.0580683337193924
0.01,683.5005008719295,1.0583025197083293
0.01,684.6396432435521,1.058537737706532
0.01,685.7787856151747,1.0587739742194655
0.01,686.9179279867973,1.059011254728292
0.01,688.0570703584199,1.0592496187536897
0.01,689.1962127300425,1.0594890872467286
0.01,690.3353551016651,1.0597296520885622
0.01,691.2788254751814,1.0599297107035368
0.01,692.2222958486977,1.0601305018351328
0.01,693.1657662222141,1.0603320339175517
0.01,694.1092365957304,1.0605343226383492
0.01,695.1471592499308,1.0607577519236084
0.01,696.1850819041313,1.0609821183460717
0.01,697.2230045583317,1.0612074195324308
0.01,698.2609272125321,1.0614336537574205
0.01,699.2988498667326,1.061660826761568
0.01,700.336772520933,1.0618889514639294
0.01,701.3746951751334,1.0621180431518307
0.01,702.4126178293338,1.0623481158048416
0.01,703.4505404835343,1.0625791823488764
0.01,704.4884631377347,1.062811256751058
0.01,705.5263857919351,1.0630443547299493
0.01,706.5643084461356,1.0632784923905976
0.01,707.602231100336,1.0635136845057824
0.01,708.6401537545364,1.0637499439268923
0.01,709.6780764087368,1.0639872821588936
0.01,710.7159990629373,1.064225710140316
0.01,711.7539217171377,1.0644652382957382
0.01,712.7918443713381,1.0647058753180436
0.01,713.8297670255386,1.0649476257898383
0.01,714.867689679739,1.0651904876078584
0.01,715.9056123339394,1.0654344511010045
0.01,716.9435349881398,1.0656795017223175
0.01,717.9814576423403,1.065925626588562
0.01,719.0193802965407,1.0661728221352271
0.01,720.0573029507411,1.0664210981703806
0.01,721.0952256049416,1.0666704752686367
0.01,722.133148259142,1.0669209767903318
0.01,723.1710709133424,1.0671726205843532
0.01,724.2089935675428,1.0674254153395484
0.01,725.2469162217433,1.0676793629925019
0.01,726.2848388759437,1.06793446430577
0.01,727.3227615301441,1.06819072308072
0.01,728.3606841843446,1.0684481462067434
0.01,729.398606838545,1.0687067415731217
0.01,730.4365294927454,1.0689665157796424
0.01,731.4744521469459,1.069227473181187
0.01,732.5123748011463,1.0694896165798506
0.01,733.5502974553467,1.0697529487215987
0.01,734.5882201095471,1.0700174737043548
0.01,735.6261427637476,1.0702831975868585
0.01,736.664065417948,1.070550127474389
0.01,737.7019880721484,1.0708182699721318
0.01,738.7399107263489,1.0710876294959266
0.01,739.7778333805493,1.0713582068749035
0.01,740.8157560347497,1.0716299992331966
0.01,741.8536786889501,1.0719030025367167
0.01,742.8916013431506,1.072177216759523
0.01,743.929523997351,1.0724526508369903
0.01,744.9674466515514,1.0727293237273576
0.01,746.0053693057519,1.0730072602563343
0.01,747.0432919599523,1.0732864844093044
0.01,748.0812146141527,1.0735670144173854
0.01,749.1191372683531,1.073848862243443
0.01,750.1570599225536,1.074132036587155
0.01,751.194982576754,1.0744165461961426
0.01,752.2329052309544,1.0747024010323476
0.01,753.2708278851549,1.0749896113084978
0.01,754.3087505393553,1.0752781861548988
0.01,755.3466731935557,1.07556813317677
0.01,756.3845958477561,1.0758594589209778
0.01,757.4225185019566,1.0761521697198355
0.01,758.460441156157,1.076446272388791
0.01,759.4983638103574,1.0767417744193366
0.01,760.5362864645579,1.0770386836348105
0.01,761.5742091187583,1.0773370077587066
0.01,762.6121317729587,1.0776367544487229
0.01,763.6500544271591,1.077937931942681
0.01,764.6879770813596,1.078240549880176
0.01,765.72589973556,1.0785446195521045
0.01,766.7638223897604,1.0788501532007955
0.01,767.8017450439609,1.0791571628183025
0.01,768.8396676981613,1.0794656593694605
0.01,769.8775903523617,1.0797756529136477
0.01,770.9155130065622,1.080087153309897
0.01,771.9534356607626,1.0804001708810673
0.01,772.991358314963,1.080714716600155
0.01,774.0292809691634,1.0810308017250752
0.01,775.0672036233639,1.0813484371768547
0.01,776.1051262775643,1.0816676331988944
0.01,777.1430489317647,1.0819883996622774
0.01,778.1809715859652,1.082310746888425
0.01,779.2188942401656,1.0826346864490703
0.01,780.256816894366,1.0829602313393811
0.01,781.2947395485664,1.0832873953072701
0.01,782.3326622027669,1.0836161917623
0.01,783.3705848569673,1.0839466330941503
0.01,784.4085075111677,1.0842787309000095
0.01,785.4464301653682,1.084612496859532
0.01,786.4843528195686,1.0849479435374767
0.01,787.522275473769,1.085285084525836
0.01,788.5601981279694,1.0856239338453635
0.01,789.5981207821699,1.085964505049314
0.01,790.6360434363703,1.0863068107290188
0.01,791.6739660905707,1.0866508628435687
0.01,792.7118887447712,1.0869966736731205
0.01,793.7498113989716,1.087344256731626
0.01,794.6142790162911,1.087635115998018
0.01,795.4787466336106,1.0879272242027382
0.01,796.3432142509301,1.0882205904792124
0.01,797.2076818682497,1.0885152234050541
0.01,798.0721494855692,1.0888111309038662
0.01,798.9366171028887,1.089108320382912
0.01,799.8010847202082,1.0894067988308649
0.01,800.6655523375277,1.0897065727952309
0.01,801.5300199548473,1.0900076485885482
0.01,802.241494248348,1.090256421395878
0.01,802.9529685418487,1.0905060852596182
0.01,803.6644428353494,1.0907566461304046
0.01,804.3759171288501,1.0910081110945893
0.01,805.174042089986,1.0912912870506173
0.01,805.9721670511218,1.0915756188346213
0.01,806.7702920122576,1.0918611131655056
0.01,807.5684169733935,1.0921477752814128
0.01,808.3665419345293,1.0924356107438067
0.01,809.1646668956652,1.0927246268804023
0.01,809.7974868961123,1.092954628091588
0.01,810.4303068965595,1.0931853822737554
0.01,811.0631268970067,1.0934168940653217
0.01,811.6959468974538,1.0936491675240987
0.01,812.4892394700751,1.0939414224537638
0.01,813.2825320426963,1.0942348851117571
0.01,814.0758246153175,1.0945295611783248
0.01,814.8691171879387,1.0948254573952347
0.01,815.66240976056,1.0951225822362787
0.01,815.7791887992906,1.0951664256887377
0.01,815.8959678380213,1.0952102960240218
0.01,816.012746876752,1.0952541932784103
0.01,816.2291459548801,1.0953356552852747
0.01,816.4455450330082,1.0954172101197928
0.01,816.7533341824305,1.0955333016205093
0.01,817.0611233318529,1.0956495817580458
0.01,817.3689124812752,1.095766051002986
0.01,817.8530186451243,1.095949623546456
0.01,818.3371248089734,1.0961336665146297
0.01,818.8212309728225,1.0963181810408356
0.01,819.5007332483601,1.096577966376926
0.01,820.1802355238977,1.096838683095885
0.01,820.8597377994354,1.0971003312865717
0.01,821.539240074973,1.0973629109362997
0.01,822.2187423505106,1.097626423993233
0.01,822.8982446260483,1.097890875920792
0.01,823.5777469015859,1.0981562760511618
0.01,824.2572491771235,1.0984226365981626
0.01,824.9367514526612,1.098689970900094
0.01,825.6162537281988,1.0989582917520861
0.01,826.2957560037364,1.0992276104311645
0.01,826.975258279274,1.099497936595459
0.01,827.6547605548117,1.0997692787081224
0.01,828.4328336073831,1.100081240195466
0.01,829.2109066599546,1.100394554905461
0.01,829.9889797125261,1.100709233477156
0.01,830.7670527650976,1.1010252867591153
0.01,831.545125817669,1.101342726567457
0.01,832.3231988702405,1.1016615660439846
0.01,833.101271922812,1.1019818190463846
0.01,833.8793449753834,1.1023034987543339
0.01,834.6574180279549,1.1026266163486387
0.01,835.4354910805264,1.1029511805096976
0.01,836.2135641330979,1.1032771979920333
0.01,836.9916371856693,1.1036046748053177
0.01,837.7697102382408,1.103933617220556
0.01,838.756383345717,1.104352867104959
0.01,839.7430564531933,1.1047744996897866
0.01,840.7297295606695,1.105198530056187
0.01,841.7164026681457,1.1056249737562829
0.01,842.703075775622,1.1060538475016475
0.01,843.6897488830982,1.106485169428911
0.01,844.6764219905745,1.1069189585456176
0.01,845.4421587002563,1.107257326003397
0.01,846.0623140269319,1.1075324671816735
0.01,846.6824693536074,1.1078086020513902
0.01,847.302624680283,1.108085736699378
0.01,847.9227800069585,1.108363878129112
0.01,848.7535897389164,1.1087380901180461
0.01,849.5843994708742,1.109114141706042
0.01,850.4152092028321,1.1094920505087718
0.01,851.24601893479,1.1098718321449326
0.01,852.0768286667478,1.1102535007798129
0.01,852.9076383987057,1.1106370707516302
0.01,853.7384481306635,1.1110225580934494
0.01,854.4118870977816,1.1113364463277098
0.01,855.0853260648996,1.1116516168669028
0.01,855.7587650320177,1.1119680805671133
0.01,856.4322039991357,1.1122858483160676
0.01,857.2005904780596,1.1126500243058954
0.01,857.9689769569834,1.1130159277663791
0.01,858.7373634359072,1.1133835744992182
0.01,859.5057499148311,1.1137529800211687
0.01,860.2741363937549,1.114124159375506
0.01,861.0425228726788,1.1144971272619553
0.01,861.6647956562115,1.1148004937192644
0.01,862.2870684397442,1.1151050509763918
0.01,862.9093412232769,1.1154108074786613
0.01,863.5316140068096,1.1157177719378142
0.01,864.1538867903423,1.116025953098647
0.01,864.776159573875,1.116335359636415
0.01,865.3984323574077,1.1166459999645104
0.01,866.0207051409404,1.1169578822755968
0.01,866.6429779244731,1.117271014645764
0.01,867.2652507080059,1.1175854051770675
0.01,868.0083140753886,1.1179624824650636
0.01,868.7513774427714,1.118341380344037
0.01,869.4944408101542,1.1187221141895993
0.01,870.1128953537566,1.1190404118300452
0.01,870.731349897359,1.1193600017756793
0.01,871.3498044409614,1.1196808937278786
0.01,871.9682589845638,1.1200030976362065
0.01,872.5867135281662,1.120326623754043
0.01,873.2051680717686,1.120651482685708
0.01,873.3182107545565,1.1207110061470833
0.01,873.4312534373444,1.1207705745778498
0.01,873.5442961201322,1.1208301880424598
0.01,873.7703814857081,1.1209495504352245
0.01,873.9964668512839,1.1210690938169978
0.01,874.2225522168598,1.1211888187257686
0.01,874.8909414908604,1.1215438352021139
0.01,875.5593307648611,1.12190045741516
0.01,876.2277200388618,1.122258700989731
0.01,876.8961093128624,1.1226185811175686
0.01,877.7965380939255,1.1231060110759867
0.01,878.6969668749886,1.1235964715257147
0.01,879.5973956560516,1.1240899944005027
0.01,880.4978244371147,1.1245866108337454
0.01,881.3982532181777,1.1250863530077622
0.01,882.2986819992408,1.125589255389011
0.01,883.1991107803038,1.1260953547921044
0.01,884.0995395613669,1.12660468955199
0.01,884.99996834243,1.1271172986723745
0.01,885.900397123493,1.1276332214824658
0.01,886.8008259045561,1.1281524978931639
0.01,887.7012546856191,1.1286751689020522
0.01,888.6016834666822,1.1292012770268827
0.01,889.5021122477452,1.1297308664852148
0.01,890.4025410288083,1.1302639831511267
0.01,891.3029698098713,1.130800674383383
0.01,892.2033985909344,1.1313409888325625
0.01,893.1038273719975,1.1318849762797498
0.01,894.0042561530605,1.1324326874903918
0.01,894.9046849341236,1.1329841740804412
0.01,895.8051137151866,1.1335394883972578
0.01,896.7055424962497,1.1340986834435476
0.01,897.6059712773127,1.134661812928825
0.01,898.5064000583758,1.1352289314797441
0.01,899.4068288394388,1.1358000949797502
0.01,900.3072576205019,1.136375360944651
0.01,901.207686401565,1.1369547888154878
0.01,902.108115182628,1.1375384401024524
0.01,903.0085439636911,1.1381263783764133
0.01,903.9089727447541,1.1387186691646771
0.01,904.8094015258172,1.1393153798126523
0.01,905.7098303068802,1.139916579311709
0.01,906.6102590879433,1.1405223381373675
0.01,907.5106878690063,1.1411327281397792
0.01,908.4111166500694,1.1417478225263684
0.01,909.3115454311325,1.1423676960313414
0.01,910.2119742121955,1.142992425262065
0.01,911.1124029932586,1.1436220891503202
0.01,912.0128317743216,1.1442567694060533
0.01,912.9132605553847,1.1448965508745397
0.01,913.8136893364477,1.1455415217439016
0.01,914.7141181175108,1.146191773634117
0.01,915.6145468985738,1.1468474016238235
0.01,916.5149756796369,1.1475085042784676
0.01,917.4154044607,1.148175183716693
0.01,918.315833241763,1.1488475457117153
0.01,919.2162620228261,1.149525699829635
0.01,920.1166908038891,1.1502097595336847
0.01,921.0171195849522,1.1508998423040604
0.01,921.9175483660152,1.1515960697655792
0.01,922.8179771470783,1.1522985678558646
0.01,923.7184059281414,1.1530074670591632
0.01,924.6188347092044,1.15372290269809
0.01,925.5192634902675,1.1544450152963073
0.01,926.4196922713305,1.155173950906758
0.01,927.3201210523936,1.1559098614661034
0.01,928.2205498334566,1.1566529051851815
0.01,929.1209786145197,1.1574032468938131
0.01,930.0214073955827,1.1581610584806385
0.01,930.9218361766458,1.1589265193817497
0.01,931.8222649577089,1.159699817118502
0.01,932.7226937387719,1.1604811478763897
0.01,933.623122519835,1.1612707170975496
0.01,934.523551300898,1.1620687401768042
0.01,935.4239800819611,1.162875443061336
0.01,936.3244088630241,1.1636910629890709
0.01,937.2248376440872,1.1645158494140704
0.01,938.1252664251502,1.1653500648752726
0.01,939.0256952062133,1.1661939861206867
0.01,939.9261239872764,1.1670479054840666
0.01,940.8265527683394,1.1679121321066765
0.01,941.7269815494025,1.168786993375283
0.01,942.6274103304655,1.1696728366363371
0.01,943.5278391115286,1.1705700306839748
0.01,944.4282678925916,1.171478967693158
0.01,945.3286966736547,1.172400065711498
0.01,946.2291254547177,1.1733337709308431
0.01,947.1295542357808,1.1742805607130367
0.01,948.0299830168439,1.175240946900198
0.01,948.9304117979069,1.176215479478764
0.01,949.83084057897,1.1772047507412853
0.01,950.731269360033,1.178209399791815
0.01,951.6316981410961,1.1792301186142202
0.01,952.5321269221591,1.1802676574951636
0.01,953.4325557032222,1.1813228325544713
0.01,954.3329844842852,1.1823965342227278
0.01,955.2334132653483,1.1834897369821296
0.01,956.1338420464114,1.1846035109213133
0.01,957.0342708274744,1.1857390345589307
0.01,957.9346996085375,1.1868976131045548
0.01,958.8351283896005,1.1880806948921978
0.01,959.7355571706636,1.1892898954354605
0.01,960.6359859517266,1.190527025482545
0.01,961.5364147327897,1.1917941245396166
0.01,962.4368435138528,1.1930935026751963
0.01,963.3372722949158,1.1944277883046595
0.01,964.2377010759789,1.1958000015659
0.01,965.1381298570419,1.1972136218870155
0.01,966.038558638105,1.1986726941384556
0.01,966.938987419168,1.2001819596820462
0.01,967.8394162002311,1.201747022906449
0.01,968.7398449812941,1.2033745763942114
0.01,969.6402737623572,1.20507267139838
0.01,970.5407025434203,1.2068511855830266
0.01,971.4411313244833,1.2087222814418748
0.01,972.3415601055464,1.2107012076982715
0.01,973.2419888866094,1.212807401271828
0.01,974.1424176676725,1.2150660567362803
0.01,975.0428464487355,1.2175106071674011
0.01,975.9432752297986,1.2201860269527185
0.01,976.8437040108616,1.2231560074672434
0.01,977.7441327919247,1.226511430138736
0.01,978.6445615729878,1.2303886703670017
0.01,979.5449903540508,1.2350031472575083
0.01,980.4454191351139,1.2407140670696497
0.01,981.3458479161769,1.248191146757466
0.01,982.24627669724,1.2587366026011078
0.01,983.146705478303,1.2759484511583343
0.01,983.7824427347939,1.2969183292187745
0.01,983.8784675343871,1.3011705694019566
0.01,983.9744923339804,1.3058817629220647
0.01,984.0705171335736,1.3111249167075358
0.01,984.2625667327602,1.3237735254103071
0.01,984.4546163319468,1.3401799803042376
0.01,984.6466659311334,1.3621273923639423
0.01,984.8733441361503,1.398680166481757
0.01,985.1000223411672,1.452380598053122
0.01,985.3267005461842,1.5246212987719054
0.01,985.3645384154939,1.5382204334265968
0.01,985.4023762848037,1.5518832200193924
0.01,985.4402141541135,1.5654938910169793
0.01,985.5158898927331,1.592048469166912
0.01,985.5915656313526,1.6172813218894404
0.01,985.6672413699722,1.6406985594654866
0.01,985.8173110220364,1.6816465642466658
0.01,985.9673806741006,1.7153266918029064
0.01,986.1174503261648,1.7426326433214443
0.01,986.267519978229,1.7650170150891518
0.01,986.4785903851399,1.7905660075455707
0.01,986.6896607920509,1.811240206087631
0.01,986.9007311989618,1.8285165106848946
0.01,987.1118016058728,1.8431249365558684
0.01,987.4229954632734,1.8610732238707404
0.01,987.7341893206741,1.8758148707991738
0.01,988.0453831780748,1.8882556552039667
0.01,988.3565770354754,1.8988426320798422
0.01,988.8547065383751,1.9129355885450072
0.01,989.3528360412748,1.9243670931696664
0.01,989.8509655441745,1.9339578989052122
0.01,990.3490950470742,1.9419839569213981
0.01,991.009562927938,1.9510209010767718
0.01,991.6700308088017,1.9584130798702988
0.01,992.3304986896654,1.9647738211918908
0.01,992.9909665705292,1.969923850282491
0.01,993.734038292566,1.9752611631241859
0.01,994.4771100146028,1.9797142238387673
0.01,995.2201817366396,1.9836377571905321
0.01,995.9632534586764,1.9871191975614981
0.01,996.8191890229716,1.9905509433012871
0.01,997.6751245872669,1.9935597650409085
0.01,998.5310601515621,1.9962455720637546
0.01,999.3869957158573,1.9986244133926867
0.01,1000.2429312801526,2.000769260582533
0.01,1001.0988668444478,2.002716174124598
0.01,1001.954802408743,2.004482150307565
0.01,1002.8107379730383,2.006107989462059
0.01,1003.6666735373335,2.0076118307441018
0.01,1004.5226091016287,2.009002143754336
0.01,1005.378544665924,2.0103030793970804
0.01,1006.2344802302192,2.0115263977293263
0.01,1007.0904157945145,2.01267564546938
0.01,1007.9463513588097,2.013765690568991
0.01,1008.8022869231049,2.014805168682386
0.01,1009.6582224874002,2.0157953010652276
0.01,1010.5141580516954,2.0167452679202693
0.01,1011.3700936159906,2.017661682081434
0.01,1012.2260291802859,2.0185448239683286
0.01,1013.0819647445811,2.0193934059160816
0.01,1013.9379003088764,2.0202200445445184
0.01,1014.7938358731716,2.021033487863067
0.01,1015.6497714374668,2.0218305096047002
0.01,1016.5057070017621,2.0226099647424465
0.01,1017.3616425660573,2.023373957037336
0.01,1018.2175781303525,2.0241234827177212
0.01,1019.0735136946478,2.0248578826174115
0.01,1019.929449258943,2.025582666296449
0.01,1020.7853848232382,2.0263030108997664
0.01,1021.6413203875335,2.0270177991380525
0.01,1022.4972559518287,2.0277210918437976
0.01,1023.353191516124,2.0284175955078543
0.01,1024.2091270804192,2.029116764389619
0.01,1025.0650626447143,2.0298182372708564
0.01,1026.0263286407312,2.0306044548758946
0.01,1026.8171755024857,2.0312485645411877
0.01,1027.6080223642402,2.0318893418771604
0.01,1028.3988692259948,2.032528358295779
0.01,1029.1897160877493,2.0331653850619587
0.01,1030.0028331708445,2.033821096833757
0.01,1030.8159502539397,2.0344798573484324
0.01,1031.629067337035,2.0351409258580797
0.01,1032.4421844201302,2.0358009420346606
0.01,1033.3938450346195,2.0365709822977913
0.01,1034.3455056491089,2.03734578862976
0.01,1035.2971662635982,2.0381293794289426
0.01,1036.2488268780876,2.038918177725022
0.01,1037.3235441238191,2.039809062887999
0.01,1038.3982613695507,2.0407022590116646
0.01,1039.4729786152823,2.0416028309863203
0.01,1040.5476958610138,2.0425117717169115
0.01,1041.6224131067454,2.043421495871518
0.01,1042.697130352477,2.0443372486724365
0.01,1042.8577603665508,2.044475883364994
0.01,1043.0183903806246,2.044616431254572
0.01,1043.1790203946985,2.044757833007982
0.01,1043.3832103265572,2.0449366336298582
0.01,1043.587400258416,2.045115382260218
0.01,1043.7915901902747,2.045294536488459
0.01,1044.2415477292413,2.0456901727855876
0.01,1044.691505268208,2.046088056254025
0.01,1045.1414628071745,2.0464877865377566
0.01,1045.939305480959,2.0472003268766477
0.01,1046.7371481547436,2.047916800726116
0.01,1047.5349908285282,2.0486367500786877
0.01,1048.3328335023127,2.049360332769683
0.01,1049.5532343873044,2.0504768011646104
0.01,1050.7736352722961,2.0516070944752873
0.01,1051.9940361572878,2.0527494350653384
0.01,1053.2144370422795,2.053903615248967
0.01,1054.4348379272712,2.0550750511490836
0.01,1055.655238812263,2.0562659227992635
0.01,1056.8756396972547,2.0574747204485613
0.01,1058.0960405822464,2.05870224141892
0.01,1059.316441467238,2.059948296585851
0.01,1060.5368423522298,2.061207636211496
0.01,1061.7572432372215,2.062478654144624
0.01,1061.9363282654715,2.062666191948752
0.01,1062.1154132937215,2.0628542304024235
0.01,1062.2944983219716,2.063042920090087
0.01,1062.4735833502216,2.0632324495025167
0.01,1062.8317534067216,2.0636143005811385
0.01,1063.1899234632217,2.0639994785163114
0.01,1063.5480935197218,2.0643873065206493
0.01,1064.381133119214,2.0652971019477673
0.01,1065.214172718706,2.0662172826869316
0.01,1066.0472123181983,2.067147556302626
0.01,1067.1208310600375,2.068361301402263
0.01,1068.1944498018768,2.069590749781094
0.01,1069.268068543716,2.0708358467784214
0.01,1070.3416872855553,2.0720972112722067
0.01,1071.4153060273945,2.073374844612712
0.01,1072.4889247692338,2.0746675036605513
0.01,1073.562543511073,2.075974528720287
0.01,1074.8449378355112,2.0775543105249676
0.01,1076.1273321599494,2.07916154372049
0.01,1077.4097264843876,2.080807996827775
0.01,1078.6921208088258,2.082494970223812
0.01,1079.7606523426903,2.0839226632562466
0.01,1080.6427312943208,2.0851114019854955
0.01,1081.5248102459514,2.086314173540669
0.01,1082.406889197582,2.087537711630646
0.01,1083.2889681492125,2.0887830035509016
0.01,1084.4681670168432,2.0904749420479805
0.01,1085.6473658844739,2.0921942924546513
0.01,1086.8265647521046,2.093941872830664
0.01,1088.0057636197353,2.0957203932653035
0.01,1089.184962487366,2.097531630246785
0.01,1090.3641613549967,2.099377219300353
0.01,1091.5433602226274,2.1012582811837155
0.01,1092.722559090258,2.103175257428387
0.01,1093.9017579578888,2.1051295789671265
0.01,1095.0809568255195,2.10712291804612
0.01,1096.2601556931502,2.1091549039850257
0.01,1097.1728477893887,2.1107532366234936
0.01,1098.0855398856272,2.1123749511850294
0.01,1098.9982319818657,2.1140228566012063
0.01,1099.9109240781042,2.1157002849066724
0.01,1101.0390626417877,2.117815116845011
0.01,1102.1672012054712,2.119973241406766
0.01,1103.2953397691547,2.12217175456916
0.01,1104.4234783328382,2.12441287619469
0.01,1105.7324920510766,2.127075542159602
0.01,1107.041505769315,2.12980808649329
0.01,1107.2274592738634,2.1302020158645893
0.01,1107.2540259040625,2.130258411598485
0.01,1107.2805925342616,2.130314826001129
0.01,1107.33372579466,2.1304277219631786
0.01,1107.3868590550585,2.130540671142046
0.01,1107.6826401578483,2.1311718263296333
0.01,1107.978421260638,2.1318065353002353
0.01,1108.3891622725846,2.1326918035914555
0.01,1108.7999032845312,2.1335848530443213
0.01,1109.2106442964778,2.1344856629141105
0.01,1109.9064875349848,2.1360293154653736
0.01,1110.6023307734918,2.1375961487039206
0.01,1111.2981740119988,2.139187544721524
0.01,1112.3157402954578,2.141561070070116
0.01,1113.3333065789168,2.143990900620256
0.01,1114.3508728623758,2.146478805928777
0.01,1115.3684391458348,2.149027072582725
0.01,1116.3860054292938,2.151638337173751
0.01,1117.4035717127529,2.1543151382123416
0.01,1118.7905908734365,2.1580734698887816
0.01,1120.17761003412,2.161966648025691
0.01,1121.5646291948037,2.1660064440468334
0.01,1122.9516483554874,2.170207248167142
0.01,1124.560538126171,2.1753034041283654
0.01,1126.1694278968546,2.180666842740829
0.01,1127.7783176675382,2.1863326341887994
0.01,1129.3872074382218,2.1923439559183437
0.01,1130.9960972089054,2.198754517248165
0.01,1132.604986979589,2.2056355974599477
0.01,1134.2138767502727,2.2130820021285276
0.01,1135.8227665209563,2.2212191147879885
0.01,1137.43165629164,2.2302220709974163
0.01,1139.0405460623235,2.240338427219912
0.01,1140.6494358330071,2.2519290931006783
0.01,1142.2583256036908,2.2655734395165426
0.01,1143.8672153743744,2.2822120279883436
0.01,1145.476105145058,2.3034265315345404
0.01,1147.0849949157416,2.3323280712164367
0.01,1148.6938846864252,2.3748501876140238
0.01,1150.3027744571089,2.4404322200171773
0.01,1151.9116642277925,2.5330396617979956
0.01,1152.982293377061,2.601551291048671
0.01,1154.0529225263297,2.6626880359269434
0.01,1155.1235516755983,2.711914281867305
0.01,1156.1941808248669,2.750751962713207
0.01,1157.2648099741355,2.7808021403045733
0.01,1158.335439123404,2.805796784068488
0.01,1159.4060682726727,2.826013380549921
0.01,1160.603992127812,2.844853776422642
0.01,1161.8019159829514,2.8608583824772693
0.01,1162.9998398380908,2.8749596640503343
0.01,1164.1977636932302,2.8873516635429493
0.01,1165.3956875483696,2.898339797820742
0.01,1166.593611403509,2.908127074008697
0.01,1167.7915352586483,2.916993644905897
0.01,1169.4571999127345,2.928012557828755
0.01,1171.1228645668207,2.937812267173455
0.01,1172.7885292209069,2.9466353956904596
0.01,1174.454193874993,2.95464355466187
0.01,1176.1198585290792,2.961965333938495
0.01,1177.7855231831654,2.9687108530978823
0.01,1179.4511878372516,2.9750013732664113
0.01,1181.1168524913378,2.9808968684350563
0.01,1182.782517145424,2.9864638105591386
0.01,1184.4481817995102,2.991747356830449
0.01,1186.1138464535964,2.99679050568225
0.01,1187.7795111076825,3.0016529126566773
0.01,1189.4451757617687,3.00637406358323
0.01,1191.110840415855,3.010961953876852
0.01,1192.776505069941,3.015454076013563
0.01,1194.4421697240273,3.019891595002023
0.01,1196.1078343781135,3.0242883664176383
0.01,1197.7734990321997,3.0286572020449127
0.01,1199.4391636862858,3.0330129641701347
0.01,1201.3534090865312,3.0380296944493854
0.01,1203.2676544867766,3.0430899132969422
0.01,1205.181899887022,3.048205352258083
0.01,1207.0961452872673,3.053393407647945
0.01,1209.0103906875127,3.0586707126752914
0.01,1210.924636087758,3.0640470349504687
0.01,1212.8388814880034,3.0695371555428035
0.01,1214.7531268882487,3.075165152882149
0.01,1216.667372288494,3.080943844137674
0.01,1218.5816176887395,3.086878050840682
0.01,1220.4958630889848,3.0929838257972997
0.01,1222.4101084892302,3.09927717282317
0.01,1224.3243538894756,3.1057649975576815
0.01,1226.238599289721,3.1124615778455325
0.01,1228.1528446899663,3.1193879564146556
0.01,1230.0670900902117,3.1265605386353488
0.01,1231.981335490457,3.1339938345718825
0.01,1233.8955808907024,3.1417056495844027
0.01,1235.8098262909477,3.1497167238324817
0.01,1237.724071691193,3.1580496308670463
0.01,1239.6383170914385,3.1667338614690266
0.01,1241.5525624916838,3.1758046355401537
0.01,1243.4668078919292,3.1852974616935295
0.01,1245.3810532921746,3.1952517550936443
0.01,1247.29529869242,3.2057209894450454
0.01,1249.2095440926653,3.216770509860309
0.01,1251.1237894929106,3.2284715567785445
0.01,1253.038034893156,3.2409103188324724
0.01,1254.9522802934014,3.2541950740285146
0.01,1256.8665256936467,3.2684536349326483
0.01,1258.780771093892,3.2838394133512505
0.01,1260.6950164941375,3.300544876532183
0.01,1262.6092618943828,3.3187940399095477
0.01,1264.5235072946282,3.338842423096247
0.01,1266.0924525694381,3.3568195125643925
0.01,1267.3964252006472,3.3729533654843724
0.01,1268.7003978318562,3.390269517860114
0.01,1270.0043704630652,3.4088420703459126
0.01,1271.3083430942743,3.4287162971574556
0.01,1273.0005090574991,3.45643021703799
0.01,1274.692675020724,3.486147376600933
0.01,1276.3848409839488,3.5174585317021005
0.01,1278.0770069471737,3.549711479877967
0.01,1280.030307324481,3.5870404140577037
0.01,1281.9836077017885,3.623295140646602
0.01,1283.936908079096,3.65749398550799
0.01,1285.8902084564033,3.689038961889902
0.01,1287.8435088337108,3.717633030656679
0.01,1289.7968092110182,3.743366712327884
0.01,1291.7501095883256,3.766471962978902
0.01,1293.344826242678,3.7835837218428687
0.01,1294.6593670503655,3.7966266598314102
0.01,1295.973907858053,3.808813357149916
0.01,1297.2884486657406,3.8202285769212225
0.01,1298.6029894734281,3.8309478929297076
0.01,1299.9175302811157,3.841037805811807
0.01,1301.2320710888032,3.850560126685588
0.01,1302.5466118964907,3.8595715875618035
0.01,1303.8611527041783,3.868122209465545
0.01,1305.1756935118658,3.8762569780730924
0.01,1306.4902343195533,3.884016217632593
0.01,1307.8047751272409,3.8914360536373316
0.01,1309.1193159349284,3.898549117879521
0.01,1310.433856742616,3.9053851213764883
0.01,1311.7483975503035,3.911970704747377
0.01,1313.062938357991,3.9183298383528418
0.01,1314.3774791656786,3.9244845001740503
0.01,1315.692019973366,3.930454625728135
0.01,1317.0065607810536,3.9362580822480497
0.01,1318.3211015887412,3.9419111512877345
0.01,1319.9559168791998,3.9487541887879547
0.01,1321.5907321696584,3.9554143734269243
0.01,1323.225547460117,3.9619149718672477
0.01,1324.8603627505756,3.968276468805728
0.01,1326.4951780410343,3.9745177997208634
0.01,1327.7972418928402,3.9794147603168315
0.01,1329.0993057446462,3.9842545054533547
0.01,1330.4013695964522,3.9890438323298323
0.01,1331.7034334482582,3.9937891443011653
0.01,1333.4214102590759,3.9999930451642687
0.01,1335.1393870698935,4.006143377594646
0.01,1336.857363880711,4.012251854310929
0.01,1338.5753406915287,4.018328900004218
0.01,1340.2933175023463,4.024383551561343
0.01,1342.011294313164,4.030424308356009
0.01,1343.7292711239816,4.036458960494025
0.01,1345.11168137434,4.0413149987985335
0.01,1346.4940916246983,4.046174439099241
0.01,1347.8765018750566,4.051040225242883
0.01,1349.258912125415,4.055914956336501
0.01,1351.138549753915,4.062561538246554
0.01,1353.018187382415,4.069234614627587
0.01,1354.8978250109149,4.07593935546967
0.01,1356.7774626394148,4.082680428449603
0.01,1358.6571002679148,4.089461900543306
0.01,1360.5367378964147,4.09628724191065
0.01,1362.4163755249147,4.103159369214061
0.01,1364.2960131534146,4.110080847020927
0.01,1366.1756507819146,4.117054238250609
0.01,1368.0552884104145,4.1240820392987185
0.01,1369.9349260389145,4.13116652165302
0.01,1371.8145636674144,4.138310045874259
0.01,1373.6942012959144,4.145515336280828
0.01,1375.5738389244143,4.152785433773986
0.01,1377.4534765529143,4.160123652702377
0.01,1379.3331141814142,4.167533952820934
0.01,1381.2127518099142,4.175021101163145
0.01,1383.092389438414,4.18259033175574
0.01,1384.972027066914,4.190247011599989
0.01,1386.851664695414,4.1979966148552705
0.01,1388.731302323914,4.205844642040292
0.01,1390.2151877742356,4.212113339197265
0.01,1391.4315644687144,4.217301861934232
0.01,1392.6479411631933,4.222536598390587
0.01,1393.8643178576722,4.227818768502445
0.01,1395.080694552151,4.233149761458168
0.01,1396.7108447757694,4.240373113739269
0.01,1398.3409949993877,4.247689398147801
0.01,1399.971145223006,4.255100960652892
0.01,1401.6012954466244,4.262609874465589
0.01,1403.2314456702427,4.27021804616216
0.01,1404.861595893861,4.277927138600165
0.01,1406.4917461174794,4.2857384349282475
0.01,1408.0648666374277,4.293374199464577
0.01,1409.637987157376,4.3011065078350805
0.01,1411.2111076773244,4.308935611159254
0.01,1412.7842281972728,4.316861420242076
0.01,1414.3573487172212,4.3248834032376315
0.01,1415.9304692371695,4.333000508750501
0.01,1417.1855073424558,4.339543641788134
0.01,1418.4405454477421,4.346145478775811
0.01,1419.6955835530284,4.35280485337338
0.01,1420.9506216583147,4.359520309259712
0.01,1422.205659763601,4.36629008707038
0.01,1422.4015479348495,4.367351497838018
0.01,1422.597436106098,4.368414171712277
0.01,1422.7933242773465,4.369478103197136
0.01,1423.1536935474228,4.371438638995428
0.01,1423.514062817499,4.373403356420954
0.01,1423.8744320875753,4.3753722031226765
0.01,1425.1577669289634,4.382415764250324
0.01,1426.4411017703515,4.389507883991081
0.01,1427.7244366117395,4.39664551948501
0.01,1429.0077714531276,4.403825191071659
0.01,1430.2911062945157,4.4110430493823145
0.01,1431.5744411359037,4.4182949199200365
0.01,1433.3129499231227,4.428166548293991
0.01,1435.0514587103416,4.438081065875851
0.01,1436.7899674975606,4.448024618044498
0.01,1438.5284762847796,4.457983341003828
0.01,1440.2669850719985,4.4679427694652825
0.01,1442.0054938592175,4.477887617771163
0.01,1443.7440026464365,4.487801900294998
0.01,1445.4825114336554,4.4976692364248905
0.01,1446.9075385195374,4.505710795386057
0.01,1448.3325656054194,4.513700805498732
0.01,1449.7575926913014,4.52163046328157
0.01,1451.1826197771834,4.529491217671151
0.01,1452.944659464342,4.539103459707196
0.01,1454.7066991515007,4.548582800601288
0.01,1456.4687388386594,4.557915298936926
0.01,1458.230778525818,4.567088210068052
0.01,1459.9928182129768,4.57609006335268
0.01,1461.7548579001354,4.58491075791542
0.01,1463.5168975872941,4.5935415595628655
0.01,1465.2789372744528,4.601975152763439
0.01,1467.0409769616115,4.610205639078255
0.01,1468.8030166487702,4.618228469947467
0.01,1470.5650563359288,4.626040420217929
0.01,1472.3270960230875,4.633639517447289
0.01,1474.0891357102462,4.641024941287953
0.01,1475.8511753974049,4.648196943622755
0.01,1477.6132150845635,4.655156748890213
0.01,1479.3752547717222,4.661906440167377
0.01,1481.137294458881,4.6684488556467665
0.01,1482.8993341460396,4.674787497935066
0.01,1484.6613738331982,4.680926442178896
0.01,1486.423413520357,4.6868702280747545
0.01,1488.1854532075156,4.692623786474429
0.01,1489.9474928946743,4.698192362940292
0.01,1491.9771937240132,4.704384725427933
0.01,1494.0068945533521,4.710347633558635
0.01,1496.036595382691,4.716089971950901
0.01,1498.06629621203,4.721620669847297
0.01,1500.095997041369,4.726948702091896
0.01,1502.1256978707079,4.7320830074380815
0.01,1504.1553987000468,4.737032423976552
0.01,1506.1850995293858,4.741805643583072
0.01,1508.2148003587247,4.746411152259989
0.01,1510.2445011880636,4.750857201517013
0.01,1512.2742020174026,4.755151796999317
0.01,1514.3039028467415,4.759302683906996
0.01,1516.3336036760804,4.763317329162921
0.01,1518.3633045054194,4.767202914067286
0.01,1520.3930053347583,4.7709663341895725
0.01,1522.002015602375,4.773867319008636
0.01,1523.272183653106,4.776108201821815
0.01,1524.5423517038369,4.778307324587666
0.01,1525.8125197545678,4.780466136338137
0.01,1527.0826878052987,4.782586046213136
0.01,1528.8060738275597,4.785402617410961
0.01,1530.5294598498206,4.788153406648131
0.01,1532.2528458720815,4.790841593596508
0.01,1533.9762318943424,4.793470212269842
0.01,1535.6996179166033,4.79604216018115
0.01,1537.4230039388642,4.79856020705126
0.01,1539.1463899611251,4.801026998243185
0.01,1541.303765939828,4.804046555937053
0.01,1543.461141918531,4.806994387023123
0.01,1545.618517897234,4.809874885614146
0.01,1547.7758938759368,4.8126921723054545
0.01,1549.9332698546398,4.815450102835778
0.01,1552.0906458333427,4.818152273019568
0.01,1554.2480218120456,4.820802025898346
0.01,1556.4053977907486,4.823402466532397
0.01,1558.5627737694515,4.825956477572826
0.01,1560.7201497481544,4.828466730516264
0.01,1562.8775257268574,4.830935694412896
0.01,1565.0349017055603,4.833365643782166
0.01,1567.1922776842632,4.835758665218396
0.01,1569.3496536629661,4.838116665599408
0.01,1570.9859724946496,4.839882884226942
0.01,1572.622291326333,4.841630665399292
0.01,1574.2586101580164,4.843360663514118
0.01,1575.8949289896998,4.845073490667437
0.01,1577.7694121528275,4.847015236198759
0.01,1579.6438953159552,4.848935953574809
0.01,1581.518378479083,4.8508363357312945
0.01,1583.3928616422106,4.852717008338879
0.01,1585.2673448053383,4.854578540940975
0.01,1587.141827968466,4.856421453495297
0.01,1589.0163111315937,4.858246216713988
0.01,1590.8907942947214,4.860053251386014
0.01,1592.7652774578492,4.861842930998484
0.01,1594.6397606209769,4.86361558599419
0.01,1596.7734682082837,4.865613029701357
0.01,1598.9071757955905,4.867589159615608
0.01,1601.0408833828974,4.869544292598943
0.01,1603.1745909702042,4.871478698717777
0.01,1605.308298557511,4.873392609721201
0.01,1607.442006144818,4.875286223408714
0.01,1609.5757137321248,4.877159705772417
0.01,1611.7094213194316,4.879013194085867
0.01,1613.8431289067385,4.880846800610622
0.01,1615.9768364940453,4.882660616074456
0.01,1618.1105440813521,4.884454713468886
0.01,1620.244251668659,4.886229152198081
0.01,1622.3779592559658,4.887983981290556
0.01,1624.5116668432727,4.889719241224101
0.01,1626.6453744305795,4.891434965748404
0.01,1628.7790820178864,4.893131184974075
0.01,1630.9127896051932,4.894807928492875
0.01,1633.0464971925,4.896465226090062
0.01,1634.7883956504584,4.897803799343754
0.01,1636.5302941084167,4.899129445909816
0.01,1638.272192566375,4.900442179530482
0.01,1640.0140910243333,4.901742015678703
0.01,1642.3706488664488,4.903480029171014
0.01,1644.7272067085644,4.905194528983852
0.01,1647.08376455068,4.906885579466189
0.01,1648.99867314325,4.90824248248679
0.01,1650.9135817358201,4.909583983707429
0.01,1652.8284903283902,4.910910123414199
0.01,1654.7433989209603,4.912220946815738
0.01,1656.88893075314,4.9136715082412605
0.01,1659.0344625853195,4.915102985096904
0.01,1661.179994417499,4.91651546488096
0.01,1663.3255262496787,4.917909037342398
0.01,1665.4710580818582,4.919283792402174
0.01,1665.8650007798065,4.919534174621722
0.01,1666.2589434777547,4.919783926144727
0.01,1666.6528861757029,4.920033047636484
0.01,1667.046828873651,4.920281539792959
0.01,1667.6376231498766,4.920653024425372
0.01,1668.2284174261022,4.921023097660465
0.01,1668.8192117023277,4.921391761919574
0.01,1669.4100059785533,4.921759019605592
0.01,1670.774752815788,4.922602027842118
0.01,1672.1394996530225,4.92343757214673
0.01,1673.5042464902572,4.924265682358146
0.01,1674.8689933274918,4.925086389739791
0.01,1677.169823259591,4.9264533532300305
0.01,1679.4706531916904,4.92779952825163
0.01,1681.7714831237897,4.929125077058174
0.01,1684.072313055889,4.93043016645178
0.01,1686.3731429879883,4.931714969193899
0.01,1688.6739729200876,4.932979663940339
0.01,1690.974802852187,4.934224434403748
0.01,1693.2756327842862,4.935449468718623
0.01,1695.5764627163855,4.936654958879917
0.01,1697.8772926484849,4.937841100015575
0.01,1700.1781225805842,4.939008089885313
0.01,1702.4789525126835,4.940156128936121
0.01,1704.7797824447828,4.941285420579155
0.01,1707.080612376882,4.942396223033664
0.01,1709.3814423089814,4.943504435027874
0.01,1711.6822722410807,4.944615504939294
0.01,1713.98310217318,4.9457239380946705
0.01,1716.2839321052793,4.946826376709685
0.01,1718.5847620373786,4.9479210490573955
0.01,1720.885591969478,4.9490062189360975
0.01,1723.1864219015772,4.950080882366113
0.01,1725.4872518336765,4.951144204222087
0.01,1727.7880817657758,4.952195446392818
0.01,1730.0889116978751,4.953234312577415
0.01,1732.3897416299744,4.954260459646518
0.01,1734.6905715620737,4.95527350005287
0.01,1736.991401494173,4.9562730012883
0.01,1739.2922314262723,4.9572588308298045
0.01,1741.5930613583716,4.95823133026188
0.01,1743.893891290471,4.959189792113748
0.01,1746.1947212225703,4.960134573348643
0.01,1748.8219630960782,4.9611966746761125
0.01,1751.4492049695862,4.9622404697923805
0.01,1754.0764468430941,4.963266874936819
0.01,1756.703688716602,4.964274986904544
0.01,1759.33093059011,4.965265540299207
0.01,1761.958172463618,4.966238912510658
0.01,1764.585414337126,4.967194662491498
0.01,1767.212656210634,4.968133049374226
0.01,1769.8398980841419,4.969054326427325
0.01,1772.4671399576498,4.969958936199295
0.01,1775.0943818311578,4.9708472424779595
0.01,1777.7216237046657,4.971719094990241
0.01,1780.3488655781737,4.972574749683985
0.01,1782.9761074516816,4.9734144585198
0.01,1785.6033493251896,4.974238468178393
0.01,1788.2305911986975,4.975047019440858
0.01,1790.8578330722055,4.975840348507025
0.01,1793.4850749457134,4.97661869067526
0.01,1796.1123168192214,4.977382281882878
0.01,1798.7395586927294,4.97813135672925
0.01,1801.3668005662373,4.978866148134129
0.01,1803.9940424397453,4.979586882754659
0.01,1806.6212843132532,4.9802943410049805
0.01,1809.2485261867612,4.980988325967576
0.01,1811.8757680602691,4.981669003609998
0.01,1814.503009933777,4.9823365859264745
0.01,1817.130251807285,4.982991280851038
0.01,1819.757493680793,4.983633292239449
0.01,1822.384735554301,4.98426281984433
0.01,1825.011977427809,4.984880152010092
0.01,1827.6392193013169,4.985486469983952
0.01,1830.2664611748248,4.986080967519885
0.01,1832.8937030483328,4.986663828427186
0.01,1835.5209449218407,4.987235232495189
0.01,1838.1481867953487,4.987795355506181
0.01,1840.7754286688566,4.988345106433927
0.01,1843.4026705423646,4.988884727516716
0.01,1846.0299124158726,4.989413660097358
0.01,1848.6571542893805,4.989932064985489
0.01,1850.753933435526,4.99033830838353
0.01,1852.8507125816716,4.990739380732271
0.01,1854.9474917278171,4.991133162638983
0.01,1857.0442708739627,4.991521554305615
0.01,1859.4208520988623,4.991954545499582
0.01,1861.7974333237619,4.992379203726424
0.01,1864.1740145486615,4.992796970324036
0.01,1866.550595773561,4.993207926140715
0.01,1868.9271769984607,4.993610951209819
0.01,1871.3037582233603,4.994007032657242
0.01,1873.68033944826,4.994397032973286
0.01,1874.1192345810205,4.9944680728134285
0.01,1874.558129713781,4.994538755179734
0.01,1874.9970248465415,4.994609081331328
0.01,1875.435919979302,4.994679523437347
0.01,1876.0783396232046,4.994782804463307
0.01,1876.720759267107,4.994885319265168
0.01,1877.3631789110095,4.994987073597238
0.01,1878.005598554912,4.995088073327126
0.01,1879.4449584716854,4.995313208784624
0.01,1880.8843183884587,4.995536396172957
0.01,1882.323678305232,4.995755846558343
0.01,1883.7630382220054,4.995974929948088
0.01,1886.225152556595,4.996341952470098
0.01,1888.6872668911847,4.996703502925974
0.01,1891.1493812257743,4.997058380538886
0.01,1893.611495560364,4.997405963560914
0.01,1896.0736098949535,4.997748112529036
0.01,1898.5357242295431,4.998084223547883
0.01,1900.9978385641327,4.998413318051132
0.01,1903.4599528987223,4.998737199729965
0.01,1905.922067233312,4.999055503758219
0.01,1908.3841815679016,4.99936708620832
0.01,1910.8462959024912,4.999673846902588
0.01,1913.3084102370808,4.99997528332905
0.01,1915.7705245716704,5.0
0.01,1918.23263890626,5.0
0.01,1920.6947532408496,5.0
0.01,1923.1568675754393,5.0
0.01,1925.6189819100289,5.0
0.01,1928.0810962446185,5.0
0.01,1930.543210579208,5.0
0.01,1933.0053249137977,5.0
0.01,1935.4674392483873,5.0
0.01,1937.929553582977,5.0
0.01,1940.3916679175666,5.0
0.01,1942.8537822521562,5.0
0.01,1945.3158965867458,5.0
0.01,1947.7780109213354,5.0
0.01,1950.240125255925,5.0
0.01,1952.7022395905146,5.0
0.01,1955.1643539251043,5.0
0.01,1957.6264682596939,5.0
0.01,1960.0885825942835,5.0
0.01,1962.8250627318625,5.0
0.01,1965.5615428694416,5.0
0.01,1968.2980230070207,5.0
0.01,1971.0345031445997,5.0
0.01,1973.7709832821788,5.0
0.01,1976.5074634197579,5.0
0.01,1979.243943557337,5.0
0.01,1981.980423694916,5.0
0.01,1984.716903832495,5.0
0.01,1987.4533839700741,5.0
0.01,1990.1898641076532,5.0
0.01,1992.9263442452323,5.0
0.01,1995.6628243828113,5.0
0.01,1998.3993045203904,5.0
0.01,2000.0,5.0
0.1,0.0,1.0698216699004093
0.1,0.0008153720906218235,1.0688643475604929
0.1,0.0010192151132772794,1.068622059534286
0.1,0.0010701758689411435,1.068566733547951
0.1,0.0010727487658949769,1.0685623917159202
0.1,0.0010753216628488103,1.0685580905952923
0.1,0.0010778945598026437,1.068554096593608
0.1,0.0010804674567564771,1.0685503815442736
0.1,0.0010830403537103106,1.0685468727870036
0.1,0.001085613250664144,1.0685435074449308
0.1,0.0010881861476179774,1.0685402395841794
0.1,0.0010907590445718108,1.0685370373848035
0.1,0.0010933319415256442,1.0685338792269576
0.1,0.0010959048384794777,1.0685307505287378
0.1,0.001098477735433311,1.068527641482021
0.1,0.0011010506323871445,1.068524545495879
0.1,0.001103623529340978,1.0685214581425422
0.1,0.0011061964262948113,1.0685183764477149
0.1,0.0011091702157962503,1.0685148179652237
0.1,0.0011121440052976892,1.0685112640624606
0.1,0.001115117794799128,1.0685077117812007
0.1,0.001117776953157697,1.0685045358777847
0.1,0.0011443685367433865,1.068472765287986
0.1,0.0011709601203290759,1.0684409615512274
0.1,0.0011975517039147653,1.0684091152481974
0.1,0.0014634675397716583,1.0680861270333923
0.1,0.0017293833756285514,1.067758739002289
0.1,0.0031191054460630234,1.0659312059542996
0.1,0.004508827516497496,1.064000467359541
0.1,0.006765138148076697,1.0607549044568967
0.1,0.009021448779655898,1.0573213356495372
0.1,0.0112777594112351,1.0537647774599013
0.1,0.01522393416663579,1.047383773372717
0.1,0.01917010892203648,1.0410052193455526
0.1,0.02311628367743717,1.0347808276948398
0.1,0.02706245843283786,1.028763356968764
0.1,0.031859616743327324,1.0217314871552523
0.1,0.03665677505381679,1.015022871422253
0.1,0.04145393336430625,1.0086367398194096
0.1,0.046251091674795713,1.0025779084021182
0.1,0.05104824998528518,0.9968507036013098
0.1,0.05584540829577464,0.9914644221880603
0.1,0.0606425666062641,0.9864276442837
0.1,0.06543972491675357,0.9817457691362919
0.1,0.07023688322724303,0.9774199563408569
0.1,0.0750340415377325,0.9734463109726226
0.1,0.08037975370252473,0.9694189611670141
0.1,0.08572546586731697,0.9657963735173045
0.1,0.0910711780321092,0.9625570633238154
0.1,0.09641689019690144,0.9596772157126012
0.1,0.10176260236169368,0.9571319322287944
0.1,0.10710831452648592,0.9548962083944486
0.1,0.11245402669127816,0.9529456606852663
0.1,0.1177997388560704,0.9512567804878255
0.1,0.12314545102086263,0.9498072743137048
0.1,0.1292655894043126,0.9484128363748127
0.1,0.13538572778776256,0.9472750489334514
0.1,0.14150586617121252,0.9463670651360013
0.1,0.14834016595695423,0.94559231354697
0.1,0.15517446574269594,0.9450414552479095
0.1,0.16200876552843765,0.944762678262331
0.1,0.16884306531417936,0.946242562619438
0.1,0.17567736509992107,0.9476605642565804
0.1,0.18251166488566278,0.949020929964589
0.1,0.19382393563837533,0.9510686066091296
0.1,0.20513620639108787,0.9529062779620696
0.1,0.21644847714380042,0.9545769474687579
0.1,0.22776074789651296,0.9561112844987881
0.1,0.2458894342615733,0.9583383405144297
0.1,0.26401812062663366,0.9603447669046536
0.1,0.28214680699169403,0.962182598346682
0.1,0.3002754933567544,0.9638871545012396
0.1,0.3303881590906902,0.9664804051370662
0.1,0.360500824824626,0.9688738052309795
0.1,0.39061349055856176,0.971163716434235
0.1,0.42072615629249754,0.9732944138953084
0.1,0.469400643636935,0.9765086899803943
0.1,0.5180751309813725,0.979472881793546
0.1,0.56674961832581,0.9822251529942762
0.1,0.6154241056702474,0.9847426662164868
0.1,0.7000147637215662,0.9887098157950339
0.1,0.7846054217728851,0.9921635248010008
0.1,0.8691960798242039,0.995163628968687
0.1,0.9537867378755227,0.997775498853365
0.1,1.1052641668800312,1.0016127246917215
0.1,1.2567415958845396,1.0045314500948603
0.1,1.408219024889048,1.0066640917311471
0.1,1.5596964538935565,1.008231379079363
0.1,1.7767578152539565,1.0097759149016456
0.1,1.9938191766143565,1.0107872152018635
0.1,2.2108805379747563,1.011468111544291
0.1,2.4279418993351563,1.011939931878503
0.1,2.7580577641237864,1.012401057988162
0.1,3.0881736289124166,1.0127011873415046
0.1,3.418289493701047,1.0129191746630017
0.1,3.748405358489677,1.0130950987958838
0.1,4.197789316287202,1.0132986451680883
0.1,4.647173274084727,1.0134778598954957
0.1,5.096557231882252,1.0136474923486232
0.1,5.545941189679777,1.0138335857024423
0.1,5.995325147477302,1.0140273390409278
0.1,6.444709105274827,1.0142199582406755
0.1,6.894093063072352,1.0144162342321776
0.1,7.3434770208698765,1.0146045270247888
0.1,7.7928609786674015,1.0147837069057652
0.1,8.242244936464926,1.014978091256399
0.1,8.69162889426245,1.015186117094545
0.1,9.141012852059974,1.0154028773704518
0.1,9.590396809857499,1.0156220641694444
0.1,10.039780767655023,1.0158378586441936
0.1,10.489164725452547,1.016068821146291
0.1,10.93854868325007,1.0163137336692518
0.1,11.387932641047595,1.0165647271812488
0.1,11.837316598845119,1.0168273995027706
0.1,12.286700556642643,1.0170950277700943
0.1,12.736084514440167,1.0173644710350507
0.1,13.185468472237691,1.017641613933623
0.1,13.634852430035215,1.0179265185404225
0.1,14.084236387832739,1.0182190430912519
0.1,14.533620345630263,1.0185158841638122
0.1,14.983004303427787,1.018813533699373
0.1,15.432388261225311,1.0191118973760855
0.1,15.881772219022835,1.0194098335752533
0.1,16.33115617682036,1.019714699113703
0.1,16.780540134617887,1.0200366654060273
0.1,17.229924092415413,1.0203757869001886
0.1,17.67930805021294,1.020722102002516
0.1,18.128692008010464,1.0210682970565224
0.1,18.57807596580799,1.0214139258127626
0.1,19.027459923605516,1.0217585858902807
0.1,19.476843881403042,1.0221091550325851
0.1,19.926227839200568,1.0224770997788941
0.1,20.375611796998093,1.0228601050522401
0.1,20.82499575479562,1.023245434501795
0.1,21.274379712593145,1.0236322069517232
0.1,21.72376367039067,1.0240310969942341
0.1,22.096758034886815,1.024374011993982
0.1,22.46975239938296,1.0247231978446705
0.1,22.842746763879102,1.0250694682250172
0.1,23.215741128375246,1.0254089857421855
0.1,23.58873549287139,1.0257501719126598
0.1,23.961729857367533,1.026104883379318
0.1,24.334724221863677,1.026475429094203
0.1,24.70771858635982,1.0268552872820433
0.1,25.080712950855965,1.0272374200054262
0.1,25.45370731535211,1.0276219657906285
0.1,25.826701679848252,1.0280145460006331
0.1,26.199696044344396,1.0284173647867283
0.1,26.57269040884054,1.0288293479538981
0.1,26.945684773336684,1.029249094591611
0.1,27.318679137832827,1.0296748548507297
0.1,27.69167350232897,1.0301062999451909
0.1,28.064667866825115,1.0305438772146498
0.1,28.43766223132126,1.0309872728214928
0.1,28.810656595817402,1.031436894998447
0.1,29.183650960313546,1.0318937112067978
0.1,29.55664532480969,1.032358101724531
0.1,29.929639689305834,1.0328299386931512
0.1,30.302634053801977,1.0333080434653967
0.1,30.67562841829812,1.0337913074209282
0.1,31.048622782794265,1.0342807966652536
0.1,31.42161714729041,1.0347782362888351
0.1,31.794611511786552,1.035283543204259
0.1,32.1676058762827,1.035795035547768
0.1,32.54060024077884,1.0363117245424875
0.1,32.91359460527499,1.0368355192539231
0.1,33.28658896977113,1.03736994894918
0.1,33.659583334267275,1.0379163517030416
0.1,34.03257769876342,1.0384727467545
0.1,34.40557206325956,1.0390363698152278
0.1,34.778566427755706,1.0396057230939284
0.1,35.15156079225185,1.0401808730778377
0.1,35.524555156747994,1.0407639249945
0.1,35.89754952124414,1.041358263664097
0.1,36.2080718720382,1.0418631781672731
0.1,36.518594222832256,1.042376584926797
0.1,36.829116573626315,1.042896110247601
0.1,37.08562645235461,1.0433279999749347
0.1,37.29482205577991,1.0436817305557522
0.1,37.50401765920521,1.0440377231439628
0.1,37.71321326263051,1.0443973001742253
0.1,37.92240886605581,1.0447613664905655
0.1,38.157648510265254,1.0451760039224192
0.1,38.3928881544747,1.0455952900935495
0.1,38.62812779868414,1.0460178639612516
0.1,38.86336744289358,1.0464429442927459
0.1,39.191448665611205,1.0470408112115974
0.1,39.519529888328826,1.0476473311806673
0.1,39.84761111104645,1.0482649862065638
0.1,40.10808467492738,1.0487630486706303
0.1,40.36855823880832,1.0492667308282717
0.1,40.578666536203286,1.0496765419561964
0.1,40.62068819568228,1.0497588709940593
0.1,40.66270985516127,1.0498413624478051
0.1,40.70473151464026,1.049924031617666
0.1,40.78877483359825,1.050089911025046
0.1,40.872818152556235,1.0502564712815177
0.1,40.95686147151422,1.0504236643878198
0.1,41.162600958325726,1.0508355816933228
0.1,41.36834044513723,1.0512512403581789
0.1,41.57407993194873,1.0516707597584727
0.1,41.77981941876023,1.052094112128338
0.1,42.090673026721234,1.0527406176203098
0.1,42.401526634682234,1.0533951629169178
0.1,42.712380242643235,1.0540579319382268
0.1,43.023233850604235,1.0547293202119477
0.1,43.334087458565236,1.0554095309949052
0.1,43.644941066526236,1.0560984446376165
0.1,43.95579467448724,1.0567961091674034
0.1,44.26664828244824,1.0575034194622794
0.1,44.57750189040924,1.0582217572959145
0.1,44.88835549837024,1.0589517141517988
0.1,45.19920910633124,1.0596925546016278
0.1,45.51006271429224,1.0604432331061437
0.1,45.82091632225324,1.0612035913315763
0.1,46.13176993021424,1.0619743419626586
0.1,46.44262353817524,1.0627560775926317
0.1,46.75347714613624,1.0635485528992228
0.1,47.06433075409724,1.0643511894862812
0.1,47.37518436205824,1.065164383119548
0.1,47.68603797001924,1.0659897695578042
0.1,47.99689157798024,1.066828818038388
0.1,48.30774518594124,1.0676815203276748
0.1,48.618598793902244,1.0685468517198529
0.1,48.929452401863244,1.0694241853728772
0.1,49.240306009824245,1.0703139365957473
0.1,49.551159617785245,1.071217039882991
0.1,49.862013225746246,1.072134244836738
0.1,50.172866833707246,1.0730658950492868
0.1,50.48372044166825,1.0740121071137954
0.1,50.79457404962925,1.0749729471369274
0.1,51.10542765759025,1.0759484400935366
0.1,51.41628126555125,1.0769385508888685
0.1,51.72713487351225,1.0779432855474096
0.1,52.03798848147325,1.0789629214380905
0.1,52.34884208943425,1.0799981504897296
0.1,52.65969569739525,1.081049833135218
0.1,52.97054930535625,1.082118411547757
0.1,53.28140291331725,1.0832036689906688
0.1,53.59225652127825,1.0843053662835662
0.1,53.90311012923925,1.0854240921536376
0.1,54.21396373720025,1.0865611764430045
0.1,54.52481734516125,1.087717759001318
0.1,54.83567095312225,1.0888942575758456
0.1,55.08853561177712,1.0898660392583035
0.1,55.34140027043198,1.090851224152638
0.1,55.59426492908685,1.0918502237028573
0.1,55.84712958774171,1.0928634933203771
0.1,56.09999424639658,1.0938912832513492
0.1,56.35285890505144,1.0949336507689702
0.1,56.605723563706306,1.0959906383637372
0.1,56.85858822236117,1.0970624317219517
0.1,57.111452881016035,1.0981493580517225
0.1,57.3643175396709,1.099251824589752
0.1,57.617182198325764,1.1003702863636509
0.1,57.87004685698063,1.101505229102507
0.1,58.122911515635494,1.102657124191915
0.1,58.40453680404763,1.103960489536303
0.1,58.68616209245977,1.1052859187516308
0.1,58.967787380871904,1.1066339930776372
0.1,59.24941266928404,1.1080054170636633
0.1,59.53103795769618,1.1094009875745328
0.1,59.812663246108315,1.1108215092181795
0.1,60.09428853452045,1.112267726074315
0.1,60.37591382293259,1.113740283451368
0.1,60.657539111344725,1.1152397375952448
0.1,60.93916439975686,1.1167666860218033
0.1,61.220789688169,1.1183219873167578
0.1,61.502414976581136,1.1199068424970877
0.1,61.78404026499327,1.1215225965511546
0.1,62.06566555340541,1.1231704491464605
0.1,62.347290841817546,1.1248513965301776
0.1,62.62891613022968,1.126566452582543
0.1,62.91054141864182,1.1283168784907425
0.1,63.19216670705396,1.1301041715432074
0.1,63.473791995466094,1.1319298548929622
0.1,63.70662784821961,1.1334692570993312
0.1,63.93946370097313,1.135036664523774
0.1,64.17229955372665,1.1366330026597549
0.1,64.40513540648017,1.1382594120873974
0.1,64.66439077249584,1.1401073352492268
0.1,64.9236461385115,1.141995948001286
0.1,65.18290150452717,1.1439269707123787
0.1,65.44215687054283,1.1459020887835758
0.1,65.7014122365585,1.1479231280500817
0.1,65.96066760257416,1.1499922440472579
0.1,66.21992296858983,1.1521120008293835
0.1,66.47917833460549,1.154285308145661
0.1,66.73843370062116,1.1565152714794298
0.1,66.99768906663682,1.158805137074303
0.1,67.25694443265249,1.1611583734708768
0.1,67.51619979866815,1.1635788202684927
0.1,67.77545516468382,1.1660708030442384
0.1,68.03471053069948,1.1686391754649332
0.1,68.29396589671515,1.171289342991165
0.1,68.55322126273082,1.174027367317442
0.1,68.81247662874648,1.1768601606903755
0.1,69.07173199476215,1.1797957474468972
0.1,69.33098736077781,1.1828434318142413
0.1,69.59024272679348,1.186013989721358
0.1,69.84949809280914,1.1893199690194434
0.1,70.10875345882481,1.1927761353498492
0.1,70.36800882484047,1.1964001354707057
0.1,70.62726419085614,1.2002133366268009
0.1,70.8865195568718,1.2042418528140182
0.1,71.14577492288747,1.208518083439802
0.1,71.40503028890313,1.2130825772796612
0.1,71.61537935365459,1.2170328413997433
0.1,71.82572841840604,1.221242174799119
0.1,72.0360774831575,1.22575531332751
0.1,72.24642654790895,1.2306295059944254
0.1,72.45677561266041,1.2359397811086883
0.1,72.66712467741186,1.2417847135757079
0.1,72.87747374216332,1.2483012264625752
0.1,73.08782280691477,1.255680280466171
0.1,73.29817187166623,1.2641939678789869
0.1,73.50852093641768,1.2742509110688907
0.1,73.71887000116914,1.286516639143752
0.1,73.92921906592059,1.3020522703628392
0.1,74.13956813067205,1.3227029292126136
0.1,74.37240345480403,1.355964315146513
0.1,74.60523877893601,1.4087114001281404
0.1,74.838074103068,1.4909980203431572
0.1,74.86660992513521,1.5033397478264214
0.1,74.89514574720242,1.5160458966444676
0.1,74.92368156926963,1.5290108451078537
0.1,74.96943310228349,1.5500554872924386
0.1,75.01518463529735,1.5711062824959139
0.1,75.0609361683112,1.5917989507613592
0.1,75.1664600793801,1.6367813649889698
0.1,75.271983990449,1.676222940967077
0.1,75.3775079015179,1.7094635935754516
0.1,75.4830318125868,1.7370299698253162
0.1,75.61923342583344,1.7664113137538027
0.1,75.75543503908008,1.789660920340557
0.1,75.89163665232672,1.8108201195765912
0.1,76.02783826557337,1.8273909554996737
0.1,76.16403987882,1.8417992555407756
0.1,76.30024149206665,1.8545552721930816
0.1,76.43644310531329,1.8661863746619833
0.1,76.6457997518119,1.8816876272895335
0.1,76.8551563983105,1.8950716916083803
0.1,77.0645130448091,1.9067777962417858
0.1,77.27386969130771,1.9171594486396417
0.1,77.48322633780631,1.92646679005467
0.1,77.69258298430492,1.934912629520779
0.1,77.90193963080353,1.9426180450970707
0.1,78.11129627730213,1.9496880525641924
0.1,78.32065292380074,1.9562244398152473
0.1,78.53000957029934,1.9623060718054366
0.1,78.73936621679795,1.9680086545110342
0.1,78.76969817494188,1.9688078930011994
0.1,78.77441698367541,1.9689316406539035
0.1,78.77913579240894,1.9690553009618539
0.1,78.788573409876,1.9693020752694075
0.1,78.79801102734305,1.9695481595091366
0.1,78.83277604372488,1.970442232849093
0.1,78.8675410601067,1.9713255281061635
0.1,78.96330493335515,1.973739041604686
0.1,79.05906880660359,1.9760968596339763
0.1,79.15483267985203,1.978398127336823
0.1,79.33606076930583,1.9826137170854476
0.1,79.51728885875963,1.9866580828393274
0.1,79.69851694821342,1.9905511126175284
0.1,79.91532938111826,1.995022925277329
0.1,80.13214181402309,1.9993292818868171
0.1,80.34895424692792,2.003503562764841
0.1,80.56576667983275,2.007553015076738
0.1,80.85677775785597,2.0128419922735645
0.1,81.09533127148882,2.0170781724903515
0.1,81.33388478512167,2.0212364841356423
0.1,81.57243829875452,2.02532874354866
0.1,81.81099181238737,2.0293698703249348
0.1,82.06556604026494,2.03365916825658
0.1,82.32014026814251,2.0379360216518996
0.1,82.57471449602008,2.0422034613159097
0.1,82.82928872389765,2.0464724011460986
0.1,83.12623343985604,2.051472917537244
0.1,83.42317815581443,2.0565308174240724
0.1,83.72012287177282,2.061682965675462
0.1,84.0170675877312,2.0669386376905217
0.1,84.3140123036896,2.0723012027645327
0.1,84.61095701964798,2.077773423585062
0.1,84.90790173560637,2.0833757335055667
0.1,85.20484645156476,2.0891508029316017
0.1,85.50179116752315,2.0951237505345994
0.1,85.79873588348154,2.1013002685103244
0.1,86.12932601648066,2.1084233027683137
0.1,86.45991614947978,2.1158377357920357
0.1,86.7905062824789,2.12361035625781
0.1,87.12109641547802,2.13179010931138
0.1,87.45168654847714,2.140402357997477
0.1,87.78227668147626,2.149477652101794
0.1,88.11286681447538,2.1590658584306586
0.1,88.4434569474745,2.16924161351978
0.1,88.77404708047362,2.180090199285663
0.1,89.10463721347274,2.191698752921922
0.1,89.43522734647186,2.204162218433194
0.1,89.76581747947098,2.2176326523093657
0.1,90.0964076124701,2.2323177446516365
0.1,90.42699774546922,2.248448714257954
0.1,90.75758787846834,2.266285444994691
0.1,91.08817801146746,2.286157864516583
0.1,91.41876814446658,2.308531427510679
0.1,91.7493582774657,2.3339888523484893
0.1,92.07994841046482,2.3632224449124606
0.1,92.46663832895936,2.403167497989687
0.1,92.8533282474539,2.450025259246529
0.1,93.24001816594844,2.503275313378007
0.1,93.62670808444298,2.5605343898183763
0.1,94.01339800293752,2.6176879402788287
0.1,94.40008792143206,2.671555315306904
0.1,94.7867778399266,2.7194997042537907
0.1,95.17346775842114,2.7610587374757545
0.1,95.48462689538884,2.7902816177918566
0.1,95.79578603235655,2.8163956190806174
0.1,96.10694516932425,2.8399828952349857
0.1,96.41810430629195,2.861536243487163
0.1,96.78086896357266,2.884607475313991
0.1,97.14363362085336,2.9059308045567236
0.1,97.50639827813407,2.9258814707425524
0.1,97.86916293541478,2.9448078153988075
0.1,98.23192759269548,2.962976808920795
0.1,98.59469224997619,2.9806629480056976
0.1,98.9574569072569,2.9980417961315715
0.1,99.3202215645376,3.0152481106249747
0.1,99.68298622181831,3.032425106403455
0.1,100.04575087909902,3.0497094598428354
0.1,100.40851553637972,3.0672255889926303
0.1,100.77128019366043,3.0850831882594383
0.1,101.13404485094114,3.103381690545659
0.1,101.5554609501833,3.12532638440545
0.1,101.97687704942547,3.148167357612879
0.1,102.39829314866763,3.1720324374501105
0.1,102.8197092479098,3.197128587025275
0.1,103.24112534715196,3.223652280375793
0.1,103.66254144639413,3.251752383568428
0.1,104.0839575456363,3.281578266984694
0.1,104.50537364487846,3.3132786362508804
0.1,104.92678974412063,3.346960515227633
0.1,105.34820584336279,3.3826364641889737
0.1,105.76962194260496,3.4201910842304293
0.1,106.19103804184712,3.4593548861832377
0.1,106.61245414108929,3.499679467147995
0.1,107.03387024033145,3.5405567008703853
0.1,107.45528633957362,3.581306772318564
0.1,107.87670243881578,3.621286419974573
0.1,108.29811853805795,3.6599639483303315
0.1,108.64731655911191,3.690762189853775
0.1,108.99651458016588,3.7203172750146796
0.1,109.34571260121984,3.748604813607786
0.1,109.69491062227381,3.7756540703613948
0.1,110.10843984968824,3.806186852799102
0.1,110.52196907710267,3.8352412446875737
0.1,110.9354983045171,3.8629884344627095
0.1,111.34902753193153,3.8896010935679457
0.1,111.76255675934596,3.915245687866768
0.1,112.17608598676038,3.9400771705398214
0.1,112.58961521417481,3.964229902925895
0.1,113.00314444158924,3.9878196066416955
0.1,113.41667366900367,4.01094661577628
0.1,113.8302028964181,4.033697063766405
0.1,114.24373212383253,4.056143782739627
0.1,114.65726135124696,4.078348604080764
0.1,115.07079057866139,4.100363576801968
0.1,115.57334735527363,4.126922287347945
0.1,116.07590413188586,4.153326904153718
0.1,116.5784609084981,4.179625488936032
0.1,117.08101768511034,4.205849455559223
0.1,117.58357446172258,4.232016583045082
0.1,118.08613123833481,4.258131415695842
0.1,118.58868801494705,4.28418499989421
0.1,119.09124479155929,4.310154894894575
0.1,119.59380156817153,4.33600553538135
0.1,120.09635834478377,4.361689262341433
0.1,120.598915121396,4.387148125643656
0.1,121.10147189800824,4.412316137710404
0.1,121.60402867462048,4.437121829912457
0.1,122.10658545123272,4.46149129165831
0.1,122.60914222784496,4.4853516178700605
0.1,123.1116990044572,4.508634263322564
0.1,123.61425578106943,4.531277692082402
0.1,124.11681255768167,4.553229475257278
0.1,124.6193693342939,4.574447524731629
0.1,125.12192611090614,4.59490083236453
0.1,125.62448288751838,4.614569340780807
0.1,126.12703966413062,4.633443209854918
0.1,126.62959644074286,4.651521947065249
0.1,127.1321532173551,4.668813022777286
0.1,127.63470999396733,4.685330358688204
0.1,128.13726677057957,4.701092973179573
0.1,128.6398235471918,4.716123758735842
0.1,129.14238032380405,4.730448355726369
0.1,129.64493710041629,4.744094099232671
0.1,130.14749387702852,4.757089302946461
0.1,130.65005065364076,4.769462679752747
0.1,131.152607430253,4.781242735954099
0.1,131.65516420686524,4.792457445165557
0.1,132.15772098347747,4.803134021329991
0.1,132.6602777600897,4.8132987020409885
0.1,133.16283453670195,4.822976663997194
0.1,133.6653913133142,4.83219196958832
0.1,134.16794808992643,4.840967511429266
0.1,134.67050486653866,4.849324996843102
0.1,135.1730616431509,4.857284948664403
0.1,135.67561841976314,4.864866738180472
0.1,136.17817519637538,4.872088677944722
0.1,136.68073197298762,4.878968099402452
0.1,137.18328874959985,4.885521396683144
0.1,137.6858455262121,4.89176408661715
0.1,138.18840230282433,4.897710854458956
0.1,138.69095907943657,4.9033755771869405
0.1,139.1935158560488,4.908771377367367
0.1,139.69607263266104,4.913910678837321
0.1,140.19862940927328,4.918805249759562
0.1,140.70118618588552,4.923466252701894
0.1,141.20374296249776,4.927904312373628
0.1,141.70629973911,4.932129559305878
0.1,142.20885651572223,4.93615160548922
0.1,142.71141329233447,4.939979505570216
0.1,143.2139700689467,4.9436218102456015
0.1,143.71652684555895,4.947086748580783
0.1,144.21908362217118,4.9503823715901305
0.1,144.72164039878342,4.953516461823989
0.1,145.22419717539566,4.956496311835588
0.1,145.7267539520079,4.959328651955178
0.1,146.22931072862013,4.96201979748705
0.1,146.73186750523237,4.964575837173459
0.1,147.12141725786364,4.966467957875833
0.1,147.18613204869715,4.966774967286139
0.1,147.25084683953065,4.9670799227407825
0.1,147.31556163036416,4.967382834963503
0.1,147.4449912120312,4.967982589579172
0.1,147.57442079369824,4.968574310223481
0.1,147.70385037536528,4.969158081944043
0.1,148.03478876099217,4.970615491995863
0.1,148.36572714661907,4.97202321168191
0.1,148.69666553224596,4.973382751161966
0.1,149.11242230804984,4.975024260049674
0.1,149.52817908385373,4.976594740119485
0.1,149.9439358596576,4.978097113858311
0.1,150.3596926354615,4.979533840272535
0.1,150.82186450770473,4.981056713146845
0.1,151.28403637994796,4.9825044731398505
0.1,151.7462082521912,4.983880193310746
0.1,152.20838012443443,4.985186847177341
0.1,152.67055199667766,4.986427309091881
0.1,153.1327238689209,4.987604367651075
0.1,153.59489574116412,4.988720732618087
0.1,154.05706761340736,4.989779026054043
0.1,154.5192394856506,4.990781756396975
0.1,154.98141135789382,4.991731303452398
0.1,155.5614478709353,4.992851220580276
0.1,156.14148438397677,4.993895282514217
0.1,156.72152089701825,4.9948676435177495
0.1,157.30155741005973,4.995772219947411
0.1,157.8815939231012,4.996612706464558
0.1,158.46163043614268,4.997392656762886
0.1,159.04166694918416,4.998115523572604
0.1,159.69360777049184,4.998863930044263
0.1,160.3455485917995,4.999548689045327
0.1,160.9974894131072,5.0
0.1,161.64943023441487,5.0
0.1,162.30137105572254,5.0
0.1,162.95331187703022,5.0
0.1,163.6052526983379,5.0
0.1,164.25719351964557,5.0
0.1,164.90913434095324,5.0
0.1,165.56107516226092,5.0
0.1,166.2130159835686,5.0
0.1,166.86495680487627,5.0
0.1,167.51689762618395,5.0
0.1,168.250709682145,5.0
0.1,168.98452173810603,5.0
0.1,169.71833379406706,5.0
0.1,170.4521458500281,5.0
0.1,171.02907176603256,5.0
0.1,171.605997682037,5.0
0.1,172.18292359804147,5.0
0.1,172.75984951404592,5.0
0.1,173.41089958075574,5.0
0.1,174.06194964746555,5.0
0.1,174.71299971417537,5.0
0.1,175.36404978088518,5.0
0.1,176.015099847595,5.0
0.1,176.6661499143048,5.0
0.1,176.7659110536272,5.0
0.1,176.8656721929496,5.0
0.1,176.965433332272,5.0
0.1,177.0651944715944,5.0
0.1,177.26471675023922,5.0
0.1,177.46423902888404,5.0
0.1,177.66376130752886,5.0
0.1,178.14474491354267,5.0
0.1,178.62572851955647,5.0
0.1,179.10671212557028,5.0
0.1,179.72131502091307,5.0
0.1,180.33591791625585,5.0
0.1,180.95052081159864,5.0
0.1,181.56512370694142,5.0
0.1,182.1797266022842,5.0
0.1,182.794329497627,5.0
0.1,183.40893239296977,5.0
0.1,184.02353528831256,5.0
0.1,184.63813818365534,5.0
0.1,185.25274107899813,5.0
0.1,185.8673439743409,5.0
0.1,186.4819468696837,5.0
0.1,187.09654976502648,5.0
0.1,187.88409766372465,5.0
0.1,188.6716455624228,5.0
0.1,189.45919346112098,5.0
0.1,190.24674135981914,5.0
0.1,191.0342892585173,5.0
0.1,191.82183715721547,5.0
0.1,192.60938505591363,5.0
0.1,193.3969329546118,5.0
0.1,194.18448085330996,5.0
0.1,194.97202875200813,5.0
0.1,195.84922105422777,5.0
0.1,196.7264133564474,5.0
0.1,197.60360565866705,5.0
0.1,198.4807979608867,5.0
0.1,199.35799026310633,5.0
0.1,200.23518256532597,5.0
0.1,201.1123748675456,5.0
0.1,201.98956716976525,5.0
0.1,202.8667594719849,5.0
0.1,203.74395177420453,5.0
0.1,204.62114407642417,5.0
0.1,205.4983363786438,5.0
0.1,206.223479089618,5.0
0.1,206.94862180059218,5.0
0.1,207.67376451156636,5.0
0.1,208.39890722254054,5.0
0.1,209.12404993351473,5.0
0.1,209.8491926444889,5.0
0.1,210.5743353554631,5.0
0.1,211.29947806643727,5.0
0.1,212.02462077741146,5.0
0.1,212.6264109708684,5.0
0.1,213.22820116432533,5.0
0.1,213.82999135778226,5.0
0.1,214.4317815512392,5.0
0.1,215.03357174469613,5.0
0.1,215.63536193815307,5.0
0.1,216.23715213161,5.0
0.1,216.92876015599208,5.0
0.1,217.62036818037416,5.0
0.1,218.31197620475623,5.0
0.1,219.0035842291383,5.0
0.1,219.6951922535204,5.0
0.1,220.38680027790247,5.0
0.1,221.07840830228454,5.0
0.1,221.77001632666662,5.0
0.1,222.4616243510487,5.0
0.1,223.15323237543078,5.0
0.1,223.72405449008275,5.0
0.1,224.29487660473472,5.0
0.1,224.8656987193867,5.0
0.1,225.43652083403867,5.0
0.1,226.00734294869065,5.0
0.1,226.57816506334262,5.0
0.1,227.1489871779946,5.0
0.1,227.71980929264657,5.0
0.1,228.29063140729855,5.0
0.1,228.86145352195052,5.0
0.1,229.4322756366025,5.0
0.1,230.00309775125447,5.0
0.1,230.57391986590645,5.0
0.1,231.0481796441903,5.0
0.1,231.52243942247415,5.0
0.1,231.996699200758,5.0
0.1,232.47095897904185,5.0
0.1,232.99326320807646,5.0
0.1,233.51556743711106,5.0
0.1,234.03787166614566,5.0
0.1,234.56017589518027,5.0
0.1,235.08248012421487,5.0
0.1,235.5064566581077,5.0
0.1,235.93043319200055,5.0
0.1,236.3544097258934,5.0
0.1,236.77838625978623,5.0
0.1,237.20236279367907,5.0
0.1,237.6263393275719,5.0
0.1,238.05031586146475,5.0
0.1,238.4742923953576,5.0
0.1,238.89826892925043,5.0
0.1,239.32224546314328,5.0
0.1,239.74622199703612,5.0
0.1,240.17019853092896,5.0
0.1,240.5941750648218,5.0
0.1,241.01815159871464,5.0
0.1,241.44212813260748,5.0
0.1,241.86610466650032,5.0
0.1,242.37764003778267,5.0
0.1,242.88917540906502,5.0
0.1,243.40071078034737,5.0
0.1,243.91224615162972,5.0
0.1,244.42378152291207,5.0
0.1,244.93531689419441,5.0
0.1,245.44685226547676,5.0
0.1,245.9583876367591,5.0
0.1,246.46992300804146,5.0
0.1,246.9814583793238,5.0
0.1,247.49299375060616,5.0
0.1,248.0045291218885,5.0
0.1,248.51606449317086,5.0
0.1,249.0275998644532,5.0
0.1,249.53913523573556,5.0
0.1,250.0506706070179,5.0
0.1,250.56220597830026,5.0
0.1,251.0737413495826,5.0
0.1,251.58527672086495,5.0
0.1,252.0968120921473,5.0
0.1,252.60834746342965,5.0
0.1,253.119882834712,5.0
0.1,253.63141820599435,5.0
0.1,254.1429535772767,5.0
0.1,254.65448894855905,5.0
0.1,255.1660243198414,5.0
0.1,255.67755969112375,5.0
0.1,256.18909506240607,5.0
0.1,256.7006304336884,5.0
0.1,257.2121658049707,5.0
0.1,257.72370117625303,5.0
0.1,258.23523654753535,5.0
0.1,258.74677191881767,5.0
0.1,259.2583072901,5.0
0.1,259.7698426613823,5.0
0.1,260.28137803266463,5.0
0.1,260.79291340394695,5.0
0.1,261.3044487752293,5.0
0.1,261.8159841465116,5.0
0.1,262.3275195177939,5.0
0.1,262.83905488907624,5.0
0.1,263.35059026035856,5.0
0.1,263.8621256316409,5.0
0.1,264.3736610029232,5.0
0.1,264.8851963742055,5.0
0.1,265.39673174548784,5.0
0.1,265.90826711677016,5.0
0.1,266.4198024880525,5.0
0.1,266.9313378593348,5.0
0.1,267.4428732306171,5.0
0.1,267.95440860189944,5.0
0.1,268.46594397318177,5.0
0.1,268.9774793444641,5.0
0.1,269.4890147157464,5.0
0.1,270.0005500870287,5.0
0.1,270.51208545831105,5.0
0.1,271.02362082959337,5.0
0.1,271.5351562008757,5.0
0.1,272.046691572158,5.0
0.1,272.55822694344033,5.0
0.1,273.06976231472265,5.0
0.1,273.581297686005,5.0
0.1,274.0928330572873,5.0
0.1,274.6043684285696,5.0
0.1,275.11590379985194,5.0
0.1,275.62743917113426,5.0
0.1,276.1389745424166,5.0
0.1,276.6505099136989,5.0
0.1,277.1620452849812,5.0
0.1,277.67358065626354,5.0
0.1,278.18511602754586,5.0
0.1,278.6966513988282,5.0
0.1,279.2081867701105,5.0
0.1,279.7197221413928,5.0
0.1,280.23125751267514,5.0
0.1,280.74279288395746,5.0
0.1,281.2543282552398,5.0
0.1,281.7658636265221,5.0
0.1,282.2773989978044,5.0
0.1,282.78893436908675,5.0
0.1,283.30046974036907,5.0
0.1,283.8120051116514,5.0
0.1,284.3235404829337,5.0
0.1,284.83507585421603,5.0
0.1,285.34661122549835,5.0
0.1,285.85814659678067,5.0
0.1,286.369681968063,5.0
0.1,286.8812173393453,5.0
0.1,287.39275271062763,5.0
0.1,287.90428808190995,5.0
0.1,288.4158234531923,5.0
0.1,288.9273588244746,5.0
0.1,289.4388941957569,5.0
0.1,289.95042956703924,5.0
0.1,290.46196493832156,5.0
0.1,290.9735003096039,5.0
0.1,291.4850356808862,5.0
0.1,291.9965710521685,5.0
0.1,292.50810642345084,5.0
0.1,293.01964179473316,5.0
0.1,293.5311771660155,5.0
0.1,294.0427125372978,5.0
0.1,294.5542479085801,5.0
0.1,295.06578327986244,5.0
0.1,295.57731865114476,5.0
0.1,296.0888540224271,5.0
0.1,296.6003893937094,5.0
0.1,297.1119247649917,5.0
0.1,297.62346013627405,5.0
0.1,298.13499550755637,5.0
0.1,298.6465308788387,5.0
0.1,299.158066250121,5.0
0.1,299.66960162140333,5.0
0.1,300.18113699268565,5.0
0.1,300.692672363968,5.0
0.1,301.2042077352503,5.0
0.1,301.7157431065326,5.0
0.1,302.22727847781493,5.0
0.1,302.73881384909726,5.0
0.1,303.2503492203796,5.0
0.1,303.7618845916619,5.0
0.1,304.2734199629442,5.0
0.1,304.78495533422654,5.0
0.1,305.29649070550886,5.0
0.1,305.8080260767912,5.0
0.1,306.3195614480735,5.0
0.1,306.8310968193558,5.0
0.1,307.34263219063814,5.0
0.1,307.85416756192046,5.0
0.1,308.3657029332028,5.0
0.1,308.8772383044851,5.0
0.1,309.3887736757674,5.0
0.1,309.90030904704975,5.0
0.1,310.41184441833207,5.0
0.1,310.9233797896144,5.0
0.1,311.4349151608967,5.0
0.1,311.946450532179,5.0
0.1,312.45798590346135,5.0
0.1,312.96952127474367,5.0
0.1,313.481056646026,5.0
0.1,313.9925920173083,5.0
0.1,314.50412738859063,5.0
0.1,315.01566275987295,5.0
0.1,315.5271981311553,5.0
0.1,316.0387335024376,5.0
0.1,316.5502688737199,5.0
0.1,317.06180424500224,5.0
0.1,317.57333961628456,5.0
0.1,318.0848749875669,5.0
0.1,318.5964103588492,5.0
0.1,319.1079457301315,5.0
0.1,319.61948110141384,5.0
0.1,320.13101647269616,5.0
0.1,320.6425518439785,5.0
0.1,321.0679433097817,5.0
0.1,321.4933347755849,5.0
0.1,321.91872624138813,5.0
0.1,322.34411770719134,5.0
0.1,322.76950917299456,5.0
0.1,323.1949006387978,5.0
0.1,323.620292104601,5.0
0.1,324.0456835704042,5.0
0.1,324.4710750362074,5.0
0.1,324.89646650201064,5.0
0.1,325.37590038437935,5.0
0.1,325.85533426674806,5.0
0.1,326.33476814911677,5.0
0.1,326.8142020314855,5.0
0.1,327.2936359138542,5.0
0.1,327.7730697962229,5.0
0.1,328.2525036785916,5.0
0.1,328.7319375609603,5.0
0.1,329.211371443329,5.0
0.1,329.69080532569774,5.0
0.1,330.07800424594575,5.0
0.1,330.46520316619376,5.0
0.1,330.85240208644177,5.0
0.1,331.2396010066898,5.0
0.1,331.6267999269378,5.0
0.1,332.0139988471858,5.0
0.1,332.0729970778889,5.0
0.1,332.0830166211622,5.0
0.1,332.0930361644355,5.0
0.1,332.1130752509821,5.0
0.1,332.1331143375287,5.0
0.1,332.2293171926803,5.0
0.1,332.3255200478319,5.0
0.1,332.46793711052175,5.0
0.1,332.6103541732116,5.0
0.1,332.75277123590143,5.0
0.1,333.0164606416837,5.0
0.1,333.28015004746595,5.0
0.1,333.5438394532482,5.0
0.1,333.92614504149446,5.0
0.1,334.3084506297407,5.0
0.1,334.690756217987,5.0
0.1,335.0730618062332,5.0
0.1,335.54018755795437,5.0
0.1,336.0073133096755,5.0
0.1,336.47443906139665,5.0
0.1,336.9415648131178,5.0
0.1,337.40869056483893,5.0
0.1,337.7758789345017,5.0
0.1,338.14306730416445,5.0
0.1,338.5102556738272,5.0
0.1,338.87744404348996,5.0
0.1,339.2446324131527,5.0
0.1,339.61182078281547,5.0
0.1,339.9790091524782,5.0
0.1,340.4568697684754,5.0
0.1,340.93473038447263,5.0
0.1,341.41259100046983,5.0
0.1,341.89045161646703,5.0
0.1,342.36831223246423,5.0
0.1,342.84617284846144,5.0
0.1,343.32403346445864,5.0
0.1,343.80189408045584,5.0
0.1,344.27975469645304,5.0
0.1,344.75761531245024,5.0
0.1,345.23547592844744,5.0
0.1,345.71333654444464,5.0
0.1,346.19119716044185,5.0
0.1,346.66905777643905,5.0
0.1,347.14691839243625,5.0
0.1,347.62477900843345,5.0
0.1,348.10263962443065,5.0
0.1,348.58050024042785,5.0
0.1,349.05836085642505,5.0
0.1,349.5978831632763,5.0
0.1,350.1374054701276,5.0
0.1,350.67692777697886,5.0
0.1,351.2164500838301,5.0
0.1,351.7559723906814,5.0
0.1,352.29549469753266,5.0
0.1,352.83501700438393,5.0
0.1,353.3745393112352,5.0
0.1,353.91406161808646,5.0
0.1,354.45358392493773,5.0
0.1,354.993106231789,5.0
0.1,355.53262853864027,5.0
0.1,356.07215084549154,5.0
0.1,356.6116731523428,5.0
0.1,357.15119545919407,5.0
0.1,357.69071776604534,5.0
0.1,358.2302400728966,5.0
0.1,358.7697623797479,5.0
0.1,359.30928468659914,5.0
0.1,359.7317622649998,5.0
0.1,360.0644914568983,5.0
0.1,360.39722064879675,5.0
0.1,360.7299498406952,5.0
0.1,361.0626790325937,5.0
0.1,361.52130607231425,5.0
0.1,361.9799331120348,5.0
0.1,362.4385601517554,5.0
0.1,362.89718719147595,5.0
0.1,363.3558142311965,5.0
0.1,363.8144412709171,5.0
0.1,364.27306831063765,5.0
0.1,364.7316953503582,5.0
0.1,365.1903223900788,5.0
0.1,365.64894942979936,5.0
0.1,366.1075764695199,5.0
0.1,366.5662035092405,5.0
0.1,367.02483054896106,5.0
0.1,367.48345758868163,5.0
0.1,367.9420846284022,5.0
0.1,368.40071166812277,5.0
0.1,368.85933870784334,5.0
0.1,369.3179657475639,5.0
0.1,369.77659278728447,5.0
0.1,370.1549699112576,5.0
0.1,370.46901841305686,5.0
0.1,370.78306691485614,5.0
0.1,371.0971154166554,5.0
0.1,371.4111639184547,5.0
0.1,371.8071114918221,5.0
0.1,372.20305906518956,5.0
0.1,372.599006638557,5.0
0.1,372.99495421192444,5.0
0.1,373.3909017852919,5.0
0.1,373.7868493586593,5.0
0.1,374.18279693202675,5.0
0.1,374.6333893054601,5.0
0.1,375.0839816788935,5.0
0.1,375.5345740523269,5.0
0.1,375.98516642576027,5.0
0.1,376.43575879919365,5.0
0.1,376.88635117262703,5.0
0.1,377.3369435460604,5.0
0.1,377.7875359194938,5.0
0.1,378.2381282929272,5.0
0.1,378.68872066636055,5.0
0.1,379.13931303979393,5.0
0.1,379.2004199600547,5.0
0.1,379.2615268803155,5.0
0.1,379.3226338005763,5.0
0.1,379.44484764109785,5.0
0.1,379.5670614816194,5.0
0.1,379.689275322141,5.0
0.1,379.9886345600194,5.0
0.1,380.28799379789785,5.0
0.1,380.5873530357763,5.0
0.1,380.8867122736547,5.0
0.1,381.3671546921399,5.0
0.1,381.84759711062503,5.0
0.1,382.3280395291102,5.0
0.1,382.80848194759534,5.0
0.1,383.2889243660805,5.0
0.1,383.76936678456565,5.0
0.1,384.2498092030508,5.0
0.1,384.73025162153596,5.0
0.1,385.2106940400211,5.0
0.1,385.69113645850626,5.0
0.1,386.1715788769914,5.0
0.1,386.6520212954766,5.0
0.1,387.1324637139617,5.0
0.1,387.6129061324469,5.0
0.1,388.09334855093203,5.0
0.1,388.5737909694172,5.0
0.1,389.05423338790234,5.0
0.1,389.5346758063875,5.0
0.1,390.01511822487265,5.0
0.1,390.4955606433578,5.0
0.1,390.97600306184296,5.0
0.1,391.4564454803281,5.0
0.1,391.855066814486,5.0
0.1,392.2536881486439,5.0
0.1,392.6523094828018,5.0
0.1,393.0509308169597,5.0
0.1,393.4952629809884,5.0
0.1,393.9395951450171,5.0
0.1,394.3839273090458,5.0
0.1,394.8282594730745,5.0
0.1,395.27259163710323,5.0
0.1,395.71692380113194,5.0
0.1,396.16125596516065,5.0
0.1,396.60558812918936,5.0
0.1,397.04992029321807,5.0
0.1,397.4942524572468,5.0
0.1,397.9385846212755,5.0
0.1,398.3829167853042,5.0
0.1,398.8272489493329,5.0
0.1,399.2715811133616,5.0
0.1,399.7159132773903,5.0
0.1,400.160245441419,5.0
0.1,400.60457760544773,5.0
0.1,401.04890976947644,5.0
0.1,401.49324193350515,5.0
0.1,401.98899079968436,5.0
0.1,402.4847396658636,5.0
0.1,402.9804885320428,5.0
0.1,403.476237398222,5.0
0.1,403.9719862644012,5.0
0.1,404.4677351305804,5.0
0.1,404.96348399675963,5.0
0.1,405.45923286293885,5.0
0.1,405.95498172911806,5.0
0.1,406.4507305952973,5.0
0.1,406.9464794614765,5.0
0.1,407.4422283276557,5.0
0.1,407.9379771938349,5.0
0.1,408.4337260600141,5.0
0.1,408.92947492619334,5.0
0.1,409.42522379237255,5.0
0.1,409.92097265855176,5.0
0.1,410.416721524731,5.0
0.1,410.9124703909102,5.0
0.1,411.4082192570894,5.0
0.1,411.9039681232686,5.0
0.1,412.3997169894478,5.0
0.1,412.89546585562704,5.0
0.1,413.39121472180625,5.0
0.1,413.88696358798546,5.0
0.1,414.3827124541647,5.0
0.1,414.8784613203439,5.0
0.1,415.3742101865231,5.0
0.1,415.8699590527023,5.0
0.1,416.3657079188815,5.0
0.1,416.86145678506074,5.0
0.1,417.35720565123995,5.0
0.1,417.85295451741916,5.0
0.1,418.3487033835984,5.0
0.1,418.8444522497776,5.0
0.1,419.3402011159568,5.0
0.1,419.835949982136,5.0
0.1,420.3316988483152,5.0
0.1,420.82744771449444,5.0
0.1,421.32319658067365,5.0
0.1,421.81894544685287,5.0
0.1,422.3146943130321,5.0
0.1,422.8104431792113,5.0
0.1,423.3061920453905,5.0
0.1,423.8019409115697,5.0
0.1,424.29768977774893,5.0
0.1,424.79343864392814,5.0
0.1,425.28918751010735,5.0
0.1,425.78493637628657,5.0
0.1,426.2806852424658,5.0
0.1,426.776434108645,5.0
0.1,427.2721829748242,5.0
0.1,427.7679318410034,5.0
0.1,428.26368070718263,5.0
0.1,428.75942957336184,5.0
0.1,429.25517843954106,5.0
0.1,429.75092730572027,5.0
0.1,430.2466761718995,5.0
0.1,430.7424250380787,5.0
0.1,431.2381739042579,5.0
0.1,431.7339227704371,5.0
0.1,432.22967163661633,5.0
0.1,432.72542050279554,5.0
0.1,433.22116936897476,5.0
0.1,433.71691823515397,5.0
0.1,434.2126671013332,5.0
0.1,434.7084159675124,5.0
0.1,435.2041648336916,5.0
0.1,435.6999136998708,5.0
0.1,436.19566256605003,5.0
0.1,436.69141143222924,5.0
0.1,437.18716029840846,5.0
0.1,437.68290916458767,5.0
0.1,438.1786580307669,5.0
0.1,438.6744068969461,5.0
0.1,439.1701557631253,5.0
0.1,439.6659046293045,5.0
0.1,440.16165349548373,5.0
0.1,440.65740236166295,5.0
0.1,441.15315122784216,5.0
0.1,441.64890009402137,5.0
0.1,442.1446489602006,5.0
0.1,442.6403978263798,5.0
0.1,443.136146692559,5.0
0.1,443.6318955587382,5.0
0.1,444.12764442491743,5.0
0.1,444.62339329109665,5.0
0.1,445.11914215727586,5.0
0.1,445.6148910234551,5.0
0.1,446.1106398896343,5.0
0.1,446.6063887558135,5.0
0.1,447.1021376219927,5.0
0.1,447.5978864881719,5.0
0.1,448.09363535435114,5.0
0.1,448.58938422053035,5.0
0.1,449.08513308670956,5.0
0.1,449.5808819528888,5.0
0.1,450.076630819068,5.0
0.1,450.5723796852472,5.0
0.1,451.0681285514264,5.0
0.1,451.5638774176056,5.0
0.1,452.05962628378484,5.0
0.1,452.55537514996405,5.0
0.1,453.05112401614326,5.0
0.1,453.5468728823225,5.0
0.1,454.0426217485017,5.0
0.1,454.5383706146809,5.0
0.1,455.0341194808601,5.0
0.1,455.5298683470393,5.0
0.1,456.02561721321854,5.0
0.1,456.52136607939775,5.0
0.1,457.01711494557696,5.0
0.1,457.5128638117562,5.0
0.1,458.0086126779354,5.0
0.1,458.5043615441146,5.0
0.1,459.0001104102938,5.0
0.1,459.495859276473,5.0
0.1,459.99160814265224,5.0
0.1,460.48735700883145,5.0
0.1,460.98310587501066,5.0
0.1,461.4788547411899,5.0
0.1,461.9746036073691,5.0
0.1,462.4703524735483,5.0
0.1,462.9661013397275,5.0
0.1,463.4618502059067,5.0
0.1,463.95759907208594,5.0
0.1,464.45334793826515,5.0
0.1,464.94909680444437,5.0
0.1,465.4448456706236,5.0
0.1,465.9405945368028,5.0
0.1,466.436343402982,5.0
0.1,466.9320922691612,5.0
0.1,467.42784113534043,5.0
0.1,467.92359000151964,5.0
0.1,468.41933886769885,5.0
0.1,468.91508773387807,5.0
0.1,469.4108366000573,5.0
0.1,469.9065854662365,5.0
0.1,470.4023343324157,5.0
0.1,470.8980831985949,5.0
0.1,471.39383206477413,5.0
0.1,471.88958093095334,5.0
0.1,472.38532979713256,5.0
0.1,472.88107866331177,5.0
0.1,473.376827529491,5.0
0.1,473.8725763956702,5.0
0.1,474.3683252618494,5.0
0.1,474.8640741280286,5.0
0.1,475.35982299420783,5.0
0.1,475.85557186038704,5.0
0.1,476.35132072656626,5.0
0.1,476.84706959274547,5.0
0.1,477.3428184589247,5.0
0.1,477.8385673251039,5.0
0.1,478.3343161912831,5.0
0.1,478.8300650574623,5.0
0.1,479.32581392364153,5.0
0.1,479.82156278982075,5.0
0.1,480.31731165599996,5.0
0.1,480.81306052217917,5.0
0.1,481.3088093883584,5.0
0.1,481.8045582545376,5.0
0.1,482.3003071207168,5.0
0.1,482.796055986896,5.0
0.1,483.29180485307523,5.0
0.1,483.78755371925445,5.0
0.1,484.28330258543366,5.0
0.1,484.7790514516129,5.0
0.1,485.2748003177921,5.0
0.1,485.7705491839713,5.0
0.1,486.2662980501505,5.0
0.1,486.7620469163297,5.0
0.1,487.25779578250894,5.0
0.1,487.75354464868815,5.0
0.1,488.24929351486736,5.0
0.1,488.7450423810466,5.0
0.1,489.2407912472258,5.0
0.1,489.736540113405,5.0
0.1,490.2322889795842,5.0
0.1,490.7280378457634,5.0
0.1,491.22378671194264,5.0
0.1,491.71953557812185,5.0
0.1,492.21528444430106,5.0
0.1,492.7110333104803,5.0
0.1,493.2067821766595,5.0
0.1,493.7025310428387,5.0
0.1,494.1982799090179,5.0
0.1,494.6940287751971,5.0
0.1,495.18977764137634,5.0
0.1,495.68552650755555,5.0
0.1,496.18127537373476,5.0
0.1,496.677024239914,5.0
0.1,497.1727731060932,5.0
0.1,497.6685219722724,5.0
0.1,498.1642708384516,5.0
0.1,498.6600197046308,5.0
0.1,499.15576857081004,5.0
0.1,499.65151743698925,5.0
0.1,500.14726630316846,5.0
0.1,500.6430151693477,5.0
0.1,501.1387640355269,5.0
0.1,501.6345129017061,5.0
0.1,502.1302617678853,5.0
0.1,502.6260106340645,5.0
0.1,503.12175950024374,5.0
0.1,503.61750836642295,5.0
0.1,504.11325723260217,5.0
0.1,504.6090060987814,5.0
0.1,505.1047549649606,5.0
0.1,505.6005038311398,5.0
0.1,506.096252697319,5.0
0.1,506.59200156349823,5.0
0.1,507.08775042967744,5.0
0.1,507.58349929585665,5.0
0.1,508.07924816203587,5.0
0.1,508.5749970282151,5.0
0.1,509.0707458943943,5.0
0.1,509.5664947605735,5.0
0.1,510.0622436267527,5.0
0.1,510.55799249293193,5.0
0.1,511.05374135911114,5.0
0.1,511.54949022529036,5.0
0.1,512.0452390914695,5.0
0.1,512.5409879576487,5.0
0.1,513.0367368238278,5.0
0.1,513.532485690007,5.0
0.1,514.0282345561861,5.0
0.1,514.5239834223653,5.0
0.1,515.0197322885444,5.0
0.1,515.5154811547236,5.0
0.1,516.0112300209028,5.0
0.1,516.5069788870819,5.0
0.1,517.0027277532611,5.0
0.1,517.4984766194402,5.0
0.1,517.9942254856194,5.0
0.1,518.4899743517985,5.0
0.1,518.9857232179777,5.0
0.1,519.4814720841568,5.0
0.1,520.0275415915505,5.0
0.1,520.5736110989442,5.0
0.1,521.1196806063379,5.0
0.1,521.6657501137315,5.0
0.1,522.2118196211252,5.0
0.1,522.7578891285189,5.0
0.1,523.3039586359125,5.0
0.1,523.8500281433062,5.0
0.1,524.3960976506999,5.0
0.1,524.9421671580935,5.0
0.1,525.4882366654872,5.0
0.1,526.0343061728809,5.0
0.1,526.5803756802745,5.0
0.1,527.1264451876682,5.0
0.1,527.6725146950619,5.0
0.1,528.2185842024555,5.0
0.1,528.7646537098492,5.0
0.1,529.3107232172429,5.0
0.1,529.8567927246365,5.0
0.1,530.4028622320302,5.0
0.1,530.9489317394239,5.0
0.1,531.4950012468175,5.0
0.1,532.0410707542112,5.0
0.1,532.5871402616049,5.0
0.1,533.1332097689985,5.0
0.1,533.6792792763922,5.0
0.1,534.2253487837859,5.0
0.1,534.7714182911795,5.0
0.1,535.3174877985732,5.0
0.1,535.8635573059669,5.0
0.1,536.4096268133605,5.0
0.1,536.826757674608,5.0
0.1,537.1618670291463,5.0
0.1,537.4969763836846,5.0
0.1,537.8320857382229,5.0
0.1,538.1671950927612,5.0
0.1,538.6108147545249,5.0
0.1,539.0544344162886,5.0
0.1,539.4980540780523,5.0
0.1,539.941673739816,5.0
0.1,540.3852934015797,5.0
0.1,540.8289130633434,5.0
0.1,541.2725327251071,5.0
0.1,541.7161523868708,5.0
0.1,542.0786886437038,5.0
0.1,542.4412249005368,5.0
0.1,542.8037611573698,5.0
0.1,543.1662974142027,5.0
0.1,543.5949363396207,5.0
0.1,544.0235752650387,5.0
0.1,544.4522141904567,5.0
0.1,544.8808531158747,5.0
0.1,545.3625618669813,5.0
0.1,545.8442706180879,5.0
0.1,546.3259793691944,5.0
0.1,546.807688120301,5.0
0.1,547.2893968714076,5.0
0.1,547.7711056225141,5.0
0.1,548.2528143736207,5.0
0.1,548.7345231247273,5.0
0.1,549.2162318758338,5.0
0.1,549.6979406269404,5.0
0.1,550.179649378047,5.0
0.1,550.6613581291535,5.0
0.1,551.1430668802601,5.0
0.1,551.6247756313667,5.0
0.1,552.1064843824732,5.0
0.1,552.5881931335798,5.0
0.1,553.0699018846864,5.0
0.1,553.5516106357929,5.0
0.1,554.0333193868995,5.0
0.1,554.5150281380061,5.0
0.1,554.9967368891126,5.0
0.1,555.4784456402192,5.0
0.1,555.9601543913258,5.0
0.1,556.4418631424323,5.0
0.1,556.826555928765,5.0
0.1,557.2112487150976,5.0
0.1,557.5959415014302,5.0
0.1,557.9806342877628,5.0
0.1,558.3653270740954,5.0
0.1,558.750019860428,5.0
0.1,558.8070894836726,5.0
0.1,558.8160161998901,5.0
0.1,558.8249429161076,5.0
0.1,558.8427963485425,5.0
0.1,558.8606497809774,5.0
0.1,558.9629690950806,5.0
0.1,559.0652884091837,5.0
0.1,559.1676077232869,5.0
0.1,559.4336911095633,5.0
0.1,559.6997744958396,5.0
0.1,559.965857882116,5.0
0.1,560.3290533132063,5.0
0.1,560.6922487442965,5.0
0.1,561.0554441753868,5.0
0.1,561.4186396064771,5.0
0.1,561.823942561406,5.0
0.1,562.229245516335,5.0
0.1,562.634548471264,5.0
0.1,563.039851426193,5.0
0.1,563.4451543811219,5.0
0.1,563.8504573360509,5.0
0.1,564.2557602909799,5.0
0.1,564.6610632459088,5.0
0.1,565.0663662008378,5.0
0.1,565.4716691557668,5.0
0.1,565.940858227931,5.0
0.1,566.4100473000952,5.0
0.1,566.8792363722595,5.0
0.1,567.3484254444237,5.0
0.1,567.8176145165879,5.0
0.1,568.2868035887522,5.0
0.1,568.7559926609164,5.0
0.1,569.2251817330806,5.0
0.1,569.6943708052448,5.0
0.1,570.163559877409,5.0
0.1,570.6327489495733,5.0
0.1,571.1019380217375,5.0
0.1,571.5711270939017,5.0
0.1,572.040316166066,5.0
0.1,572.5095052382302,5.0
0.1,572.9786943103944,5.0
0.1,573.4478833825586,5.0
0.1,573.8123922700182,5.0
0.1,574.1769011574778,5.0
0.1,574.5414100449374,5.0
0.1,574.905918932397,5.0
0.1,575.3094359429663,5.0
0.1,575.7129529535356,5.0
0.1,576.1164699641049,5.0
0.1,576.5199869746742,5.0
0.1,576.9235039852435,5.0
0.1,577.3270209958129,5.0
0.1,577.7305380063822,5.0
0.1,578.2095420792929,5.0
0.1,578.6885461522036,5.0
0.1,579.1675502251143,5.0
0.1,579.646554298025,5.0
0.1,580.0402600697582,5.0
0.1,580.4339658414915,5.0
0.1,580.8276716132248,5.0
0.1,581.221377384958,5.0
0.1,581.7154343610912,5.0
0.1,582.2094913372243,5.0
0.1,582.7035483133575,5.0
0.1,583.1976052894906,5.0
0.1,583.6916622656238,5.0
0.1,584.1419530877574,5.0
0.1,584.5100009241913,5.0
0.1,584.8780487606252,5.0
0.1,585.2460965970591,5.0
0.1,585.614144433493,5.0
0.1,586.0341607362097,5.0
0.1,586.4541770389264,5.0
0.1,586.8741933416431,5.0
0.1,587.2942096443599,5.0
0.1,587.7989249788855,5.0
0.1,588.303640313411,5.0
0.1,588.3795699901158,5.0
0.1,588.3945646375885,5.0
0.1,588.4095592850612,5.0
0.1,588.4245539325339,5.0
0.1,588.4545432274792,5.0
0.1,588.4845325224246,5.0
0.1,588.6139480839176,5.0
0.1,588.7433636454107,5.0
0.1,588.8727792069037,5.0
0.1,589.1662056521766,5.0
0.1,589.4596320974495,5.0
0.1,589.7530585427223,5.0
0.1,590.1253994723598,5.0
0.1,590.4977404019974,5.0
0.1,590.8700813316349,5.0
0.1,591.2424222612724,5.0
0.1,591.6147631909099,5.0
0.1,591.9871041205474,5.0
0.1,592.359445050185,5.0
0.1,592.7317859798225,5.0
0.1,593.10412690946,5.0
0.1,593.4764678390975,5.0
0.1,593.848808768735,5.0
0.1,594.2211496983725,5.0
0.1,594.59349062801,5.0
0.1,595.0058716782605,5.0
0.1,595.418252728511,5.0
0.1,595.8306337787615,5.0
0.1,596.2430148290119,5.0
0.1,596.6553958792624,5.0
0.1,597.0677769295129,5.0
0.1,597.4801579797634,5.0
0.1,597.8925390300138,5.0
0.1,598.3049200802643,5.0
0.1,598.7173011305148,5.0
0.1,599.256199814163,5.0
0.1,599.7950984978112,5.0
0.1,600.3339971814594,5.0
0.1,600.8728958651076,5.0
0.1,601.4117945487558,5.0
0.1,601.950693232404,5.0
0.1,602.4895919160522,5.0
0.1,603.0284905997004,5.0
0.1,603.5673892833486,5.0
0.1,604.1062879669968,5.0
0.1,604.645186650645,5.0
0.1,605.1840853342932,5.0
0.1,605.7229840179414,5.0
0.1,606.2618827015896,5.0
0.1,606.8007813852378,5.0
0.1,607.339680068886,5.0
0.1,607.8785787525342,5.0
0.1,608.4174774361824,5.0
0.1,608.9563761198306,5.0
0.1,609.4952748034788,5.0
0.1,610.034173487127,5.0
0.1,610.5730721707752,5.0
0.1,611.1119708544234,5.0
0.1,611.6508695380716,5.0
0.1,612.1897682217198,5.0
0.1,612.728666905368,5.0
0.1,613.2675655890162,5.0
0.1,613.8064642726644,5.0
0.1,614.3453629563126,5.0
0.1,614.8842616399608,5.0
0.1,615.423160323609,5.0
0.1,615.9620590072572,5.0
0.1,616.5009576909054,5.0
0.1,617.0398563745536,5.0
0.1,617.5787550582018,5.0
0.1,618.11765374185,5.0
0.1,618.6565524254981,5.0
0.1,619.1954511091463,5.0
0.1,619.7343497927945,5.0
0.1,620.2732484764427,5.0
0.1,620.812147160091,5.0
0.1,621.3510458437391,5.0
0.1,621.8899445273873,5.0
0.1,622.4288432110355,5.0
0.1,622.9677418946837,5.0
0.1,623.5066405783319,5.0
0.1,624.0455392619801,5.0
0.1,624.5844379456283,5.0
0.1,625.1233366292765,5.0
0.1,625.6622353129247,5.0
0.1,626.2011339965729,5.0
0.1,626.7400326802211,5.0
0.1,627.2789313638693,5.0
0.1,627.8178300475175,5.0
0.1,628.3567287311657,5.0
0.1,628.8956274148139,5.0
0.1,629.4345260984621,5.0
0.1,629.9734247821103,5.0
0.1,630.5123234657585,5.0
0.1,631.0512221494067,5.0
0.1,631.5901208330549,5.0
0.1,632.1290195167031,5.0
0.1,632.6679182003513,5.0
0.1,633.2068168839995,5.0
0.1,633.7457155676477,5.0
0.1,634.2846142512959,5.0
0.1,634.8235129349441,5.0
0.1,635.3624116185923,5.0
0.1,635.9013103022405,5.0
0.1,636.4402089858887,5.0
0.1,636.9791076695369,5.0
0.1,637.5180063531851,5.0
0.1,638.0569050368333,5.0
0.1,638.5958037204815,5.0
0.1,639.1347024041297,5.0
0.1,639.6736010877779,5.0
0.1,640.2124997714261,5.0
0.1,640.7513984550743,5.0
0.1,641.2902971387225,5.0
0.1,641.8291958223707,5.0
0.1,642.3680945060189,5.0
0.1,642.9069931896671,5.0
0.1,643.4458918733153,5.0
0.1,643.9847905569635,5.0
0.1,644.5236892406117,5.0
0.1,645.0625879242599,5.0
0.1,645.6014866079081,5.0
0.1,646.1403852915563,5.0
0.1,646.6792839752045,5.0
0.1,647.2181826588527,5.0
0.1,647.7570813425009,5.0
0.1,648.2959800261491,5.0
0.1,648.8348787097973,5.0
0.1,649.3737773934455,5.0
0.1,649.9126760770937,5.0
0.1,650.4515747607419,5.0
0.1,650.9904734443901,5.0
0.1,651.5293721280383,5.0
0.1,652.0682708116865,5.0
0.1,652.6071694953347,5.0
0.1,653.1460681789829,5.0
0.1,653.6849668626311,5.0
0.1,654.2238655462793,5.0
0.1,654.7627642299275,5.0
0.1,655.3016629135757,5.0
0.1,655.8405615972239,5.0
0.1,656.3794602808721,5.0
0.1,656.9183589645203,5.0
0.1,657.4572576481685,5.0
0.1,657.9961563318167,5.0
0.1,658.5350550154649,5.0
0.1,659.0739536991131,5.0
0.1,659.6128523827613,5.0
0.1,660.1517510664095,5.0
0.1,660.6906497500577,5.0
0.1,661.2295484337059,5.0
0.1,661.7684471173541,5.0
0.1,662.3073458010023,5.0
0.1,662.8462444846505,5.0
0.1,663.3851431682987,5.0
0.1,663.9240418519469,5.0
0.1,664.4629405355951,5.0
0.1,665.0018392192433,5.0
0.1,665.5407379028915,5.0
0.1,666.0796365865397,5.0
0.1,666.6185352701879,5.0
0.1,667.1574339538361,5.0
0.1,667.6963326374843,5.0
0.1,668.2352313211325,5.0
0.1,668.7741300047807,5.0
0.1,669.3130286884289,5.0
0.1,669.8519273720771,5.0
0.1,670.3908260557253,5.0
0.1,670.9297247393735,5.0
0.1,671.4686234230217,5.0
0.1,672.0075221066699,5.0
0.1,672.546420790318,5.0
0.1,673.0853194739663,5.0
0.1,673.6242181576145,5.0
0.1,674.1631168412626,5.0
0.1,674.7020155249108,5.0
0.1,675.240914208559,5.0
0.1,675.7798128922072,5.0
0.1,676.3187115758554,5.0
0.1,676.8576102595036,5.0
0.1,677.3965089431518,5.0
0.1,677.9354076268,5.0
0.1,678.4743063104482,5.0
0.1,679.0132049940964,5.0
0.1,679.5521036777446,5.0
0.1,680.0910023613928,5.0
0.1,680.629901045041,5.0
0.1,681.1687997286892,5.0
0.1,681.7076984123374,5.0
0.1,682.2465970959856,5.0
0.1,682.7854957796338,5.0
0.1,683.324394463282,5.0
0.1,683.8632931469302,5.0
0.1,684.4021918305784,5.0
0.1,684.9410905142266,5.0
0.1,685.4799891978748,5.0
0.1,686.018887881523,5.0
0.1,686.5577865651712,5.0
0.1,687.0966852488194,5.0
0.1,687.6355839324676,5.0
0.1,688.1744826161158,5.0
0.1,688.713381299764,5.0
0.1,689.2522799834122,5.0
0.1,689.7911786670604,5.0
0.1,690.3300773507086,5.0
0.1,690.8689760343568,5.0
0.1,691.407874718005,5.0
0.1,691.9467734016532,5.0
0.1,692.4856720853014,5.0
0.1,693.0245707689496,5.0
0.1,693.5634694525978,5.0
0.1,694.102368136246,5.0
0.1,694.6412668198942,5.0
0.1,695.1801655035424,5.0
0.1,695.7190641871906,5.0
0.1,696.2579628708388,5.0
0.1,696.796861554487,5.0
0.1,697.3357602381352,5.0
0.1,697.8746589217834,5.0
0.1,698.4135576054316,5.0
0.1,698.9524562890798,5.0
0.1,699.491354972728,5.0
0.1,700.0302536563762,5.0
0.1,700.5691523400244,5.0
0.1,701.1080510236726,5.0
0.1,701.6469497073208,5.0
0.1,702.185848390969,5.0
0.1,702.7247470746172,5.0
0.1,703.2636457582654,5.0
0.1,703.8025444419136,5.0
0.1,704.3414431255618,5.0
0.1,704.88034180921,5.0
0.1,705.4192404928582,5.0
0.1,705.9581391765064,5.0
0.1,706.4970378601546,5.0
0.1,707.0359365438028,5.0
0.1,707.574835227451,5.0
0.1,708.1137339110992,5.0
0.1,708.6526325947474,5.0
0.1,709.1915312783956,5.0
0.1,709.7304299620438,5.0
0.1,710.269328645692,5.0
0.1,710.8082273293402,5.0
0.1,711.3471260129884,5.0
0.1,711.8860246966366,5.0
0.1,712.4249233802848,5.0
0.1,712.963822063933,5.0
0.1,713.5027207475812,5.0
0.1,714.0416194312294,5.0
0.1,714.5805181148776,5.0
0.1,715.1194167985258,5.0
0.1,715.658315482174,5.0
0.1,716.1972141658222,5.0
0.1,716.7361128494704,5.0
0.1,717.2750115331186,5.0
0.1,717.8139102167668,5.0
0.1,718.352808900415,5.0
0.1,718.8917075840632,5.0
0.1,719.4306062677114,5.0
0.1,719.9695049513596,5.0
0.1,720.5084036350078,5.0
0.1,721.047302318656,5.0
0.1,721.5862010023042,5.0
0.1,722.1250996859524,5.0
0.1,722.6639983696006,5.0
0.1,723.2028970532488,5.0
0.1,723.741795736897,5.0
0.1,724.2806944205452,5.0
0.1,724.8195931041934,5.0
0.1,725.3584917878416,5.0
0.1,725.8973904714898,5.0
0.1,726.436289155138,5.0
0.1,726.9751878387862,5.0
0.1,727.5140865224344,5.0
0.1,728.0529852060826,5.0
0.1,728.5918838897308,5.0
0.1,729.130782573379,5.0
0.1,729.6696812570272,5.0
0.1,730.2085799406753,5.0
0.1,730.7474786243235,5.0
0.1,731.2863773079717,5.0
0.1,731.82527599162,5.0
0.1,732.3641746752681,5.0
0.1,732.9030733589163,5.0
0.1,733.4419720425645,5.0
0.1,733.9808707262127,5.0
0.1,734.5197694098609,5.0
0.1,735.0586680935091,5.0
0.1,735.5975667771573,5.0
0.1,736.1364654608055,5.0
0.1,736.6753641444537,5.0
0.1,737.2142628281019,5.0
0.1,737.7531615117501,5.0
0.1,738.2920601953983,5.0
0.1,738.8309588790465,5.0
0.1,739.3698575626947,5.0
0.1,739.9087562463429,5.0
0.1,740.4476549299911,5.0
0.1,740.9865536136393,5.0
0.1,741.5254522972875,5.0
0.1,742.0643509809357,5.0
0.1,742.6032496645839,5.0
0.1,743.1421483482321,5.0
0.1,743.6810470318803,5.0
0.1,744.2199457155285,5.0
0.1,744.7588443991767,5.0
0.1,745.2977430828249,5.0
0.1,745.8366417664731,5.0
0.1,746.3755404501213,5.0
0.1,746.9144391337695,5.0
0.1,747.4533378174177,5.0
0.1,747.9922365010659,5.0
0.1,748.5311351847141,5.0
0.1,749.0700338683623,5.0
0.1,749.6089325520105,5.0
0.1,750.1478312356587,5.0
0.1,750.6867299193069,5.0
0.1,751.2256286029551,5.0
0.1,751.7645272866033,5.0
0.1,752.3034259702515,5.0
0.1,752.8423246538997,5.0
0.1,753.3812233375479,5.0
0.1,753.9201220211961,5.0
0.1,754.4590207048443,5.0
0.1,754.9979193884925,5.0
0.1,755.5368180721407,5.0
0.1,756.0757167557889,5.0
0.1,756.6146154394371,5.0
0.1,757.1535141230853,5.0
0.1,757.6924128067335,5.0
0.1,758.2313114903817,5.0
0.1,758.7702101740299,5.0
0.1,759.3091088576781,5.0
0.1,759.8480075413263,5.0
0.1,760.3869062249745,5.0
0.1,760.9258049086227,5.0
0.1,761.4647035922709,5.0
0.1,762.0036022759191,5.0
0.1,762.5425009595673,5.0
0.1,763.0813996432155,5.0
0.1,763.6202983268637,5.0
0.1,764.1591970105119,5.0
0.1,764.6980956941601,5.0
0.1,765.2369943778083,5.0
0.1,765.7758930614565,5.0
0.1,766.3147917451047,5.0
0.1,766.8536904287529,5.0
0.1,767.3925891124011,5.0
0.1,767.9314877960493,5.0
0.1,768.4703864796975,5.0
0.1,769.0092851633457,5.0
0.1,769.5481838469939,5.0
0.1,770.0870825306421,5.0
0.1,770.6259812142903,5.0
0.1,771.1648798979385,5.0
0.1,771.7037785815867,5.0
0.1,772.2426772652349,5.0
0.1,772.7815759488831,5.0
0.1,773.3204746325313,5.0
0.1,773.8593733161795,5.0
0.1,774.3982719998277,5.0
0.1,774.9371706834759,5.0
0.1,775.4760693671241,5.0
0.1,776.0149680507723,5.0
0.1,776.5538667344205,5.0
0.1,777.0927654180687,5.0
0.1,777.6316641017169,5.0
0.1,778.1705627853651,5.0
0.1,778.7094614690133,5.0
0.1,779.2483601526615,5.0
0.1,779.7872588363097,5.0
0.1,780.3261575199579,5.0
0.1,780.8650562036061,5.0
0.1,781.4039548872543,5.0
0.1,781.9428535709025,5.0
0.1,782.4817522545507,5.0
0.1,783.0206509381989,5.0
0.1,783.559549621847,5.0
0.1,784.0984483054953,5.0
0.1,784.6373469891435,5.0
0.1,785.1762456727917,5.0
0.1,785.7151443564399,5.0
0.1,786.254043040088,5.0
0.1,786.7929417237362,5.0
0.1,787.3318404073844,5.0
0.1,787.8707390910326,5.0
0.1,788.4096377746808,5.0
0.1,788.948536458329,5.0
0.1,789.4874351419772,5.0
0.1,790.0263338256254,5.0
0.1,790.5652325092736,5.0
0.1,791.1041311929218,5.0
0.1,791.64302987657,5.0
0.1,792.1819285602182,5.0
0.1,792.7208272438664,5.0
0.1,793.2597259275146,5.0
0.1,793.7986246111628,5.0
0.1,794.337523294811,5.0
0.1,794.8764219784592,5.0
0.1,795.4153206621074,5.0
0.1,795.9542193457556,5.0
0.1,796.4931180294038,5.0
0.1,797.032016713052,5.0
0.1,797.5709153967002,5.0
0.1,798.1098140803484,5.0
0.1,798.6487127639966,5.0
0.1,799.1876114476448,5.0
0.1,799.726510131293,5.0
0.1,800.2654088149412,5.0
0.1,800.8043074985894,5.0
0.1,801.3432061822376,5.0
0.1,801.8821048658858,5.0
0.1,802.421003549534,5.0
0.1,802.9599022331822,5.0
0.1,803.4988009168304,5.0
0.1,804.0376996004786,5.0
0.1,804.5765982841268,5.0
0.1,805.1739514124522,5.0
0.1,805.7713045407776,5.0
0.1,806.368657669103,5.0
0.1,806.9660107974283,5.0
0.1,807.5633639257537,5.0
0.1,808.1607170540791,5.0
0.1,808.7580701824045,5.0
0.1,809.3554233107299,5.0
0.1,809.9527764390552,5.0
0.1,810.5501295673806,5.0
0.1,811.147482695706,5.0
0.1,811.7448358240314,5.0
0.1,812.3421889523568,5.0
0.1,812.9395420806821,5.0
0.1,813.5368952090075,5.0
0.1,814.1342483373329,5.0
0.1,814.7316014656583,5.0
0.1,815.3289545939837,5.0
0.1,815.926307722309,5.0
0.1,816.5236608506344,5.0
0.1,817.1210139789598,5.0
0.1,817.7183671072852,5.0
0.1,818.3157202356106,5.0
0.1,818.913073363936,5.0
0.1,819.5104264922613,5.0
0.1,819.9706893187796,5.0
0.1,820.3530869344703,5.0
0.1,820.735484550161,5.0
0.1,821.1178821658517,5.0
0.1,821.5002797815424,5.0
0.1,821.9835730012046,5.0
0.1,822.4668662208668,5.0
0.1,822.950159440529,5.0
0.1,823.4334526601912,5.0
0.1,823.9167458798534,5.0
0.1,824.4000390995155,5.0
0.1,824.8833323191777,5.0
0.1,825.3666255388399,5.0
0.1,825.8499187585021,5.0
0.1,826.3332119781643,5.0
0.1,826.8165051978265,5.0
0.1,827.2997984174887,5.0
0.1,827.7830916371508,5.0
0.1,828.266384856813,5.0
0.1,828.7496780764752,5.0
0.1,829.2329712961374,5.0
0.1,829.7162645157996,5.0
0.1,830.1995577354618,5.0
0.1,830.682850955124,5.0
0.1,831.2989121783352,5.0
0.1,831.9149734015464,5.0
0.1,832.5310346247576,5.0
0.1,833.1470958479688,5.0
0.1,833.76315707118,5.0
0.1,834.3792182943912,5.0
0.1,834.9952795176024,5.0
0.1,835.6113407408136,5.0
0.1,836.2274019640248,5.0
0.1,836.843463187236,5.0
0.1,837.4595244104472,5.0
0.1,837.5522183024406,5.0
0.1,837.5700066320301,5.0
0.1,837.5877949616196,5.0
0.1,837.6055832912091,5.0
0.1,837.6411599503882,5.0
0.1,837.6767366095673,5.0
0.1,837.7859102018773,5.0
0.1,837.8950837941873,5.0
0.1,838.0636148844458,5.0
0.1,838.2321459747043,5.0
0.1,838.4006770649628,5.0
0.1,838.7241195310709,5.0
0.1,839.047561997179,5.0
0.1,839.371004463287,5.0
0.1,839.8091623414894,5.0
0.1,840.2473202196917,5.0
0.1,840.685478097894,5.0
0.1,841.1236359760964,5.0
0.1,841.5617938542987,5.0
0.1,841.999951732501,5.0
0.1,842.4381096107033,5.0
0.1,842.8762674889057,5.0
0.1,843.314425367108,5.0
0.1,843.7525832453103,5.0
0.1,844.3300818634051,5.0
0.1,844.9075804814998,5.0
0.1,845.4850790995946,5.0
0.1,846.0625777176894,5.0
0.1,846.6400763357841,5.0
0.1,847.2175749538789,5.0
0.1,847.7950735719736,5.0
0.1,848.2694585932397,5.0
0.1,848.7438436145059,5.0
0.1,849.218228635772,5.0
0.1,849.6926136570381,5.0
0.1,850.1669986783043,5.0
0.1,850.6413836995704,5.0
0.1,851.0154905771692,5.0
0.1,851.389597454768,5.0
0.1,851.7637043323668,5.0
0.1,852.1378112099657,5.0
0.1,852.5119180875645,5.0
0.1,852.8860249651633,5.0
0.1,853.2601318427621,5.0
0.1,853.7936459197617,5.0
0.1,854.3271599967613,5.0
0.1,854.860674073761,5.0
0.1,855.3941881507606,5.0
0.1,855.9277022277602,5.0
0.1,856.4612163047598,5.0
0.1,856.9947303817594,5.0
0.1,857.528244458759,5.0
0.1,858.0617585357586,5.0
0.1,858.5952726127582,5.0
0.1,859.1287866897578,5.0
0.1,859.6623007667574,5.0
0.1,860.195814843757,5.0
0.1,860.7293289207566,5.0
0.1,861.2628429977563,5.0
0.1,861.7963570747559,5.0
0.1,862.3298711517555,5.0
0.1,862.4109381165686,5.0
0.1,862.4920050813816,5.0
0.1,862.5730720461947,5.0
0.1,862.6541390110078,5.0
0.1,862.7810887709572,5.0
0.1,862.9080385309067,5.0
0.1,863.0349882908561,5.0
0.1,863.4358319037763,5.0
0.1,863.8366755166965,5.0
0.1,864.2375191296167,5.0
0.1,864.7049438904191,5.0
0.1,865.1723686512216,5.0
0.1,865.6397934120241,5.0
0.1,866.1072181728266,5.0
0.1,866.5746429336291,5.0
0.1,867.0420676944316,5.0
0.1,867.5094924552341,5.0
0.1,868.0422376927753,5.0
0.1,868.5749829303165,5.0
0.1,869.0074590366111,5.0
0.1,869.4399351429056,5.0
0.1,869.8724112492001,5.0
0.1,870.3048873554947,5.0
0.1,870.8417460513892,5.0
0.1,871.275137189951,5.0
0.1,871.620127510462,5.0
0.1,871.965117830973,5.0
0.1,872.310108151484,5.0
0.1,872.655098471995,5.0
0.1,873.1665260839162,5.0
0.1,873.6779536958375,5.0
0.1,874.1893813077587,5.0
0.1,874.70080891968,5.0
0.1,875.2122365316012,5.0
0.1,875.7236641435225,5.0
0.1,876.2350917554437,5.0
0.1,876.746519367365,5.0
0.1,877.2579469792862,5.0
0.1,877.3299512053859,5.0
0.1,877.4019554314856,5.0
0.1,877.4739596575853,5.0
0.1,877.545963883685,5.0
0.1,877.6899723358844,5.0
0.1,877.8339807880837,5.0
0.1,877.9779892402831,5.0
0.1,878.3097580229382,5.0
0.1,878.6415268055933,5.0
0.1,878.9732955882484,5.0
0.1,879.3913456647831,5.0
0.1,879.8093957413178,5.0
0.1,880.2274458178524,5.0
0.1,880.6454958943871,5.0
0.1,881.0635459709217,5.0
0.1,881.4815960474564,5.0
0.1,881.899646123991,5.0
0.1,882.3176962005257,5.0
0.1,882.7357462770603,5.0
0.1,883.153796353595,5.0
0.1,883.5718464301297,5.0
0.1,883.9898965066643,5.0
0.1,884.407946583199,5.0
0.1,884.8731174723681,5.0
0.1,885.3382883615373,5.0
0.1,885.8034592507064,5.0
0.1,886.2686301398755,5.0
0.1,886.7338010290447,5.0
0.1,887.1989719182138,5.0
0.1,887.664142807383,5.0
0.1,888.1293136965521,5.0
0.1,888.5944845857213,5.0
0.1,889.0596554748904,5.0
0.1,889.5248263640595,5.0
0.1,889.9899972532287,5.0
0.1,890.4551681423978,5.0
0.1,891.0144816333419,5.0
0.1,891.573795124286,5.0
0.1,892.1331086152301,5.0
0.1,892.6924221061741,5.0
0.1,893.2517355971182,5.0
0.1,893.8110490880623,5.0
0.1,894.3703625790064,5.0
0.1,894.9296760699505,5.0
0.1,895.3853303480905,5.0
0.1,895.8409846262306,5.0
0.1,896.2966389043706,5.0
0.1,896.7522931825107,5.0
0.1,897.2561038591931,5.0
0.1,897.7599145358755,5.0
0.1,898.2637252125579,5.0
0.1,898.7675358892403,5.0
0.1,899.2713465659227,5.0
0.1,899.7751572426051,5.0
0.1,900.161632978096,5.0
0.1,900.4729135263008,5.0
0.1,900.7841940745055,5.0
0.1,901.0954746227103,5.0
0.1,901.4067551709151,5.0
0.1,901.8441600296871,5.0
0.1,902.2815648884592,5.0
0.1,902.7189697472313,5.0
0.1,903.1563746060034,5.0
0.1,903.5937794647755,5.0
0.1,904.0311843235476,5.0
0.1,904.4685891823196,5.0
0.1,904.9799472940748,5.0
0.1,905.49130540583,5.0
0.1,906.0026635175851,5.0
0.1,906.5140216293403,5.0
0.1,907.0253797410954,5.0
0.1,907.5367378528506,5.0
0.1,908.0480959646057,5.0
0.1,908.5594540763609,5.0
0.1,909.0708121881161,5.0
0.1,909.5821702998712,5.0
0.1,909.9997181739017,5.0
0.1,910.4172660479321,5.0
0.1,910.8348139219626,5.0
0.1,911.252361795993,5.0
0.1,911.6699096700235,5.0
0.1,912.0164586730535,5.0
0.1,912.3630076760836,5.0
0.1,912.7095566791137,5.0
0.1,913.0561056821438,5.0
0.1,913.4814966445043,5.0
0.1,913.9068876068649,5.0
0.1,914.3322785692254,5.0
0.1,914.757669531586,5.0
0.1,915.2479827847482,5.0
0.1,915.7382960379103,5.0
0.1,916.2286092910725,5.0
0.1,916.7189225442347,5.0
0.1,917.3073596193099,5.0
0.1,917.895796694385,5.0
0.1,918.4842337694602,5.0
0.1,919.0726708445353,5.0
0.1,919.6611079196105,5.0
0.1,920.2495449946856,5.0
0.1,920.8379820697608,5.0
0.1,921.4264191448359,5.0
0.1,922.014856219911,5.0
0.1,922.6032932949862,5.0
0.1,923.1917303700614,5.0
0.1,923.7801674451365,5.0
0.1,924.3686045202116,5.0
0.1,924.9570415952868,5.0
0.1,925.545478670362,5.0
0.1,926.1339157454371,5.0
0.1,926.7223528205122,5.0
0.1,927.3107898955874,5.0
0.1,927.8992269706625,5.0
0.1,928.4876640457377,5.0
0.1,929.0761011208128,5.0
0.1,929.664538195888,5.0
0.1,930.2529752709631,5.0
0.1,930.8414123460383,5.0
0.1,931.4298494211134,5.0
0.1,932.0182864961886,5.0
0.1,932.6067235712637,5.0
0.1,933.1951606463389,5.0
0.1,933.783597721414,5.0
0.1,934.3720347964892,5.0
0.1,934.9604718715643,5.0
0.1,935.5489089466395,5.0
0.1,936.1373460217146,5.0
0.1,936.7257830967898,5.0
0.1,937.3142201718649,5.0
0.1,937.9026572469401,5.0
0.1,938.4910943220152,5.0
0.1,939.0795313970904,5.0
0.1,939.6679684721655,5.0
0.1,940.2564055472407,5.0
0.1,940.8448426223158,5.0
0.1,941.433279697391,5.0
0.1,942.0217167724661,5.0
0.1,942.6101538475413,5.0
0.1,943.1985909226164,5.0
0.1,943.7870279976916,5.0
0.1,944.3754650727667,5.0
0.1,944.9639021478418,5.0
0.1,945.552339222917,5.0
0.1,946.1407762979921,5.0
0.1,946.7292133730673,5.0
0.1,947.1978470050733,5.0
0.1,947.6664806370793,5.0
0.1,948.1351142690853,5.0
0.1,948.6037479010913,5.0
0.1,949.0723815330973,5.0
0.1,949.5410151651033,5.0
0.1,950.0096487971093,5.0
0.1,950.6266949399981,5.0
0.1,951.2437410828868,5.0
0.1,951.8607872257755,5.0
0.1,952.4778333686643,5.0
0.1,953.094879511553,5.0
0.1,953.7119256544418,5.0
0.1,954.3289717973305,5.0
0.1,954.9460179402192,5.0
0.1,955.563064083108,5.0
0.1,956.1801102259967,5.0
0.1,956.7971563688855,5.0
0.1,957.4142025117742,5.0
0.1,958.0312486546629,5.0
0.1,958.6482947975517,5.0
0.1,959.2653409404404,5.0
0.1,959.8823870833291,5.0
0.1,960.4994332262179,5.0
0.1,961.1164793691066,5.0
0.1,961.7335255119954,5.0
0.1,962.3505716548841,5.0
0.1,962.9676177977728,5.0
0.1,963.5846639406616,5.0
0.1,964.2017100835503,5.0
0.1,964.8187562264391,5.0
0.1,965.4358023693278,5.0
0.1,966.0528485122165,5.0
0.1,966.6698946551053,5.0
0.1,967.286940797994,5.0
0.1,967.9039869408828,5.0
0.1,968.5210330837715,5.0
0.1,969.1380792266602,5.0
0.1,969.755125369549,5.0
0.1,970.3721715124377,5.0
0.1,970.9892176553265,5.0
0.1,971.6062637982152,5.0
0.1,972.2233099411039,5.0
0.1,972.8403560839927,5.0
0.1,973.4574022268814,5.0
0.1,974.0744483697702,5.0
0.1,974.6914945126589,5.0
0.1,975.3085406555476,5.0
0.1,975.9255867984364,5.0
0.1,976.5426329413251,5.0
0.1,977.1596790842138,5.0
0.1,977.7767252271026,5.0
0.1,978.3937713699913,5.0
0.1,979.0108175128801,5.0
0.1,979.6278636557688,5.0
0.1,980.2449097986575,5.0
0.1,980.8619559415463,5.0
0.1,981.479002084435,5.0
0.1,982.0960482273238,5.0
0.1,982.7130943702125,5.0
0.1,983.3301405131012,5.0
0.1,983.94718665599,5.0
0.1,984.5642327988787,5.0
0.1,985.1812789417675,5.0
0.1,985.7983250846562,5.0
0.1,986.4153712275449,5.0
0.1,987.0324173704337,5.0
0.1,987.6494635133224,5.0
0.1,988.2665096562112,5.0
0.1,988.8835557990999,5.0
0.1,989.5006019419886,5.0
0.1,990.1176480848774,5.0
0.1,990.7346942277661,5.0
0.1,991.3517403706549,5.0
0.1,991.9687865135436,5.0
0.1,992.5858326564323,5.0
0.1,993.2028787993211,5.0
0.1,993.8199249422098,5.0
0.1,994.4369710850985,5.0
0.1,995.0540172279873,5.0
0.1,995.671063370876,5.0
0.1,996.2881095137648,5.0
0.1,996.9051556566535,5.0
0.1,997.5222017995422,5.0
0.1,998.139247942431,5.0
0.1,998.7562940853197,5.0
0.1,999.3733402282085,5.0
0.1,999.9903863710972,5.0
0.1,1000.6074325139859,5.0
0.1,1001.2244786568747,5.0
0.1,1001.8415247997634,5.0
0.1,1002.4585709426522,5.0
0.1,1003.0756170855409,5.0
0.1,1003.6926632284296,5.0
0.1,1004.3097093713184,5.0
0.1,1004.9267555142071,5.0
0.1,1005.5438016570959,5.0
0.1,1006.1608477999846,5.0
0.1,1006.7778939428733,5.0
0.1,1007.3949400857621,5.0
0.1,1008.0119862286508,5.0
0.1,1008.6290323715396,5.0
0.1,1009.2460785144283,5.0
0.1,1009.863124657317,5.0
0.1,1010.4801708002058,5.0
0.1,1011.0972169430945,5.0
0.1,1011.7142630859832,5.0
0.1,1012.331309228872,5.0
0.1,1012.8260024234532,5.0
0.1,1013.3206956180345,5.0
0.1,1013.8153888126158,5.0
0.1,1014.310082007197,5.0
0.1,1014.8047752017783,5.0
0.1,1015.2994683963595,5.0
0.1,1015.7941615909408,5.0
0.1,1016.4252944871159,5.0
0.1,1017.0564273832911,5.0
0.1,1017.6875602794662,5.0
0.1,1018.3186931756413,5.0
0.1,1018.9498260718165,5.0
0.1,1019.5809589679916,5.0
0.1,1020.2120918641667,5.0
0.1,1020.8432247603419,5.0
0.1,1021.474357656517,5.0
0.1,1022.1054905526921,5.0
0.1,1022.7366234488672,5.0
0.1,1023.3677563450424,5.0
0.1,1023.9988892412175,5.0
0.1,1024.6300221373926,5.0
0.1,1025.2611550335678,5.0
0.1,1025.892287929743,5.0
0.1,1026.523420825918,5.0
0.1,1027.1545537220932,5.0
0.1,1027.7856866182683,5.0
0.1,1028.4168195144434,5.0
0.1,1029.0479524106186,5.0
0.1,1029.6790853067937,5.0
0.1,1030.3102182029688,5.0
0.1,1030.941351099144,5.0
0.1,1031.572483995319,5.0
0.1,1032.2036168914942,5.0
0.1,1032.8347497876694,5.0
0.1,1033.4658826838445,5.0
0.1,1034.0970155800196,5.0
0.1,1034.7281484761947,5.0
0.1,1035.3592813723699,5.0
0.1,1035.990414268545,5.0
0.1,1036.6215471647201,5.0
0.1,1037.2526800608953,5.0
0.1,1037.8838129570704,5.0
0.1,1038.5149458532455,5.0
0.1,1039.1460787494207,5.0
0.1,1039.7772116455958,5.0
0.1,1040.408344541771,5.0
0.1,1040.9158070497806,5.0
0.1,1041.4232695577903,5.0
0.1,1041.9307320658,5.0
0.1,1042.4381945738096,5.0
0.1,1042.9965501474712,5.0
0.1,1043.5549057211329,5.0
0.1,1044.1132612947945,5.0
0.1,1044.671616868456,5.0
0.1,1045.2299724421177,5.0
0.1,1045.7883280157794,5.0
0.1,1046.2239531507155,5.0
0.1,1046.5783830103783,5.0
0.1,1046.932812870041,5.0
0.1,1047.2872427297038,5.0
0.1,1047.6416725893666,5.0
0.1,1048.0537193839439,5.0
0.1,1048.465766178521,5.0
0.1,1048.8778129730983,5.0
0.1,1049.2898597676756,5.0
0.1,1049.7451978231304,5.0
0.1,1050.2005358785852,5.0
0.1,1050.65587393404,5.0
0.1,1051.111211989495,5.0
0.1,1051.5665500449497,5.0
0.1,1052.0218881004046,5.0
0.1,1052.4772261558594,5.0
0.1,1052.9325642113142,5.0
0.1,1053.387902266769,5.0
0.1,1053.843240322224,5.0
0.1,1054.3583261622061,5.0
0.1,1054.8734120021884,5.0
0.1,1055.3884978421706,5.0
0.1,1055.9035836821529,5.0
0.1,1056.4186695221351,5.0
0.1,1056.9337553621174,5.0
0.1,1057.4488412020996,5.0
0.1,1057.9639270420819,5.0
0.1,1058.4790128820641,5.0
0.1,1058.9940987220464,5.0
0.1,1059.5091845620286,5.0
0.1,1060.0242704020109,5.0
0.1,1060.5393562419931,5.0
0.1,1061.0544420819754,5.0
0.1,1061.5695279219576,5.0
0.1,1062.0846137619399,5.0
0.1,1062.599699601922,5.0
0.1,1063.1147854419044,5.0
0.1,1063.6298712818866,5.0
0.1,1064.217821123384,5.0
0.1,1064.8057709648815,5.0
0.1,1065.393720806379,5.0
0.1,1065.9816706478764,5.0
0.1,1066.5696204893738,5.0
0.1,1067.1575703308713,5.0
0.1,1067.7455201723687,5.0
0.1,1068.3334700138662,5.0
0.1,1068.9214198553636,5.0
0.1,1069.509369696861,5.0
0.1,1070.1582372392756,5.0
0.1,1070.8071047816902,5.0
0.1,1071.4559723241048,5.0
0.1,1072.1048398665193,5.0
0.1,1072.753707408934,5.0
0.1,1073.4025749513485,5.0
0.1,1074.051442493763,5.0
0.1,1074.7003100361776,5.0
0.1,1075.2372243294558,5.0
0.1,1075.6671657717784,5.0
0.1,1076.097107214101,5.0
0.1,1076.5270486564236,5.0
0.1,1076.9569900987462,5.0
0.1,1077.5161839285452,5.0
0.1,1078.075377758344,5.0
0.1,1078.634571588143,5.0
0.1,1079.193765417942,5.0
0.1,1079.7529592477408,5.0
0.1,1080.3121530775397,5.0
0.1,1080.8713469073386,5.0
0.1,1081.4305407371376,5.0
0.1,1081.8754061195575,5.0
0.1,1082.3202715019775,5.0
0.1,1082.7651368843974,5.0
0.1,1083.2100022668174,5.0
0.1,1083.7573679728398,5.0
0.1,1084.3047336788622,5.0
0.1,1084.8520993848847,5.0
0.1,1085.3994650909071,5.0
0.1,1086.0573928382926,5.0
0.1,1086.715320585678,5.0
0.1,1087.3732483330634,5.0
0.1,1088.0311760804489,5.0
0.1,1088.6891038278343,5.0
0.1,1089.3470315752197,5.0
0.1,1090.0049593226051,5.0
0.1,1090.6628870699906,5.0
0.1,1091.320814817376,5.0
0.1,1091.9787425647614,5.0
0.1,1092.6366703121469,5.0
0.1,1093.2945980595323,5.0
0.1,1093.9525258069177,5.0
0.1,1094.6104535543031,5.0
0.1,1095.2683813016886,5.0
0.1,1095.926309049074,5.0
0.1,1096.5842367964594,5.0
0.1,1097.2421645438449,5.0
0.1,1097.7735127905844,5.0
0.1,1098.304861037324,5.0
0.1,1098.8362092840634,5.0
0.1,1099.367557530803,5.0
0.1,1099.9843137956493,5.0
0.1,1100.6010700604957,5.0
0.1,1101.217826325342,5.0
0.1,1101.8345825901883,5.0
0.1,1102.4513388550347,5.0
0.1,1103.068095119881,5.0
0.1,1103.6848513847274,5.0
0.1,1104.3016076495737,5.0
0.1,1104.91836391442,5.0
0.1,1105.5351201792664,5.0
0.1,1106.1518764441128,5.0
0.1,1106.768632708959,5.0
0.1,1107.3853889738054,5.0
0.1,1107.8826073740936,5.0
0.1,1108.2909869448858,5.0
0.1,1108.699366515678,5.0
0.1,1109.1077460864703,5.0
0.1,1109.5161256572626,5.0
0.1,1110.0416750279815,5.0
0.1,1110.5672243987003,5.0
0.1,1111.0927737694192,5.0
0.1,1111.618323140138,5.0
0.1,1112.143872510857,5.0
0.1,1112.6694218815758,5.0
0.1,1113.1949712522946,5.0
0.1,1113.7205206230135,5.0
0.1,1114.2460699937324,5.0
0.1,1114.7716193644512,5.0
0.1,1115.29716873517,5.0
0.1,1115.822718105889,5.0
0.1,1116.3482674766078,5.0
0.1,1116.8738168473267,5.0
0.1,1117.3993662180455,5.0
0.1,1117.9249155887644,5.0
0.1,1118.5354825015295,5.0
0.1,1119.1460494142946,5.0
0.1,1119.7566163270596,5.0
0.1,1120.3671832398247,5.0
0.1,1120.9777501525898,5.0
0.1,1121.5883170653549,5.0
0.1,1122.19888397812,5.0
0.1,1122.809450890885,5.0
0.1,1123.4200178036501,5.0
0.1,1124.0305847164152,5.0
0.1,1124.6411516291803,5.0
0.1,1125.2517185419454,5.0
0.1,1125.8622854547104,5.0
0.1,1126.606977747341,5.0
0.1,1127.3516700399716,5.0
0.1,1128.0963623326022,5.0
0.1,1128.8410546252328,5.0
0.1,1129.5857469178634,5.0
0.1,1130.330439210494,5.0
0.1,1131.0751315031246,5.0
0.1,1131.8198237957552,5.0
0.1,1132.5645160883857,5.0
0.1,1133.3092083810163,5.0
0.1,1134.053900673647,5.0
0.1,1134.7985929662775,5.0
0.1,1135.543285258908,5.0
0.1,1136.2879775515387,5.0
0.1,1137.0326698441693,5.0
0.1,1137.7773621367999,5.0
0.1,1138.5220544294305,5.0
0.1,1139.266746722061,5.0
0.1,1140.0114390146916,5.0
0.1,1140.6015201433665,5.0
0.1,1141.0821455833031,5.0
0.1,1141.5627710232397,5.0
0.1,1142.0433964631764,5.0
0.1,1142.524021903113,5.0
0.1,1143.1327500657442,5.0
0.1,1143.7414782283754,5.0
0.1,1144.3502063910066,5.0
0.1,1144.9589345536378,5.0
0.1,1145.567662716269,5.0
0.1,1146.1763908789003,5.0
0.1,1146.7851190415315,5.0
0.1,1147.3938472041627,5.0
0.1,1148.002575366794,5.0
0.1,1148.6113035294252,5.0
0.1,1149.2878412122145,5.0
0.1,1149.9643788950038,5.0
0.1,1150.6409165777932,5.0
0.1,1151.3174542605825,5.0
0.1,1151.9939919433718,5.0
0.1,1152.6705296261612,5.0
0.1,1153.3470673089505,5.0
0.1,1154.0236049917398,5.0
0.1,1154.7001426745292,5.0
0.1,1155.3766803573185,5.0
0.1,1156.0532180401078,5.0
0.1,1156.7297557228972,5.0
0.1,1157.4062934056865,5.0
0.1,1158.0828310884758,5.0
0.1,1158.7593687712651,5.0
0.1,1159.4359064540545,5.0
0.1,1160.1124441368438,5.0
0.1,1160.7889818196331,5.0
0.1,1161.2701784513586,5.0
0.1,1161.6208374684104,5.0
0.1,1161.9714964854622,5.0
0.1,1162.2130911306665,5.0
0.1,1162.4546857758708,5.0
0.1,1162.6472032825177,5.0
0.1,1162.8397207891646,5.0
0.1,1162.992824136807,5.0
0.1,1163.1459274844494,5.0
0.1,1163.165738832398,5.0
0.1,1163.1855501803464,5.0
0.1,1163.2053615282948,5.0
0.1,1163.2449842241917,5.0
0.1,1163.2846069200887,5.0
0.1,1163.3242296159856,5.0
0.1,1163.3865628297492,5.0
0.1,1163.4488960435128,5.0
0.1,1163.5112292572765,5.0
0.1,1163.5546028699564,5.0
0.1,1163.5888459559658,5.0
0.1,1163.6230890419752,5.0
0.1,1163.6284327601948,5.0
0.1,1163.6337764784143,5.0
0.1,1163.639120196634,5.0
0.1,1163.6444639148535,5.0
0.1,1163.6535444378294,5.0
0.1,1163.6626249608053,5.0
0.1,1163.6717054837811,5.0
0.1,1163.6848735101835,5.0
0.1,1163.6980415365858,5.0
0.1,1163.7112095629882,5.0
0.1,1163.7243775893905,5.0
0.1,1163.740971548584,5.0
0.1,1163.7442903404226,5.0
0.1,1163.7476091322612,5.0
0.1,1163.7509279240999,5.0
0.1,1163.7575655077771,5.0
0.1,1163.7642030914544,5.0
0.1,1163.7708406751317,5.0
0.1,1163.777478258809,5.0
0.1,1163.7925684693898,5.0
0.1,1163.8076586799707,5.0
0.1,1163.8227488905516,5.0
0.1,1163.8378391011324,5.0
0.1,1163.8529293117133,5.0
0.1,1163.870550319932,5.0
0.1,1163.8881713281505,5.0
0.1,1163.9057923363691,5.0
0.1,1163.9234133445877,5.0
0.1,1163.9410343528064,5.0
0.1,1163.9720024762196,5.0
0.1,1164.0029705996328,5.0
0.1,1164.033938723046,5.0
0.1,1164.0649068464593,5.0
0.1,1164.11858277145,5.0
0.1,1164.1722586964408,5.0
0.1,1164.2259346214316,5.0
0.1,1164.2796105464224,5.0
0.1,1164.3332864714132,5.0
0.1,1164.4388010796768,5.0
0.1,1164.5443156879403,5.0
0.1,1164.6498302962038,5.0
0.1,1164.7553449044674,5.0
0.1,1164.9211430429696,5.0
0.1,1165.0869411814717,5.0
0.1,1165.252739319974,5.0
0.1,1165.6803809326796,5.0
0.1,1166.1080225453852,5.0
0.1,1166.5356641580909,5.0
0.1,1166.9633057707965,5.0
0.1,1167.48034826582,5.0
0.1,1167.5835599356653,5.0
0.1,1167.6867716055106,5.0
0.1,1167.7899832753558,5.0
0.1,1167.996406615046,5.0
0.1,1168.2028299547362,5.0
0.1,1168.5442575278914,5.0
0.1,1168.8856851010466,5.0
0.1,1169.2271126742019,5.0
0.1,1169.7336465955957,5.0
0.1,1170.2401805169895,5.0
0.1,1170.6310387311162,5.0
0.1,1170.9254435445814,5.0
0.1,1171.2198483580466,5.0
0.1,1171.3978403883305,5.0
0.1,1171.5444577369171,5.0
0.1,1171.6593825206212,5.0
0.1,1171.7743073043252,5.0
0.1,1171.8660636576656,5.0
0.1,1171.9578200110059,5.0
0.1,1172.0495763643462,5.0
0.1,1172.1315464673892,5.0
0.1,1172.1960103842753,5.0
0.1,1172.2604743011614,5.0
0.1,1172.3249382180475,5.0
0.1,1172.4114759588992,5.0
0.1,1172.498013699751,5.0
0.1,1172.5845514406028,5.0
0.1,1172.6925788082456,5.0
0.1,1172.8006061758883,5.0
0.1,1172.908633543531,5.0
0.1,1173.0556113336597,5.0
0.1,1173.2025891237884,5.0
0.1,1173.349566913917,5.0
0.1,1173.5510936631094,5.0
0.1,1173.752620412302,5.0
0.1,1173.9541471614943,5.0
0.1,1174.1556739106868,5.0
0.1,1174.492017672371,5.0
0.1,1174.8283614340553,5.0
0.1,1175.1647051957395,5.0
0.1,1175.7973884452426,5.0
0.1,1176.4300716947457,5.0
0.1,1177.0627549442488,5.0
0.1,1177.695438193752,5.0
0.1,1178.340746654826,5.0
0.1,1178.9860551159002,5.0
0.1,1179.4676457020419,5.0
0.1,1179.5639638192702,5.0
0.1,1179.6602819364984,5.0
0.1,1179.7566000537267,5.0
0.1,1179.9492362881833,5.0
0.1,1180.14187252264,5.0
0.1,1180.3345087570965,5.0
0.1,1180.7108752897884,5.0
0.1,1181.0872418224803,5.0
0.1,1181.4636083551723,5.0
0.1,1181.9149706843548,5.0
0.1,1182.3663330135373,5.0
0.1,1182.8176953427198,5.0
0.1,1183.2690576719024,5.0
0.1,1183.9445095237918,5.0
0.1,1184.6199613756812,5.0
0.1,1185.2954132275706,5.0
0.1,1185.97086507946,5.0
0.1,1187.0292362202174,5.0
0.1,1187.9065168033503,5.0
0.1,1188.7837973864832,5.0
0.1,1189.6610779696161,5.0
0.1,1190.538358552749,5.0
0.1,1191.415639135882,5.0
0.1,1192.292919719015,5.0
0.1,1193.1702003021478,5.0
0.1,1194.4977813096937,5.0
0.1,1195.8253623172395,5.0
0.1,1197.1529433247854,5.0
0.1,1198.4805243323312,5.0
0.1,1198.7460405338404,5.0
0.1,1199.0115567353496,5.0
0.1,1199.2770729368588,5.0
0.1,1199.808105339877,5.0
0.1,1200.3391377428954,5.0
0.1,1201.8199302806636,5.0
0.1,1203.3007228184317,5.0
0.1,1204.7815153561999,5.0
0.1,1207.4954428174253,5.0
0.1,1210.2093702786508,5.0
0.1,1212.9232977398763,5.0
0.1,1215.6372252011017,5.0
0.1,1219.4142483691583,5.0
0.1,1223.1912715372148,5.0
0.1,1226.9682947052713,5.0
0.1,1230.7453178733278,5.0
0.1,1236.5865372373262,5.0
0.1,1242.4277566013245,5.0
0.1,1248.2689759653229,5.0
0.1,1254.1101953293212,5.0
0.1,1263.9308811739677,5.0
0.1,1273.7515670186142,5.0
0.1,1283.5722528632607,5.0
0.1,1318.1611667466063,5.0
0.1,1352.750080629952,5.0
0.1,1387.3389945132976,5.0
0.1,1421.9279083966433,5.0
0.1,1479.0326148935694,5.0
0.1,1536.1373213904956,5.0
0.1,1593.2420278874217,5.0
0.1,2000.0,5.0
1.0,0.0,1.0698216699004093
1.0,0.0007941499781753672,1.0689843521636067
1.0,0.000992687472719209,1.0687722208461394
1.0,0.0010423218463551695,1.0687235225571234
1.0,0.0010448670177354246,1.0687197386931238
1.0,0.0010474121891156797,1.068715991677648
1.0,0.0010499573604959348,1.0687124978730782
1.0,0.0010525025318761899,1.0687092328663377
1.0,0.001055047703256445,1.0687061370696553
1.0,0.0010575928746367,1.0687031592357792
1.0,0.0010601380460169552,1.0687002619246417
1.0,0.0010626832173972103,1.0686974191221508
1.0,0.0010652283887774654,1.068694613072288
1.0,0.0010677735601577205,1.0686918317347003
1.0,0.0010703187315379756,1.0686890669640088
1.0,0.0010728639029182307,1.0686863132540774
1.0,0.0010754090742984858,1.068683566883651
1.0,0.001077954245678741,1.0686808253379414
1.0,0.001080499417058996,1.068678086917661
1.0,0.0010830445884392511,1.0686753504748434
1.0,0.0010855897598195062,1.068672615234304
1.0,0.0010895020107229165,1.0686684118960272
1.0,0.0011286245197570184,1.0686263489221164
1.0,0.0011677470287911203,1.0685842149397653
1.0,0.0012068695378252222,1.0685419847553816
1.0,0.0015980946281662419,1.0681096697598347
1.0,0.0019893197185072613,1.0676676151636748
1.0,0.003518775946565968,1.0658000877501645
1.0,0.005048232174624675,1.0638132234539701
1.0,0.007454093731792158,1.0605707263633068
1.0,0.009859955288959641,1.057132127427186
1.0,0.012265816846127124,1.0535701825593882
1.0,0.01635858373951776,1.047364632205498
1.0,0.020451350632908396,1.0411797727876335
1.0,0.024544117526299033,1.0351584050873623
1.0,0.02863688441968967,1.0293452489344728
1.0,0.03340373967811431,1.0228384866994493
1.0,0.038170594936538946,1.0166229575967196
1.0,0.04293745019496359,1.0107015842926752
1.0,0.04770430545338823,1.005083063750831
1.0,0.052471160711812875,0.9997777871351825
1.0,0.05723801597023752,0.9947984434371382
1.0,0.06200487122866216,0.99015606639109
1.0,0.06822507132701468,0.9846145576900153
1.0,0.0744452714253672,0.9796594453419489
1.0,0.08066547152371971,0.9752787588194314
1.0,0.08688567162207222,0.9714472873019119
1.0,0.09310587172042474,0.9681305009979221
1.0,0.09932607181877726,0.9652890529515297
1.0,0.10554627191712977,0.9628823276036034
1.0,0.11176647201548229,0.9608707269203043
1.0,0.1179866721138348,0.9592168521352671
1.0,0.12420687221218732,0.9578857984436481
1.0,0.13127711714971263,0.9567237281481169
1.0,0.13834736208723794,0.955892147203746
1.0,0.14541760702476325,0.9553499175105464
1.0,0.15248785196228856,0.9550596435446408
1.0,0.1603533386063597,0.9549853522567582
1.0,0.16821882525043083,0.9551375799511441
1.0,0.17608431189450197,0.9561710491161993
1.0,0.190721321847596,0.9592285114938776
1.0,0.20535833180069002,0.9620574078258038
1.0,0.21999534175378405,0.9646551346502951
1.0,0.23463235170687807,0.9670520259443726
1.0,0.25353761830205074,0.9699117937388021
1.0,0.2724428848972234,0.9725821572929658
1.0,0.29134815149239607,0.9751444599920489
1.0,0.31025341808756873,0.9775847394307643
1.0,0.33393725755102766,0.9805113580838785
1.0,0.3576210970144866,0.9833835909792968
1.0,0.3813049364779455,0.9861536850809115
1.0,0.4237497509783251,0.9910177473923092
1.0,0.46619456547870475,0.995751791069033
1.0,0.5086393799790844,1.0004389800284548
1.0,0.5721574958920346,1.0074383140955991
1.0,0.6356756118049849,1.013979780136449
1.0,0.6991937277179352,1.0199516601024572
1.0,0.7884134678348346,1.0274899997642377
1.0,0.8776332079517339,1.0342192669613048
1.0,0.9668529480686333,1.0403126203641357
1.0,1.0560726881855327,1.0459023228633404
1.0,1.1588608740269497,1.0518617336333442
1.0,1.2616490598683667,1.057440393039981
1.0,1.3644372457097838,1.0627409493985542
1.0,1.4672254315512008,1.0678456349761096
1.0,1.5700136173926178,1.072826677115571
1.0,1.6728018032340348,1.0777469847832009
1.0,1.7755899890754518,1.0826614796249792
1.0,1.8783781749168689,1.0876195351678424
1.0,1.981166360758286,1.0926640944647985
1.0,2.0839545465997027,1.097835840533089
1.0,2.1867427324411195,1.1031747342933362
1.0,2.2895309182825363,1.1087176103915757
1.0,2.3748200189874247,1.113497769925294
1.0,2.460109119692313,1.1184661507731242
1.0,2.5453982203972014,1.123648499171068
1.0,2.63068732110209,1.129074405092665
1.0,2.715976421806978,1.1347723812873
1.0,2.8012655225118666,1.140779767500847
1.0,2.886554623216755,1.14714269251986
1.0,2.9718437239216433,1.1539113817601943
1.0,3.0571328246265317,1.161140022426317
1.0,3.14242192533142,1.1688907304743565
1.0,3.2277110260363084,1.177238519619041
1.0,3.313000126741197,1.1862761133978328
1.0,3.398289227446085,1.196122725747877
1.0,3.4835783281509736,1.206935576131356
1.0,3.568867428855862,1.2189249098677057
1.0,3.6541565295607503,1.2323709276945396
1.0,3.7394456302656387,1.2476528580049586
1.0,3.7512695734726296,1.2499435469385216
1.0,3.753449814479982,1.2503715140945744
1.0,3.7556300554873343,1.2508010540201717
1.0,3.7578102964946867,1.2512321643330033
1.0,3.762170778509391,1.2521023237703608
1.0,3.7665312605240953,1.2529789459627751
1.0,3.781602999214117,1.2560498016247128
1.0,3.796674737904139,1.2592043437189595
1.0,3.811746476594161,1.262447492656184
1.0,3.860267453183131,1.273578614540475
1.0,3.908788429772101,1.2858809645938152
1.0,3.957309406361071,1.2995940865517799
1.0,4.005830382950041,1.3150160660094832
1.0,4.054351359539011,1.3325270965465859
1.0,4.10287233612798,1.3525979886145658
1.0,4.167363841453158,1.3840305034494014
1.0,4.231855346778335,1.4222460690545624
1.0,4.296346852103513,1.4682347817177062
1.0,4.36083835742869,1.5213872424592838
1.0,4.425329862753868,1.5783772447496358
1.0,4.4898213680790455,1.6350226301286883
1.0,4.554312873404223,1.6874454698879144
1.0,4.618804378729401,1.7340015372853723
1.0,4.683295884054578,1.7735578181009222
1.0,4.747787389379756,1.8087371045288132
1.0,4.798603818641741,1.832118556521298
1.0,4.805999991509929,1.8351805148816556
1.0,4.813396164378117,1.8382894054249095
1.0,4.8207923372463055,1.8414008464237799
1.0,4.835584682982683,1.8475509313466527
1.0,4.85037702871906,1.8535871857017148
1.0,4.865169374455437,1.8595009593041165
1.0,4.907615791181458,1.8758347881212634
1.0,4.950062207907479,1.891310777823331
1.0,4.9925086246334995,1.9060545366470298
1.0,5.074735878423944,1.9329370256746305
1.0,5.156963132214388,1.9582739447842559
1.0,5.239190386004832,1.9827401427190752
1.0,5.321417639795277,2.0068880704082335
1.0,5.428529775943327,2.038689667453423
1.0,5.535641912091377,2.0716861150576342
1.0,5.642754048239427,2.1066317670604247
1.0,5.749866184387477,2.144541484693969
1.0,5.856978320535527,2.1865126129762973
1.0,5.964090456683577,2.234050852990257
1.0,6.052943819201827,2.278867662468709
1.0,6.141797181720078,2.3297810018018428
1.0,6.230650544238328,2.3878182466575093
1.0,6.319503906756578,2.453026623659927
1.0,6.408357269274829,2.5241829895690833
1.0,6.497210631793079,2.59801932111025
1.0,6.5860639943113295,2.67085378568255
1.0,6.687436006378989,2.7495579782194954
1.0,6.788808018446648,2.8236947536429158
1.0,6.80496618030425,2.8354069657103933
1.0,6.821124342161852,2.8470845375643625
1.0,6.837282504019454,2.858535434115099
1.0,6.8695988277346585,2.880558298339093
1.0,6.901915151449863,2.902197104199373
1.0,6.960653477873486,2.9413494018490702
1.0,7.0193918042971095,2.979773872299305
1.0,7.078130130720733,3.0179790927483365
1.0,7.173084073277882,3.0800322407123484
1.0,7.268038015835031,3.143326915434424
1.0,7.36299195839218,3.208855775097357
1.0,7.457945900949329,3.2771828933762843
1.0,7.552899843506478,3.348442314078132
1.0,7.647853786063627,3.422160145065437
1.0,7.7542484580785285,3.5064730121225867
1.0,7.86064313009343,3.5903085136850565
1.0,7.967037802108331,3.6718044488552732
1.0,8.073432474123232,3.7499473862165247
1.0,8.179827146138132,3.8242687106047093
1.0,8.286221818153033,3.894417463045515
1.0,8.30152184770314,3.904120808345327
1.0,8.316821877253249,3.913738374240761
1.0,8.332121906803357,3.9232914755251236
1.0,8.347421936353465,3.9327810412938877
1.0,8.37802199545368,3.95157420962491
1.0,8.408622054553897,3.970132534328121
1.0,8.439222113654113,3.9884649159333003
1.0,8.50595223046892,4.027741758017102
1.0,8.572682347283726,4.066140506360439
1.0,8.639412464098532,4.10377552006992
1.0,8.757004478625065,4.168432042788783
1.0,8.874596493151598,4.231252046160484
1.0,8.992188507678131,4.292341347207731
1.0,9.109780522204664,4.351534172109808
1.0,9.227372536731197,4.408528266122994
1.0,9.321495721480787,4.452350316746504
1.0,9.415618906230376,4.494400241339906
1.0,9.509742090979966,4.53453613771853
1.0,9.603865275729556,4.572653564738908
1.0,9.697988460479145,4.608695675320872
1.0,9.792111645228735,4.642647444469856
1.0,9.886234829978324,4.6745273920857215
1.0,9.980358014727914,4.704381543656476
1.0,10.074481199477503,4.7322750514370195
1.0,10.168604384227093,4.758288179599717
1.0,10.262727568976683,4.782508667905267
1.0,10.356850753726272,4.805028189978469
1.0,10.434022474536347,4.822287827287339
1.0,10.511194195346421,4.838517171351954
1.0,10.588365916156496,4.8537664696776694
1.0,10.66553763696657,4.868084386483283
1.0,10.742709357776645,4.8815168603842904
1.0,10.81988107858672,4.8941076160416985
1.0,10.897052799396794,4.905898575512871
1.0,10.97422452020687,4.916930351507768
1.0,11.051396241016944,4.927242545730036
1.0,11.128567961827018,4.936873387867786
1.0,11.21393622206229,4.946777029401558
1.0,11.299304482297563,4.955937362609345
1.0,11.384672742532835,4.964397522206326
1.0,11.470041002768108,4.9721987404725825
1.0,11.55540926300338,4.9793815360357225
1.0,11.640777523238652,4.985985198051377
1.0,11.726145783473925,4.992046342813537
1.0,11.811514043709197,4.997598388323486
1.0,11.89688230394447,5.0
1.0,11.982250564179742,5.0
1.0,12.067618824415014,5.0
1.0,12.152987084650286,5.0
1.0,12.238355344885559,5.0
1.0,12.323723605120831,5.0
1.0,12.409091865356103,5.0
1.0,12.494460125591376,5.0
1.0,12.579828385826648,5.0
1.0,12.66519664606192,5.0
1.0,12.750564906297193,5.0
1.0,12.81696082306545,5.0
1.0,12.871310733252281,5.0
1.0,12.925660643439112,5.0
1.0,12.980010553625943,5.0
1.0,13.034360463812774,5.0
1.0,13.115921631808192,5.0
1.0,13.197482799803609,5.0
1.0,13.279043967799026,5.0
1.0,13.360605135794444,5.0
1.0,13.442166303789861,5.0
1.0,13.523727471785278,5.0
1.0,13.605288639780696,5.0
1.0,13.686849807776113,5.0
1.0,13.76841097577153,5.0
1.0,13.849972143766948,5.0
1.0,13.931533311762365,5.0
1.0,14.013094479757783,5.0
1.0,14.0946556477532,5.0
1.0,14.176216815748617,5.0
1.0,14.257777983744035,5.0
1.0,14.339339151739452,5.0
1.0,14.42090031973487,5.0
1.0,14.502461487730287,5.0
1.0,14.584022655725704,5.0
1.0,14.665583823721121,5.0
1.0,14.747144991716539,5.0
1.0,14.828706159711956,5.0
1.0,14.910267327707373,5.0
1.0,14.99182849570279,5.0
1.0,15.073389663698208,5.0
1.0,15.154950831693625,5.0
1.0,15.236511999689043,5.0
1.0,15.31807316768446,5.0
1.0,15.399634335679877,5.0
1.0,15.481195503675295,5.0
1.0,15.562756671670712,5.0
1.0,15.64431783966613,5.0
1.0,15.725879007661547,5.0
1.0,15.807440175656964,5.0
1.0,15.889001343652382,5.0
1.0,15.970562511647799,5.0
1.0,16.052123679643216,5.0
1.0,16.133684847638634,5.0
1.0,16.21524601563405,5.0
1.0,16.29680718362947,5.0
1.0,16.378368351624886,5.0
1.0,16.459929519620303,5.0
1.0,16.54149068761572,5.0
1.0,16.623051855611138,5.0
1.0,16.704613023606555,5.0
1.0,16.786174191601972,5.0
1.0,16.86773535959739,5.0
1.0,16.949296527592807,5.0
1.0,17.030857695588224,5.0
1.0,17.112418863583642,5.0
1.0,17.19398003157906,5.0
1.0,17.275541199574477,5.0
1.0,17.357102367569894,5.0
1.0,17.43866353556531,5.0
1.0,17.52022470356073,5.0
1.0,17.601785871556146,5.0
1.0,17.683347039551563,5.0
1.0,17.76490820754698,5.0
1.0,17.846469375542398,5.0
1.0,17.928030543537815,5.0
1.0,18.009591711533233,5.0
1.0,18.09115287952865,5.0
1.0,18.172714047524067,5.0
1.0,18.254275215519485,5.0
1.0,18.335836383514902,5.0
1.0,18.41739755151032,5.0
1.0,18.498958719505737,5.0
1.0,18.580519887501154,5.0
1.0,18.66208105549657,5.0
1.0,18.74364222349199,5.0
1.0,18.825203391487406,5.0
1.0,18.906764559482824,5.0
1.0,18.98832572747824,5.0
1.0,19.054298162061183,5.0
1.0,19.107038301220154,5.0
1.0,19.159778440379124,5.0
1.0,19.212518579538095,5.0
1.0,19.265258718697066,5.0
1.0,19.34530565494624,5.0
1.0,19.425352591195416,5.0
1.0,19.50539952744459,5.0
1.0,19.585446463693767,5.0
1.0,19.665493399942942,5.0
1.0,19.745540336192118,5.0
1.0,19.825587272441293,5.0
1.0,19.90563420869047,5.0
1.0,19.985681144939644,5.0
1.0,20.06572808118882,5.0
1.0,20.145775017437995,5.0
1.0,20.22582195368717,5.0
1.0,20.305868889936345,5.0
1.0,20.38591582618552,5.0
1.0,20.447771247131552,5.0
1.0,20.457785404889204,5.0
1.0,20.467799562646857,5.0
1.0,20.47781372040451,5.0
1.0,20.497842035919813,5.0
1.0,20.517870351435118,5.0
1.0,20.537898666950422,5.0
1.0,20.58747842559684,5.0
1.0,20.637058184243255,5.0
1.0,20.68663794288967,5.0
1.0,20.74731604344025,5.0
1.0,20.80799414399083,5.0
1.0,20.868672244541408,5.0
1.0,20.929350345091986,5.0
1.0,21.01618878228945,5.0
1.0,21.103027219486915,5.0
1.0,21.18986565668438,5.0
1.0,21.2622303411419,5.0
1.0,21.334595025599423,5.0
1.0,21.406959710056945,5.0
1.0,21.479324394514467,5.0
1.0,21.55168907897199,5.0
1.0,21.62405376342951,5.0
1.0,21.696418447887034,5.0
1.0,21.777953159624428,5.0
1.0,21.85948787136182,5.0
1.0,21.941022583099215,5.0
1.0,22.02255729483661,5.0
1.0,22.104092006574003,5.0
1.0,22.185626718311397,5.0
1.0,22.26716143004879,5.0
1.0,22.348696141786185,5.0
1.0,22.36014724905128,5.0
1.0,22.371598356316376,5.0
1.0,22.38304946358147,5.0
1.0,22.397810137504813,5.0
1.0,22.412570811428154,5.0
1.0,22.427331485351495,5.0
1.0,22.455409534753795,5.0
1.0,22.483487584156094,5.0
1.0,22.511565633558394,5.0
1.0,22.560684347055965,5.0
1.0,22.609803060553535,5.0
1.0,22.658921774051105,5.0
1.0,22.72002328833679,5.0
1.0,22.781124802622475,5.0
1.0,22.84222631690816,5.0
1.0,22.903327831193845,5.0
1.0,22.989270830882884,5.0
1.0,23.075213830571922,5.0
1.0,23.16115683026096,5.0
1.0,23.24709982995,5.0
1.0,23.333042829639037,5.0
1.0,23.418985829328076,5.0
1.0,23.504928829017114,5.0
1.0,23.569725063914618,5.0
1.0,23.621792000452448,5.0
1.0,23.67385893699028,5.0
1.0,23.72592587352811,5.0
1.0,23.77799281006594,5.0
1.0,23.845903693672923,5.0
1.0,23.913814577279908,5.0
1.0,23.981725460886892,5.0
1.0,24.049636344493877,5.0
1.0,24.129914225524345,5.0
1.0,24.210192106554814,5.0
1.0,24.290469987585283,5.0
1.0,24.37074786861575,5.0
1.0,24.45102574964622,5.0
1.0,24.53130363067669,5.0
1.0,24.611581511707158,5.0
1.0,24.691859392737626,5.0
1.0,24.772137273768095,5.0
1.0,24.852415154798564,5.0
1.0,24.932693035829033,5.0
1.0,25.0129709168595,5.0
1.0,25.09324879788997,5.0
1.0,25.17352667892044,5.0
1.0,25.253804559950908,5.0
1.0,25.334082440981376,5.0
1.0,25.414360322011845,5.0
1.0,25.494638203042314,5.0
1.0,25.574916084072782,5.0
1.0,25.65519396510325,5.0
1.0,25.73547184613372,5.0
1.0,25.81574972716419,5.0
1.0,25.896027608194657,5.0
1.0,25.976305489225126,5.0
1.0,26.056583370255595,5.0
1.0,26.136861251286064,5.0
1.0,26.217139132316532,5.0
1.0,26.297417013347,5.0
1.0,26.389483761799784,5.0
1.0,26.481550510252568,5.0
1.0,26.57361725870535,5.0
1.0,26.665684007158134,5.0
1.0,26.757750755610918,5.0
1.0,26.8498175040637,5.0
1.0,26.941884252516484,5.0
1.0,27.033951000969267,5.0
1.0,27.12601774942205,5.0
1.0,27.218084497874834,5.0
1.0,27.310151246327617,5.0
1.0,27.4022179947804,5.0
1.0,27.494284743233184,5.0
1.0,27.586351491685967,5.0
1.0,27.67841824013875,5.0
1.0,27.770484988591534,5.0
1.0,27.862551737044317,5.0
1.0,27.9546184854971,5.0
1.0,28.046685233949884,5.0
1.0,28.138751982402667,5.0
1.0,28.23081873085545,5.0
1.0,28.322885479308233,5.0
1.0,28.336714872316414,5.0
1.0,28.350544265324594,5.0
1.0,28.364373658332774,5.0
1.0,28.378203051340954,5.0
1.0,28.4023459641255,5.0
1.0,28.42648887691005,5.0
1.0,28.450631789694597,5.0
1.0,28.474774702479145,5.0
1.0,28.525026123710443,5.0
1.0,28.57527754494174,5.0
1.0,28.62552896617304,5.0
1.0,28.675780387404338,5.0
1.0,28.752361841737006,5.0
1.0,28.828943296069674,5.0
1.0,28.905524750402343,5.0
1.0,28.98210620473501,5.0
1.0,29.05868765906768,5.0
1.0,29.135269113400348,5.0
1.0,29.211850567733016,5.0
1.0,29.273859135797093,5.0
1.0,29.28380731462017,5.0
1.0,29.293755493443246,5.0
1.0,29.303703672266323,5.0
1.0,29.323600029912477,5.0
1.0,29.34349638755863,5.0
1.0,29.363392745204784,5.0
1.0,29.412558020888284,5.0
1.0,29.461723296571783,5.0
1.0,29.510888572255283,5.0
1.0,29.571908487151138,5.0
1.0,29.632928402046993,5.0
1.0,29.693948316942848,5.0
1.0,29.754968231838703,5.0
1.0,29.840797677756456,5.0
1.0,29.92662712367421,5.0
1.0,30.01245656959196,5.0
1.0,30.098286015509714,5.0
1.0,30.184115461427467,5.0
1.0,30.26994490734522,5.0
1.0,30.282389482942214,5.0
1.0,30.29483405853921,5.0
1.0,30.307278634136203,5.0
1.0,30.319723209733198,5.0
1.0,30.33616952492056,5.0
1.0,30.352615840107923,5.0
1.0,30.369062155295286,5.0
1.0,30.385508470482648,5.0
1.0,30.4407413347779,5.0
1.0,30.495974199073153,5.0
1.0,30.551207063368405,5.0
1.0,30.605630138726934,5.0
1.0,30.660053214085462,5.0
1.0,30.71447628944399,5.0
1.0,30.768899364802518,5.0
1.0,30.853780193485292,5.0
1.0,30.938661022168066,5.0
1.0,31.02354185085084,5.0
1.0,31.108422679533614,5.0
1.0,31.19330350821639,5.0
1.0,31.278184336899162,5.0
1.0,31.363065165581936,5.0
1.0,31.44794599426471,5.0
1.0,31.532826822947484,5.0
1.0,31.61770765163026,5.0
1.0,31.702588480313032,5.0
1.0,31.787469308995806,5.0
1.0,31.87235013767858,5.0
1.0,31.957230966361355,5.0
1.0,32.04211179504413,5.0
1.0,32.1269926237269,5.0
1.0,32.21187345240967,5.0
1.0,32.29675428109244,5.0
1.0,32.38163510977521,5.0
1.0,32.46651593845798,5.0
1.0,32.55139676714075,5.0
1.0,32.63627759582352,5.0
1.0,32.72115842450629,5.0
1.0,32.80603925318906,5.0
1.0,32.89092008187183,5.0
1.0,32.975800910554604,5.0
1.0,33.0464586802059,5.0
1.0,33.1171164498572,5.0
1.0,33.1877742195085,5.0
1.0,33.258431989159796,5.0
1.0,33.33865776058393,5.0
1.0,33.41888353200806,5.0
1.0,33.49910930343219,5.0
1.0,33.579335074856324,5.0
1.0,33.66890667183833,5.0
1.0,33.75847826882033,5.0
1.0,33.84804986580234,5.0
1.0,33.93762146278434,5.0
1.0,34.02719305976635,5.0
1.0,34.11676465674835,5.0
1.0,34.206336253730356,5.0
1.0,34.29590785071236,5.0
1.0,34.385479447694365,5.0
1.0,34.47505104467637,5.0
1.0,34.564622641658374,5.0
1.0,34.65419423864038,5.0
1.0,34.74376583562238,5.0
1.0,34.83333743260439,5.0
1.0,34.92290902958639,5.0
1.0,35.0124806265684,5.0
1.0,35.1020522235504,5.0
1.0,35.191623820532406,5.0
1.0,35.28119541751441,5.0
1.0,35.370767014496415,5.0
1.0,35.46033861147842,5.0
1.0,35.549910208460425,5.0
1.0,35.63948180544243,5.0
1.0,35.729053402424434,5.0
1.0,35.81862499940644,5.0
1.0,35.90819659638844,5.0
1.0,35.99776819337045,5.0
1.0,36.08733979035245,5.0
1.0,36.17691138733446,5.0
1.0,36.26648298431646,5.0
1.0,36.356054581298466,5.0
1.0,36.44562617828047,5.0
1.0,36.535197775262475,5.0
1.0,36.609089537288725,5.0
1.0,36.682981299314974,5.0
1.0,36.756873061341224,5.0
1.0,36.830764823367474,5.0
1.0,36.904656585393724,5.0
1.0,36.978548347419974,5.0
1.0,37.05244010944622,5.0
1.0,37.12633187147247,5.0
1.0,37.18690385751655,5.0
1.0,37.24747584356062,5.0
1.0,37.308047829604696,5.0
1.0,37.36861981564877,5.0
1.0,37.44295022394509,5.0
1.0,37.51728063224141,5.0
1.0,37.59161104053773,5.0
1.0,37.66594144883405,5.0
1.0,37.727716134384934,5.0
1.0,37.73646107969067,5.0
1.0,37.745206024996406,5.0
1.0,37.75395097030214,5.0
1.0,37.77144086091361,5.0
1.0,37.78893075152507,5.0
1.0,37.80642064213654,5.0
1.0,37.85744758659273,5.0
1.0,37.90847453104892,5.0
1.0,37.95950147550511,5.0
1.0,38.0105284199613,5.0
1.0,38.06155536441749,5.0
1.0,38.11258230887368,5.0
1.0,38.18043494797609,5.0
1.0,38.2482875870785,5.0
1.0,38.3044714627613,5.0
1.0,38.3606553384441,5.0
1.0,38.416839214126895,5.0
1.0,38.47302308980969,5.0
1.0,38.53640802425583,5.0
1.0,38.59979295870196,5.0
1.0,38.663177893148095,5.0
1.0,38.72656282759423,5.0
1.0,38.803841563018366,5.0
1.0,38.881120298442504,5.0
1.0,38.95839903386664,5.0
1.0,39.02211910987751,5.0
1.0,39.085839185888375,5.0
1.0,39.14955926189924,5.0
1.0,39.21327933791011,5.0
1.0,39.293571011143925,5.0
1.0,39.37386268437774,5.0
1.0,39.45415435761156,5.0
1.0,39.53444603084537,5.0
1.0,39.61473770407919,5.0
1.0,39.695029377313006,5.0
1.0,39.77532105054682,5.0
1.0,39.85561272378064,5.0
1.0,39.935904397014454,5.0
1.0,40.01619607024827,5.0
1.0,40.096487743482086,5.0
1.0,40.1767794167159,5.0
1.0,40.25707108994972,5.0
1.0,40.337362763183535,5.0
1.0,40.41765443641735,5.0
1.0,40.49794610965117,5.0
1.0,40.57823778288498,5.0
1.0,40.6585294561188,5.0
1.0,40.738821129352615,5.0
1.0,40.81911280258643,5.0
1.0,40.89940447582025,5.0
1.0,40.979696149054064,5.0
1.0,41.05998782228788,5.0
1.0,41.140279495521696,5.0
1.0,41.22057116875551,5.0
1.0,41.30086284198933,5.0
1.0,41.381154515223145,5.0
1.0,41.46144618845696,5.0
1.0,41.47326043986752,5.0
1.0,41.475414815950465,5.0
1.0,41.47756919203341,5.0
1.0,41.47972356811635,5.0
1.0,41.48403232028223,5.0
1.0,41.488341072448115,5.0
1.0,41.50547084667487,5.0
1.0,41.52260062090162,5.0
1.0,41.53973039512837,5.0
1.0,41.58235832768824,5.0
1.0,41.62498626024811,5.0
1.0,41.667614192807974,5.0
1.0,41.72866050197594,5.0
1.0,41.7897068111439,5.0
1.0,41.850753120311865,5.0
1.0,41.91179942947983,5.0
1.0,41.98285463079722,5.0
1.0,42.05390983211461,5.0
1.0,42.124965033432005,5.0
1.0,42.1960202347494,5.0
1.0,42.26707543606679,5.0
1.0,42.33813063738418,5.0
1.0,42.409185838701575,5.0
1.0,42.48928380845341,5.0
1.0,42.56938177820524,5.0
1.0,42.64947974795707,5.0
1.0,42.72957771770891,5.0
1.0,42.80967568746074,5.0
1.0,42.88977365721257,5.0
1.0,42.969871626964405,5.0
1.0,42.98195336273704,5.0
1.0,42.99403509850967,5.0
1.0,43.0061168342823,5.0
1.0,43.018198570054935,5.0
1.0,43.03646874007886,5.0
1.0,43.054738910102785,5.0
1.0,43.07300908012671,5.0
1.0,43.12676885127651,5.0
1.0,43.18052862242631,5.0
1.0,43.23428839357611,5.0
1.0,43.29746880947915,5.0
1.0,43.36064922538219,5.0
1.0,43.42382964128523,5.0
1.0,43.48701005718827,5.0
1.0,43.57288520733317,5.0
1.0,43.65876035747807,5.0
1.0,43.744635507622974,5.0
1.0,43.81456689165271,5.0
1.0,43.884498275682446,5.0
1.0,43.95442965971218,5.0
1.0,44.02436104374192,5.0
1.0,44.10440668225187,5.0
1.0,44.18445232076182,5.0
1.0,44.26449795927177,5.0
1.0,44.34454359778172,5.0
1.0,44.42458923629167,5.0
1.0,44.504634874801624,5.0
1.0,44.584680513311575,5.0
1.0,44.664726151821526,5.0
1.0,44.676383300120186,5.0
1.0,44.688040448418846,5.0
1.0,44.699697596717506,5.0
1.0,44.711354745016166,5.0
1.0,44.730927253834246,5.0
1.0,44.750499762652325,5.0
1.0,44.770072271470404,5.0
1.0,44.825301419332305,5.0
1.0,44.88053056719421,5.0
1.0,44.93575971505611,5.0
1.0,44.99032771715093,5.0
1.0,45.04489571924576,5.0
1.0,45.099463721340584,5.0
1.0,45.15403172343541,5.0
1.0,45.24194753028551,5.0
1.0,45.313008521178155,5.0
1.0,45.3840695120708,5.0
1.0,45.45513050296345,5.0
1.0,45.526191493856096,5.0
1.0,45.59725248474874,5.0
1.0,45.66831347564139,5.0
1.0,45.73937446653404,5.0
1.0,45.810435457426685,5.0
1.0,45.88149644831933,5.0
1.0,45.89283370173825,5.0
1.0,45.894740313925716,5.0
1.0,45.896646926113185,5.0
1.0,45.89855353830065,5.0
1.0,45.90236676267559,5.0
1.0,45.90617998705053,5.0
1.0,45.9206314720193,5.0
1.0,45.935082956988076,5.0
1.0,45.962362803196164,5.0
1.0,45.98964264940425,5.0
1.0,46.01692249561234,5.0
1.0,46.05372794084206,5.0
1.0,46.090533386071776,5.0
1.0,46.12733883130149,5.0
1.0,46.17525093957154,5.0
1.0,46.22316304784159,5.0
1.0,46.271075156111635,5.0
1.0,46.32696676339392,5.0
1.0,46.3828583706762,5.0
1.0,46.43874997795849,5.0
1.0,46.48466288055861,5.0
1.0,46.49256908025396,5.0
1.0,46.500475279949306,5.0
1.0,46.508381479644655,5.0
1.0,46.52419387903535,5.0
1.0,46.54000627842605,5.0
1.0,46.555818677816745,5.0
1.0,46.60733978710072,5.0
1.0,46.658860896384695,5.0
1.0,46.71038200566867,5.0
1.0,46.761903114952645,5.0
1.0,46.81342422423662,5.0
1.0,46.864945333520595,5.0
1.0,46.93269259580788,5.0
1.0,47.00043985809516,5.0
1.0,47.06818712038245,5.0
1.0,47.13593438266973,5.0
1.0,47.203681644957015,5.0
1.0,47.2714289072443,5.0
1.0,47.339176169531584,5.0
1.0,47.41570979470791,5.0
1.0,47.49224341988423,5.0
1.0,47.56877704506056,5.0
1.0,47.64531067023688,5.0
1.0,47.721844295413206,5.0
1.0,47.79837792058953,5.0
1.0,47.874911545765855,5.0
1.0,47.95144517094218,5.0
1.0,48.027978796118504,5.0
1.0,48.10451242129483,5.0
1.0,48.16735139770454,5.0
1.0,48.23019037411426,5.0
1.0,48.29302935052397,5.0
1.0,48.35586832693369,5.0
1.0,48.43880994247412,5.0
1.0,48.52175155801456,5.0
1.0,48.60469317355499,5.0
1.0,48.67332800712648,5.0
1.0,48.741962840697965,5.0
1.0,48.81059767426945,5.0
1.0,48.86766087451433,5.0
1.0,48.924724074759204,5.0
1.0,48.98178727500408,5.0
1.0,49.03885047524896,5.0
1.0,49.09591367549383,5.0
1.0,49.15297687573871,5.0
1.0,49.210040075983585,5.0
1.0,49.26710327622846,5.0
1.0,49.32416647647334,5.0
1.0,49.38122967671821,5.0
1.0,49.446792612476976,5.0
1.0,49.51235554823574,5.0
1.0,49.5779184839945,5.0
1.0,49.643481419753265,5.0
1.0,49.7196108825152,5.0
1.0,49.79574034527713,5.0
1.0,49.871869808039065,5.0
1.0,49.947999270801,5.0
1.0,50.02412873356293,5.0
1.0,50.100258196324866,5.0
1.0,50.1763876590868,5.0
1.0,50.18849157598595,5.0
1.0,50.190658134691034,5.0
1.0,50.19282469339612,5.0
1.0,50.194991252101204,5.0
1.0,50.19932436951138,5.0
1.0,50.20365748692156,5.0
1.0,50.21846292035904,5.0
1.0,50.23326835379652,5.0
1.0,50.248073787234,5.0
1.0,50.29509678709753,5.0
1.0,50.34211978696106,5.0
1.0,50.389142786824586,5.0
1.0,50.45047534762552,5.0
1.0,50.511807908426455,5.0
1.0,50.57314046922739,5.0
1.0,50.634473030028325,5.0
1.0,50.71908114644589,5.0
1.0,50.80368926286345,5.0
1.0,50.88829737928101,5.0
1.0,50.972905495698576,5.0
1.0,51.05751361211614,5.0
1.0,51.1421217285337,5.0
1.0,51.226729844951265,5.0
1.0,51.294524718839085,5.0
1.0,51.34685312326479,5.0
1.0,51.3991815276905,5.0
1.0,51.45150993211621,5.0
1.0,51.50383833654192,5.0
1.0,51.57173440430778,5.0
1.0,51.63963047207365,5.0
1.0,51.70752653983951,5.0
1.0,51.77542260760538,5.0
1.0,51.84331867537124,5.0
1.0,51.91121474313711,5.0
1.0,51.979110810902974,5.0
1.0,52.05919975188185,5.0
1.0,52.139288692860724,5.0
1.0,52.15100118881679,5.0
1.0,52.16271368477286,5.0
1.0,52.17442618072893,5.0
1.0,52.186138676685,5.0
1.0,52.20207974480124,5.0
1.0,52.21802081291748,5.0
1.0,52.23396188103372,5.0
1.0,52.28051969606107,5.0
1.0,52.32707751108842,5.0
1.0,52.37363532611577,5.0
1.0,52.43618957081504,5.0
1.0,52.49874381551431,5.0
1.0,52.56129806021358,5.0
1.0,52.62385230491285,5.0
1.0,52.709197359782046,5.0
1.0,52.79454241465124,5.0
1.0,52.87988746952043,5.0
1.0,52.96523252438963,5.0
1.0,53.05057757925882,5.0
1.0,53.135922634128015,5.0
1.0,53.22126768899721,5.0
1.0,53.28668574019876,5.0
1.0,53.336778378737336,5.0
1.0,53.38687101727591,5.0
1.0,53.43696365581448,5.0
1.0,53.48705629435305,5.0
1.0,53.55801485522914,5.0
1.0,53.628973416105225,5.0
1.0,53.69993197698131,5.0
1.0,53.7708905378574,5.0
1.0,53.852087104248334,5.0
1.0,53.93328367063927,5.0
1.0,54.014480237030206,5.0
1.0,54.09567680342114,5.0
1.0,54.17687336981208,5.0
1.0,54.258069936203015,5.0
1.0,54.33926650259395,5.0
1.0,54.42046306898489,5.0
1.0,54.50165963537582,5.0
1.0,54.58285620176676,5.0
1.0,54.664052768157696,5.0
1.0,54.74524933454863,5.0
1.0,54.82644590093957,5.0
1.0,54.907642467330504,5.0
1.0,54.98883903372144,5.0
1.0,55.07003560011238,5.0
1.0,55.15123216650331,5.0
1.0,55.23242873289425,5.0
1.0,55.313625299285185,5.0
1.0,55.39482186567612,5.0
1.0,55.47601843206706,5.0
1.0,55.557214998457994,5.0
1.0,55.63841156484893,5.0
1.0,55.719608131239866,5.0
1.0,55.8008046976308,5.0
1.0,55.88200126402174,5.0
1.0,55.963197830412675,5.0
1.0,56.04439439680361,5.0
1.0,56.12559096319455,5.0
1.0,56.20678752958548,5.0
1.0,56.28798409597642,5.0
1.0,56.369180662367356,5.0
1.0,56.45037722875829,5.0
1.0,56.53157379514923,5.0
1.0,56.59898739510047,5.0
1.0,56.66640099505172,5.0
1.0,56.73381459500296,5.0
1.0,56.801228194954206,5.0
1.0,56.8762779765762,5.0
1.0,56.95132775819819,5.0
1.0,57.02637753982018,5.0
1.0,57.10142732144217,5.0
1.0,57.176477103064165,5.0
1.0,57.25152688468616,5.0
1.0,57.32657666630815,5.0
1.0,57.40162644793014,5.0
1.0,57.47667622955213,5.0
1.0,57.551726011174125,5.0
1.0,57.62677579279612,5.0
1.0,57.70182557441811,5.0
1.0,57.7768753560401,5.0
1.0,57.85192513766209,5.0
1.0,57.926974919284085,5.0
1.0,57.938418734317324,5.0
1.0,57.94986254935056,5.0
1.0,57.9613063643838,5.0
1.0,57.98419399445027,5.0
1.0,58.00081955771776,5.0
1.0,58.01744512098525,5.0
1.0,58.041149721320686,5.0
1.0,58.06485432165612,5.0
1.0,58.088558921991556,5.0
1.0,58.147044429327565,5.0
1.0,58.19558643925711,5.0
1.0,58.24412844918666,5.0
1.0,58.29267045911621,5.0
1.0,58.34798149756034,5.0
1.0,58.40329253600447,5.0
1.0,58.4586035744486,5.0
1.0,58.52408021273435,5.0
1.0,58.58955685102009,5.0
1.0,58.655033489305836,5.0
1.0,58.72051012759158,5.0
1.0,58.785986765877325,5.0
1.0,58.85146340416307,5.0
1.0,58.916940042448815,5.0
1.0,58.99853145511162,5.0
1.0,59.08012286777442,5.0
1.0,59.161714280437224,5.0
1.0,59.229434403226094,5.0
1.0,59.297154526014964,5.0
1.0,59.364874648803834,5.0
1.0,59.432594771592704,5.0
1.0,59.52269557749948,5.0
1.0,59.59336131160114,5.0
1.0,59.6640270457028,5.0
1.0,59.73469277980446,5.0
1.0,59.80535851390612,5.0
1.0,59.87602424800778,5.0
1.0,59.94668998210944,5.0
1.0,60.0173557162111,5.0
1.0,60.09297520340135,5.0
1.0,60.168594690591604,5.0
1.0,60.22809274426674,5.0
1.0,60.287590797941874,5.0
1.0,60.34708885161701,5.0
1.0,60.406586905292144,5.0
1.0,60.46608495896728,5.0
1.0,60.525583012642414,5.0
1.0,60.58508106631755,5.0
1.0,60.656952652941115,5.0
1.0,60.72882423956468,5.0
1.0,60.800695826188246,5.0
1.0,60.87256741281181,5.0
1.0,60.96031145826333,5.0
1.0,61.04805550371484,5.0
1.0,61.13579954916636,5.0
1.0,61.22354359461787,5.0
1.0,61.31128764006939,5.0
1.0,61.3805318182854,5.0
1.0,61.44977599650141,5.0
1.0,61.51902017471742,5.0
1.0,61.58826435293343,5.0
1.0,61.65750853114944,5.0
1.0,61.72675270936545,5.0
1.0,61.79599688758146,5.0
1.0,61.86524106579747,5.0
1.0,61.93448524401348,5.0
1.0,62.00372942222949,5.0
1.0,62.0729736004455,5.0
1.0,62.14221777866151,5.0
1.0,62.21146195687752,5.0
1.0,62.28857556886461,5.0
1.0,62.365689180851696,5.0
1.0,62.44280279283878,5.0
1.0,62.51991640482587,5.0
1.0,62.59703001681296,5.0
1.0,62.674143628800046,5.0
1.0,62.75125724078713,5.0
1.0,62.82837085277422,5.0
1.0,62.90548446476131,5.0
1.0,62.96504495107509,5.0
1.0,63.02460543738888,5.0
1.0,63.08416592370266,5.0
1.0,63.14372641001645,5.0
1.0,63.21399144975287,5.0
1.0,63.28425648948929,5.0
1.0,63.35452152922571,5.0
1.0,63.424786568962126,5.0
1.0,63.495051608698546,5.0
1.0,63.495061828988916,5.0
1.0,63.49507204927929,5.0
1.0,63.49508226956966,5.0
1.0,63.49509248986003,5.0
1.0,63.4951027101504,5.0
1.0,63.49512315073113,5.0
1.0,63.495143591311866,5.0
1.0,63.49528489817549,5.0
1.0,63.49542620503912,5.0
1.0,63.495897985488874,5.0
1.0,63.49636976593863,5.0
1.0,63.49809201711647,5.0
1.0,63.49981426829431,5.0
1.0,63.503293379070136,5.0
1.0,63.506772489845964,5.0
1.0,63.516033308368016,5.0
1.0,63.52529412689007,5.0
1.0,63.54561918071029,5.0
1.0,63.56208681929115,5.0
1.0,63.578554457872016,5.0
1.0,63.60423550793139,5.0
1.0,63.62991655799077,5.0
1.0,63.655597608050144,5.0
1.0,63.69285868596166,5.0
1.0,63.73011976387318,5.0
1.0,63.76738084178469,5.0
1.0,63.81512884686144,5.0
1.0,63.86287685193819,5.0
1.0,63.870630420025854,5.0
1.0,63.87838398811352,5.0
1.0,63.886137556201184,5.0
1.0,63.90040461143944,5.0
1.0,63.9146716666777,5.0
1.0,63.928938721915955,5.0
1.0,63.98516394659511,5.0
1.0,64.04138917127426,5.0
1.0,64.09761439595341,5.0
1.0,64.1534519058434,5.0
1.0,64.20928941573338,5.0
1.0,64.26512692562336,5.0
1.0,64.32096443551335,5.0
1.0,64.40641945902718,5.0
1.0,64.49187448254101,5.0
1.0,64.57732950605484,5.0
1.0,64.66278452956867,5.0
1.0,64.7482395530825,5.0
1.0,64.83369457659633,5.0
1.0,64.91914960011016,5.0
1.0,65.00460462362399,5.0
1.0,65.09005964713782,5.0
1.0,65.17551467065165,5.0
1.0,65.26096969416548,5.0
1.0,65.34642471767931,5.0
1.0,65.43187974119314,5.0
1.0,65.51733476470697,5.0
1.0,65.6027897882208,5.0
1.0,65.68824481173463,5.0
1.0,65.77369983524846,5.0
1.0,65.8591548587623,5.0
1.0,65.94460988227613,5.0
1.0,66.03006490578996,5.0
1.0,66.11551992930379,5.0
1.0,66.18357546475454,5.0
1.0,66.2516310002053,5.0
1.0,66.31968653565605,5.0
1.0,66.3877420711068,5.0
1.0,66.45579760655755,5.0
1.0,66.5238531420083,5.0
1.0,66.59190867745906,5.0
1.0,66.65003151759306,5.0
1.0,66.66084365733144,5.0
1.0,66.67165579706982,5.0
1.0,66.6824679368082,5.0
1.0,66.70409221628495,5.0
1.0,66.7257164957617,5.0
1.0,66.74734077523846,5.0
1.0,66.79804913866172,5.0
1.0,66.848757502085,5.0
1.0,66.89946586550826,5.0
1.0,66.95017422893153,5.0
1.0,67.0313492398218,5.0
1.0,67.11252425071206,5.0
1.0,67.19369926160232,5.0
1.0,67.27487427249258,5.0
1.0,67.35604928338284,5.0
1.0,67.43722429427311,5.0
1.0,67.51839930516337,5.0
1.0,67.60960803302898,5.0
1.0,67.70081676089458,5.0
1.0,67.79202548876019,5.0
1.0,67.8832342166258,5.0
1.0,67.9744429444914,5.0
1.0,68.065651672357,5.0
1.0,68.15686040022261,5.0
1.0,68.24806912808822,5.0
1.0,68.33927785595382,5.0
1.0,68.43048658381943,5.0
1.0,68.52169531168504,5.0
1.0,68.61290403955064,5.0
1.0,68.70411276741625,5.0
1.0,68.79532149528185,5.0
1.0,68.88653022314746,5.0
1.0,68.97773895101307,5.0
1.0,69.06894767887867,5.0
1.0,69.16015640674428,5.0
1.0,69.25136513460988,5.0
1.0,69.34257386247549,5.0
1.0,69.4337825903411,5.0
1.0,69.5249913182067,5.0
1.0,69.61620004607231,5.0
1.0,69.70740877393791,5.0
1.0,69.79861750180352,5.0
1.0,69.88982622966913,5.0
1.0,69.98103495753473,5.0
1.0,70.07224368540034,5.0
1.0,70.16345241326594,5.0
1.0,70.25466114113155,5.0
1.0,70.34586986899716,5.0
1.0,70.43707859686276,5.0
1.0,70.52828732472837,5.0
1.0,70.60277252762641,5.0
1.0,70.67725773052446,5.0
1.0,70.7517429334225,5.0
1.0,70.82622813632055,5.0
1.0,70.9007133392186,5.0
1.0,70.97519854211664,5.0
1.0,71.04968374501469,5.0
1.0,71.12416894791274,5.0
1.0,71.19865415081078,5.0
1.0,71.27313935370883,5.0
1.0,71.35978429757768,5.0
1.0,71.44642924144652,5.0
1.0,71.51827556911762,5.0
1.0,71.59012189678872,5.0
1.0,71.66196822445981,5.0
1.0,71.73381455213091,5.0
1.0,71.805660879802,5.0
1.0,71.8775072074731,5.0
1.0,71.9493535351442,5.0
1.0,72.0211998628153,5.0
1.0,72.09304619048639,5.0
1.0,72.16489251815749,5.0
1.0,72.23673884582858,5.0
1.0,72.29405484512759,5.0
1.0,72.33757283889975,5.0
1.0,72.37380793134338,5.0
1.0,72.41004302378701,5.0
1.0,72.44627811623064,5.0
1.0,72.48251320867428,5.0
1.0,72.53068212117105,5.0
1.0,72.57885103366783,5.0
1.0,72.62701994616461,5.0
1.0,72.67518885866139,5.0
1.0,72.68385341502731,5.0
1.0,72.69251797139324,5.0
1.0,72.70118252775917,5.0
1.0,72.71851164049102,5.0
1.0,72.73584075322286,5.0
1.0,72.75718032559286,5.0
1.0,72.77851989796285,5.0
1.0,72.79985947033285,5.0
1.0,72.83750791875897,5.0
1.0,72.8751563671851,5.0
1.0,72.91280481561122,5.0
1.0,72.96494911617634,5.0
1.0,73.01709341674146,5.0
1.0,73.06923771730658,5.0
1.0,73.1213820178717,5.0
1.0,73.17352631843681,5.0
1.0,73.22567061900193,5.0
1.0,73.29517086195906,5.0
1.0,73.3646711049162,5.0
1.0,73.42185469206198,5.0
1.0,73.47903827920777,5.0
1.0,73.53622186635356,5.0
1.0,73.59340545349934,5.0
1.0,73.66115479872384,5.0
1.0,73.72890414394834,5.0
1.0,73.79665348917284,5.0
1.0,73.86440283439734,5.0
1.0,73.93215217962184,5.0
1.0,73.98810525046657,5.0
1.0,73.99829210334303,5.0
1.0,74.00847895621949,5.0
1.0,74.01866580909595,5.0
1.0,74.03903951484885,5.0
1.0,74.05941322060175,5.0
1.0,74.07978692635466,5.0
1.0,74.12994655229937,5.0
1.0,74.18010617824409,5.0
1.0,74.2302658041888,5.0
1.0,74.28042543013352,5.0
1.0,74.36029972428224,5.0
1.0,74.44017401843097,5.0
1.0,74.52004831257969,5.0
1.0,74.59992260672841,5.0
1.0,74.67979690087714,5.0
1.0,74.75967119502586,5.0
1.0,74.83954548917458,5.0
1.0,74.9194197833233,5.0
1.0,74.99929407747203,5.0
1.0,75.07916837162075,5.0
1.0,75.15904266576948,5.0
1.0,75.2389169599182,5.0
1.0,75.31879125406692,5.0
1.0,75.39866554821565,5.0
1.0,75.47853984236437,5.0
1.0,75.5584141365131,5.0
1.0,75.65058863486422,5.0
1.0,75.74276313321535,5.0
1.0,75.83493763156648,5.0
1.0,75.9271121299176,5.0
1.0,76.01928662826873,5.0
1.0,76.11146112661986,5.0
1.0,76.20363562497099,5.0
1.0,76.29581012332211,5.0
1.0,76.38798462167324,5.0
1.0,76.48015912002437,5.0
1.0,76.5723336183755,5.0
1.0,76.66450811672662,5.0
1.0,76.75668261507775,5.0
1.0,76.84885711342888,5.0
1.0,76.94103161178,5.0
1.0,77.03320611013113,5.0
1.0,77.12538060848226,5.0
1.0,77.21755510683339,5.0
1.0,77.30972960518451,5.0
1.0,77.40190410353564,5.0
1.0,77.49407860188677,5.0
1.0,77.5862531002379,5.0
1.0,77.60008156421327,5.0
1.0,77.61391002818864,5.0
1.0,77.62773849216401,5.0
1.0,77.64156695613939,5.0
1.0,77.6657598670464,5.0
1.0,77.68995277795342,5.0
1.0,77.71414568886044,5.0
1.0,77.73833859976746,5.0
1.0,77.78847960157529,5.0
1.0,77.83862060338312,5.0
1.0,77.88876160519095,5.0
1.0,77.93890260699878,5.0
1.0,78.0153779338658,5.0
1.0,78.09185326073283,5.0
1.0,78.16832858759986,5.0
1.0,78.24480391446689,5.0
1.0,78.32127924133391,5.0
1.0,78.39775456820094,5.0
1.0,78.47422989506796,5.0
1.0,78.53634177471059,5.0
1.0,78.5463008149113,5.0
1.0,78.55625985511202,5.0
1.0,78.56621889531273,5.0
1.0,78.58613697571415,5.0
1.0,78.60605505611558,5.0
1.0,78.625973136517,5.0
1.0,78.67509412185935,5.0
1.0,78.72421510720169,5.0
1.0,78.77333609254403,5.0
1.0,78.83431709617928,5.0
1.0,78.89529809981453,5.0
1.0,78.95627910344977,5.0
1.0,79.01726010708502,5.0
1.0,79.10305309223261,5.0
1.0,79.1888460773802,5.0
1.0,79.2746390625278,5.0
1.0,79.36043204767539,5.0
1.0,79.44622503282298,5.0
1.0,79.53201801797057,5.0
1.0,79.5444747383019,5.0
1.0,79.55693145863323,5.0
1.0,79.56938817896456,5.0
1.0,79.58184489929589,5.0
1.0,79.59831679765706,5.0
1.0,79.61478869601824,5.0
1.0,79.63126059437941,5.0
1.0,79.64773249274059,5.0
1.0,79.7029332442518,5.0
1.0,79.758133995763,5.0
1.0,79.81333474727421,5.0
1.0,79.86769556148549,5.0
1.0,79.92205637569677,5.0
1.0,79.97641718990805,5.0
1.0,80.03077800411933,5.0
1.0,80.11565914829234,5.0
1.0,80.20054029246535,5.0
1.0,80.28542143663836,5.0
1.0,80.37030258081137,5.0
1.0,80.45518372498438,5.0
1.0,80.54006486915739,5.0
1.0,80.6249460133304,5.0
1.0,80.70982715750341,5.0
1.0,80.79470830167642,5.0
1.0,80.87958944584943,5.0
1.0,80.96447059002244,5.0
1.0,81.04935173419545,5.0
1.0,81.13423287836846,5.0
1.0,81.21911402254148,5.0
1.0,81.30399516671449,5.0
1.0,81.3888763108875,5.0
1.0,81.47375745506051,5.0
1.0,81.55863859923352,5.0
1.0,81.64351974340653,5.0
1.0,81.72840088757954,5.0
1.0,81.81328203175255,5.0
1.0,81.89816317592556,5.0
1.0,81.98304432009857,5.0
1.0,82.06792546427158,5.0
1.0,82.15280660844459,5.0
1.0,82.2376877526176,5.0
1.0,82.30836755828888,5.0
1.0,82.37904736396015,5.0
1.0,82.44972716963143,5.0
1.0,82.5204069753027,5.0
1.0,82.60068760631897,5.0
1.0,82.68096823733524,5.0
1.0,82.7612488683515,5.0
1.0,82.84152949936777,5.0
1.0,82.93108092339523,5.0
1.0,83.02063234742269,5.0
1.0,83.11018377145015,5.0
1.0,83.19973519547761,5.0
1.0,83.28928661950508,5.0
1.0,83.37883804353254,5.0
1.0,83.46838946756,5.0
1.0,83.55794089158746,5.0
1.0,83.64749231561493,5.0
1.0,83.73704373964239,5.0
1.0,83.82659516366985,5.0
1.0,83.91614658769731,5.0
1.0,84.00569801172477,5.0
1.0,84.09524943575224,5.0
1.0,84.1848008597797,5.0
1.0,84.27435228380716,5.0
1.0,84.36390370783462,5.0
1.0,84.45345513186209,5.0
1.0,84.54300655588955,5.0
1.0,84.63255797991701,5.0
1.0,84.72210940394447,5.0
1.0,84.81166082797193,5.0
1.0,84.9012122519994,5.0
1.0,84.99076367602686,5.0
1.0,85.08031510005432,5.0
1.0,85.16986652408178,5.0
1.0,85.25941794810925,5.0
1.0,85.34896937213671,5.0
1.0,85.43852079616417,5.0
1.0,85.52807222019163,5.0
1.0,85.6176236442191,5.0
1.0,85.70717506824656,5.0
1.0,85.79672649227402,5.0
1.0,85.87061611245115,5.0
1.0,85.94450573262827,5.0
1.0,86.0183953528054,5.0
1.0,86.09228497298253,5.0
1.0,86.16617459315965,5.0
1.0,86.24006421333678,5.0
1.0,86.3139538335139,5.0
1.0,86.38784345369103,5.0
1.0,86.44841109529627,5.0
1.0,86.5089787369015,5.0
1.0,86.56954637850673,5.0
1.0,86.63011402011196,5.0
1.0,86.70445363329475,5.0
1.0,86.77879324647753,5.0
1.0,86.85313285966032,5.0
1.0,86.9274724728431,5.0
1.0,86.9892709765007,5.0
1.0,86.99801840758302,5.0
1.0,87.00676583866533,5.0
1.0,87.01551326974764,5.0
1.0,87.03300813191227,5.0
1.0,87.0505029940769,5.0
1.0,87.06799785624152,5.0
1.0,87.11901851042319,5.0
1.0,87.17003916460486,5.0
1.0,87.22105981878653,5.0
1.0,87.2720804729682,5.0
1.0,87.32310112714987,5.0
1.0,87.37412178133154,5.0
1.0,87.44196512288626,5.0
1.0,87.50980846444098,5.0
1.0,87.56599519369281,5.0
1.0,87.62218192294465,5.0
1.0,87.67836865219648,5.0
1.0,87.73455538144832,5.0
1.0,87.79793703155765,5.0
1.0,87.86131868166699,5.0
1.0,87.92470033177632,5.0
1.0,87.98808198188566,5.0
1.0,88.06535254359245,5.0
1.0,88.14262310529925,5.0
1.0,88.21989366700605,5.0
1.0,88.28362644414644,5.0
1.0,88.34735922128682,5.0
1.0,88.41109199842721,5.0
1.0,88.4748247755676,5.0
1.0,88.55510772025063,5.0
1.0,88.63539066493367,5.0
1.0,88.7156736096167,5.0
1.0,88.79595655429974,5.0
1.0,88.87623949898277,5.0
1.0,88.9565224436658,5.0
1.0,89.03680538834884,5.0
1.0,89.11708833303187,5.0
1.0,89.19737127771491,5.0
1.0,89.27765422239794,5.0
1.0,89.35793716708098,5.0
1.0,89.43822011176401,5.0
1.0,89.51850305644705,5.0
1.0,89.59878600113008,5.0
1.0,89.67906894581311,5.0
1.0,89.75935189049615,5.0
1.0,89.83963483517918,5.0
1.0,89.91991777986222,5.0
1.0,90.00020072454525,5.0
1.0,90.08048366922829,5.0
1.0,90.16076661391132,5.0
1.0,90.24104955859436,5.0
1.0,90.32133250327739,5.0
1.0,90.40161544796042,5.0
1.0,90.48189839264346,5.0
1.0,90.56218133732649,5.0
1.0,90.64246428200953,5.0
1.0,90.72274722669256,5.0
1.0,90.73456265996307,5.0
1.0,90.73671785829862,5.0
1.0,90.73887305663416,5.0
1.0,90.7410282549697,5.0
1.0,90.7453386516408,5.0
1.0,90.74964904831188,5.0
1.0,90.76678993828124,5.0
1.0,90.78393082825059,5.0
1.0,90.80107171821994,5.0
1.0,90.84372510216453,5.0
1.0,90.88637848610911,5.0
1.0,90.92903187005369,5.0
1.0,90.99008214095613,5.0
1.0,91.05113241185857,5.0
1.0,91.11218268276102,5.0
1.0,91.17323295366346,5.0
1.0,91.24432646994487,5.0
1.0,91.31541998622627,5.0
1.0,91.38651350250768,5.0
1.0,91.45760701878909,5.0
1.0,91.5287005350705,5.0
1.0,91.5997940513519,5.0
1.0,91.67088756763332,5.0
1.0,91.7510035385655,5.0
1.0,91.83111950949768,5.0
1.0,91.91123548042987,5.0
1.0,91.99135145136205,5.0
1.0,92.07146742229423,5.0
1.0,92.15158339322642,5.0
1.0,92.2316993641586,5.0
1.0,92.24379895205696,5.0
1.0,92.25589853995533,5.0
1.0,92.26799812785369,5.0
1.0,92.28009771575205,5.0
1.0,92.29840574424078,5.0
1.0,92.31671377272951,5.0
1.0,92.33502180121825,5.0
1.0,92.38873371964458,5.0
1.0,92.44244563807091,5.0
1.0,92.49615755649724,5.0
1.0,92.55928648716579,5.0
1.0,92.62241541783435,5.0
1.0,92.6855443485029,5.0
1.0,92.74867327917146,5.0
1.0,92.83456689332812,5.0
1.0,92.92046050748478,5.0
1.0,93.00635412164144,5.0
1.0,93.0762773297936,5.0
1.0,93.14620053794576,5.0
1.0,93.21612374609792,5.0
1.0,93.28604695425008,5.0
1.0,93.36608008909093,5.0
1.0,93.44611322393177,5.0
1.0,93.52614635877262,5.0
1.0,93.60617949361347,5.0
1.0,93.68621262845431,5.0
1.0,93.76624576329516,5.0
1.0,93.846278898136,5.0
1.0,93.92631203297685,5.0
1.0,93.93796895475482,5.0
1.0,93.94962587653279,5.0
1.0,93.96128279831076,5.0
1.0,93.97293972008873,5.0
1.0,93.99251636075833,5.0
1.0,94.01209300142793,5.0
1.0,94.03166964209753,5.0
1.0,94.0868800742433,5.0
1.0,94.14209050638907,5.0
1.0,94.19730093853484,5.0
1.0,94.2519009743997,5.0
1.0,94.30650101026457,5.0
1.0,94.36110104612943,5.0
1.0,94.4157010819943,5.0
1.0,94.5035677566689,5.0
1.0,94.57458255888328,5.0
1.0,94.64559736109766,5.0
1.0,94.71661216331204,5.0
1.0,94.78762696552641,5.0
1.0,94.85864176774079,5.0
1.0,94.92965656995517,5.0
1.0,95.00067137216955,5.0
1.0,95.07168617438393,5.0
1.0,95.1427009765983,5.0
1.0,95.15404484338652,5.0
1.0,95.15595426582223,5.0
1.0,95.15786368825795,5.0
1.0,95.15977311069366,5.0
1.0,95.1635919555651,5.0
1.0,95.16741080043653,5.0
1.0,95.18189383113747,5.0
1.0,95.19637686183842,5.0
1.0,95.22360719827981,5.0
1.0,95.2508375347212,5.0
1.0,95.27806787116259,5.0
1.0,95.31522403420803,5.0
1.0,95.35238019725347,5.0
1.0,95.3895363602989,5.0
1.0,95.43746104044445,5.0
1.0,95.48538572058999,5.0
1.0,95.53331040073553,5.0
1.0,95.58885335575663,5.0
1.0,95.64439631077772,5.0
1.0,95.69993926579882,5.0
1.0,95.75548222081991,5.0
1.0,95.81102517584101,5.0
1.0,95.8665681308621,5.0
1.0,95.9221110858832,5.0
1.0,95.98979139823984,5.0
1.0,96.05747171059649,5.0
1.0,96.11163244334962,5.0
1.0,96.16579317610275,5.0
1.0,96.21995390885589,5.0
1.0,96.27411464160902,5.0
1.0,96.32827537436215,5.0
1.0,96.38243610711528,5.0
1.0,96.43659683986841,5.0
1.0,96.49075757262155,5.0
1.0,96.54491830537468,5.0
1.0,96.59907903812781,5.0
1.0,96.66082414129771,5.0
1.0,96.71033070419165,5.0
1.0,96.75983726708559,5.0
1.0,96.80934382997953,5.0
1.0,96.85885039287346,5.0
1.0,96.91616652238207,5.0
1.0,96.97348265189068,5.0
1.0,97.03079878139928,5.0
1.0,97.08811491090789,5.0
1.0,97.15620582854177,5.0
1.0,97.20998458453147,5.0
1.0,97.26376334052117,5.0
1.0,97.31754209651086,5.0
1.0,97.37132085250056,5.0
1.0,97.4469425996913,5.0
1.0,97.52256434688204,5.0
1.0,97.59818609407277,5.0
1.0,97.67380784126351,5.0
1.0,97.74942958845425,5.0
1.0,97.80965172808175,5.0
1.0,97.86987386770925,5.0
1.0,97.93009600733674,5.0
1.0,97.99031814696424,5.0
1.0,98.05054028659174,5.0
1.0,98.11076242621924,5.0
1.0,98.17098456584674,5.0
1.0,98.2492829142621,5.0
1.0,98.32758126267746,5.0
1.0,98.40587961109281,5.0
1.0,98.48417795950817,5.0
1.0,98.56247630792353,5.0
1.0,98.64077465633889,5.0
1.0,98.71907300475425,5.0
1.0,98.80880982148155,5.0
1.0,98.89854663820884,5.0
1.0,98.98828345493614,5.0
1.0,99.07802027166343,5.0
1.0,99.16775708839073,5.0
1.0,99.25749390511803,5.0
1.0,99.34723072184532,5.0
1.0,99.43696753857262,5.0
1.0,99.52670435529991,5.0
1.0,99.61644117202721,5.0
1.0,99.7061779887545,5.0
1.0,99.7959148054818,5.0
1.0,99.8856516222091,5.0
1.0,99.97538843893639,5.0
1.0,100.06512525566369,5.0
1.0,100.15486207239098,5.0
1.0,100.24459888911828,5.0
1.0,100.33433570584558,5.0
1.0,100.42407252257287,5.0
1.0,100.51380933930017,5.0
1.0,100.60354615602746,5.0
1.0,100.69328297275476,5.0
1.0,100.78301978948205,5.0
1.0,100.87275660620935,5.0
1.0,100.96249342293665,5.0
1.0,101.05223023966394,5.0
1.0,101.14196705639124,5.0
1.0,101.23170387311853,5.0
1.0,101.32144068984583,5.0
1.0,101.41117750657313,5.0
1.0,101.50091432330042,5.0
1.0,101.59065114002772,5.0
1.0,101.68038795675501,5.0
1.0,101.77012477348231,5.0
1.0,101.8598615902096,5.0
1.0,101.9495984069369,5.0
1.0,102.0393352236642,5.0
1.0,102.12907204039149,5.0
1.0,102.21880885711879,5.0
1.0,102.30854567384608,5.0
1.0,102.39828249057338,5.0
1.0,102.48801930730068,5.0
1.0,102.57775612402797,5.0
1.0,102.66749294075527,5.0
1.0,102.75722975748256,5.0
1.0,102.84696657420986,5.0
1.0,102.93670339093715,5.0
1.0,103.02644020766445,5.0
1.0,103.11617702439175,5.0
1.0,103.20591384111904,5.0
1.0,103.29565065784634,5.0
1.0,103.38538747457363,5.0
1.0,103.47512429130093,5.0
1.0,103.56486110802823,5.0
1.0,103.65459792475552,5.0
1.0,103.74433474148282,5.0
1.0,103.83407155821011,5.0
1.0,103.92380837493741,5.0
1.0,104.0135451916647,5.0
1.0,104.103282008392,5.0
1.0,104.1930188251193,5.0
1.0,104.28275564184659,5.0
1.0,104.37249245857389,5.0
1.0,104.46222927530118,5.0
1.0,104.55196609202848,5.0
1.0,104.64170290875578,5.0
1.0,104.73143972548307,5.0
1.0,104.82117654221037,5.0
1.0,104.91091335893766,5.0
1.0,105.00065017566496,5.0
1.0,105.07218040422813,5.0
1.0,105.14371063279131,5.0
1.0,105.21524086135449,5.0
1.0,105.28677108991766,5.0
1.0,105.3702258981239,5.0
1.0,105.45368070633015,5.0
1.0,105.51920777660793,5.0
1.0,105.58473484688571,5.0
1.0,105.65026191716349,5.0
1.0,105.71578898744127,5.0
1.0,105.78131605771905,5.0
1.0,105.84684312799683,5.0
1.0,105.91237019827462,5.0
1.0,105.99348522127192,5.0
1.0,106.07460024426923,5.0
1.0,106.15571526726654,5.0
1.0,106.23683029026385,5.0
1.0,106.31794531326116,5.0
1.0,106.39906033625847,5.0
1.0,106.48017535925578,5.0
1.0,106.56129038225309,5.0
1.0,106.6424054052504,5.0
1.0,106.70654333944618,5.0
1.0,106.75823113590185,5.0
1.0,106.80991893235752,5.0
1.0,106.86160672881319,5.0
1.0,106.91329452526885,5.0
1.0,106.99178321627615,5.0
1.0,107.07027190728344,5.0
1.0,107.14876059829074,5.0
1.0,107.22724928929803,5.0
1.0,107.30573798030532,5.0
1.0,107.38422667131262,5.0
1.0,107.46271536231991,5.0
1.0,107.5412040533272,5.0
1.0,107.6196927443345,5.0
1.0,107.6981814353418,5.0
1.0,107.77667012634909,5.0
1.0,107.85515881735638,5.0
1.0,107.93364750836368,5.0
1.0,108.01213619937097,5.0
1.0,108.09062489037827,5.0
1.0,108.16911358138556,5.0
1.0,108.24760227239285,5.0
1.0,108.32609096340015,5.0
1.0,108.40457965440744,5.0
1.0,108.48306834541474,5.0
1.0,108.56155703642203,5.0
1.0,108.64004572742932,5.0
1.0,108.71853441843662,5.0
1.0,108.79702310944391,5.0
1.0,108.85789304932013,5.0
1.0,108.90851417091307,5.0
1.0,108.959135292506,5.0
1.0,109.00975641409894,5.0
1.0,109.06037753569188,5.0
1.0,109.12705646533801,5.0
1.0,109.19373539498415,5.0
1.0,109.26041432463028,5.0
1.0,109.3270932542764,5.0
1.0,109.40757743536548,5.0
1.0,109.48806161645456,5.0
1.0,109.56854579754363,5.0
1.0,109.64902997863271,5.0
1.0,109.72951415972179,5.0
1.0,109.80999834081086,5.0
1.0,109.89048252189994,5.0
1.0,109.97096670298902,5.0
1.0,110.0514508840781,5.0
1.0,110.0630172424425,5.0
1.0,110.0745836008069,5.0
1.0,110.08614995917131,5.0
1.0,110.09771631753571,5.0
1.0,110.11646538801863,5.0
1.0,110.13521445850154,5.0
1.0,110.15396352898445,5.0
1.0,110.20949597038206,5.0
1.0,110.26502841177968,5.0
1.0,110.3205608531773,5.0
1.0,110.37929893168364,5.0
1.0,110.43803701018997,5.0
1.0,110.49677508869631,5.0
1.0,110.55551316720265,5.0
1.0,110.64011519969822,5.0
1.0,110.72471723219378,5.0
1.0,110.80931926468935,5.0
1.0,110.89392129718492,5.0
1.0,110.97852332968048,5.0
1.0,111.06312536217605,5.0
1.0,111.14772739467162,5.0
1.0,111.23232942716719,5.0
1.0,111.24432702754773,5.0
1.0,111.25632462792827,5.0
1.0,111.2683222283088,5.0
1.0,111.28031982868934,5.0
1.0,111.29846772678906,5.0
1.0,111.31661562488877,5.0
1.0,111.33476352298848,5.0
1.0,111.38917403038836,5.0
1.0,111.44358453778824,5.0
1.0,111.49799504518812,5.0
1.0,111.55417248538055,5.0
1.0,111.61034992557298,5.0
1.0,111.6665273657654,5.0
1.0,111.72270480595783,5.0
1.0,111.80857243570865,5.0
1.0,111.89444006545948,5.0
1.0,111.9803076952103,5.0
1.0,112.06617532496112,5.0
1.0,112.15204295471194,5.0
1.0,112.23791058446277,5.0
1.0,112.32377821421359,5.0
1.0,112.40964584396441,5.0
1.0,112.49551347371523,5.0
1.0,112.58138110346606,5.0
1.0,112.66724873321688,5.0
1.0,112.7531163629677,5.0
1.0,112.83898399271852,5.0
1.0,112.92485162246935,5.0
1.0,113.01071925222017,5.0
1.0,113.09658688197099,5.0
1.0,113.18245451172182,5.0
1.0,113.26832214147264,5.0
1.0,113.35418977122346,5.0
1.0,113.42368017404702,5.0
1.0,113.49317057687058,5.0
1.0,113.56266097969414,5.0
1.0,113.6321513825177,5.0
1.0,113.70164178534127,5.0
1.0,113.77113218816483,5.0
1.0,113.84062259098839,5.0
1.0,113.91011299381195,5.0
1.0,113.97960339663551,5.0
1.0,114.04909379945907,5.0
1.0,114.12768630190214,5.0
1.0,114.20627880434522,5.0
1.0,114.28487130678829,5.0
1.0,114.34535203733117,5.0
1.0,114.39538444825939,5.0
1.0,114.44541685918762,5.0
1.0,114.49544927011584,5.0
1.0,114.54548168104407,5.0
1.0,114.61003938068264,5.0
1.0,114.6745970803212,5.0
1.0,114.73915477995978,5.0
1.0,114.80371247959835,5.0
1.0,114.86827017923692,5.0
1.0,114.93282787887549,5.0
1.0,114.99738557851406,5.0
1.0,115.06194327815263,5.0
1.0,115.1265009777912,5.0
1.0,115.19105867742977,5.0
1.0,115.27204771598002,5.0
1.0,115.33522452202635,5.0
1.0,115.34446447462874,5.0
1.0,115.35370442723112,5.0
1.0,115.36294437983351,5.0
1.0,115.3748683972738,5.0
1.0,115.3867924147141,5.0
1.0,115.39871643215439,5.0
1.0,115.41933440780222,5.0
1.0,115.43995238345006,5.0
1.0,115.4605703590979,5.0
1.0,115.51133067784238,5.0
1.0,115.56209099658686,5.0
1.0,115.61285131533134,5.0
1.0,115.66361163407582,5.0
1.0,115.7143719528203,5.0
1.0,115.76513227156478,5.0
1.0,115.8253715877388,5.0
1.0,115.88561090391282,5.0
1.0,115.94585022008684,5.0
1.0,116.00608953626086,5.0
1.0,116.06632885243488,5.0
1.0,116.1265681686089,5.0
1.0,116.18680748478292,5.0
1.0,116.25504475179017,5.0
1.0,116.32328201879741,5.0
1.0,116.39151928580466,5.0
1.0,116.45975655281191,5.0
1.0,116.53678104605612,5.0
1.0,116.60059800593328,5.0
1.0,116.65356184645862,5.0
1.0,116.70652568698395,5.0
1.0,116.75948952750929,5.0
1.0,116.81245336803462,5.0
1.0,116.8877353848798,5.0
1.0,116.96301740172498,5.0
1.0,117.03829941857016,5.0
1.0,117.11358143541534,5.0
1.0,117.18886345226052,5.0
1.0,117.2641454691057,5.0
1.0,117.33942748595088,5.0
1.0,117.41470950279606,5.0
1.0,117.48999151964124,5.0
1.0,117.56527353648642,5.0
1.0,117.6405555533316,5.0
1.0,117.71583757017677,5.0
1.0,117.79111958702195,5.0
1.0,117.86640160386713,5.0
1.0,117.8773691353063,5.0
1.0,117.88833666674546,5.0
1.0,117.89930419818462,5.0
1.0,117.91555795904696,5.0
1.0,117.9318117199093,5.0
1.0,117.94806548077165,5.0
1.0,118.00276775899428,5.0
1.0,118.05747003721692,5.0
1.0,118.11217231543955,5.0
1.0,118.16549154931714,5.0
1.0,118.21881078319473,5.0
1.0,118.27213001707231,5.0
1.0,118.3254492509499,5.0
1.0,118.41443121560303,5.0
1.0,118.48754383754871,5.0
1.0,118.5606564594944,5.0
1.0,118.63376908144008,5.0
1.0,118.70688170338576,5.0
1.0,118.78737748359315,5.0
1.0,118.86787326380053,5.0
1.0,118.94836904400792,5.0
1.0,119.0288648242153,5.0
1.0,119.09550252731849,5.0
1.0,119.16214023042167,5.0
1.0,119.22877793352485,5.0
1.0,119.29541563662804,5.0
1.0,119.36205333973122,5.0
1.0,119.4286910428344,5.0
1.0,119.49532874593758,5.0
1.0,119.5713754297522,5.0
1.0,119.6474221135668,5.0
1.0,119.72346879738141,5.0
1.0,119.79951548119602,5.0
1.0,119.87556216501063,5.0
1.0,119.95160884882524,5.0
1.0,120.02765553263986,5.0
1.0,120.10370221645447,5.0
1.0,120.1887522770285,5.0
1.0,120.27380233760253,5.0
1.0,120.35885239817657,5.0
1.0,120.4439024587506,5.0
1.0,120.52895251932463,5.0
1.0,120.61400257989867,5.0
1.0,120.62841140626436,5.0
1.0,120.63082069661425,5.0
1.0,120.63322998696414,5.0
1.0,120.63563927731403,5.0
1.0,120.6404578580138,5.0
1.0,120.64527643871358,5.0
1.0,120.65009501941336,5.0
1.0,120.66394765982044,5.0
1.0,120.67780030022752,5.0
1.0,120.6916529406346,5.0
1.0,120.74804639347974,5.0
1.0,120.80443984632488,5.0
1.0,120.86083329917003,5.0
1.0,120.92792775899765,5.0
1.0,120.99502221882528,5.0
1.0,121.06211667865291,5.0
1.0,121.12921113848054,5.0
1.0,121.22371746890491,5.0
1.0,121.31822379932927,5.0
1.0,121.41273012975364,5.0
1.0,121.507236460178,5.0
1.0,121.60174279060237,5.0
1.0,121.69624912102674,5.0
1.0,121.7907554514511,5.0
1.0,121.88526178187547,5.0
1.0,121.97976811229984,5.0
1.0,122.0742744427242,5.0
1.0,122.16878077314857,5.0
1.0,122.26328710357294,5.0
1.0,122.3577934339973,5.0
1.0,122.45229976442167,5.0
1.0,122.54680609484603,5.0
1.0,122.6413124252704,5.0
1.0,122.73581875569477,5.0
1.0,122.83032508611913,5.0
1.0,122.9248314165435,5.0
1.0,123.01933774696786,5.0
1.0,123.11384407739223,5.0
1.0,123.19254546885148,5.0
1.0,123.27124686031073,5.0
1.0,123.34994825176997,5.0
1.0,123.42864964322922,5.0
1.0,123.50735103468847,5.0
1.0,123.58605242614772,5.0
1.0,123.66475381760696,5.0
1.0,123.74345520906621,5.0
1.0,123.82215660052546,5.0
1.0,123.90085799198471,5.0
1.0,123.97955938344396,5.0
1.0,124.0582607749032,5.0
1.0,124.13696216636245,5.0
1.0,124.2156635578217,5.0
1.0,124.29436494928095,5.0
1.0,124.3730663407402,5.0
1.0,124.45176773219944,5.0
1.0,124.53046912365869,5.0
1.0,124.60917051511794,5.0
1.0,124.68787190657719,5.0
1.0,124.76657329803643,5.0
1.0,124.84527468949568,5.0
1.0,124.92397608095493,5.0
1.0,125.00267747241418,5.0
1.0,125.08137886387343,5.0
1.0,125.17049634854398,5.0
1.0,125.25961383321453,5.0
1.0,125.34873131788508,5.0
1.0,125.43784880255564,5.0
1.0,125.52696628722619,5.0
1.0,125.61608377189674,5.0
1.0,125.70520125656729,5.0
1.0,125.79431874123784,5.0
1.0,125.8834362259084,5.0
1.0,125.97255371057895,5.0
1.0,126.0616711952495,5.0
1.0,126.15078867992005,5.0
1.0,126.23990616459061,5.0
1.0,126.32902364926116,5.0
1.0,126.41814113393171,5.0
1.0,126.50725861860226,5.0
1.0,126.59637610327282,5.0
1.0,126.68549358794337,5.0
1.0,126.77461107261392,5.0
1.0,126.84700460550181,5.0
1.0,126.90691001946634,5.0
1.0,126.96681543343087,5.0
1.0,127.0267208473954,5.0
1.0,127.08662626135992,5.0
1.0,127.16278639361579,5.0
1.0,127.23894652587165,5.0
1.0,127.31510665812752,5.0
1.0,127.39126679038338,5.0
1.0,127.46742692263925,5.0
1.0,127.52613781458406,5.0
1.0,127.53572911822502,5.0
1.0,127.54532042186598,5.0
1.0,127.55491172550694,5.0
1.0,127.57409433278885,5.0
1.0,127.59327694007075,5.0
1.0,127.61245954735266,5.0
1.0,127.66976274595201,5.0
1.0,127.72706594455137,5.0
1.0,127.78436914315073,5.0
1.0,127.85365278306118,5.0
1.0,127.92293642297163,5.0
1.0,127.99222006288208,5.0
1.0,128.06150370279255,5.0
1.0,128.14631929149763,5.0
1.0,128.23113488020272,5.0
1.0,128.3159504689078,5.0
1.0,128.40076605761288,5.0
1.0,128.48558164631797,5.0
1.0,128.57039723502305,5.0
1.0,128.65521282372814,5.0
1.0,128.74002841243322,5.0
1.0,128.8248440011383,5.0
1.0,128.9096595898434,5.0
1.0,128.99447517854847,5.0
1.0,129.07929076725355,5.0
1.0,129.16410635595864,5.0
1.0,129.24892194466372,5.0
1.0,129.3337375333688,5.0
1.0,129.4185531220739,5.0
1.0,129.50336871077897,5.0
1.0,129.58818429948406,5.0
1.0,129.67299988818914,5.0
1.0,129.75781547689422,5.0
1.0,129.8426310655993,5.0
1.0,129.9117330789249,5.0
1.0,129.9808350922505,5.0
1.0,130.04993710557608,5.0
1.0,130.11903911890167,5.0
1.0,130.18814113222726,5.0
1.0,130.25724314555285,5.0
1.0,130.32634515887844,5.0
1.0,130.39544717220403,5.0
1.0,130.46454918552962,5.0
1.0,130.5336511988552,5.0
1.0,130.61290297774153,5.0
1.0,130.69215475662784,5.0
1.0,130.70377927497444,5.0
1.0,130.71540379332103,5.0
1.0,130.72702831166762,5.0
1.0,130.7502773483608,5.0
1.0,130.7666833684389,5.0
1.0,130.78308938851697,5.0
1.0,130.8066681979504,5.0
1.0,130.8302470073838,5.0
1.0,130.85382581681722,5.0
1.0,130.9103234020244,5.0
1.0,130.96682098723159,5.0
1.0,131.02331857243877,5.0
1.0,131.0940970037051,5.0
1.0,131.1648754349714,5.0
1.0,131.23565386623773,5.0
1.0,131.30643229750405,5.0
1.0,131.38517222022008,5.0
1.0,131.46391214293612,5.0
1.0,131.54265206565216,5.0
1.0,131.6213919883682,5.0
1.0,131.70013191108424,5.0
1.0,131.77887183380028,5.0
1.0,131.85761175651632,5.0
1.0,131.93635167923236,5.0
1.0,132.0150916019484,5.0
1.0,132.09383152466444,5.0
1.0,132.1050861672085,5.0
1.0,132.10699068715618,5.0
1.0,132.10889520710387,5.0
1.0,132.11270424699921,5.0
1.0,132.11651328689456,5.0
1.0,132.1269978834265,5.0
1.0,132.13748247995844,5.0
1.0,132.16410129220074,5.0
1.0,132.19072010444305,5.0
1.0,132.21733891668535,5.0
1.0,132.27919395266238,5.0
1.0,132.32922659198132,5.0
1.0,132.36893636290398,5.0
1.0,132.40864613382664,5.0
1.0,132.4483559047493,5.0
1.0,132.49700242412717,5.0
1.0,132.54564894350506,5.0
1.0,132.59429546288294,5.0
1.0,132.65660396990612,5.0
1.0,132.7189124769293,5.0
1.0,132.78122098395247,5.0
1.0,132.84352949097564,5.0
1.0,132.90583799799882,5.0
1.0,132.968146505022,5.0
1.0,133.03045501204517,5.0
1.0,133.1031277968769,5.0
1.0,133.17580058170861,5.0
1.0,133.24847336654034,5.0
1.0,133.32114615137206,5.0
1.0,133.3938189362038,5.0
1.0,133.4664917210355,5.0
1.0,133.53916450586723,5.0
1.0,133.61183729069896,5.0
1.0,133.68451007553068,5.0
1.0,133.7571828603624,5.0
1.0,133.82985564519413,5.0
1.0,133.90252843002585,5.0
1.0,133.97520121485758,5.0
1.0,134.0478739996893,5.0
1.0,134.12054678452103,5.0
1.0,134.19321956935275,5.0
1.0,134.26589235418447,5.0
1.0,134.3385651390162,5.0
1.0,134.41123792384792,5.0
1.0,134.48391070867964,5.0
1.0,134.55658349351137,5.0
1.0,134.5673066245752,5.0
1.0,134.57802975563902,5.0
1.0,134.58875288670285,5.0
1.0,134.61019914883053,5.0
1.0,134.626826761708,5.0
1.0,134.64345437458547,5.0
1.0,134.66800749895717,5.0
1.0,134.69256062332886,5.0
1.0,134.71711374770055,5.0
1.0,134.75068994233212,5.0
1.0,134.78426613696368,5.0
1.0,134.81784233159524,5.0
1.0,134.86353449068886,5.0
1.0,134.90922664978248,5.0
1.0,134.9549188088761,5.0
1.0,135.00061096796972,5.0
1.0,135.05408176629817,5.0
1.0,135.10755256462662,5.0
1.0,135.16102336295506,5.0
1.0,135.20452017204505,5.0
1.0,135.24801698113504,5.0
1.0,135.29151379022503,5.0
1.0,135.335010599315,5.0
1.0,135.378507408405,5.0
1.0,135.422004217495,5.0
1.0,135.47969063737509,5.0
1.0,135.53737705725518,5.0
1.0,135.59506347713528,5.0
1.0,135.65274989701538,5.0
1.0,135.72028867767446,5.0
1.0,135.78782745833354,5.0
1.0,135.85536623899262,5.0
1.0,135.9229050196517,5.0
1.0,136.00120647296967,5.0
1.0,136.07950792628765,5.0
1.0,136.15780937960562,5.0
1.0,136.2361108329236,5.0
1.0,136.31441228624158,5.0
1.0,136.39271373955955,5.0
1.0,136.47101519287753,5.0
1.0,136.5493166461955,5.0
1.0,136.60939866207215,5.0
1.0,136.65837217213448,5.0
1.0,136.7073456821968,5.0
1.0,136.75631919225913,5.0
1.0,136.80529270232145,5.0
1.0,136.8711791408273,5.0
1.0,136.93706557933317,5.0
1.0,137.00295201783902,5.0
1.0,137.06883845634488,5.0
1.0,137.1498240775858,5.0
1.0,137.23080969882673,5.0
1.0,137.31179532006766,5.0
1.0,137.3927809413086,5.0
1.0,137.4737665625495,5.0
1.0,137.55475218379044,5.0
1.0,137.63573780503137,5.0
1.0,137.7167234262723,5.0
1.0,137.79770904751322,5.0
1.0,137.80921579898094,5.0
1.0,137.82072255044866,5.0
1.0,137.83222930191639,5.0
1.0,137.8437360533841,5.0
1.0,137.86197053232615,5.0
1.0,137.8802050112682,5.0
1.0,137.89843949021025,5.0
1.0,137.95460885528905,5.0
1.0,138.01077822036785,5.0
1.0,138.06694758544666,5.0
1.0,138.13473386889046,5.0
1.0,138.20252015233427,5.0
1.0,138.27030643577808,5.0
1.0,138.3380927192219,5.0
1.0,138.42606822496325,5.0
1.0,138.5140437307046,5.0
1.0,138.60201923644595,5.0
1.0,138.6899947421873,5.0
1.0,138.77797024792866,5.0
1.0,138.86594575367002,5.0
1.0,138.95392125941137,5.0
1.0,139.04189676515273,5.0
1.0,139.12987227089408,5.0
1.0,139.200067021857,5.0
1.0,139.2702617728199,5.0
1.0,139.34045652378282,5.0
1.0,139.41065127474573,5.0
1.0,139.49308926279807,5.0
1.0,139.5598899414173,5.0
1.0,139.62669062003656,5.0
1.0,139.6934912986558,5.0
1.0,139.76029197727505,5.0
1.0,139.8270926558943,5.0
1.0,139.89389333451354,5.0
1.0,139.96069401313278,5.0
1.0,140.03594213524678,5.0
1.0,140.1111902573608,5.0
1.0,140.12248227576802,5.0
1.0,140.12418442396498,5.0
1.0,140.12588657216193,5.0
1.0,140.12929086855584,5.0
1.0,140.13269516494975,5.0
1.0,140.14402749756348,5.0
1.0,140.15535983017722,5.0
1.0,140.18579198028795,5.0
1.0,140.21622413039867,5.0
1.0,140.2466562805094,5.0
1.0,140.3022287891296,5.0
1.0,140.3578012977498,5.0
1.0,140.41337380637,5.0
1.0,140.4843616080047,5.0
1.0,140.55534940963938,5.0
1.0,140.62633721127406,5.0
1.0,140.69732501290875,5.0
1.0,140.7827186212625,5.0
1.0,140.86811222961623,5.0
1.0,140.95350583796997,5.0
1.0,141.0388994463237,5.0
1.0,141.12429305467745,5.0
1.0,141.2096866630312,5.0
1.0,141.22172498589322,5.0
1.0,141.23376330875524,5.0
1.0,141.24580163161727,5.0
1.0,141.2578399544793,5.0
1.0,141.27393617043484,5.0
1.0,141.29003238639038,5.0
1.0,141.30612860234592,5.0
1.0,141.3610627246579,5.0
1.0,141.41599684696988,5.0
1.0,141.47093096928185,5.0
1.0,141.52932109142188,5.0
1.0,141.5877112135619,5.0
1.0,141.64610133570193,5.0
1.0,141.70449145784195,5.0
1.0,141.78939038871042,5.0
1.0,141.87428931957888,5.0
1.0,141.95918825044734,5.0
1.0,142.0440871813158,5.0
1.0,142.12898611218426,5.0
1.0,142.21388504305273,5.0
1.0,142.2987839739212,5.0
1.0,142.38368290478965,5.0
1.0,142.39574611457527,5.0
1.0,142.4078093243609,5.0
1.0,142.41987253414652,5.0
1.0,142.43193574393214,5.0
1.0,142.44970473484787,5.0
1.0,142.4674737257636,5.0
1.0,142.48524271667932,5.0
1.0,142.5389799941932,5.0
1.0,142.59271727170707,5.0
1.0,142.64645454922095,5.0
1.0,142.7008827265548,5.0
1.0,142.75531090388864,5.0
1.0,142.8097390812225,5.0
1.0,142.86416725855634,5.0
1.0,142.95129934258443,5.0
1.0,143.022691710917,5.0
1.0,143.09408407924957,5.0
1.0,143.16547644758214,5.0
1.0,143.2368688159147,5.0
1.0,143.31598972220473,5.0
1.0,143.39511062849476,5.0
1.0,143.4742315347848,5.0
1.0,143.55335244107482,5.0
1.0,143.6186710573726,5.0
1.0,143.6839896736704,5.0
1.0,143.74930828996818,5.0
1.0,143.81462690626597,5.0
1.0,143.87994552256376,5.0
1.0,143.94526413886155,5.0
1.0,143.9549332800348,5.0
1.0,143.96460242120804,5.0
1.0,143.9742715623813,5.0
1.0,143.9907747164834,5.0
1.0,144.0072778705855,5.0
1.0,144.02378102468762,5.0
1.0,144.07485538240752,5.0
1.0,144.12592974012742,5.0
1.0,144.17700409784732,5.0
1.0,144.2280784555672,5.0
1.0,144.2791528132871,5.0
1.0,144.330227171007,5.0
1.0,144.3901464213632,5.0
1.0,144.4500656717194,5.0
1.0,144.50998492207557,5.0
1.0,144.56990417243176,5.0
1.0,144.62982342278795,5.0
1.0,144.68974267314414,5.0
1.0,144.74966192350033,5.0
1.0,144.83108369525587,5.0
1.0,144.9125054670114,5.0
1.0,144.99392723876696,5.0
1.0,145.0753490105225,5.0
1.0,145.15677078227804,5.0
1.0,145.2381925540336,5.0
1.0,145.31961432578913,5.0
1.0,145.40103609754468,5.0
1.0,145.41342680500858,5.0
1.0,145.4156060820683,5.0
1.0,145.41778535912803,5.0
1.0,145.41996463618776,5.0
1.0,145.4243231903072,5.0
1.0,145.42868174442665,5.0
1.0,145.44639015618952,5.0
1.0,145.4640985679524,5.0
1.0,145.48907068608287,5.0
1.0,145.51404280421335,5.0
1.0,145.53901492234382,5.0
1.0,145.5869380172514,5.0
1.0,145.634861112159,5.0
1.0,145.6827842070666,5.0
1.0,145.74445114642194,5.0
1.0,145.80611808577729,5.0
1.0,145.86778502513263,5.0
1.0,145.92945196448798,5.0
1.0,146.00626962226443,5.0
1.0,146.08308728004087,5.0
1.0,146.15990493781732,5.0
1.0,146.23672259559376,5.0
1.0,146.3135402533702,5.0
1.0,146.39035791114665,5.0
1.0,146.4671755689231,5.0
1.0,146.54399322669954,5.0
1.0,146.620810884476,5.0
1.0,146.69762854225243,5.0
1.0,146.77444620002888,5.0
1.0,146.85126385780532,5.0
1.0,146.92808151558177,5.0
1.0,147.0048991733582,5.0
1.0,147.06566806135964,5.0
1.0,147.11302892407488,5.0
1.0,147.16038978679012,5.0
1.0,147.20775064950536,5.0
1.0,147.2551115122206,5.0
1.0,147.32529312668808,5.0
1.0,147.39547474115557,5.0
1.0,147.46565635562305,5.0
1.0,147.53583797009054,5.0
1.0,147.61522343737408,5.0
1.0,147.69460890465763,5.0
1.0,147.77399437194117,5.0
1.0,147.85337983922471,5.0
1.0,147.93276530650826,5.0
1.0,148.0121507737918,5.0
1.0,148.09153624107535,5.0
1.0,148.1709217083589,5.0
1.0,148.25030717564243,5.0
1.0,148.32969264292598,5.0
1.0,148.40907811020952,5.0
1.0,148.48846357749306,5.0
1.0,148.5678490447766,5.0
1.0,148.64723451206015,5.0
1.0,148.7266199793437,5.0
1.0,148.80600544662724,5.0
1.0,148.88539091391078,5.0
1.0,148.96477638119433,5.0
1.0,149.04416184847787,5.0
1.0,149.1235473157614,5.0
1.0,149.20293278304496,5.0
1.0,149.26796400058433,5.0
1.0,149.3329952181237,5.0
1.0,149.39802643566307,5.0
1.0,149.46305765320244,5.0
1.0,149.5280888707418,5.0
1.0,149.59312008828118,5.0
1.0,149.65815130582055,5.0
1.0,149.72318252335992,5.0
1.0,149.7882137408993,5.0
1.0,149.85324495843867,5.0
1.0,149.91827617597804,5.0
1.0,149.9833073935174,5.0
1.0,150.04833861105678,5.0
1.0,150.12454479076422,5.0
1.0,150.20075097047166,5.0
1.0,150.2769571501791,5.0
1.0,150.35316332988654,5.0
1.0,150.42936950959398,5.0
1.0,150.50557568930142,5.0
1.0,150.58178186900886,5.0
1.0,150.6579880487163,5.0
1.0,150.73419422842375,5.0
1.0,150.8104004081312,5.0
1.0,150.88660658783863,5.0
1.0,150.96281276754607,5.0
1.0,151.0390189472535,5.0
1.0,151.0504216640302,5.0
1.0,151.0618243808069,5.0
1.0,151.0732270975836,5.0
1.0,151.0846298143603,5.0
1.0,151.10563345019648,5.0
1.0,151.12663708603264,5.0
1.0,151.1476407218688,5.0
1.0,151.20301547714263,5.0
1.0,151.25839023241645,5.0
1.0,151.31376498769026,5.0
1.0,151.36995316771362,5.0
1.0,151.42614134773697,5.0
1.0,151.48232952776033,5.0
1.0,151.53851770778368,5.0
1.0,151.6249014407899,5.0
1.0,151.7112851737961,5.0
1.0,151.79766890680233,5.0
1.0,151.88405263980854,5.0
1.0,151.97043637281476,5.0
1.0,152.05682010582098,5.0
1.0,152.1432038388272,5.0
1.0,152.2295875718334,5.0
1.0,152.31597130483962,5.0
1.0,152.40235503784584,5.0
1.0,152.48873877085205,5.0
1.0,152.57512250385827,5.0
1.0,152.66150623686448,5.0
1.0,152.7478899698707,5.0
1.0,152.8342737028769,5.0
1.0,152.92065743588313,5.0
1.0,153.00704116888934,5.0
1.0,153.09342490189556,5.0
1.0,153.17980863490178,5.0
1.0,153.2492158918964,5.0
1.0,153.31862314889102,5.0
1.0,153.38803040588564,5.0
1.0,153.45743766288027,5.0
1.0,153.5268449198749,5.0
1.0,153.5962521768695,5.0
1.0,153.66565943386414,5.0
1.0,153.73506669085876,5.0
1.0,153.80447394785338,5.0
1.0,153.873881204848,5.0
1.0,153.94328846184263,5.0
1.0,154.01269571883725,5.0
1.0,154.08210297583187,5.0
1.0,154.1515102328265,5.0
1.0,154.22091748982112,5.0
1.0,154.29032474681574,5.0
1.0,154.35973200381036,5.0
1.0,154.429139260805,5.0
1.0,154.4985465177996,5.0
1.0,154.56795377479423,5.0
1.0,154.63736103178886,5.0
1.0,154.70676828878348,5.0
1.0,154.7761755457781,5.0
1.0,154.83318619698565,5.0
1.0,154.8901968481932,5.0
1.0,154.94720749940075,5.0
1.0,155.0042181506083,5.0
1.0,155.06122880181584,5.0
1.0,155.1182394530234,5.0
1.0,155.17525010423094,5.0
1.0,155.2322607554385,5.0
1.0,155.28927140664604,5.0
1.0,155.29749167207171,5.0
1.0,155.30387002648237,5.0
1.0,155.31024838089303,5.0
1.0,155.3166267353037,5.0
1.0,155.329383444125,5.0
1.0,155.3421401529463,5.0
1.0,155.35985099109755,5.0
1.0,155.37756182924878,5.0
1.0,155.41620971823136,5.0
1.0,155.45485760721394,5.0
1.0,155.49350549619652,5.0
1.0,155.545264960235,5.0
1.0,155.59702442427346,5.0
1.0,155.64878388831193,5.0
1.0,155.7005433523504,5.0
1.0,155.75230281638886,5.0
1.0,155.80406228042733,5.0
1.0,155.87065798562838,5.0
1.0,155.93725369082944,5.0
1.0,156.0038493960305,5.0
1.0,156.07044510123154,5.0
1.0,156.1370408064326,5.0
1.0,156.20363651163365,5.0
1.0,156.2702322168347,5.0
1.0,156.34964312438368,5.0
1.0,156.42905403193265,5.0
1.0,156.50846493948163,5.0
1.0,156.5878758470306,5.0
1.0,156.66728675457958,5.0
1.0,156.74669766212855,5.0
1.0,156.82610856967753,5.0
1.0,156.91362022369862,5.0
1.0,157.0011318777197,5.0
1.0,157.0886435317408,5.0
1.0,157.17615518576187,5.0
1.0,157.26366683978296,5.0
1.0,157.35117849380404,5.0
1.0,157.43869014782513,5.0
1.0,157.5262018018462,5.0
1.0,157.6137134558673,5.0
1.0,157.6830608742614,5.0
1.0,157.7524082926555,5.0
1.0,157.8217557110496,5.0
1.0,157.8911031294437,5.0
1.0,157.9604505478378,5.0
1.0,158.0297979662319,5.0
1.0,158.099145384626,5.0
1.0,158.16115656086023,5.0
1.0,158.21249584125349,5.0
1.0,158.26383512164674,5.0
1.0,158.31517440204,5.0
1.0,158.36651368243324,5.0
1.0,158.446753416804,5.0
1.0,158.52699315117476,5.0
1.0,158.60723288554553,5.0
1.0,158.6874726199163,5.0
1.0,158.76771235428706,5.0
1.0,158.84795208865782,5.0
1.0,158.92819182302858,5.0
1.0,159.00843155739935,5.0
1.0,159.0886712917701,5.0
1.0,159.16891102614088,5.0
1.0,159.24915076051164,5.0
1.0,159.3293904948824,5.0
1.0,159.40963022925317,5.0
1.0,159.48986996362393,5.0
1.0,159.50185796234186,5.0
1.0,159.5138459610598,5.0
1.0,159.5258339597777,5.0
1.0,159.53782195849564,5.0
1.0,159.55879996322628,5.0
1.0,159.57977796795691,5.0
1.0,159.60075597268755,5.0
1.0,159.65459600885552,5.0
1.0,159.7084360450235,5.0
1.0,159.76227608119146,5.0
1.0,159.81978983412796,5.0
1.0,159.87730358706446,5.0
1.0,159.93481734000096,5.0
1.0,159.99233109293746,5.0
1.0,160.0772134381516,5.0
1.0,160.16209578336574,5.0
1.0,160.24697812857988,5.0
1.0,160.33186047379402,5.0
1.0,160.41674281900816,5.0
1.0,160.5016251642223,5.0
1.0,160.58650750943644,5.0
1.0,160.67138985465058,5.0
1.0,160.68368012139652,5.0
1.0,160.69597038814246,5.0
1.0,160.7082606548884,5.0
1.0,160.72055092163433,5.0
1.0,160.73848898805767,5.0
1.0,160.756427054481,5.0
1.0,160.77436512090435,5.0
1.0,160.82753755726262,5.0
1.0,160.88070999362088,5.0
1.0,160.93388242997915,5.0
1.0,160.99780942858695,5.0
1.0,161.06173642719475,5.0
1.0,161.12566342580254,5.0
1.0,161.18959042441034,5.0
1.0,161.27591072217186,5.0
1.0,161.3466361579845,5.0
1.0,161.41736159379715,5.0
1.0,161.4880870296098,5.0
1.0,161.55881246542245,5.0
1.0,161.64043136632782,5.0
1.0,161.7220502672332,5.0
1.0,161.80366916813855,5.0
1.0,161.88528806904392,5.0
1.0,161.9494121380823,5.0
1.0,162.00222080968686,5.0
1.0,162.05502948129143,5.0
1.0,162.107838152896,5.0
1.0,162.16064682450056,5.0
1.0,162.231652387597,5.0
1.0,162.30265795069343,5.0
1.0,162.37366351378986,5.0
1.0,162.4446690768863,5.0
1.0,162.51567463998273,5.0
1.0,162.58668020307917,5.0
1.0,162.6576857661756,5.0
1.0,162.73624678833116,5.0
1.0,162.8148078104867,5.0
1.0,162.89336883264227,5.0
1.0,162.97192985479782,5.0
1.0,163.05049087695338,5.0
1.0,163.12905189910893,5.0
1.0,163.20761292126448,5.0
1.0,163.28617394342004,5.0
1.0,163.3647349655756,5.0
1.0,163.44329598773115,5.0
1.0,163.5218570098867,5.0
1.0,163.60041803204226,5.0
1.0,163.6789790541978,5.0
1.0,163.75754007635337,5.0
1.0,163.83610109850892,5.0
1.0,163.91466212066447,5.0
1.0,163.97472048974572,5.0
1.0,164.02402377910076,5.0
1.0,164.0733270684558,5.0
1.0,164.12263035781083,5.0
1.0,164.17193364716587,5.0
1.0,164.24400791542666,5.0
1.0,164.31608218368746,5.0
1.0,164.38815645194825,5.0
1.0,164.46023072020904,5.0
1.0,164.53230498846983,5.0
1.0,164.60437925673062,5.0
1.0,164.67645352499142,5.0
1.0,164.7561776322181,5.0
1.0,164.8359017394448,5.0
1.0,164.9156258466715,5.0
1.0,164.9953499538982,5.0
1.0,165.0750740611249,5.0
1.0,165.1547981683516,5.0
1.0,165.1668709495478,5.0
1.0,165.1691231816844,5.0
1.0,165.17137541382098,5.0
1.0,165.17362764595757,5.0
1.0,165.17813211023073,5.0
1.0,165.1826365745039,5.0
1.0,165.20127640512777,5.0
1.0,165.21991623575164,5.0
1.0,165.2385560663755,5.0
1.0,165.2972820978761,5.0
1.0,165.35600812937668,5.0
1.0,165.41473416087726,5.0
1.0,165.4827287070791,5.0
1.0,165.55072325328095,5.0
1.0,165.6187177994828,5.0
1.0,165.68671234568464,5.0
1.0,165.76737733039724,5.0
1.0,165.84804231510984,5.0
1.0,165.92870729982243,5.0
1.0,166.00937228453503,5.0
1.0,166.09973936582335,5.0
1.0,166.19010644711167,5.0
1.0,166.2804735284,5.0
1.0,166.37084060968832,5.0
1.0,166.46120769097664,5.0
1.0,166.55157477226496,5.0
1.0,166.64194185355328,5.0
1.0,166.7323089348416,5.0
1.0,166.82267601612992,5.0
1.0,166.91304309741824,5.0
1.0,167.00341017870656,5.0
1.0,167.01501186909346,5.0
1.0,167.01679535427164,5.0
1.0,167.01857883944982,5.0
1.0,167.0221458098062,5.0
1.0,167.0257127801626,5.0
1.0,167.03774237429013,5.0
1.0,167.04977196841767,5.0
1.0,167.08466850775855,5.0
1.0,167.11956504709943,5.0
1.0,167.1544615864403,5.0
1.0,167.206895345725,5.0
1.0,167.2593291050097,5.0
1.0,167.3117628642944,5.0
1.0,167.3641966235791,5.0
1.0,167.4166303828638,5.0
1.0,167.46906414214848,5.0
1.0,167.52919390538042,5.0
1.0,167.58932366861237,5.0
1.0,167.6494534318443,5.0
1.0,167.70958319507625,5.0
1.0,167.7697129583082,5.0
1.0,167.82984272154013,5.0
1.0,167.88997248477207,5.0
1.0,167.96095910531034,5.0
1.0,168.0319457258486,5.0
1.0,168.10293234638686,5.0
1.0,168.17391896692513,5.0
1.0,168.25282497614333,5.0
1.0,168.33173098536153,5.0
1.0,168.41063699457973,5.0
1.0,168.48954300379793,5.0
1.0,168.56844901301614,5.0
1.0,168.64735502223434,5.0
1.0,168.72626103145254,5.0
1.0,168.80516704067074,5.0
1.0,168.88407304988894,5.0
1.0,168.96297905910714,5.0
1.0,169.04188506832534,5.0
1.0,169.12079107754354,5.0
1.0,169.19969708676174,5.0
1.0,169.27860309597995,5.0
1.0,169.35750910519815,5.0
1.0,169.43641511441635,5.0
1.0,169.51532112363455,5.0
1.0,169.59422713285275,5.0
1.0,169.67313314207095,5.0
1.0,169.75203915128915,5.0
1.0,169.83094516050735,5.0
1.0,169.90985116972556,5.0
1.0,169.98875717894376,5.0
1.0,170.06766318816196,5.0
1.0,170.14656919738016,5.0
1.0,170.22547520659836,5.0
1.0,170.28596628863934,5.0
1.0,170.33577551989526,5.0
1.0,170.38558475115119,5.0
1.0,170.4353939824071,5.0
1.0,170.48520321366303,5.0
1.0,170.55753150628857,5.0
1.0,170.6298597989141,5.0
1.0,170.70218809153965,5.0
1.0,170.7745163841652,5.0
1.0,170.84684467679074,5.0
1.0,170.91917296941628,5.0
1.0,170.99150126204182,5.0
1.0,171.07130505205583,5.0
1.0,171.13768902755166,5.0
1.0,171.20407300304748,5.0
1.0,171.2704569785433,5.0
1.0,171.33684095403913,5.0
1.0,171.41581966648096,5.0
1.0,171.49479837892278,5.0
1.0,171.5737770913646,5.0
1.0,171.63696060996952,5.0
1.0,171.68726402256698,5.0
1.0,171.73756743516444,5.0
1.0,171.7878708477619,5.0
1.0,171.83817426035935,5.0
1.0,171.91137035424504,5.0
1.0,171.98456644813072,5.0
1.0,172.0577625420164,5.0
1.0,172.1309586359021,5.0
1.0,172.20415472978777,5.0
1.0,172.27735082367346,5.0
1.0,172.35054691755914,5.0
1.0,172.42374301144483,5.0
1.0,172.4969391053305,5.0
1.0,172.5701351992162,5.0
1.0,172.64333129310188,5.0
1.0,172.71652738698756,5.0
1.0,172.78972348087325,5.0
1.0,172.86291957475893,5.0
1.0,172.92059463259832,5.0
1.0,172.9782696904377,5.0
1.0,173.0359447482771,5.0
1.0,173.0936198061165,5.0
1.0,173.15725879482667,5.0
1.0,173.22089778353686,5.0
1.0,173.28453677224704,5.0
1.0,173.34817576095722,5.0
1.0,173.4118147496674,5.0
1.0,173.47545373837758,5.0
1.0,173.483415840806,5.0
1.0,173.4895031052196,5.0
1.0,173.4955903696332,5.0
1.0,173.50167763404679,5.0
1.0,173.5110898320296,5.0
1.0,173.5205020300124,5.0
1.0,173.53634319226813,5.0
1.0,173.55218435452386,5.0
1.0,173.58072570428376,5.0
1.0,173.60926705404367,5.0
1.0,173.63780840380358,5.0
1.0,173.68107442185988,5.0
1.0,173.72434043991618,5.0
1.0,173.76760645797248,5.0
1.0,173.82605042878347,5.0
1.0,173.88449439959447,5.0
1.0,173.94293837040547,5.0
1.0,174.00138234121647,5.0
1.0,174.05982631202747,5.0
1.0,174.11827028283847,5.0
1.0,174.17671425364946,5.0
1.0,174.24771958138192,5.0
1.0,174.31872490911437,5.0
1.0,174.38973023684682,5.0
1.0,174.46073556457927,5.0
1.0,174.53174089231172,5.0
1.0,174.60274622004417,5.0
1.0,174.67375154777662,5.0
1.0,174.74475687550907,5.0
1.0,174.81576220324152,5.0
1.0,174.8741471824968,5.0
1.0,174.9325321617521,5.0
1.0,174.9909171410074,5.0
1.0,175.0493021202627,5.0
1.0,175.1162083877374,5.0
1.0,175.1831146552121,5.0
1.0,175.25002092268682,5.0
1.0,175.2606648179684,5.0
1.0,175.27130871325,5.0
1.0,175.28195260853158,5.0
1.0,175.30324039909476,5.0
1.0,175.32029099284208,5.0
1.0,175.3373415865894,5.0
1.0,175.3626963810817,5.0
1.0,175.388051175574,5.0
1.0,175.4134059700663,5.0
1.0,175.44889013057323,5.0
1.0,175.48437429108017,5.0
1.0,175.5198584515871,5.0
1.0,175.56651797651392,5.0
1.0,175.61317750144073,5.0
1.0,175.65983702636754,5.0
1.0,175.70649655129435,5.0
1.0,175.7614599437996,5.0
1.0,175.80712662709539,5.0
1.0,175.85279331039118,5.0
1.0,175.89845999368697,5.0
1.0,175.94903605300848,5.0
1.0,175.99961211233,5.0
1.0,176.0501881716515,5.0
1.0,176.10076423097303,5.0
1.0,176.15640835408246,5.0
1.0,176.2120524771919,5.0
1.0,176.2120636060165,5.0
1.0,176.2120747348411,5.0
1.0,176.21208586366572,5.0
1.0,176.21209699249033,5.0
1.0,176.21210812131494,5.0
1.0,176.2121303789642,5.0
1.0,176.21215263661344,5.0
1.0,176.21231015314316,5.0
1.0,176.2124676696729,5.0
1.0,176.21293233932516,5.0
1.0,176.21339700897744,5.0
1.0,176.21478501328016,5.0
1.0,176.2161730175829,5.0
1.0,176.22074003309913,5.0
1.0,176.22530704861538,5.0
1.0,176.24593199022658,5.0
1.0,176.26175232548624,5.0
1.0,176.2775726607459,5.0
1.0,176.2976524485944,5.0
1.0,176.31773223644288,5.0
1.0,176.33781202429137,5.0
1.0,176.37752170392548,5.0
1.0,176.4172313835596,5.0
1.0,176.4569410631937,5.0
1.0,176.5089315854608,5.0
1.0,176.5609221077279,5.0
1.0,176.61291262999498,5.0
1.0,176.66490315226207,5.0
1.0,176.71689367452916,5.0
1.0,176.76888419679625,5.0
1.0,176.83807700606138,5.0
1.0,176.90726981532652,5.0
1.0,176.96445200735454,5.0
1.0,177.02163419938256,5.0
1.0,177.07881639141058,5.0
1.0,177.1359985834386,5.0
1.0,177.20003106807889,5.0
1.0,177.26406355271916,5.0
1.0,177.32809603735944,5.0
1.0,177.39212852199972,5.0
1.0,177.47089647127294,5.0
1.0,177.54966442054615,5.0
1.0,177.62843236981936,5.0
1.0,177.69306304459184,5.0
1.0,177.7576937193643,5.0
1.0,177.82232439413679,5.0
1.0,177.88695506890926,5.0
1.0,177.9690590282339,5.0
1.0,178.0511629875585,5.0
1.0,178.13326694688314,5.0
1.0,178.21537090620777,5.0
1.0,178.2974748655324,5.0
1.0,178.37957882485702,5.0
1.0,178.46168278418165,5.0
1.0,178.54378674350627,5.0
1.0,178.6258907028309,5.0
1.0,178.70799466215553,5.0
1.0,178.79009862148015,5.0
1.0,178.87220258080478,5.0
1.0,178.9543065401294,5.0
1.0,179.03641049945404,5.0
1.0,179.11851445877866,5.0
1.0,179.2006184181033,5.0
1.0,179.28272237742792,5.0
1.0,179.36482633675254,5.0
1.0,179.44693029607717,5.0
1.0,179.5290342554018,5.0
1.0,179.61113821472642,5.0
1.0,179.69324217405105,5.0
1.0,179.77534613337568,5.0
1.0,179.8574500927003,5.0
1.0,179.93955405202493,5.0
1.0,180.03132365306345,5.0
1.0,180.12309325410197,5.0
1.0,180.2148628551405,5.0
1.0,180.30663245617902,5.0
1.0,180.39840205721754,5.0
1.0,180.49017165825606,5.0
1.0,180.58194125929458,5.0
1.0,180.6737108603331,5.0
1.0,180.76548046137162,5.0
1.0,180.8417711468598,5.0
1.0,180.91806183234797,5.0
1.0,180.99435251783615,5.0
1.0,181.07064320332432,5.0
1.0,181.1469338888125,5.0
1.0,181.22322457430067,5.0
1.0,181.29951525978885,5.0
1.0,181.37580594527702,5.0
1.0,181.4520966307652,5.0
1.0,181.52838731625337,5.0
1.0,181.60467800174155,5.0
1.0,181.68096868722972,5.0
1.0,181.7572593727179,5.0
1.0,181.84720564695502,5.0
1.0,181.93715192119214,5.0
1.0,182.02709819542926,5.0
1.0,182.11704446966638,5.0
1.0,182.2069907439035,5.0
1.0,182.29693701814062,5.0
1.0,182.38688329237775,5.0
1.0,182.47682956661487,5.0
1.0,182.566775840852,5.0
1.0,182.5790313489357,5.0
1.0,182.5912868570194,5.0
1.0,182.60354236510312,5.0
1.0,182.61819881176174,5.0
1.0,182.63285525842036,5.0
1.0,182.6578538403615,5.0
1.0,182.68285242230263,5.0
1.0,182.70785100424376,5.0
1.0,182.75930271608044,5.0
1.0,182.81075442791712,5.0
1.0,182.8622061397538,5.0
1.0,182.9270748854758,5.0
1.0,182.9919436311978,5.0
1.0,183.05681237691982,5.0
1.0,183.12168112264183,5.0
1.0,183.21132159798995,5.0
1.0,183.30096207333807,5.0
1.0,183.3906025486862,5.0
1.0,183.4802430240343,5.0
1.0,183.56988349938243,5.0
1.0,183.65952397473055,5.0
1.0,183.74916445007867,5.0
1.0,183.81577909968627,5.0
1.0,183.8673064998084,5.0
1.0,183.91883389993052,5.0
1.0,183.97036130005264,5.0
1.0,184.02188870017477,5.0
1.0,184.09035945868268,5.0
1.0,184.1588302171906,5.0
1.0,184.2273009756985,5.0
1.0,184.29577173420643,5.0
1.0,184.37726932721694,5.0
1.0,184.45876692022745,5.0
1.0,184.54026451323796,5.0
1.0,184.62176210624847,5.0
1.0,184.70325969925898,5.0
1.0,184.7847572922695,5.0
1.0,184.86625488528,5.0
1.0,184.9477524782905,5.0
1.0,185.02925007130102,5.0
1.0,185.11074766431153,5.0
1.0,185.17533848985818,5.0
1.0,185.23992931540482,5.0
1.0,185.30452014095147,5.0
1.0,185.3691109664981,5.0
1.0,185.43370179204476,5.0
1.0,185.4982926175914,5.0
1.0,185.56288344313805,5.0
1.0,185.6274742686847,5.0
1.0,185.69206509423134,5.0
1.0,185.75665591977798,5.0
1.0,185.83639121575317,5.0
1.0,185.91612651172835,5.0
1.0,185.99586180770353,5.0
1.0,186.07559710367872,5.0
1.0,186.1553323996539,5.0
1.0,186.23506769562908,5.0
1.0,186.31480299160427,5.0
1.0,186.39453828757945,5.0
1.0,186.45534634993382,5.0
1.0,186.50551432071873,5.0
1.0,186.55568229150364,5.0
1.0,186.60585026228856,5.0
1.0,186.65601823307347,5.0
1.0,186.72998711561016,5.0
1.0,186.80395599814685,5.0
1.0,186.87792488068354,5.0
1.0,186.95189376322023,5.0
1.0,187.03737626247295,5.0
1.0,187.12285876172567,5.0
1.0,187.2083412609784,5.0
1.0,187.2938237602311,5.0
1.0,187.37930625948383,5.0
1.0,187.46478875873655,5.0
1.0,187.55027125798927,5.0
1.0,187.635753757242,5.0
1.0,187.7212362564947,5.0
1.0,187.80671875574743,5.0
1.0,187.89220125500015,5.0
1.0,187.97768375425287,5.0
1.0,188.06316625350559,5.0
1.0,188.1486487527583,5.0
1.0,188.23413125201103,5.0
1.0,188.31961375126374,5.0
1.0,188.40509625051646,5.0
1.0,188.47208005075015,5.0
1.0,188.5278427040551,5.0
1.0,188.58360535736006,5.0
1.0,188.639368010665,5.0
1.0,188.69513066396996,5.0
1.0,188.77626575801648,5.0
1.0,188.857400852063,5.0
1.0,188.9385359461095,5.0
1.0,189.01967104015603,5.0
1.0,189.10080613420254,5.0
1.0,189.18194122824906,5.0
1.0,189.26307632229557,5.0
1.0,189.32921753341304,5.0
1.0,189.38361783587786,5.0
1.0,189.43801813834267,5.0
1.0,189.49241844080748,5.0
1.0,189.5468187432723,5.0
1.0,189.62065933015558,5.0
1.0,189.69449991703885,5.0
1.0,189.76834050392213,5.0
1.0,189.8421810908054,5.0
1.0,189.9160216776887,5.0
1.0,189.98986226457197,5.0
1.0,190.06370285145525,5.0
1.0,190.14844499700834,5.0
1.0,190.23318714256143,5.0
1.0,190.31792928811453,5.0
1.0,190.38481290367062,5.0
1.0,190.39549461097857,5.0
1.0,190.40617631828653,5.0
1.0,190.41685802559448,5.0
1.0,190.43822144021036,5.0
1.0,190.45958485482623,5.0
1.0,190.4809482694421,5.0
1.0,190.53993897526618,5.0
1.0,190.59892968109025,5.0
1.0,190.65792038691433,5.0
1.0,190.72401438071904,5.0
1.0,190.79010837452375,5.0
1.0,190.85620236832847,5.0
1.0,190.92229636213318,5.0
1.0,191.02030577847788,5.0
1.0,191.1011520671321,5.0
1.0,191.1819983557863,5.0
1.0,191.26284464444052,5.0
1.0,191.34369093309473,5.0
1.0,191.42453722174895,5.0
1.0,191.50538351040316,5.0
1.0,191.58622979905738,5.0
1.0,191.6670760877116,5.0
1.0,191.7479223763658,5.0
1.0,191.75955695834574,5.0
1.0,191.76792927762742,5.0
1.0,191.7763015969091,5.0
1.0,191.78467391619077,5.0
1.0,191.79508046902947,5.0
1.0,191.80548702186817,5.0
1.0,191.81589357470688,5.0
1.0,191.83460768851833,5.0
1.0,191.8533218023298,5.0
1.0,191.87203591614124,5.0
1.0,191.94352208873016,5.0
1.0,191.99963617380516,5.0
1.0,192.04310260706328,5.0
1.0,192.0865690403214,5.0
1.0,192.1300354735795,5.0
1.0,192.18349155042995,5.0
1.0,192.2369476272804,5.0
1.0,192.29040370413082,5.0
1.0,192.35879211091356,5.0
1.0,192.42718051769629,5.0
1.0,192.49556892447902,5.0
1.0,192.56395733126175,5.0
1.0,192.63234573804448,5.0
1.0,192.7007341448272,5.0
1.0,192.76912255160994,5.0
1.0,192.84446613660077,5.0
1.0,192.9198097215916,5.0
1.0,192.99515330658244,5.0
1.0,193.07049689157327,5.0
1.0,193.1594945445607,5.0
1.0,193.2484921975481,5.0
1.0,193.33748985053552,5.0
1.0,193.42648750352294,5.0
1.0,193.51548515651035,5.0
1.0,193.60448280949777,5.0
1.0,193.69348046248518,5.0
1.0,193.7824781154726,5.0
1.0,193.87147576846002,5.0
1.0,193.96047342144743,5.0
1.0,194.04947107443485,5.0
1.0,194.13846872742226,5.0
1.0,194.22746638040968,5.0
1.0,194.3164640333971,5.0
1.0,194.4054616863845,5.0
1.0,194.49445933937193,5.0
1.0,194.5621613983996,5.0
1.0,194.6298634574273,5.0
1.0,194.69756551645497,5.0
1.0,194.76526757548265,5.0
1.0,194.83296963451033,5.0
1.0,194.90067169353802,5.0
1.0,194.9683737525657,5.0
1.0,195.04929375579408,5.0
1.0,195.13021375902247,5.0
1.0,195.21113376225085,5.0
1.0,195.29205376547924,5.0
1.0,195.37297376870762,5.0
1.0,195.453893771936,5.0
1.0,195.5348137751644,5.0
1.0,195.61573377839278,5.0
1.0,195.69665378162117,5.0
1.0,195.77757378484955,5.0
1.0,195.85849378807794,5.0
1.0,195.93941379130632,5.0
1.0,196.0203337945347,5.0
1.0,196.1012537977631,5.0
1.0,196.18217380099148,5.0
1.0,196.26309380421986,5.0
1.0,196.34401380744825,5.0
1.0,196.42493381067663,5.0
1.0,196.50585381390502,5.0
1.0,196.5867738171334,5.0
1.0,196.6676938203618,5.0
1.0,196.74861382359018,5.0
1.0,196.82953382681856,5.0
1.0,196.91045383004695,5.0
1.0,196.99137383327533,5.0
1.0,197.07229383650372,5.0
1.0,197.1532138397321,5.0
1.0,197.2341338429605,5.0
1.0,197.31505384618887,5.0
1.0,197.32738474085383,5.0
1.0,197.3294522543499,5.0
1.0,197.33151976784595,5.0
1.0,197.3356547948381,5.0
1.0,197.33978982183024,5.0
1.0,197.354130539239,5.0
1.0,197.36847125664778,5.0
1.0,197.40358986003255,5.0
1.0,197.43870846341733,5.0
1.0,197.4738270668021,5.0
1.0,197.5356136536305,5.0
1.0,197.59740024045888,5.0
1.0,197.65918682728727,5.0
1.0,197.72097341411566,5.0
1.0,197.78276000094405,5.0
1.0,197.84454658777244,5.0
1.0,197.9126045605381,5.0
1.0,197.98066253330379,5.0
1.0,198.04872050606946,5.0
1.0,198.11677847883513,5.0
1.0,198.1848364516008,5.0
1.0,198.25289442436647,5.0
1.0,198.32095239713215,5.0
1.0,198.38901036989782,5.0
1.0,198.4570683426635,5.0
1.0,198.52512631542916,5.0
1.0,198.6091968065979,5.0
1.0,198.69326729776665,5.0
1.0,198.7773377889354,5.0
1.0,198.84159329745967,5.0
1.0,198.90584880598394,5.0
1.0,198.9701043145082,5.0
1.0,199.03435982303247,5.0
1.0,199.12549438193795,5.0
1.0,199.21662894084344,5.0
1.0,199.30776349974892,5.0
1.0,199.3988980586544,5.0
1.0,199.49003261755988,5.0
1.0,199.58116717646536,5.0
1.0,199.67230173537084,5.0
1.0,199.76343629427632,5.0
1.0,199.8545708531818,5.0
1.0,199.94570541208728,5.0
1.0,200.03683997099276,5.0
1.0,200.12797452989824,5.0
1.0,200.21910908880372,5.0
1.0,200.3102436477092,5.0
1.0,200.40137820661468,5.0
1.0,200.49251276552016,5.0
1.0,200.56210888791534,5.0
1.0,200.57349345085154,5.0
1.0,200.58487801378774,5.0
1.0,200.59626257672394,5.0
1.0,200.6144666193419,5.0
1.0,200.63267066195985,5.0
1.0,200.65795662291254,5.0
1.0,200.68324258386522,5.0
1.0,200.7085285448179,5.0
1.0,200.7591338983833,5.0
1.0,200.8097392519487,5.0
1.0,200.86034460551411,5.0
1.0,200.93312709267545,5.0
1.0,201.00590957983678,5.0
1.0,201.07869206699812,5.0
1.0,201.15147455415945,5.0
1.0,201.24751457548518,5.0
1.0,201.34355459681092,5.0
1.0,201.43959461813665,5.0
1.0,201.5356346394624,5.0
1.0,201.63167466078812,5.0
1.0,201.72771468211386,5.0
1.0,201.8237547034396,5.0
1.0,201.83664771977598,5.0
1.0,201.83900163606356,5.0
1.0,201.84135555235113,5.0
1.0,201.8460633849263,5.0
1.0,201.8507712175015,5.0
1.0,201.8667849332125,5.0
1.0,201.8827986489235,5.0
1.0,201.91553183575903,5.0
1.0,201.94826502259454,5.0
1.0,201.98099820943006,5.0
1.0,202.04850593236134,5.0
1.0,202.11601365529262,5.0
1.0,202.1835213782239,5.0
1.0,202.26691273238467,5.0
1.0,202.35030408654544,5.0
1.0,202.4336954407062,5.0
1.0,202.51708679486697,5.0
1.0,202.61865441919196,5.0
1.0,202.72022204351694,5.0
1.0,202.82178966784193,5.0
1.0,202.9233572921669,5.0
1.0,203.0249249164919,5.0
1.0,203.12649254081688,5.0
1.0,203.20948893380864,5.0
1.0,203.2924853268004,5.0
1.0,203.37548171979216,5.0
1.0,203.45847811278392,5.0
1.0,203.54147450577568,5.0
1.0,203.62447089876744,5.0
1.0,203.7074672917592,5.0
1.0,203.82334688228107,5.0
1.0,203.93922647280294,5.0
1.0,204.03572293489856,5.0
1.0,204.13221939699417,5.0
1.0,204.2287158590898,5.0
1.0,204.3252123211854,5.0
1.0,204.42170878328102,5.0
1.0,204.4347252701201,5.0
1.0,204.43689198927476,5.0
1.0,204.4390587084294,5.0
1.0,204.44339214673872,5.0
1.0,204.44772558504803,5.0
1.0,204.46904129475365,5.0
1.0,204.49035700445927,5.0
1.0,204.5116727141649,5.0
1.0,204.57952861486393,5.0
1.0,204.64738451556298,5.0
1.0,204.71524041626202,5.0
1.0,204.79899697050325,5.0
1.0,204.8827535247445,5.0
1.0,204.96651007898572,5.0
1.0,205.05026663322695,5.0
1.0,205.06107886496932,5.0
1.0,205.07189109671168,5.0
1.0,205.08270332845404,5.0
1.0,205.10432779193877,5.0
1.0,205.1259522554235,5.0
1.0,205.14757671890823,5.0
1.0,205.18287086653314,5.0
1.0,205.21816501415805,5.0
1.0,205.25345916178296,5.0
1.0,205.28875330940787,5.0
1.0,205.3392822441877,5.0
1.0,205.38150968198514,5.0
1.0,205.41288280611218,5.0
1.0,205.44425593023922,5.0
1.0,205.46973526318516,5.0
1.0,205.4952145961311,5.0
1.0,205.51383688103334,5.0
1.0,205.5324591659356,5.0
1.0,205.5475397146718,5.0
1.0,205.56262026340804,5.0
1.0,205.57770081214426,5.0
1.0,205.59278136088048,5.0
1.0,205.59497964542217,5.0
1.0,205.59717792996386,5.0
1.0,205.59937621450555,5.0
1.0,205.60377278358897,5.0
1.0,205.60816935267238,5.0
1.0,205.6125659217558,5.0
1.0,205.62088421735325,5.0
1.0,205.6292025129507,5.0
1.0,205.63752080854817,5.0
1.0,205.64583910414564,5.0
1.0,205.6561326324872,5.0
1.0,205.6664261608288,5.0
1.0,205.67671968917037,5.0
1.0,205.6913204571974,5.0
1.0,205.70592122522444,5.0
1.0,205.72052199325148,5.0
1.0,205.73512276127852,5.0
1.0,205.74972352930556,5.0
1.0,205.7643242973326,5.0
1.0,205.77892506535963,5.0
1.0,205.79663570237796,5.0
1.0,205.81434633939628,5.0
1.0,205.8320569764146,5.0
1.0,205.84976761343293,5.0
1.0,205.88422142692687,5.0
1.0,205.9186752404208,5.0
1.0,205.95312905391475,5.0
1.0,205.9875828674087,5.0
1.0,206.0471444086212,5.0
1.0,206.1067059498337,5.0
1.0,206.1662674910462,5.0
1.0,206.2258290322587,5.0
1.0,206.33193964377068,5.0
1.0,206.43805025528266,5.0
1.0,206.51596808245455,5.0
1.0,206.57578653398133,5.0
1.0,206.6356049855081,5.0
1.0,206.6954234370349,5.0
1.0,206.70392294304736,5.0
1.0,206.71242244905983,5.0
1.0,206.7209219550723,5.0
1.0,206.73792096709724,5.0
1.0,206.75491997912218,5.0
1.0,206.7755535395764,5.0
1.0,206.79231005301202,5.0
1.0,206.80906656644763,5.0
1.0,206.83617721274868,5.0
1.0,206.86328785904973,5.0
1.0,206.8903985053508,5.0
1.0,206.93682004321272,5.0
1.0,206.98324158107465,5.0
1.0,207.02966311893658,5.0
1.0,207.0912569079025,5.0
1.0,207.15285069686843,5.0
1.0,207.21444448583435,5.0
1.0,207.27603827480027,5.0
1.0,207.35427875332928,5.0
1.0,207.4325192318583,5.0
1.0,207.5107597103873,5.0
1.0,207.58900018891632,5.0
1.0,207.66724066744533,5.0
1.0,207.74548114597434,5.0
1.0,207.82372162450335,5.0
1.0,207.91002289602787,5.0
1.0,207.9963241675524,5.0
1.0,208.0826254390769,5.0
1.0,208.18332898621532,5.0
1.0,208.28403253335372,5.0
1.0,208.38473608049213,5.0
1.0,208.48543962763054,5.0
1.0,208.58614317476895,5.0
1.0,208.68684672190736,5.0
1.0,208.78755026904577,5.0
1.0,208.93396165951003,5.0
1.0,209.0803730499743,5.0
1.0,209.22678444043856,5.0
1.0,209.48482706433447,5.0
1.0,209.74286968823037,5.0
1.0,210.00091231212627,5.0
1.0,210.25895493602218,5.0
1.0,210.57812375569657,5.0
1.0,210.89729257537095,5.0
1.0,211.21646139504534,5.0
1.0,211.53563021471973,5.0
1.0,212.02120731806946,5.0
1.0,212.50678442141918,5.0
1.0,212.9923615247689,5.0
1.0,213.47793862811864,5.0
1.0,214.1810497491024,5.0
1.0,214.8841608700862,5.0
1.0,215.58727199106997,5.0
1.0,216.29038311205375,5.0
1.0,217.58431643574895,5.0
1.0,218.87824975944415,5.0
1.0,220.17218308313934,5.0
1.0,225.07610387754414,5.0
1.0,229.98002467194894,5.0
1.0,234.88394546635374,5.0
1.0,239.78786626075853,5.0
1.0,248.92748914071294,5.0
1.0,258.0671120206673,5.0
1.0,267.2067349006217,5.0
1.0,351.6401314403307,5.0
1.0,436.0735279800397,5.0
1.0,1280.4074933771299,5.0
1.0,2000.0,5.0
