g,t,h_max
0.0001,0.0,1.0698216699004093
0.0001,0.0008177978913299917,1.068850631543081
0.0001,0.0010222473641624897,1.0686048969461501
0.0001,0.001073359732370614,1.0685488396106293
0.0001,0.0010759203155422524,1.0685444484504987
0.0001,0.0010784808987138908,1.0685401014754603
0.0001,0.0010810414818855291,1.068536068157855
0.0001,0.0010836020650571675,1.0685323189377212
0.0001,0.0010861626482288058,1.0685287798042575
0.0001,0.0010887232314004442,1.0685253869150209
0.0001,0.0010912838145720825,1.068522093635235
0.0001,0.0010938443977437208,1.0685188676169655
0.0001,0.0010964049809153592,1.068515686836478
0.0001,0.0010989655640869975,1.0685125364032857
0.0001,0.0011015261472586359,1.0685094062754594
0.0001,0.0011040867304302742,1.0685062896867115
0.0001,0.0011066473136019125,1.0685031820790263
0.0001,0.001109207896773551,1.0685000803822067
0.0001,0.0011117684799451892,1.068496982528448
0.0001,0.0011143290631168276,1.0684938871254035
0.0001,0.001116889646288466,1.0684907932359549
0.0001,0.0011203198551329985,1.068486649707254
0.0001,0.0011546219435783244,1.0684451976458482
0.0001,0.0011889240320236503,1.068403698081196
0.0001,0.0012232261204689762,1.068362124652717
0.0001,0.0015662470049222356,1.0679388009055049
0.0001,0.0019092678893754952,1.0675081039657293
0.0001,0.003388366640489377,1.0655213023633383
0.0001,0.004867465391603259,1.0634226551354247
0.0001,0.007227579508695225,1.059960920119338
0.0001,0.00958769362578719,1.0563103853370164
0.0001,0.011947807742879157,1.052542302674043
0.0001,0.015981496134276792,1.045966800144373
0.0001,0.02001518452567443,1.0394258534307264
0.0001,0.024048872917072067,1.0330641677564625
0.0001,0.028082561308469704,1.0269277989818903
0.0001,0.03287142199720687,1.0199355099929726
0.0001,0.037660282685944034,1.0132682493233005
0.0001,0.0424491433746812,1.0069250863299022
0.0001,0.04723800406341836,1.0009107610497563
0.0001,0.052026864752155524,0.9952308965669779
0.0001,0.05681572544089269,0.989894303969311
0.0001,0.06160458612962985,0.984908891265103
0.0001,0.06750017724336954,0.9792587119616035
0.0001,0.07339576835710923,0.9741448018694195
0.0001,0.07929135947084892,0.9695551199412273
0.0001,0.08518695058458861,0.9654674763019001
0.0001,0.09205041644203218,0.9613010771595898
0.0001,0.09891388229947576,0.9577217501323483
0.0001,0.10577734815691933,0.9546744478519824
0.0001,0.1126408140143629,0.9521052465197134
0.0001,0.11950427987180648,0.9499635066539023
0.0001,0.12636774572925005,0.9482026928717526
0.0001,0.13323121158669363,0.9467801857450655
0.0001,0.1400946774441372,0.9456567786676229
0.0001,0.14695814330158077,0.9447964174815834
0.0001,0.15382160915902435,0.9441662447017038
0.0001,0.16068507501646792,0.9437367124260719
0.0001,0.1675485408739115,0.9450585346881616
0.0001,0.17441200673135507,0.9464939433846415
0.0001,0.183631722820729,0.948301185765499
0.0001,0.19285143891010295,0.9499451063202241
0.0001,0.2020711549994769,0.9514504979078758
0.0001,0.21129087108885083,0.9528381208326056
0.0001,0.22636195554691477,0.9548949371791146
0.0001,0.2414330400049787,0.9567425175699119
0.0001,0.25650412446304266,0.9584269278987134
0.0001,0.2715752089211066,0.9599816149618514
0.0001,0.296127555511575,0.9622922216125184
0.0001,0.3206799021020434,0.9643933203588261
0.0001,0.3452322486925118,0.9663322530299754
0.0001,0.3697845952829802,0.9681375102720018
0.0001,0.41053326024608616,0.9710169312302227
0.0001,0.45128192520919214,0.9736386031784386
0.0001,0.4920305901722981,0.9760880202033694
0.0001,0.532779255135404,0.9783828220211306
0.0001,0.6014199087876968,0.981893785271898
0.0001,0.6700605624399896,0.9850118539799287
0.0001,0.7387012160922823,0.9877868100752417
0.0001,0.8073418697445751,0.9902682677438006
0.0001,0.9289234782615,0.9939747202231489
0.0001,1.050505086778425,0.9969503506448466
0.0001,1.1720866952953497,0.9993425291117239
0.0001,1.2936683038122745,1.0012556308330938
0.0001,1.4786662288835641,1.0034130084413972
0.0001,1.6636641539548538,1.0048731110426186
0.0001,1.8486620790261434,1.0058702976546248
0.0001,2.033660004097433,1.006559176078889
0.0001,2.2958981238205536,1.007180943762687
0.0001,2.5581362435436743,1.007558396275353
0.0001,2.820374363266795,1.0077984367780293
0.0001,3.0826124829899157,1.0079576277690385
0.0001,3.5879924174266393,1.008145068335132
0.0001,4.093372351863363,1.00824919135605
0.0001,4.598752286300087,1.0083090615502375
0.0001,5.744636511087993,1.0083999310677405
0.0001,6.890520735875899,1.008440522376027
0.0001,8.036404960663805,1.008470513449154
0.0001,9.52144976973797,1.008493015013854
0.0001,11.006494578812134,1.0085616799566637
0.0001,12.491539387886299,1.0085901674352304
0.0001,13.976584196960463,1.0086053593320137
0.0001,15.461629006034627,1.0086141641512363
0.0001,16.94667381510879,1.0086293049960116
0.0001,20.98557503277274,1.0086736895083634
0.0001,25.024476250436688,1.008707430233814
0.0001,29.063377468100636,1.0086502378411406
0.0001,33.10227868576459,1.0086840509230375
0.0001,36.3277402485167,1.0087635517252431
0.0001,39.553201811268806,1.0087994899015942
0.0001,42.778663374020915,1.0088032076061073
0.0001,48.27970273428165,1.008828408769376
0.0001,53.78074209454238,1.0088319476709466
0.0001,59.28178145480312,1.0088378459742415
0.0001,66.72326035693479,1.0088737539999373
0.0001,74.16473925906647,1.008890034632467
0.0001,81.60621816119814,1.008885372710843
0.0001,90.09395443158417,1.008897740324251
0.0001,98.58169070197019,1.008926568994715
0.0001,107.06942697235621,1.0089437117252045
0.0001,115.55716324274223,1.0089264781333827
0.0001,126.97447068127572,1.0089295748553369
0.0001,138.3917781198092,1.0088688432895385
0.0001,149.8090855583427,1.0089149720069386
0.0001,161.2263929968762,1.0089288605634228
0.0001,172.6437004354097,1.0089352756333538
0.0001,184.0610078739432,1.0089253056852467
0.0001,195.4783153124767,1.0089300463727777
0.0001,215.79868008689874,1.0089296088526754
0.0001,236.1190448613208,1.0089306376660716
0.0001,256.43940963574283,1.0089326841455863
0.0001,312.23253525730576,1.0089364394189866
0.0001,368.0256608788687,1.0089396178204626
0.0001,423.8187865004316,1.0089463186047691
0.0001,516.4862434923649,1.0089479400566963
0.0001,609.1537004842983,1.0089630494998654
0.0001,701.8211574762316,1.0089692517542557
0.0001,806.1107204418574,1.0090179768044902
0.0001,910.4002834074832,1.0089669405956476
0.0001,991.3474217268879,1.0089557086858965
0.0001,1072.2945600462926,1.008977257924012
0.0001,1153.2416983656972,1.0089724317631503
0.0001,1234.1888366851017,1.0089773038179812
0.0001,1325.8767285116533,1.0089588157771001
0.0001,1417.5646203382048,1.0089826680045146
0.0001,1509.2525121647564,1.008985927530784
0.0001,1600.940403991308,1.0090080195314117
0.0001,1692.6282958178595,1.0089906784692744
0.0001,1784.316187644411,1.0089920463763213
0.0001,1876.0040794709626,1.0089736201961483
0.0001,1967.691971297514,1.0089952565303624
0.0001,2059.3798631240657,1.0089981662103678
0.0001,2151.067754950617,1.0089993918443205
0.0001,2242.7556467771687,1.0089942310371098
0.0001,2334.4435386037203,1.0090019810306976
0.0001,2426.131430430272,1.0090038232003418
0.0001,2500.0,1.0090022927468951
0.001,0.0,1.0698216699004093
0.001,0.0008177759728428942,1.0688507554742748
0.001,0.0010222199660536177,1.0686050520662909
0.001,0.0010733309643562985,1.0685489945686333
0.001,0.0010759039458763942,1.0685445897306323
0.001,0.0010784769273964898,1.0685402268221162
0.001,0.0010810499089165854,1.0685361779163367
0.001,0.001083622890436681,1.0685324141501074
0.001,0.0010861958719567766,1.0685288612543118
0.001,0.0010887688534768722,1.0685254549743068
0.001,0.0010913418349969678,1.0685221483699046
0.001,0.0010939148165170635,1.068518908921143
0.001,0.001096487798037159,1.0685157145294322
0.001,0.0010990607795572547,1.068512550287384
0.001,0.0011016337610773503,1.0685094061659806
0.001,0.001104206742597446,1.068506275424404
0.001,0.0011067797241175415,1.0685031535331266
0.001,0.0011093527056376372,1.0685000374487208
0.001,0.001112319543234788,1.0684964478325656
0.001,0.0011152863808319387,1.0684928629078787
0.001,0.0011182532184290895,1.0684892796607874
0.001,0.0011209114912666609,1.068486069661747
0.001,0.0011474942196423744,1.068453958544505
0.001,0.0011740769480180879,1.0684218146821278
0.001,0.0012006596763938014,1.0683896283192473
0.001,0.0014664869601509372,1.0680632478021934
0.001,0.001732314243908073,1.0677324759958802
0.001,0.0031206073435322366,1.0658888801569355
0.001,0.0045089004431564,1.063942488314553
0.001,0.006765124685042852,1.0606687042674317
0.001,0.009021348926929304,1.057207620688034
0.001,0.011277573168815756,1.0536243432887689
0.001,0.015221933231197752,1.0472013321150806
0.001,0.019166293293579748,1.0407833986484256
0.001,0.023110653355961745,1.0345221117063803
0.001,0.02705501341834374,1.0284700781907825
0.001,0.031853879335034266,1.0213934356624192
0.001,0.036652745251724794,1.0146435303874586
0.001,0.04145161116841532,1.008219218668914
0.001,0.04625047708510585,1.00212495434322
0.001,0.05104934300179638,0.996364622144057
0.001,0.05584820891848691,0.9909471357088151
0.001,0.060647074835177436,0.9858807130684264
0.001,0.06544594075186796,0.9811704285929571
0.001,0.0702448066685585,0.9768171683910993
0.001,0.07504367258524902,0.972816815125464
0.001,0.0803905669583313,0.9687608475323566
0.001,0.08573746133141358,0.9651100333462002
0.001,0.09108435570449586,0.961842770150236
0.001,0.09643125007757813,0.9589351429323983
0.001,0.10177814445066041,0.9563621743025887
0.001,0.10712503882374269,0.9540988006780253
0.001,0.11247193319682497,0.9521205967265329
0.001,0.11781882756990725,0.950404028923917
0.001,0.12316572194298953,0.9489267924999472
0.001,0.12927635028335413,0.9475028774661661
0.001,0.13538697862371873,0.9463347141101603
0.001,0.14149760696408334,0.9453956119580964
0.001,0.1483082854512246,0.944586786205403
0.001,0.15397672751981778,0.9440864346441432
0.001,0.15964516958841096,0.943723981070615
0.001,0.16531361165700414,0.94464464493206
0.001,0.1735206001391944,0.9463754796030109
0.001,0.18172758862138466,0.948008899471812
0.001,0.18993457710357492,0.949507178164542
0.001,0.19814156558576518,0.9508888548400316
0.001,0.20634855406795544,0.9521698464637128
0.001,0.2145555425501457,0.9533637523868581
0.001,0.22879865362662904,0.9552694683496167
0.001,0.2430417647031124,0.9569948647257742
0.001,0.25728487577959575,0.9585752286212111
0.001,0.2791544918335292,0.9607701758475877
0.001,0.30102410788746264,0.9627561238897326
0.001,0.3228937239413961,0.9645927851405188
0.001,0.34476333999532954,0.9663105904943808
0.001,0.36978232055926996,0.9681526200212119
0.001,0.3948013011232104,0.969957012421286
0.001,0.4198202816871508,0.9716628946981958
0.001,0.46070867134175714,0.9742457793836655
0.001,0.5015970609963635,0.9766844707247113
0.001,0.5424854506509698,0.9789422713612004
0.001,0.6124592728886794,0.9824856773586872
0.001,0.682433095126389,0.9856283823559921
0.001,0.7524069173640987,0.9884150197821708
0.001,0.8606502335640709,0.9921523672812013
0.001,0.968893549764043,0.9952308275419688
0.001,1.077136865964015,0.9977687639049088
0.001,1.2237428533051251,1.000421412467088
0.001,1.3703488406462352,1.0024011564579138
0.001,1.5169548279873453,1.003871597106385
0.001,1.6635608153284553,1.0049624763031633
0.001,1.8416100070427734,1.0059369346619784
0.001,2.0196591987570915,1.006628470289325
0.001,2.19770839047141,1.0071111067591578
0.001,2.5041867764675523,1.007595380264307
0.001,2.8106651624636947,1.0078451924272782
0.001,3.117143548459837,1.0080019990205398
0.001,3.4236219344559795,1.008114934850442
0.001,4.1711252262117515,1.00827552660911
0.001,4.918628517967524,1.008363034329114
0.001,5.666131809723296,1.0084137829342423
0.001,6.8603878825676,1.0084749443609033
0.001,8.054643955411903,1.0085078012516484
0.001,9.248900028256207,1.008535428573708
0.001,11.034856865957341,1.0085798742327092
0.001,12.820813703658475,1.0085993316170812
0.001,14.606770541359609,1.0086222177224387
0.001,17.779241942882937,1.0086696454654502
0.001,20.951713344406265,1.0086616509718942
0.001,24.124184745929593,1.0086815041817123
0.001,27.865068514529586,1.0087435843136257
0.001,31.60595228312958,1.008751731800136
0.001,35.346836051729575,1.0087611450285106
0.001,39.685089103287446,1.0086803298040898
0.001,43.22489478258278,1.0087904447570768
0.001,46.764700461878114,1.0088471158370769
0.001,50.30450614117345,1.008858400115535
0.001,57.384117499764116,1.0088840877439436
0.001,64.46372885835478,1.008843352598149
0.001,71.54334021694545,1.0088410611819294
0.001,78.62295157553612,1.0089165941890572
0.001,85.70256293412679,1.0089440063967876
0.001,92.78217429271746,1.0089186093537705
0.001,102.62598389774857,1.0089520369509675
0.001,112.46979350277968,1.0089300446184928
0.001,122.31360310781079,1.008959936871455
0.001,132.1574127128419,1.0089769645639446
0.001,142.00122231787302,1.0089829875376117
0.001,151.84503192290413,1.0089910449350818
0.001,161.68884152793524,1.009001415996725
0.001,171.53265113296635,1.0090204897758979
0.001,181.37646073799746,1.0090032646282325
0.001,191.22027034302857,1.0090206286698156
0.001,201.06407994805969,1.0090220992852794
0.001,210.9078895530908,1.0090082189977192
0.001,220.7516991581219,1.009013044925913
0.001,230.59550876315302,1.009014170200168
0.001,240.43931836818413,1.009051717594402
0.001,251.47859487824394,1.009030724389387
0.001,262.5178713883037,1.009016207856839
0.001,273.5571478983635,1.008970312835129
0.001,284.5964244084233,1.0090200682708232
0.001,295.63570091848305,1.0090361731701114
0.001,306.67497742854283,1.0090385292066952
0.001,317.7142539386026,1.0090215901009951
0.001,332.66514213410255,1.009041015080348
0.001,347.6160303296025,1.0090439841900938
0.001,362.56691852510244,1.0090355682012735
0.001,377.5178067206024,1.009052872376802
0.001,392.4686949161023,1.0090602751330173
0.001,407.41958311160226,1.009051929227347
0.001,422.3704713071022,1.009063161249937
0.001,437.32135950260215,1.0090699568875623
0.001,452.2722476981021,1.009058827825087
0.001,467.22313589360203,1.0090721551535629
0.001,482.174024089102,1.0090798098785976
0.001,497.1249122846019,1.009075289534092
0.001,512.0758004801019,1.009083303524857
0.001,527.0266886756018,1.0090886774666707
0.001,541.9775768711017,1.0090775872322564
0.001,556.9284650666017,1.0090907754589322
0.001,571.8793532621016,1.0090988218697554
0.001,586.8302414576016,1.0091012205350591
0.001,601.7811296531015,1.0091039175517649
0.001,616.7320178486015,1.0090773378078033
0.001,628.4591934799506,1.009095860264939
0.001,640.1863691112998,1.0091116466520431
0.001,651.9135447426489,1.009114627079216
0.001,663.6407203739981,1.0091167560384358
0.001,675.3678960053472,1.0091020075523018
0.001,687.0950716366964,1.0091158290400477
0.001,698.8222472680455,1.0091246017506674
0.001,710.5494228993947,1.009127928742009
0.001,722.2765985307439,1.0091169800433197
0.001,734.003774162093,1.0091275865089546
0.001,745.7309497934422,1.0091349307895374
0.001,757.4581254247913,1.0091383289016853
0.001,769.1853010561405,1.0091278679933466
0.001,783.0524012169698,1.0091393661119343
0.001,796.9195013777991,1.0091484463369458
0.001,810.7866015386284,1.0091472550129366
0.001,824.6537016994577,1.0091522276490854
0.001,838.520801860287,1.0091575536996729
0.001,852.3879020211162,1.0091460067004197
0.001,866.2550021819455,1.0091580277721657
0.001,880.1221023427748,1.009168491682684
0.001,893.9892025036041,1.0091731518998692
0.001,907.8563026644334,1.0091746518726783
0.001,921.7234028252627,1.009177439021827
0.001,935.590502986092,1.0091616336358864
0.001,949.4576031469213,1.0091765418916097
0.001,963.3247033077506,1.00918942128014
0.001,977.1918034685799,1.009194590332224
0.001,991.0589036294092,1.0091958378758583
0.001,1006.8604531241185,1.0091991015163158
0.001,1022.6620026188278,1.0091954835651298
0.001,1038.4635521135372,1.0092046120732803
0.001,1054.2651016082464,1.0092125483149423
0.001,1070.0666511029556,1.0092119198904643
0.001,1085.8682005976648,1.0092184795322054
0.001,1101.669750092374,1.0092146367223145
0.001,1117.4712995870832,1.0092250139275047
0.001,1133.2728490817924,1.009234327030674
0.001,1149.0743985765016,1.009234679416948
0.001,1164.8759480712108,1.009240721953197
0.001,1180.67749756592,1.00924734926611
0.001,1196.4790470606292,1.0092453279865248
0.001,1212.2805965553384,1.0092532743776192
0.001,1228.0821460500476,1.0092613203132228
0.001,1243.8836955447568,1.009260429323564
0.001,1259.685245039466,1.0092675893506027
0.001,1275.4867945341753,1.009275446876792
0.001,1291.2883440288845,1.009273987977736
0.001,1307.0898935235937,1.0092816715501225
0.001,1322.8914430183029,1.0092899274927287
0.001,1338.692992513012,1.009288998502851
0.001,1354.4945420077213,1.0092963864830091
0.001,1370.2960915024305,1.009304835949834
0.001,1386.0976409971397,1.0093035717982508
0.001,1401.899190491849,1.0093112953638055
0.001,1417.7007399865581,1.0093200040168315
0.001,1433.5022894812673,1.0093192192678493
0.001,1449.3038389759765,1.0093267066885925
0.001,1465.1053884706857,1.0093356439742707
0.001,1480.906937965395,1.0093345531479412
0.001,1496.7084874601042,1.009342340969451
0.001,1512.5100369548134,1.0093515431055395
0.001,1528.3115864495226,1.0093509487931198
0.001,1544.1131359442318,1.0093585153466176
0.001,1559.914685438941,1.0093679161409805
0.001,1575.7162349336502,1.0093670296928061
0.001,1591.5177844283594,1.0093748686014117
0.001,1607.3193339230686,1.009384570415016
0.001,1623.1208834177778,1.0093841872023805
0.001,1638.922432912487,1.0093918322404374
0.001,1654.7239824071962,1.0094016847456861
0.001,1670.5255319019054,1.009401049331319
0.001,1686.3270813966146,1.0094089188798123
0.001,1702.1286308913238,1.0094191175098306
0.001,1717.930180386033,1.0094189490886383
0.001,1733.7317298807423,1.0094266824488771
0.001,1749.5332793754515,1.0094369803729775
0.001,1765.3348288701607,1.0094366587274421
0.001,1781.1363783648699,1.0094445352428079
0.001,1796.937927859579,1.0094552168069533
0.001,1812.7394773542883,1.009455248676863
0.001,1828.5410268489975,1.0094630852137956
0.001,1844.3425763437067,1.0094738354805193
0.001,1860.144125838416,1.0094739044395282
0.001,1875.945675333125,1.0094817689074291
0.001,1891.7472248278343,1.0094928987600997
0.001,1907.5487743225435,1.0094931089702237
0.001,1923.3503238172527,1.0095010552794155
0.001,1939.151873311962,1.0095122871547866
0.001,1954.9534228066711,1.0095128141969845
0.001,1970.7549723013803,1.0095206698449917
0.001,1986.5565217960896,1.0095321898039746
0.001,2002.3580712907988,1.0095325875298842
0.001,2018.159620785508,1.009540622033397
0.001,2033.9611702802172,1.009552377895221
0.001,2049.7627197749266,1.009553368393119
0.001,2065.564269269636,1.0095612571239079
0.001,2081.3658187643455,1.0095731139370416
0.001,2097.167368259055,1.009581771055529
0.001,2112.9689177537643,1.009588406416218
0.001,2128.770467248474,1.0095951149088398
0.001,2144.572016743183,1.0096022878804156
0.001,2160.3735662378926,1.0096095962665452
0.001,2176.175115732602,1.0096168690762857
0.001,2191.9766652273115,1.0096241907964472
0.001,2207.778214722021,1.009631507061198
0.001,2223.5797642167304,1.0096389485744255
0.001,2239.38131371144,1.0096463619738352
0.001,2255.1828632061492,1.0096539101305628
0.001,2270.9844127008587,1.0096614159888047
0.001,2286.785962195568,1.0096690610860226
0.001,2302.5875116902776,1.0096766704809936
0.001,2318.389061184987,1.0096844058442898
0.001,2334.1906106796964,1.0096921274823043
0.001,2349.992160174406,1.0096999463152314
0.001,2365.7937096691153,1.0097077866503998
0.001,2381.5952591638247,1.0097156856015632
0.001,2397.396808658534,1.0097236472561235
0.001,2413.1983581532436,1.0097316275231092
0.001,2428.999907647953,1.009739708129783
0.001,2444.8014571426625,1.0097477759517393
0.001,2460.603006637372,1.0097559683783384
0.001,2476.4045561320813,1.009764134130489
0.001,2492.2061056267908,1.0097724281308997
0.001,2500.0,1.009776542312116
0.01,0.0,1.0698216699004093
0.01,0.0008175568525747387,1.0688519944195516
0.01,0.0010219460657184232,1.0686066023690493
0.01,0.0010730433690043443,1.0685506261356292
0.01,0.001075599898725848,1.0685462446780296
0.01,0.0010781564284473519,1.0685419080550076
0.01,0.0010807129581688556,1.0685378845432365
0.01,0.0010832694878903594,1.0685341444087173
0.01,0.0010858260176118632,1.0685306138282307
0.01,0.001088382547333367,1.0685272291788939
0.01,0.0010909390770548707,1.0685239439867589
0.01,0.0010934956067763745,1.06852072600245
0.01,0.0010960521364978782,1.0685175532557376
0.01,0.001098608666219382,1.0685144108814606
0.01,0.0011011651959408858,1.0685112888469035
0.01,0.0011037217256623896,1.068508180386512
0.01,0.0011062782553838933,1.0685050809390237
0.01,0.001108834785105397,1.0685019874295167
0.01,0.0011113913148269009,1.0684988977852872
0.01,0.0011139478445484046,1.0684958106095268
0.01,0.0011165043742699084,1.0684927249613272
0.01,0.001120003350783913,1.0684885029670732
0.01,0.001154993115923959,1.0684462653801954
0.01,0.001189982881064005,1.068403977997292
0.01,0.001224972646204051,1.0683616137083431
0.01,0.0015748702976045108,1.067930068909267
0.01,0.0019247679490049707,1.0674908470022146
0.01,0.0034111917440781906,1.065494213315328
0.01,0.00489761553915141,1.0633850189767886
0.01,0.007266138951965578,1.0599109229441295
0.01,0.009634662364779745,1.0562479304644627
0.01,0.012003185777593912,1.052467766531936
0.01,0.01604433726787304,1.045884373367006
0.01,0.020085488758152165,1.0393376519637545
0.01,0.02412664024843129,1.0329717401931326
0.01,0.028167791738710417,1.026832183626613
0.01,0.032955919236648756,1.0198508566577202
0.01,0.037744046734587096,1.0131941090505108
0.01,0.042532174232525435,1.00686107489509
0.01,0.047320301730463775,1.0008565694845017
0.01,0.052108429228402114,0.9951863733586149
0.01,0.056896556726340454,0.9898593534351966
0.01,0.061684684224278793,0.9848833989462739
0.01,0.067624494578089,0.979203522348329
0.01,0.07356430493189921,0.9740677132355605
0.01,0.07950411528570941,0.9694634300769563
0.01,0.08544392563951962,0.9653677473982637
0.01,0.09230629289745527,0.9612285263667925
0.01,0.09916866015539093,0.9576741621897167
0.01,0.10603102741332658,0.9546496049106415
0.01,0.11289339467126223,0.9521010503974755
0.01,0.11975576192919789,0.9499780358263601
0.01,0.12661812918713355,0.9482342040353149
0.01,0.1334804964450692,0.9468270905356151
0.01,0.14034286370300486,0.9457176235623054
0.01,0.14720523096094051,0.9448698757225213
0.01,0.15406759821887617,0.9442511155654583
0.01,0.16092996547681182,0.9438319201624118
0.01,0.16779233273474747,0.9451941801992145
0.01,0.17465469999268313,0.9466271954205587
0.01,0.18392883257419204,0.9484430875324321
0.01,0.19320296515570096,0.9500944771562091
0.01,0.20247709773720987,0.9516064713399212
0.01,0.21175123031871879,0.9530000663227796
0.01,0.22698565008743635,0.955075225583806
0.01,0.2422200698561539,0.9569385885261608
0.01,0.2574544896248715,0.9586371306088686
0.01,0.2726889093935891,0.9602048280050467
0.01,0.29743806614968193,0.9625286841333337
0.01,0.3221872229057748,0.9646424628478005
0.01,0.34693637966186763,0.9665934229216555
0.01,0.3716855364179605,0.9684139920905904
0.01,0.4127445831877797,0.9713205811659772
0.01,0.4538036299575989,0.9739568231758116
0.01,0.49486267672741807,0.9764346949630975
0.01,0.5359217234972373,0.9787400381219071
0.01,0.6051558083989804,0.9822842015026279
0.01,0.6743898933007235,0.9854298892922516
0.01,0.7436239782024666,0.9882246148696503
0.01,0.8128580631042097,0.9907123782742222
0.01,0.935573932290564,0.9944483782924993
0.01,1.0582898014769182,0.9974414776809107
0.01,1.1810056706632726,0.9998412054254822
0.01,1.303721539849627,1.001759301815162
0.01,1.4895836312208823,1.0038968771118915
0.01,1.6754457225921378,1.0053378766509307
0.01,1.8613078139633932,1.006321007348818
0.01,2.0471699053346484,1.0069994120890096
0.01,2.3130780289355966,1.0076145253341489
0.01,2.5789861525365447,1.0079851049350719
0.01,2.844894276137493,1.0082191653140524
0.01,3.110802399738441,1.0083733912585038
0.01,3.6289096101471037,1.0085545940138476
0.01,4.147016820555766,1.0086526469045196
0.01,4.665124030964429,1.0087072087163589
0.01,5.850651615053572,1.0087901697686221
0.01,7.0361791991427145,1.0088215056458059
0.01,8.221706783231857,1.0088552053435198
0.01,9.589365400495518,1.0088770763292065
0.01,10.95702401775918,1.0089691396102125
0.01,12.32468263502284,1.008990340468382
0.01,13.692341252286502,1.008972100595789
0.01,15.059999869550163,1.008932801631152
0.01,16.427658486813822,1.0089403261848855
0.01,17.795317104077483,1.0089976777930585
0.01,19.38331224942714,1.0090412477113688
0.01,20.971307394776794,1.0090993710531606
0.01,22.55930254012645,1.0091124258591864
0.01,24.147297685476104,1.009145946328524
0.01,25.73529283082576,1.0091419711606724
0.01,27.323287976175415,1.0091397997339855
0.01,28.91128312152507,1.0091299724568112
0.01,30.6756015449524,1.009171475403879
0.01,32.439919968379726,1.0092130888771969
0.01,34.20423839180705,1.0092582011445292
0.01,35.96855681523438,1.0092574928250824
0.01,37.732875238661705,1.0092620191777404
0.01,39.49719366208903,1.0092480885950428
0.01,41.26151208551636,1.009255441940489
0.01,43.025830508943685,1.0093076010561428
0.01,44.79014893237101,1.009335049634854
0.01,46.55446735579834,1.0093445599888655
0.01,48.318785779225664,1.0093807431669495
0.01,50.08310420265299,1.0093925954164273
0.01,51.847422626080316,1.0094210647180162
0.01,53.61174104950764,1.009462959891432
0.01,55.37605947293497,1.009504366397928
0.01,57.140377896362295,1.0095306044064252
0.01,58.90469631978962,1.0095482443564114
0.01,60.66901474321695,1.009536081912923
0.01,62.433333166644275,1.0095573747161903
0.01,64.1976515900716,1.009603740939073
0.01,65.96197001349893,1.0096707179669344
0.01,67.72628843692625,1.009705738120868
0.01,69.49060686035358,1.0097080412113266
0.01,71.2549252837809,1.0097109306504772
0.01,73.01924370720823,1.0097374294809092
0.01,74.78356213063556,1.0097508818459024
0.01,76.54788055406289,1.009761733473543
0.01,78.31219897749021,1.0098026352200753
0.01,80.07651740091754,1.0098326213966373
0.01,81.84083582434486,1.0098659431667258
0.01,83.60515424777219,1.0099081280020648
0.01,85.36947267119952,1.0099517699171168
0.01,87.13379109462684,1.0099868924850008
0.01,88.89810951805417,1.010014867324103
0.01,90.6624279414815,1.0100352287190666
0.01,92.42674636490882,1.010064477722399
0.01,94.19106478833615,1.0101011965225968
0.01,95.95538321176348,1.0101369425885638
0.01,97.7197016351908,1.0101623447130144
0.01,99.48402005861813,1.010173665197111
0.01,101.24833848204545,1.0102022938821846
0.01,103.01265690547278,1.0102489469977658
0.01,104.77697532890011,1.0102958903534387
0.01,106.54129375232743,1.0103354502130684
0.01,108.30561217575476,1.0103623300215985
0.01,110.06993059918209,1.0103872883730336
0.01,111.83424902260941,1.0104237488451127
0.01,113.59856744603674,1.010469248396953
0.01,115.36288586946407,1.0105042079508932
0.01,117.12720429289139,1.0105270561225546
0.01,118.89152271631872,1.0105600105460635
0.01,120.65584113974604,1.0105922459368266
0.01,122.42015956317337,1.0106194437917322
0.01,124.1844779866007,1.0106611445104459
0.01,125.94879641002802,1.0106986163544438
0.01,127.71311483345535,1.0107374160715121
0.01,129.47743325688268,1.0107864262394655
0.01,131.24175168031002,1.0108368620174455
0.01,133.00607010373736,1.0108835334212773
0.01,134.7703885271647,1.0109140464751232
0.01,136.53470695059204,1.0109384018887198
0.01,138.29902537401938,1.0109792211045947
0.01,140.06334379744672,1.0110243223006568
0.01,141.82766222087406,1.0110632737748386
0.01,143.5919806443014,1.011108420958678
0.01,145.35629906772874,1.0111501106949807
0.01,147.12061749115608,1.0111828790322965
0.01,148.88493591458342,1.0112263072476357
0.01,150.64925433801076,1.0112675621405447
0.01,152.4135727614381,1.0113097404485945
0.01,154.17789118486544,1.011363501655453
0.01,155.94220960829279,1.0114207016834669
0.01,157.70652803172013,1.0114747933440726
0.01,159.47084645514747,1.0115253444194081
0.01,161.2351648785748,1.0115628655174602
0.01,162.67136786227562,1.0115914841079523
0.01,163.85175883242235,1.0116239962069185
0.01,165.03214980256908,1.0116661749703786
0.01,166.2125407727158,1.0117070801697308
0.01,167.39293174286254,1.0117464523775954
0.01,168.57332271300928,1.0117865587825021
0.01,169.753713683156,1.0118222443755907
0.01,170.93410465330274,1.011841086244775
0.01,172.2411692268705,1.0118531663415595
0.01,173.54823380043828,1.0118816878551642
0.01,174.85529837400605,1.0119306225873492
0.01,176.16236294757383,1.0119805384019644
0.01,177.64019029886674,1.0120266603975734
0.01,179.11801765015966,1.0120683480571495
0.01,180.59584500145257,1.0121129738270336
0.01,182.0736723527455,1.0121591540726824
0.01,183.5514997040384,1.0122012309186856
0.01,185.02932705533132,1.0122346430841433
0.01,186.50715440662424,1.012261446918614
0.01,187.98498175791715,1.0122717116611288
0.01,189.46280910921007,1.0122845944579555
0.01,190.67589407740707,1.0123221633794655
0.01,191.88897904560406,1.0123813982987209
0.01,193.10206401380105,1.0124457489726855
0.01,194.31514898199805,1.0124955974985848
0.01,195.8142240035602,1.0125317861180052
0.01,196.97178007982373,1.0125525502259867
0.01,198.12933615608725,1.0125804390674795
0.01,199.28689223235077,1.0126282303039889
0.01,200.44444830861428,1.0126888589711043
0.01,201.81504243988948,1.0127350687603696
0.01,202.94030261613105,1.012748352767806
0.01,204.06556279237262,1.0127676918334965
0.01,205.19082296861419,1.012811393961438
0.01,206.31608314485575,1.012874607866658
0.01,207.44134332109732,1.0129345921236002
0.01,208.5666034973389,1.0129776097839336
0.01,209.48472940075234,1.0130035327565456
0.01,209.64053000139074,1.0130080025542587
0.01,209.79633060202914,1.0130128078064706
0.01,209.95213120266754,1.01301782845088
0.01,210.26373240394437,1.0130281763318623
0.01,210.5753336052212,1.0130388247950741
0.01,210.88693480649803,1.0130496466369345
0.01,211.95463684150164,1.0130872997175944
0.01,213.02233887650524,1.0131244030152644
0.01,214.09004091150885,1.0131599993178353
0.01,215.15774294651246,1.013193810041255
0.01,216.73464557700066,1.0132438488682318
0.01,218.31154820748887,1.013294044696488
0.01,219.88845083797708,1.0133432868102357
0.01,221.46535346846528,1.013395380016766
0.01,223.0422560989535,1.0134509862287184
0.01,224.6191587294417,1.0135066335726481
0.01,226.1960613599299,1.0135632264940388
0.01,227.7729639904181,1.013620675046017
0.01,229.3498666209063,1.0136768860042507
0.01,230.92676925139452,1.0137340597287139
0.01,232.50367188188272,1.0137927734410968
0.01,234.08057451237093,1.0138509537484706
0.01,235.65747714285914,1.013909973934916
0.01,237.23437977334734,1.0139702877845551
0.01,238.81128240383555,1.0140305146115822
0.01,240.38818503432375,1.0140916051529438
0.01,241.96508766481196,1.0141538185221404
0.01,243.54199029530017,1.014216753584215
0.01,245.11889292578837,1.0142807129260756
0.01,246.69579555627658,1.0143454893995265
0.01,248.27269818676479,1.0144083306184937
0.01,249.849600817253,1.014466730874064
0.01,251.4265034477412,1.0145239022106438
0.01,253.0034060782294,1.0145859496455865
0.01,254.5803087087176,1.0146520290621925
0.01,256.15721133920584,1.0147151932050946
0.01,257.7341139696941,1.0147749024348673
0.01,259.3110166001823,1.0148340337677544
0.01,260.88791923067055,1.0148945837116323
0.01,262.4648218611588,1.0149593149878713
0.01,264.041724491647,1.0150288839988078
0.01,265.61862712213525,1.0151007776169916
0.01,267.1955297526235,1.015169868754154
0.01,268.7724323831117,1.0152332459238826
0.01,270.34933501359995,1.0152956604495855
0.01,271.9262376440882,1.015361687430504
0.01,273.5031402745764,1.0154294774806853
0.01,275.08004290506466,1.01549792536362
0.01,276.6569455355529,1.01556709829139
0.01,278.2338481660411,1.0156348056322901
0.01,279.81075079652936,1.0157021595727607
0.01,281.3876534270176,1.0157738435227859
0.01,282.96455605750583,1.0158510977880262
0.01,284.54145868799407,1.0159306542744544
0.01,286.1183613184823,1.016007846607827
0.01,287.69526394897053,1.0160807130948486
0.01,289.27216657945877,1.0161522807322747
0.01,290.849069209947,1.0162269035753189
0.01,292.42597184043524,1.016303925896956
0.01,294.0028744709235,1.0163785651601398
0.01,295.5797771014117,1.016450086980641
0.01,297.15667973189994,1.0165231425180847
0.01,298.7335823623882,1.0166003144521523
0.01,300.3104849928764,1.0166798281651144
0.01,301.88738762336465,1.0167596349857777
0.01,303.4642902538529,1.0168387611658933
0.01,305.0411928843411,1.016917149196859
0.01,306.61809551482935,1.016995853212359
0.01,308.1949981453176,1.0170753689865246
0.01,309.7719007758058,1.0171553193478777
0.01,311.34880340629405,1.0172358120627172
0.01,312.9257060367823,1.0173167703647323
0.01,314.5026086672705,1.0173978038144853
0.01,316.07951129775876,1.0174793012377155
0.01,317.656413928247,1.0175614941265196
0.01,319.2333165587352,1.0176440412128305
0.01,320.81021918922346,1.0177271379857111
0.01,322.3871218197117,1.0178108608234928
0.01,323.96402445019993,1.0178948536104866
0.01,325.54092708068816,1.0179793587316759
0.01,327.1178297111764,1.0180645526816485
0.01,328.69473234166463,1.0181501156814263
0.01,330.27163497215287,1.0182362175856792
0.01,331.8485376026411,1.0183229868018522
0.01,333.42544023312934,1.0184101074481737
0.01,335.00234286361757,1.0184977511060969
0.01,336.5792454941058,1.0185860896452046
0.01,338.15614812459404,1.0186748381239363
0.01,339.7330507550823,1.0187641235851166
0.01,341.3099533855705,1.0188540861009634
0.01,342.88685601605874,1.0189444458873742
0.01,344.463758646547,1.01903532963078
0.01,346.0406612770352,1.019126916833109
0.01,347.61756390752345,1.0192189630195838
0.01,349.1944665380117,1.019311552781347
0.01,350.7713691684999,1.019404822102122
0.01,352.34827179898815,1.019498522840047
0.01,353.9251744294764,1.0195927466261068
0.01,355.5020770599646,1.0196876803644044
0.01,357.07897969045285,1.0197831209001926
0.01,358.6558823209411,1.0198791175255375
0.01,360.2327849514293,1.01997579827577
0.01,361.80968758191756,1.0200729447969075
0.01,363.3865902124058,1.0201706172310805
0.01,364.963492842894,1.0202690006629334
0.01,366.54039547338226,1.02036792836341
0.01,368.1172981038705,1.0204674248457817
0.01,369.69420073435873,1.0205676161981898
0.01,371.27110336484697,1.0206683173389917
0.01,372.8480059953352,1.020769557722806
0.01,374.42490862582343,1.0208715049917494
0.01,376.00181125631167,1.0209740178094793
0.01,377.5787138867999,1.0210771055844203
0.01,379.15561651728814,1.0211809027295866
0.01,380.7325191477764,1.021285264432455
0.01,382.3094217782646,1.02139019277644
0.01,383.88632440875284,1.0214958258293718
0.01,385.4632270392411,1.0216020366040541
0.01,387.0401296697293,1.0217088228676066
0.01,388.61703230021755,1.0218163281690251
0.01,390.1939349307058,1.021924448641443
0.01,391.770837561194,1.0220331684858603
0.01,393.34774019168225,1.022142601593695
0.01,394.9246428221705,1.0222526362850108
0.01,396.5015454526587,1.0223632561394291
0.01,398.07844808314695,1.0224745962742432
0.01,399.6553507136352,1.0225865790137063
0.01,401.2322533441234,1.0226991809902226
0.01,402.80915597461166,1.0228125118989142
0.01,404.3860586050999,1.0229264890173326
0.01,405.9629612355881,1.023041082679983
0.01,407.53986386607636,1.0231564013550045
0.01,409.1167664965646,1.023272375773089
0.01,410.69366912705283,1.0233889764976405
0.01,412.27057175754106,1.0235063145717556
0.01,413.8474743880293,1.023624338937039
0.01,415.42437701851753,1.0237430152791507
0.01,417.00127964900577,1.0238624339804163
0.01,418.578182279494,1.0239825387067023
0.01,420.15508490998224,1.0241032919343938
0.01,421.73198754047047,1.0242247876481518
0.01,423.0368800177615,1.0243258437708154
0.01,424.34177249505257,1.024427090467428
0.01,425.6466649723436,1.0245283068863729
0.01,426.95155744963466,1.024629472638999
0.01,428.2564499269257,1.0247308378109288
0.01,429.56134240421676,1.0248326786063575
0.01,430.8662348815078,1.0249352184700709
0.01,432.17112735879886,1.0250385644502233
0.01,433.4760198360899,1.0251426100823222
0.01,434.78091231338095,1.0252472934442831
0.01,436.085804790672,1.0253526814251912
0.01,437.39069726796305,1.025458777412017
0.01,438.6955897452541,1.0255655291631272
0.01,440.00048222254514,1.0256728643328183
0.01,441.3053746998362,1.0257806677023038
0.01,442.61026717712724,1.025888921003614
0.01,443.9151596544183,1.0259976989854473
0.01,445.22005213170934,1.0261070065550526
0.01,446.5249446090004,1.026216837536514
0.01,447.82983708629143,1.0263272175830291
0.01,449.1347295635825,1.0264381154943458
0.01,450.43962204087353,1.026549515830272
0.01,451.7445145181646,1.0266614431695338
0.01,453.0494069954556,1.0267738603119336
0.01,454.3542994727467,1.0268867463095643
0.01,455.6591919500377,1.0270001325259248
0.01,456.96408442732877,1.0271139917800391
0.01,458.2689769046198,1.0272283033352574
0.01,459.57386938191087,1.0273431770856225
0.01,460.8787618592019,1.0274588322666978
0.01,462.18365433649296,1.0275755709086396
0.01,463.488546813784,1.0276937011668816
0.01,464.79343929107506,1.027813236338328
0.01,466.0983317683661,1.0279336596082027
0.01,467.40322424565716,1.028054253397401
0.01,468.7081167229482,1.0281747569916602
0.01,470.01300920023925,1.0282955305705883
0.01,471.3179016775303,1.0284170865174231
0.01,472.62279415482135,1.0285396462675969
0.01,473.9276866321124,1.0286630917605966
0.01,475.23257910940345,1.028787139025934
0.01,476.5374715866945,1.0289115740112618
0.01,477.84236406398554,1.0290364087354233
0.01,479.1472565412766,1.0291617567084739
0.01,480.45214901856764,1.0292875923957785
0.01,481.7570414958587,1.0294137678698654
0.01,483.06193397314973,1.0295402205241324
0.01,484.3668264504408,1.0296670639448047
0.01,485.67171892773183,1.0297945069304664
0.01,486.9766114050229,1.0299227030492388
0.01,488.2815038823139,1.0300516443198215
0.01,489.586396359605,1.0301812325117463
0.01,490.891288836896,1.0303114419239856
0.01,492.1961813141871,1.0304422972166905
0.01,493.5010737914781,1.030573716119931
0.01,494.80596626876917,1.0307055346323644
0.01,496.1108587460602,1.0308376930225962
0.01,497.41575122335126,1.0309703109068928
0.01,498.7206437006423,1.031103593382547
0.01,500.02553617793336,1.0312376835951778
0.01,501.3304286552244,1.0313725708103656
0.01,502.63532113251546,1.0315081552904546
0.01,503.9402136098065,1.0316444006312624
0.01,505.24510608709755,1.0317813281621055
0.01,506.5499985643886,1.0319188652113909
0.01,507.85489104167965,1.0320568402911106
0.01,509.1597835189707,1.032195151970684
0.01,510.46467599626175,1.03233386788797
0.01,511.7695684735528,1.0324731688032491
0.01,513.0744609508439,1.0326132356898587
0.01,514.379353428135,1.0327541741684645
0.01,515.6842459054261,1.0328960259987068
0.01,516.9891383827172,1.0330388031360536
0.01,518.2940308600083,1.0331824388421313
0.01,519.5989233372994,1.0333267422354073
0.01,520.9038158145905,1.0334715264894203
0.01,522.2087082918816,1.0336167931667724
0.01,523.5136007691727,1.0337627106901173
0.01,524.8184932464638,1.033909431480894
0.01,526.123385723755,1.0340569992130726
0.01,527.428278201046,1.0342053596887828
0.01,528.7331706783372,1.0343543596908722
0.01,530.0380631556283,1.0345037912168493
0.01,531.3429556329194,1.0346535125722025
0.01,532.6478481102105,1.0348035260877113
0.01,533.9527405875016,1.0349539848323093
0.01,535.2576330647927,1.0351051940251366
0.01,536.5625255420838,1.035257547503646
0.01,537.8674180193749,1.0354113267161293
0.01,539.172310496666,1.0355664856736362
0.01,540.4772029739571,1.0357226428615052
0.01,541.7820954512482,1.0358793440203253
0.01,543.0869879285393,1.0360363860541688
0.01,544.3918804058304,1.0361939015101227
0.01,545.6967728831215,1.0363521569890273
0.01,547.0016653604126,1.0365113138433804
0.01,548.3065578377037,1.0366713608440576
0.01,549.6114503149948,1.036832200113435
0.01,550.916342792286,1.0369937593845364
0.01,552.221235269577,1.0371560352777929
0.01,553.5261277468682,1.0373190624482727
0.01,554.8310202241593,1.0374828715202151
0.01,556.1359127014504,1.0376474737181536
0.01,557.4408051787415,1.0378128642461477
0.01,558.7456976560326,1.0379790361971253
0.01,560.0505901333237,1.038145991753259
0.01,561.3554826106148,1.0383137383820684
0.01,562.6603750879059,1.038482283382168
0.01,563.965267565197,1.0386516342010172
0.01,565.2701600424881,1.0388217962743054
0.01,566.5750525197792,1.038992773018278
0.01,567.8799449970703,1.039164568987039
0.01,569.1848374743614,1.039337188083413
0.01,570.4897299516525,1.0395106333395867
0.01,571.7946224289436,1.0396849105640351
0.01,573.0995149062347,1.0398600266768931
0.01,574.4044073835258,1.040035987321526
0.01,575.7092998608169,1.0402127979452793
0.01,577.014192338108,1.0403904623734397
0.01,578.3190848153992,1.0405689831033744
0.01,579.6239772926903,1.0407483651341378
0.01,580.9288697699814,1.040928615042612
0.01,582.2337622472725,1.041109738663
0.01,583.5386547245636,1.0412917419455923
0.01,584.8435472018547,1.0414746298156083
0.01,586.1484396791458,1.0416584057338159
0.01,587.4533321564369,1.0418430744457985
0.01,588.758224633728,1.0420286414989568
0.01,590.0631171110191,1.0422151118512384
0.01,591.3680095883102,1.0424024914479315
0.01,592.6729020656013,1.042590786588197
0.01,593.9777945428924,1.0427800024686464
0.01,595.2826870201835,1.0429701443292054
0.01,596.5875794974746,1.0431612169853215
0.01,597.8924719747657,1.0433532243348143
0.01,599.1973644520568,1.0435461717446004
0.01,600.5022569293479,1.0437400661016616
0.01,601.807149406639,1.0439349139021765
0.01,603.1120418839301,1.0441307213251885
0.01,604.4169343612213,1.0443274936471192
0.01,605.7218268385124,1.0445252348582714
0.01,607.0267193158035,1.0447239498781642
0.01,608.3316117930946,1.0449236449956345
0.01,609.6365042703857,1.0451243264600045
0.01,610.9413967476768,1.0453260008155314
0.01,612.2462892249679,1.0455286746204173
0.01,613.551181702259,1.0457323534810605
0.01,614.8560741795501,1.0459370429569212
0.01,616.1609666568412,1.0461427487260728
0.01,617.4658591341323,1.0463494759554124
0.01,618.7707516114234,1.0465572305418012
0.01,620.0756440887145,1.046766019539328
0.01,621.3805365660056,1.0469758499308166
0.01,622.6854290432967,1.047186728513812
0.01,623.9903215205878,1.0473986616835713
0.01,625.2952139978789,1.0476116548851009
0.01,626.60010647517,1.0478257137481783
0.01,627.9049989524611,1.0480408447264296
0.01,629.2098914297522,1.0482570543578356
0.01,630.5147839070434,1.0484743495430089
0.01,631.8196763843345,1.0486927376912303
0.01,633.1245688616256,1.0489122258750263
0.01,634.4294613389167,1.049132820906773
0.01,635.7343538162078,1.0493545294481785
0.01,637.0392462934989,1.049577357590711
0.01,638.119081688821,1.0497626047741861
0.01,639.1989170841431,1.0499486243235252
0.01,640.2787524794652,1.0501354134393244
0.01,641.3585878747873,1.050322955684451
0.01,642.4384232701094,1.0505112254112055
0.01,643.5182586654315,1.050700201264309
0.01,644.5980940607536,1.050889874784717
0.01,645.6779294560757,1.051080252961631
0.01,646.7577648513978,1.0512713518226744
0.01,647.83760024672,1.0514631899447078
0.01,648.917435642042,1.051655787916731
0.01,649.9972710373642,1.0518491729924917
0.01,651.0771064326863,1.052043381442413
0.01,652.1569418280084,1.0522384523859234
0.01,653.2367772233305,1.0524344165206108
0.01,654.3166126186526,1.052631289259563
0.01,655.3964480139747,1.0528290734048802
0.01,656.4762834092968,1.0530277679259317
0.01,657.5561188046189,1.0532273752487993
0.01,658.635954199941,1.0534279027002678
0.01,659.7157895952631,1.0536293599369262
0.01,660.7956249905852,1.0538317564640467
0.01,661.8754603859073,1.0540351009619113
0.01,662.9552957812294,1.05423940165208
0.01,664.0351311765515,1.0544446667773684
0.01,665.1149665718737,1.0546509043689842
0.01,666.1948019671958,1.0548581194604967
0.01,667.2746373625179,1.0550663067278632
0.01,668.35447275784,1.0552754410435201
0.01,669.4343081531621,1.0554854750162697
0.01,670.5141435484842,1.0556963510869317
0.01,671.5939789438063,1.0559080239327767
0.01,672.6738143391284,1.0561204790296086
0.01,673.7536497344505,1.0563337366404046
0.01,674.8334851297726,1.056547841062075
0.01,675.9133205250947,1.0567628433551142
0.01,676.9931559204168,1.0569787866353813
0.01,678.0729913157389,1.0571956996197114
0.01,679.152826711061,1.0574135984290007
0.01,680.2326621063831,1.057632492318691
0.01,681.3124975017053,1.0578523876248416
0.01,682.3923328970274,1.0580732869684064
0.01,683.4721682923495,1.0582951857522571
0.01,684.5520036876716,1.05851807122262
0.01,685.6318390829937,1.0587419279789658
0.01,686.7116744783158,1.0589667484714234
0.01,687.7915098736379,1.0591925415955536
0.01,688.87134526896,1.0594193324131924
0.01,689.9511806642821,1.0596471521740154
0.01,691.0310160596042,1.0598760247709649
0.01,692.1108514549263,1.0601059582197159
0.01,693.1906868502484,1.0603369463517105
0.01,694.2705222455705,1.060568978645121
0.01,695.3503576408926,1.06080204996513
0.01,696.4301930362147,1.0610361629775091
0.01,697.5100284315369,1.0612713238125404
0.01,698.589863826859,1.061507537141172
0.01,699.6696992221811,1.061744805127131
0.01,700.7495346175032,1.0619831297935818
0.01,701.8293700128253,1.0622225158454273
0.01,702.9092054081474,1.0624629713562355
0.01,703.9890408034695,1.0627045056847
0.01,705.0688761987916,1.062947126571895
0.01,706.1487115941137,1.0631908389345317
0.01,707.2285469894358,1.063435645159133
0.01,708.3083823847579,1.0636815444796532
0.01,709.38821778008,1.0639285311698092
0.01,710.4680531754021,1.0641765956446845
0.01,711.5478885707242,1.0644257321658428
0.01,712.6277239660463,1.0646759491672764
0.01,713.7075593613685,1.0649272715817253
0.01,714.7873947566906,1.0651797300274881
0.01,715.8672301520127,1.0654333461047814
0.01,716.9470655473348,1.0656881283866588
0.01,718.0269009426569,1.0659440813862568
0.01,719.106736337979,1.0662012149983253
0.01,720.1865717333011,1.0664595437864421
0.01,721.2664071286232,1.0667190793714603
0.01,722.3462425239453,1.0669798268968935
0.01,723.4260779192674,1.0672417894554487
0.01,724.5059133145895,1.0675049742783198
0.01,725.5857487099116,1.0677693933978185
0.01,726.6655841052337,1.068035059108393
0.01,727.7454195005558,1.0683019801379434
0.01,728.825254895878,1.0685701619873142
0.01,729.9050902912,1.0688396091956793
0.01,730.9849256865222,1.0691103263687052
0.01,732.0647610818443,1.069382318415627
0.01,733.1445964771664,1.0696555922854576
0.01,734.2244318724885,1.0699301595730946
0.01,735.3042672678106,1.0702060359501009
0.01,736.3841026631327,1.070483234712174
0.01,737.4639380584548,1.0707617577864021
0.01,738.5437734537769,1.071041592749664
0.01,739.623608849099,1.071322722165179
0.01,740.7034442444211,1.071605141147889
0.01,741.7832796397432,1.0718888695236275
0.01,742.8631150350653,1.0721739471481173
0.01,743.9429504303874,1.0724604148067642
0.01,745.0227858257095,1.0727482956215957
0.01,746.1026212210317,1.073037590895384
0.01,747.1824566163538,1.0733282910383264
0.01,748.2622920116759,1.0736203897236407
0.01,749.342127406998,1.0739138893391085
0.01,750.4219628023201,1.0742087969218799
0.01,751.5017981976422,1.0745051192917108
0.01,752.5816335929643,1.0748028639595504
0.01,753.6614689882864,1.075102042916721
0.01,754.7413043836085,1.0754026725772505
0.01,755.8211397789306,1.0757047687651544
0.01,756.714163461386,1.0759557184498787
0.01,757.6071871438413,1.0762076828255358
0.01,758.5002108262967,1.0764606664251077
0.01,759.393234508752,1.0767146762554456
0.01,760.2862581912074,1.0769697209563063
0.01,761.1792818736627,1.077225806908033
0.01,762.0723055561181,1.0774829339268785
0.01,762.9653292385734,1.077741093594075
0.01,763.8583529210288,1.0780002724515718
0.01,764.7513766034841,1.0782604593858962
0.01,765.6444002859395,1.07852165348973
0.01,766.5374239683948,1.0787838679734472
0.01,767.4304476508502,1.0790471279757299
0.01,768.3234713333055,1.0793114644631259
0.01,769.2164950157609,1.079576907925649
0.01,770.1095186982162,1.079843484354368
0.01,771.0025423806716,1.0801112131683894
0.01,771.8955660631269,1.080380106222008
0.01,772.7885897455823,1.0806501684195324
0.01,773.7738336048236,1.0809494773272132
0.01,774.759077464065,1.0812502157917467
0.01,775.7443213233063,1.0815523961097198
0.01,776.7295651825476,1.0818560369714587
0.01,777.714809041789,1.082161157206083
0.01,778.5287350632343,1.0824143476385975
0.01,779.3426610846797,1.0826685594002732
0.01,780.156587106125,1.0829237910569869
0.01,780.9705131275704,1.083180038067439
0.01,781.8811039158359,1.0834679129649487
0.01,782.7916947041014,1.0837570412847917
0.01,783.7022854923669,1.0840474193264844
0.01,784.6128762806323,1.0843390531377164
0.01,785.5234670688978,1.0846319578698762
0.01,786.4340578571633,1.0849261518309146
0.01,787.3446486454288,1.0852216496463891
0.01,788.2552394336943,1.0855184597662142
0.01,789.1658302219598,1.0858165873459655
0.01,790.0764210102253,1.0861160392090148
0.01,790.9870117984908,1.0864168267181342
0.01,791.8976025867563,1.0867189651021383
0.01,792.8081933750218,1.0870224707575638
0.01,793.7187841632873,1.087327358717602
0.01,794.6293749515528,1.0876336414419745
0.01,795.5399657398183,1.087941328435736
0.01,796.4505565280838,1.0882504259474586
0.01,797.3611473163493,1.0885609369123512
0.01,798.2717381046148,1.088872862135221
0.01,799.1823288928803,1.08918620316437
0.01,800.0929196811458,1.089500965770736
0.01,801.0035104694113,1.0898171616435917
0.01,801.9141012576767,1.0901348068500223
0.01,802.8246920459422,1.0904539179713482
0.01,803.7352828342077,1.0907745084228382
0.01,804.6458736224732,1.0910965874494547
0.01,805.5564644107387,1.0914201619288821
0.01,806.4670551990042,1.09174523910267
0.01,807.3776459872697,1.0920718279793744
0.01,808.2882367755352,1.0923999388235888
0.01,809.1988275638007,1.0927295820204015
0.01,810.1094183520662,1.0930607678660227
0.01,811.0200091403317,1.0933935076233074
0.01,811.9305999285972,1.0937278146781586
0.01,812.8411907168627,1.094063704684544
0.01,813.7517815051282,1.0944011944945098
0.01,814.6623722933937,1.0947403006239405
0.01,815.5729630816592,1.095081037909122
0.01,816.4835538699247,1.0954234186711727
0.01,817.3941446581902,1.0957674525523862
0.01,818.3047354464557,1.096113147286481
0.01,819.2153262347211,1.0964605104066445
0.01,820.1259170229866,1.096809551197657
0.01,821.0365078112521,1.0971602819119004
0.01,821.9470985995176,1.097512717645467
0.01,822.8576893877831,1.0978668752634033
0.01,823.7682801760486,1.0982227722317506
0.01,824.6788709643141,1.0985804260276886
0.01,825.5894617525796,1.0989398541420776
0.01,826.5000525408451,1.0993010742967395
0.01,827.4106433291106,1.0996641045385598
0.01,828.3212341173761,1.1000289631387767
0.01,829.2318249056416,1.100395668406746
0.01,830.1424156939071,1.1007642385308054
0.01,831.0530064821726,1.1011346914465632
0.01,831.9635972704381,1.1015070446408288
0.01,832.8741880587036,1.1018813147843844
0.01,833.7847788469691,1.1022575172015674
0.01,834.6953696352346,1.1026356653774
0.01,835.6059604235,1.1030157708254764
0.01,836.5165512117655,1.103397843606219
0.01,837.427142000031,1.1037818934617751
0.01,838.3377327882965,1.1041679312394235
0.01,839.248323576562,1.1045559700587684
0.01,840.1589143648275,1.1049460258222967
0.01,841.069505153093,1.1053381169927161
0.01,841.9800959413585,1.105732263855481
0.01,842.890686729624,1.1061284876854505
0.01,843.8012775178895,1.1065268101262111
0.01,844.711868306155,1.1069272529182668
0.01,845.6224590944205,1.1073298378529755
0.01,846.533049882686,1.1077345867324861
0.01,847.4436406709515,1.1081415211474392
0.01,848.354231459217,1.108550662026355
0.01,849.2648222474825,1.1089620291059117
0.01,850.175413035748,1.1093756405883095
0.01,851.0860038240135,1.1097915132814882
0.01,851.996594612279,1.1102096632956697
0.01,852.9071854005444,1.1106301071277995
0.01,853.81777618881,1.1110528627363856
0.01,854.7283669770754,1.1114779502265177
0.01,855.6389577653409,1.1119053919818136
0.01,856.5495485536064,1.1123352122929084
0.01,857.4601393418719,1.1127674367539282
0.01,858.3707301301374,1.1132020916676608
0.01,859.2813209184029,1.1136392036155438
0.01,860.1919117066684,1.114078799173735
0.01,861.1025024949339,1.1145209046874576
0.01,862.0130932831994,1.1149655460893535
0.01,862.9236840714649,1.115412748836296
0.01,863.8342748597304,1.115862538076647
0.01,864.7448656479959,1.1163149390882132
0.01,865.6554564362614,1.1167699778458928
0.01,866.5660472245269,1.1172276814916549
0.01,867.4766380127924,1.1176880784699317
0.01,868.3872288010579,1.1181511982869328
0.01,869.2978195893234,1.118617071019266
0.01,870.2084103775888,1.1190857268210506
0.01,871.1190011658543,1.119557195652901
0.01,872.0295919541198,1.1200315073303657
0.01,872.9401827423853,1.1205086918790472
0.01,873.8507735306508,1.1209887800399552
0.01,874.7613643189163,1.121471803716088
0.01,875.6719551071818,1.1219577961791949
0.01,876.5825458954473,1.1224467919725312
0.01,877.4931366837128,1.122938826606437
0.01,878.4037274719783,1.1234339362196237
0.01,879.3143182602438,1.1239321573952537
0.01,880.2249090485093,1.1244335271826027
0.01,881.1354998367748,1.1249380832480032
0.01,882.0460906250403,1.1254458640142009
0.01,882.9566814133058,1.1259569086640857
0.01,883.8672722015713,1.1264712569756625
0.01,884.7778629898368,1.1269889490301326
0.01,885.6884537781023,1.127510024931861
0.01,886.5990445663678,1.1280345246984338
0.01,887.5096353546332,1.1285624884282268
0.01,888.4202261428987,1.1290939567710783
0.01,889.3308169311642,1.1296289715568368
0.01,890.2414077194297,1.130167576395502
0.01,891.1519985076952,1.130709817041094
0.01,892.0625892959607,1.1312557414639175
0.01,892.9731800842262,1.131805399691911
0.01,893.8837708724917,1.1323588435652308
0.01,894.7943616607572,1.132916126532005
0.01,895.7049524490227,1.1334773035403578
0.01,896.6155432372882,1.1340424310048824
0.01,897.5261340255537,1.1346115667873478
0.01,898.4367248138192,1.1351847701534619
0.01,899.3473156020847,1.1357621016893817
0.01,900.2579063903502,1.1363436232350574
0.01,901.1684971786157,1.136929397878945
0.01,902.0790879668812,1.1375194900371117
0.01,902.9896787551467,1.1381139655942594
0.01,903.9002695434122,1.1387128920322656
0.01,904.8108603316776,1.1393163384833709
0.01,905.7214511199431,1.1399243756755664
0.01,906.6320419082086,1.1405370757674191
0.01,907.5426326964741,1.1411545121868514
0.01,908.4532234847396,1.1417767596085793
0.01,909.3638142730051,1.1424038941532004
0.01,910.2744050612706,1.1430359938561527
0.01,911.1849958495361,1.1436731392757327
0.01,912.0955866378016,1.1443154140761722
0.01,913.0061774260671,1.1449629054344883
0.01,913.9167682143326,1.1456157042470203
0.01,914.8273590025981,1.1462739051669684
0.01,915.7379497908636,1.1469376065910422
0.01,916.6485405791291,1.147606910680728
0.01,917.5591313673946,1.148281923403444
0.01,918.4697221556601,1.1489627546474124
0.01,919.3803129439256,1.1496495183692723
0.01,920.290903732191,1.1503423327623556
0.01,921.2014945204565,1.1510413204388252
0.01,922.112085308722,1.151746608617141
0.01,923.0226760969875,1.1524583293460164
0.01,923.933266885253,1.1531766196944158
0.01,924.8438576735185,1.1539016219821205
0.01,925.754448461784,1.1546334840613894
0.01,926.6650392500495,1.1553723595686318
0.01,927.575630038315,1.1561184082448326
0.01,928.4862208265805,1.1568717963236266
0.01,929.396811614846,1.1576326968675097
0.01,930.3074024031115,1.1584012901964664
0.01,931.217993191377,1.1591777643483485
0.01,931.9387620923594,1.1597980911023156
0.01,932.5335170784027,1.160313846646981
0.01,933.128272064446,1.1608331756366612
0.01,933.7230270504893,1.1613561388901772
0.01,934.3177820365327,1.1618827991246887
0.01,935.0418628379629,1.1625290628405944
0.01,935.7659436393931,1.1631810236449065
0.01,936.4900244408233,1.1638388077840467
0.01,937.2141052422535,1.164502546987929
0.01,937.9381860436837,1.1651723787013506
0.01,938.6622668451139,1.165848446408538
0.01,939.3863476465441,1.1665308999729218
0.01,940.1104284479743,1.167219896004792
0.01,940.8345092494045,1.1679155982640734
0.01,941.5585900508347,1.1686181781663434
0.01,942.3840553741867,1.169427752171786
0.01,943.2095206975387,1.1702467790704127
0.01,943.8941047630085,1.1709334046389428
0.01,944.462303130922,1.1715085163649435
0.01,945.0305014988355,1.1720884765135908
0.01,945.598699866749,1.172673396538606
0.01,946.1668982346625,1.1732633925149856
0.01,946.9793742384659,1.174116099187732
0.01,947.7918502422692,1.1749798072985589
0.01,948.6043262460726,1.1758549141259844
0.01,949.4168022498759,1.1767418445457445
0.01,950.2292782536792,1.1776410535431714
0.01,951.0417542574826,1.1785530290498094
0.01,951.6748497897565,1.1792728392770815
0.01,952.193891288541,1.1798691769631846
0.01,952.7129327873254,1.1804712695280168
0.01,953.2319742861098,1.1810792789174096
0.01,953.7510157848942,1.1816933751700944
0.01,954.4448030401904,1.1825240395591723
0.01,955.1385902954867,1.183366355850938
0.01,955.8323775507829,1.1842208119215336
0.01,956.5261648060791,1.1850879341073521
0.01,957.2199520613754,1.1859682916874292
0.01,957.9137393166716,1.186862500119415
0.01,958.6075265719678,1.1877712267830458
0.01,959.4096726403185,1.188840941270609
0.01,960.2118187086692,1.189932273714336
0.01,961.0139647770199,1.1910465907808998
0.01,961.8161108453705,1.1921854190348424
0.01,962.6182569137212,1.193350466233598
0.01,963.4204029820719,1.1945436515813095
0.01,964.2225490504226,1.1957671453914718
0.01,965.0246951187733,1.1970234216244493
0.01,965.8268411871239,1.1983153008888872
0.01,966.6289872554746,1.1996460221769878
0.01,967.4311333238253,1.2010193456916682
0.01,968.233279392176,1.202439684072155
0.01,969.0354254605267,1.2039121947255758
0.01,969.8375715288773,1.205442979800979
0.01,970.639717597228,1.2070394140728313
0.01,971.27414884152,1.2083542413701003
0.01,971.9085800858119,1.2097208321221522
0.01,972.5430113301038,1.2111454134373776
0.01,973.1774425743957,1.2126353971481156
0.01,973.9054389528358,1.2144374271014933
0.01,974.6334353312758,1.2163540071131183
0.01,974.7450629830203,1.2166592252014077
0.01,974.8566906347647,1.2169677230652014
0.01,974.9683182865092,1.2172795753265522
0.01,975.1312961681468,1.2177411343242748
0.01,975.2942740497845,1.2182103600816472
0.01,975.4572519314221,1.2186875754646775
0.01,975.9582729103242,1.2202103281063739
0.01,976.4592938892264,1.2218245246537087
0.01,976.9603148681285,1.2235439674356297
0.01,977.6089700643148,1.2259514415588404
0.01,978.2576252605011,1.228612198098876
0.01,978.9062804566873,1.2315964290542873
0.01,979.5549356528736,1.2350002243074705
0.01,980.2035908490599,1.2389611629683717
0.01,980.8522460452461,1.2436905195817658
0.01,981.5009012414324,1.2495475894001669
0.01,982.1495564376187,1.2571258467953697
0.01,982.798211633805,1.2674938839476855
0.01,983.4468668299912,1.2832227772925888
0.01,984.0955220261775,1.3112596378631092
0.01,984.1781028315427,1.3162901288041475
0.01,984.2606836369079,1.3218614682653322
0.01,984.343264442273,1.3280585713435593
0.01,984.5084260530034,1.3429945874495648
0.01,984.6735876637338,1.3622802494707473
0.01,984.8387492744641,1.3877367000264955
0.01,985.040378954785,1.4299703237397738
0.01,985.2420086351058,1.4877738106674157
0.01,985.2738382021323,1.4983819320435638
0.01,985.3056677691588,1.5092862397039886
0.01,985.3374973361854,1.5204313256916584
0.01,985.4011564702384,1.5431000561525177
0.01,985.4648156042915,1.565865454798284
0.01,985.5284747383446,1.5882151322030427
0.01,985.6604928335048,1.6317760798154304
0.01,985.792510928665,1.6698148534023913
0.01,985.9245290238252,1.7017541249521688
0.01,986.0565471189855,1.7281279483444139
0.01,986.229148049866,1.7561744931467784
0.01,986.4017489807466,1.7789867390923102
0.01,986.5743499116271,1.7980084875145432
0.01,986.7469508425077,1.8141953117176686
0.01,987.0153130306272,1.8350562431362305
0.01,987.2836752187468,1.8520905240057028
0.01,987.5520374068664,1.8663858888623386
0.01,987.8203995949859,1.8785128204443213
0.01,988.2396322887059,1.894247698480109
0.01,988.6588649824259,1.907059665115911
0.01,989.078097676146,1.917817884832818
0.01,989.497330369866,1.9268817947012902
0.01,990.094926506504,1.9377207085335573
0.01,990.692522643142,1.9465633305152454
0.01,991.29011877978,1.954075960303994
0.01,991.887714916418,1.960287140595335
0.01,992.6109631987977,1.9674157200347349
0.01,993.3342114811774,1.972611859398307
0.01,994.0574597635571,1.9772116291289012
0.01,994.7807080459368,1.9811916293965954
0.01,995.5039563283165,1.9847432318468445
0.01,996.2272046106962,1.9878863370678108
0.01,996.3351703449976,1.9883654263080117
0.01,996.4431360792989,1.9888538842796264
0.01,996.5511018136003,1.9893267473352036
0.01,996.740719350796,1.9900784246402559
0.01,996.9303368879916,1.9907935927608464
0.01,997.2014776743904,1.9918160255555484
0.01,997.4726184607891,1.9927920284528942
0.01,997.7437592471879,1.993719720503932
0.01,998.1820773960362,1.9951373110304773
0.01,998.6203955448846,1.9964652616052012
0.01,999.0587136937329,1.9977115645282475
0.01,999.6850479542891,1.9993554305317043
0.01,1000.3113822148453,2.0008817273311568
0.01,1000.9377164754014,2.0023009559230247
0.01,1001.5640507359576,2.0036437875860305
0.01,1002.1903849965138,2.004914332116039
0.01,1002.81671925707,2.00608577099372
0.01,1003.4430535176261,2.0071867335727998
0.01,1004.0693877781823,2.0082401605083473
0.01,1004.6957220387385,2.0092419375098434
0.01,1005.3220562992947,2.0101927351140554
0.01,1005.9483905598508,2.0110918903066892
0.01,1006.574724820407,2.0119533638531375
0.01,1007.2010590809632,2.0127849813950904
0.01,1007.8273933415194,2.0135871116843913
0.01,1008.4537276020756,2.0143552865951757
0.01,1009.0800618626317,2.0150968678426855
0.01,1009.7063961231879,2.015819991122955
0.01,1010.3327303837441,2.0165221361958725
0.01,1010.9590646443003,2.0172009531677877
0.01,1011.7172182894318,2.017997852831483
0.01,1012.4753719345633,2.0187737096861555
0.01,1013.2335255796949,2.0195297715737994
0.01,1013.9916792248264,2.02026163172184
0.01,1014.9107711963279,2.0211258018470293
0.01,1015.8298631678294,2.0219754067806193
0.01,1016.748955139331,2.0228088688779917
0.01,1017.6680471108325,2.0236258937879494
0.01,1018.587139082334,2.0244272422868406
0.01,1019.5062310538356,2.025214022278645
0.01,1020.4253230253371,2.0259851913892657
0.01,1021.3444149968386,2.026747841175518
0.01,1022.2635069683402,2.0275106924832933
0.01,1023.1825989398417,2.0282719189264733
0.01,1024.1016909113432,2.029024287908254
0.01,1025.0207828828447,2.029769470702538
0.01,1025.9398748543463,2.03051620640845
0.01,1026.8589668258478,2.0312626728097154
0.01,1027.7780587973493,2.0320030518280747
0.01,1028.6971507688509,2.032740735503251
0.01,1029.6162427403524,2.033483616083159
0.01,1030.535334711854,2.0342318139928617
0.01,1031.4544266833555,2.0349785133555613
0.01,1032.5327023171833,2.035851389558942
0.01,1033.6109779510111,2.036729651841464
0.01,1034.689253584839,2.0376158671146536
0.01,1035.7675292186668,2.0385073116869403
0.01,1036.8458048524947,2.039402350482907
0.01,1037.9240804863225,2.04030035569546
0.01,1039.0023561201504,2.041199553991995
0.01,1040.0806317539782,2.042101502597996
0.01,1041.158907387806,2.043013314367468
0.01,1042.2371830216339,2.0439371610632526
0.01,1043.3154586554617,2.044864446226051
0.01,1044.3937342892896,2.0457899877057693
0.01,1045.4720099231174,2.046731883876334
0.01,1046.5502855569453,2.0476998215508635
0.01,1047.628561190773,2.0486831879199183
0.01,1048.706836824601,2.049672575617223
0.01,1049.7851124584288,2.0506675187989347
0.01,1050.8633880922566,2.051669454308725
0.01,1051.9416637260845,2.0526774310829206
0.01,1053.0199393599123,2.0536926401286215
0.01,1054.0982149937402,2.054723137926939
0.01,1055.176490627568,2.05577372951207
0.01,1056.2547662613958,2.0568397220813384
0.01,1057.3330418952237,2.0579174234726683
0.01,1058.4113175290515,2.05900797727088
0.01,1059.7168088705698,2.060344874059105
0.01,1061.022300212088,2.061702645547386
0.01,1062.3277915536064,2.0630840661537073
0.01,1063.6332828951247,2.064486041757818
0.01,1064.938774236643,2.065901721396715
0.01,1066.2442655781613,2.067335353291915
0.01,1067.5497569196796,2.068796701032096
0.01,1068.8552482611979,2.070293632284094
0.01,1070.1607396027161,2.0718253143839434
0.01,1071.4662309442344,2.0733828743894143
0.01,1072.7717222857527,2.074956627909246
0.01,1074.077213627271,2.0765511875799425
0.01,1075.3827049687893,2.0781807039229556
0.01,1076.8570993082412,2.080066075739145
0.01,1078.0507295249654,2.081623273984507
0.01,1079.2443597416895,2.083201784303673
0.01,1080.4379899584137,2.0848016927299633
0.01,1081.6316201751379,2.0864263689785894
0.01,1083.0602782688352,2.0884003038735846
0.01,1084.4889363625325,2.0904113212882236
0.01,1085.9175944562298,2.0924751156416224
0.01,1087.3462525499272,2.0945985537124447
0.01,1088.7749106436245,2.0967747345729624
0.01,1090.2035687373218,2.0989967765766173
0.01,1091.6322268310191,2.1012662906165946
0.01,1093.0608849247164,2.103592741803124
0.01,1094.4895430184138,2.1059849306005476
0.01,1095.918201112111,2.1084420152616086
0.01,1097.3468592058084,2.1109531871874334
0.01,1098.7755172995057,2.1135113771745195
0.01,1100.204175393203,2.116126800327985
0.01,1101.6328334869004,2.1188166698020847
0.01,1103.0614915805977,2.1215835379407477
0.01,1104.490149674295,2.1244215057557887
0.01,1105.9188077679923,2.1273327171590157
0.01,1107.3474658616897,2.1303266004346786
0.01,1108.776123955387,2.1334108936494225
0.01,1110.3729563629936,2.136970742371949
0.01,1111.6346277820935,2.1398685305709977
0.01,1112.6391339165705,2.142227679935452
0.01,1113.6436400510474,2.144633008411687
0.01,1114.6481461855244,2.147090190261987
0.01,1115.6526523200014,2.149608156675165
0.01,1116.9491674224746,2.152957272468532
0.01,1118.2456825249478,2.156421054571511
0.01,1119.542197627421,2.160000930986353
0.01,1120.8387127298943,2.163703084380835
0.01,1122.3272458754827,2.16812022453859
0.01,1123.8157790210712,2.1727327224667206
0.01,1125.3043121666597,2.1775599575723525
0.01,1126.7928453122481,2.182626519054661
0.01,1128.2813784578366,2.187963800262054
0.01,1129.769911603425,2.1936094815613343
0.01,1131.2584447490135,2.1996116155087786
0.01,1132.746977894602,2.2060293607750627
0.01,1134.2355110401904,2.2129345925767527
0.01,1135.724044185779,2.220422361967485
0.01,1137.2125773313674,2.2286270117395484
0.01,1138.7011104769558,2.237739740485152
0.01,1140.1896436225443,2.2480315947153704
0.01,1141.6781767681327,2.2599175572902404
0.01,1143.1667099137212,2.2740028851674046
0.01,1144.6552430593097,2.2912759635669873
0.01,1146.1437762048981,2.3134704019102266
0.01,1147.6323093504866,2.343718737530733
0.01,1149.120842496075,2.3872927007306335
0.01,1150.7834679168118,2.4624911168712944
0.01,1152.0495832955562,2.539021649274742
0.01,1152.2603103607546,2.552870025322922
0.01,1152.471037425953,2.566708757923371
0.01,1152.6817644911514,2.5804273662440833
0.01,1153.1032186215482,2.6070304754461464
0.01,1153.524672751945,2.6321526961641393
0.01,1153.9461268823418,2.655477640240237
0.01,1154.8835758537134,2.7002069657291456
0.01,1155.821024825085,2.7363903537091048
0.01,1156.7584737964567,2.765797860490573
0.01,1157.8725825022636,2.793952967707875
0.01,1158.9866912080706,2.8165688769980384
0.01,1160.1007999138776,2.836131775561806
0.01,1161.2149086196846,2.8525994738919325
0.01,1161.4085073794577,2.8551903167379784
0.01,1161.6021061392307,2.8577278808585236
0.01,1161.7957048990038,2.8602097703739586
0.01,1162.1829024185497,2.8650089721292438
0.01,1162.5700999380956,2.8695964299737517
0.01,1162.9572974576415,2.873985499092981
0.01,1164.2310318505167,2.8871822053708427
0.01,1165.504766243392,2.8987824606672636
0.01,1166.7785006362672,2.9091195366999267
0.01,1168.0522350291424,2.9184244832170485
0.01,1169.8465729483762,2.9300884105350278
0.01,1171.64091086761,2.940370905854637
0.01,1173.4352487868439,2.9495820774829546
0.01,1175.2295867060777,2.957910987602797
0.01,1177.0239246253116,2.9654991910318516
0.01,1178.8182625445454,2.9724944189783966
0.01,1180.6126004637792,2.978998249769935
0.01,1182.406938383013,2.985065771412121
0.01,1184.201276302247,2.990810641289495
0.01,1185.9956142214808,2.9962994689611766
0.01,1187.7899521407146,3.0015611728653466
0.01,1189.5842900599484,3.006641578994632
0.01,1191.3786279791823,3.0115772062536728
0.01,1193.1729658984161,3.016400967313769
0.01,1194.96730381765,3.021156421754843
0.01,1196.7616417368838,3.025874978669844
0.01,1198.5559796561176,3.030569608722731
0.01,1200.3503175753515,3.035262412606181
0.01,1202.1446554945853,3.0399803361673228
0.01,1203.9389934138192,3.0447399086364566
0.01,1205.733331333053,3.049550968818464
0.01,1207.5276692522868,3.0544267364297983
0.01,1209.3220071715207,3.0593885467306756
0.01,1211.1163450907545,3.0644471055393114
0.01,1212.9106830099884,3.069607569711099
0.01,1214.7050209292222,3.0748856546720273
0.01,1216.499358848456,3.0802922278538873
0.01,1218.2936967676899,3.085827252530699
0.01,1220.0880346869237,3.0915100246508227
0.01,1221.8823726061576,3.0973629875734274
0.01,1223.6767105253914,3.1033931093703147
0.01,1225.4710484446252,3.109603747023044
0.01,1227.265386363859,3.1160034142318147
0.01,1229.059724283093,3.1226033501022346
0.01,1230.8540622023268,3.1294144291925505
0.01,1232.6484001215606,3.1364553840059397
0.01,1234.4427380407944,3.1437525311992176
0.01,1236.2370759600283,3.1513260743807034
0.01,1238.0314138792621,3.1591916266027646
0.01,1239.825751798496,3.1673712522914554
0.01,1241.834291168206,3.1769323473454607
0.01,1243.842830537916,3.186960769571156
0.01,1245.851369907626,3.197511135987137
0.01,1247.8599092773359,3.208647192301707
0.01,1249.8684486470459,3.2204421165834787
0.01,1251.8769880167558,3.2329836918569352
0.01,1253.8855273864658,3.2463761451562765
0.01,1255.8940667561758,3.260749858585213
0.01,1257.9026061258858,3.2762703591061704
0.01,1259.9111454955957,3.293139564623368
0.01,1261.9196848653057,3.3115975610821886
0.01,1263.9282242350157,3.331928015484525
0.01,1265.9367636047257,3.3544573184682607
0.01,1267.9453029744357,3.3795343420752535
0.01,1269.9538423441456,3.407480648140494
0.01,1271.9623817138556,3.4384937219425002
0.01,1273.9709210835656,3.472504800093978
0.01,1275.9794604532756,3.509037171746929
0.01,1277.9879998229856,3.5471491730090134
0.01,1279.9965391926955,3.585537440041587
0.01,1282.0050785624055,3.6228760525059123
0.01,1284.0136179321155,3.658050616291861
0.01,1286.0221573018255,3.6903780997482323
0.01,1288.0306966715355,3.7196195838352257
0.01,1290.0392360412454,3.745851852589035
0.01,1292.0477754109554,3.769317980948852
0.01,1294.0563147806654,3.7903475111906055
0.01,1296.0648541503754,3.8092727257840764
0.01,1298.0733935200853,3.8263936932387805
0.01,1300.0819328897953,3.841971356801803
0.01,1302.0904722595053,3.8562378434106455
0.01,1304.0990116292153,3.8693840964224253
0.01,1306.1075509989253,3.8815714727886523
0.01,1308.1160903686352,3.892940453575522
0.01,1310.1246297383452,3.9036080993670343
0.01,1312.1331691080552,3.913673959257872
0.01,1314.1417084777652,3.923224197062874
0.01,1316.1502478474752,3.932332452579519
0.01,1318.1587872171851,3.941063523700239
0.01,1320.1673265868951,3.9494739541309567
0.01,1322.175865956605,3.9576121774720527
0.01,1324.184405326315,3.9655202504462292
0.01,1326.192944696025,3.973234632371834
0.01,1328.201484065735,3.9807875777222823
0.01,1330.210023435445,3.9882083333591196
0.01,1332.218562805155,3.9955221791710978
0.01,1334.227102174865,4.002750934487321
0.01,1336.235641544575,4.009914381607651
0.01,1338.244180914285,4.017029758578703
0.01,1340.252720283995,4.024111797395813
0.01,1342.2612596537049,4.031174087186669
0.01,1344.2697990234149,4.03822887969482
0.01,1345.9037478385958,4.043969520885368
0.01,1347.2603017445165,4.04874054741507
0.01,1348.6168556504372,4.0535192643768845
0.01,1349.9734095563579,4.058308126234689
0.01,1351.3299634622786,4.063109200077955
0.01,1352.6865173681992,4.067924511382601
0.01,1354.04307127412,4.072755988014787
0.01,1355.3996251800406,4.077605314788851
0.01,1356.7561790859613,4.082474017258349
0.01,1358.112732991882,4.087363591350157
0.01,1359.4692868978027,4.092275447451551
0.01,1360.8258408037234,4.09721085890477
0.01,1362.182394709644,4.102170972347181
0.01,1363.5389486155648,4.107156803288433
0.01,1364.8955025214855,4.112169253786064
0.01,1366.2520564274062,4.117209197454089
0.01,1367.6086103333269,4.122277507957095
0.01,1368.9651642392475,4.12737502717449
0.01,1370.3217181451682,4.1325026128294216
0.01,1371.678272051089,4.1376612051747585
0.01,1373.2073478603222,4.143514288659837
0.01,1374.7364236695555,4.149409607137773
0.01,1376.2654994787888,4.155348945033904
0.01,1377.794575288022,4.1613343660969635
0.01,1379.3236510972554,4.167368123848089
0.01,1380.8527269064887,4.173452649755929
0.01,1382.381802715722,4.179590628810562
0.01,1383.9108785249553,4.18578494800969
0.01,1385.141189655464,4.190811814214149
0.01,1386.3715007859726,4.195878457440026
0.01,1387.6018119164812,4.200986379613225
0.01,1388.8321230469899,4.206137138005691
0.01,1390.491528766095,4.213154959211063
0.01,1392.1509344852,4.220257148680999
0.01,1393.810340204305,4.227446994155054
0.01,1395.46974592341,4.234727614337566
0.01,1397.1291516425151,4.2421020258713495
0.01,1398.7885573616202,4.249573035030306
0.01,1400.4479630807252,4.257143107034405
0.01,1402.1073687998303,4.264814399305741
0.01,1403.7667745189353,4.272588835339396
0.01,1405.4261802380404,4.280468077372249
0.01,1407.0855859571454,4.288453462978562
0.01,1408.7449916762505,4.296545943858284
0.01,1410.4043973953555,4.304746039605579
0.01,1412.0638031144606,4.313053827707526
0.01,1413.7232088335656,4.321468943944136
0.01,1415.3826145526707,4.329990504059653
0.01,1417.2662336441103,4.3397904808156955
0.01,1419.14985273555,4.349722451719209
0.01,1421.0334718269896,4.359782152628374
0.01,1422.9170909184293,4.369964048768152
0.01,1424.800710009869,4.3802612363812266
0.01,1426.6843291013085,4.390665393565175
0.01,1428.5679481927482,4.401166682546758
0.01,1430.4515672841878,4.411753692413904
0.01,1432.3351863756275,4.422413469494567
0.01,1434.218805467067,4.433131547805012
0.01,1436.1024245585068,4.443891975641253
0.01,1437.9860436499464,4.454677454317617
0.01,1439.869662741386,4.465469530376981
0.01,1441.7532818328257,4.476248758540154
0.01,1443.6369009242653,4.486994960558906
0.01,1445.520520015705,4.497687534390795
0.01,1447.4041391071446,4.508305742514577
0.01,1449.2877581985842,4.518829012002546
0.01,1451.1713772900239,4.529237281636728
0.01,1452.6257853356476,4.537182934707704
0.01,1454.0801933812713,4.545040093384577
0.01,1455.534601426895,4.552800770864161
0.01,1456.9890094725188,4.5604574547126635
0.01,1458.9170998115853,4.570435889556452
0.01,1460.845190150652,4.580205032228211
0.01,1462.7732804897184,4.589752296981709
0.01,1464.701370828785,4.599067158684585
0.01,1466.6294611678516,4.608141152957258
0.01,1468.5575515069181,4.616967814911794
0.01,1470.4856418459847,4.625542575592215
0.01,1472.4137321850512,4.633862643284543
0.01,1474.3418225241178,4.641926908157161
0.01,1476.2699128631843,4.649735797909062
0.01,1478.198003202251,4.6572911025409836
0.01,1480.1260935413175,4.664595812155231
0.01,1482.054183880384,4.671653966024859
0.01,1483.9822742194506,4.678470499088146
0.01,1485.5800345388411,4.683940109454221
0.01,1487.1777948582317,4.689251177578283
0.01,1488.7755551776222,4.69440752002853
0.01,1490.3733154970128,4.699413138096265
0.01,1491.9710758164033,4.704272178363274
0.01,1493.1736529273655,4.707835266762916
0.01,1494.3762300383278,4.711319541011233
0.01,1495.57880714929,4.714726866002564
0.01,1496.7813842602523,4.718059116082549
0.01,1498.5662363253766,4.722870414967913
0.01,1500.351088390501,4.727526565441741
0.01,1502.1359404556254,4.732033641545697
0.01,1503.9207925207497,4.736397647746568
0.01,1505.705644585874,4.740624491302214
0.01,1507.4904966509985,4.744719957173175
0.01,1509.2753487161228,4.748689702372679
0.01,1511.0602007812472,4.752539247189828
0.01,1512.8450528463716,4.756273959965961
0.01,1514.629904911496,4.759899048608417
0.01,1516.4147569766203,4.763419553796833
0.01,1518.1996090417447,4.766840342754686
0.01,1519.984461106869,4.770166108100906
0.01,1522.1453933856876,4.774071900287252
0.01,1524.3063256645062,4.777852696583834
0.01,1526.4672579433247,4.781515836750279
0.01,1528.6281902221433,4.785068290074068
0.01,1530.7891225009619,4.788516656703198
0.01,1532.9500547797804,4.791867179374895
0.01,1535.110987058599,4.795125764180718
0.01,1537.2719193374176,4.798297992444766
0.01,1539.4328516162361,4.801389125721599
0.01,1541.5937838950547,4.804404119964455
0.01,1543.7547161738732,4.807347639509946
0.01,1545.9156484526918,4.810224060613099
0.01,1548.0765807315104,4.813037483039704
0.01,1550.237513010329,4.8157917440153355
0.01,1552.3984452891475,4.818490426859418
0.01,1554.559377567966,4.8211368693491785
0.01,1556.7203098467846,4.823734173991761
0.01,1558.8812421256032,4.826285216322068
0.01,1561.0421744044218,4.8287926554807745
0.01,1563.2031066832403,4.831258948851893
0.01,1565.3640389620589,4.833686363798921
0.01,1567.5249712408774,4.836076984069892
0.01,1569.685903519696,4.8384327162056415
0.01,1571.8468357985146,4.840755298563684
0.01,1574.0077680773331,4.843046310724076
0.01,1576.1687003561517,4.845307183037027
0.01,1578.3296326349703,4.847539207579036
0.01,1580.4905649137888,4.849743549510785
0.01,1582.6514971926074,4.851921255420179
0.01,1584.812429471426,4.854073258248256
0.01,1586.9733617502445,4.856200382056731
0.01,1589.134294029063,4.858303350797134
0.01,1591.2952263078816,4.860382801361099
0.01,1593.4561585867002,4.862439296353629
0.01,1595.6170908655188,4.864473330827665
0.01,1597.7780231443373,4.866485334011351
0.01,1599.938955423156,4.868475673001484
0.01,1602.0998877019745,4.870444660174473
0.01,1604.260819980793,4.8723925599501845
0.01,1606.4217522596116,4.874319593674443
0.01,1608.5826845384302,4.8762259448853476
0.01,1610.7436168172487,4.878111765657135
0.01,1612.511685896622,4.879639558641947
0.01,1614.2797549759955,4.881153750185599
0.01,1616.047824055369,4.882654388282552
0.01,1617.8158931347423,4.884141513570508
0.01,1619.5839622141157,4.885615161989522
0.01,1621.352031293489,4.887075365899122
0.01,1623.1201003728625,4.888522153340237
0.01,1624.8881694522358,4.88995554647215
0.01,1626.6562385316092,4.8913755617216905
0.01,1628.4243076109826,4.892782212470156
0.01,1630.192376690356,4.8941755122908805
0.01,1631.9604457697294,4.89555547629661
0.01,1633.7285148491028,4.896922120463073
0.01,1635.4965839284762,4.89827546076443
0.01,1637.2646530078496,4.89961551345432
0.01,1639.032722087223,4.900942296031889
0.01,1640.8007911665964,4.902255827694027
0.01,1642.5688602459697,4.903556128990529
0.01,1644.3369293253431,4.904843221467809
0.01,1646.1049984047165,4.906117128077475
0.01,1647.87306748409,4.907377874249429
0.01,1649.6411365634633,4.908625488813766
0.01,1651.4092056428367,4.909860004089685
0.01,1653.17727472221,4.91108145522335
0.01,1654.9453438015835,4.912289879451942
0.01,1656.7134128809569,4.913485315935009
0.01,1658.4814819603303,4.914667806239758
0.01,1660.2495510397036,4.915837394954005
0.01,1662.017620119077,4.916994129836217
0.01,1663.7856891984504,4.918138061514312
0.01,1665.5537582778238,4.919269243214885
0.01,1667.510121944252,4.9205061012320295
0.01,1669.4664856106801,4.921727496535063
0.01,1671.4228492771083,4.922933511754023
0.01,1673.3792129435365,4.924124233022814
0.01,1675.3355766099646,4.92529975002049
0.01,1677.2919402763928,4.926460155963709
0.01,1679.248303942821,4.927605547436634
0.01,1681.204667609249,4.9287360241572316
0.01,1683.1610312756773,4.92985168884753
0.01,1685.1173949421054,4.930952647139506
0.01,1687.0737586085336,4.932039007314877
0.01,1689.0301222749617,4.933110879950124
0.01,1690.98648594139,4.934168377707302
0.01,1692.942849607818,4.935211615308279
0.01,1694.8992132742462,4.936240709584382
0.01,1696.8555769406744,4.937255779504262
0.01,1698.8119406071025,4.938256946041201
0.01,1700.3596482278647,4.939039213640133
0.01,1701.9073558486268,4.939812917607222
0.01,1703.455063469389,4.9405781196284035
0.01,1705.002771090151,4.9413348817477925
0.01,1706.5504787109132,4.942083266520688
0.01,1706.760223266532,4.942184046134607
0.01,1706.9699678221507,4.9422846732307555
0.01,1707.1797123777694,4.942385147958008
0.01,1707.5992014890066,4.942586049819014
0.01,1708.0186906002439,4.942787380395866
0.01,1708.438179711481,4.942989061320183
0.01,1709.7995479155315,4.943644995136922
0.01,1711.160916119582,4.944301726876158
0.01,1712.5222843236324,4.944958035114283
0.01,1714.2806431006845,4.945803704817866
0.01,1716.0390018777366,4.946645948642641
0.01,1717.7973606547887,4.947483778994627
0.01,1719.5557194318408,4.948316594909977
0.01,1721.3140782088929,4.949143555363194
0.01,1723.072436985945,4.94996445404575
0.01,1724.830795762997,4.950778851200166
0.01,1726.589154540049,4.951586522623363
0.01,1728.3475133171012,4.952387009377219
0.01,1730.1058720941533,4.953180015365105
0.01,1732.377869363072,4.954193859001128
0.01,1734.6498666319908,4.955194935412516
0.01,1736.9218639009096,4.956182799382961
0.01,1739.1938611698283,4.957157602458597
0.01,1741.465858438747,4.95811912064513
0.01,1743.7378557076659,4.959067265793468
0.01,1746.0098529765846,4.960001668058828
0.01,1748.2818502455034,4.9609232210142356
0.01,1750.5538475144222,4.961831059471048
0.01,1752.825844783341,4.962725319855832
0.01,1755.0978420522597,4.963606192174464
0.01,1757.3698393211785,4.964474267352865
0.01,1759.6418365900972,4.965329044870501
0.01,1761.913833859016,4.966170654821029
0.01,1764.1858311279348,4.9669992369168545
0.01,1766.4578283968535,4.967814926636391
0.01,1768.342173088604,4.968481641736114
0.01,1770.2265177803547,4.969139478321109
0.01,1772.1108624721053,4.969788908237453
0.01,1773.9952071638559,4.970430115101913
0.01,1775.8795518556065,4.971062654930235
0.01,1777.4115354583707,4.9715702647024616
0.01,1778.943519061135,4.972072991492574
0.01,1780.4755026638993,4.972570112736549
0.01,1782.0074862666636,4.973061247589548
0.01,1783.7691353092932,4.9736204425684765
0.01,1785.5307843519229,4.9741720810266745
0.01,1787.2924333945525,4.974716175660926
0.01,1789.0540824371822,4.975254594758086
0.01,1790.8157314798118,4.975785582483181
0.01,1792.5773805224414,4.976309312959023
0.01,1794.339029565071,4.976827545140454
0.01,1796.1006786077007,4.977338443806759
0.01,1797.8623276503304,4.977842689385876
0.01,1799.62397669296,4.978341223221574
0.01,1801.3856257355897,4.978832532824847
0.01,1803.1472747782193,4.97931817557264
0.01,1804.908923820849,4.979797523612402
0.01,1806.6705728634786,4.980269941219266
0.01,1808.4322219061082,4.980737602146717
0.01,1810.1938709487379,4.981198231711628
0.01,1811.9555199913675,4.9816534172345355
0.01,1813.4138797918017,4.9820256896996975
0.01,1814.872239592236,4.982394011960315
0.01,1816.3305993926701,4.982758260789927
0.01,1817.7889591931043,4.983118868009302
0.01,1819.6398430849993,4.983570768163673
0.01,1821.4907269768942,4.984016156828099
0.01,1823.341610868789,4.984456423593488
0.01,1825.192494760684,4.9848895754917555
0.01,1827.043378652579,4.9853179475527325
0.01,1828.8942625444738,4.985739903890772
0.01,1830.7451464363687,4.986156010855495
0.01,1832.5960303282636,4.986567062230826
0.01,1834.4469142201585,4.986971262598395
0.01,1836.2977981120534,4.9873716926102745
0.01,1838.1486820039484,4.987765345734003
0.01,1839.9995658958433,4.988154431586316
0.01,1841.8504497877382,4.98853786918408
0.01,1843.701333679633,4.988915914783565
0.01,1845.552217571528,4.989289399298938
0.01,1847.403101463423,4.989656716402632
0.01,1849.2539853553178,4.990020492981718
0.01,1851.1048692472127,4.990377786730769
0.01,1852.9557531391076,4.990731729013573
0.01,1854.9935682513749,4.991114741055626
0.01,1857.0313833636421,4.991492308426275
0.01,1859.0691984759094,4.991864552537812
0.01,1861.1070135881766,4.992229985625252
0.01,1863.144828700444,4.992591783560421
0.01,1865.1826438127111,4.992946837316706
0.01,1867.2204589249784,4.993297133648623
0.01,1869.2582740372457,4.993642202870493
0.01,1871.296089149513,4.9939812891741875
0.01,1873.3339042617802,4.994316672766549
0.01,1875.3717193740474,4.994645582805373
0.01,1877.4095344863147,4.994970904154701
0.01,1879.447349598582,4.995290564704698
0.01,1882.059690667821,4.99569299751877
0.01,1884.6720317370603,4.996089083554112
0.01,1887.2843728062994,4.996476984105991
0.01,1889.8967138755386,4.996856783801611
0.01,1892.5090549447777,4.997229776886755
0.01,1895.121396014017,4.9975962176322914
0.01,1897.733737083256,4.997955014223298
0.01,1900.3460781524952,4.998306257026968
0.01,1902.9584192217344,4.998652514174028
0.01,1905.5707602909736,4.998991500556302
0.01,1908.1831013602127,4.999323228560415
0.01,1910.795442429452,4.999649314195306
0.01,1913.407783498691,4.99996956864404
0.01,1916.0201245679302,5.0
0.01,1918.6324656371694,5.0
0.01,1921.2448067064086,5.0
0.01,1923.8571477756477,5.0
0.01,1926.4694888448869,5.0
0.01,1929.081829914126,5.0
0.01,1931.6941709833652,5.0
0.01,1934.3065120526044,5.0
0.01,1936.9188531218435,5.0
0.01,1939.5311941910827,5.0
0.01,1942.1435352603219,5.0
0.01,1944.755876329561,5.0
0.01,1947.3682173988002,5.0
0.01,1949.9805584680394,5.0
0.01,1952.5928995372785,5.0
0.01,1955.2052406065177,5.0
0.01,1957.8175816757569,5.0
0.01,1960.429922744996,5.0
0.01,1963.0422638142352,5.0
0.01,1965.6546048834743,5.0
0.01,1968.2669459527135,5.0
0.01,1970.8792870219527,5.0
0.01,1973.4916280911918,5.0
0.01,1976.103969160431,5.0
0.01,1978.7163102296702,5.0
0.01,1981.3286512989093,5.0
0.01,1983.9409923681485,5.0
0.01,1986.5533334373877,5.0
0.01,1989.1656745066268,5.0
0.01,1991.778015575866,5.0
0.01,1994.3903566451052,5.0
0.01,1997.0026977143443,5.0
0.01,1999.6150387835835,5.0
0.01,2002.2273798528227,5.0
0.01,2004.8397209220618,5.0
0.01,2007.452061991301,5.0
0.01,2010.0644030605401,5.0
0.01,2012.6767441297793,5.0
0.01,2015.2890851990185,5.0
0.01,2017.9014262682576,5.0
0.01,2020.5137673374968,5.0
0.01,2023.126108406736,5.0
0.01,2026.0034471690685,5.0
0.01,2028.880785931401,5.0
0.01,2031.7581246937336,5.0
0.01,2034.6354634560662,5.0
0.01,2037.5128022183987,5.0
0.01,2040.3901409807313,5.0
0.01,2043.2674797430639,5.0
0.01,2046.1448185053964,5.0
0.01,2049.0221572677287,5.0
0.01,2051.899496030061,5.0
0.01,2054.7768347923934,5.0
0.01,2057.1543026619825,5.0
0.01,2059.5317705315715,5.0
0.01,2061.9092384011606,5.0
0.01,2064.2867062707496,5.0
0.01,2066.6641741403387,5.0
0.01,2069.0416420099277,5.0
0.01,2071.419109879517,5.0
0.01,2073.796577749106,5.0
0.01,2076.174045618695,5.0
0.01,2078.551513488284,5.0
0.01,2080.928981357873,5.0
0.01,2083.306449227462,5.0
0.01,2085.683917097051,5.0
0.01,2088.06138496664,5.0
0.01,2090.438852836229,5.0
0.01,2092.8163207058183,5.0
0.01,2095.1937885754073,5.0
0.01,2097.5712564449964,5.0
0.01,2099.9487243145854,5.0
0.01,2102.3261921841745,5.0
0.01,2104.7036600537635,5.0
0.01,2107.0811279233526,5.0
0.01,2109.9460922985204,5.0
0.01,2112.811056673688,5.0
0.01,2115.676021048856,5.0
0.01,2118.540985424024,5.0
0.01,2121.4059497991916,5.0
0.01,2124.2709141743594,5.0
0.01,2127.135878549527,5.0
0.01,2130.000842924695,5.0
0.01,2132.865807299863,5.0
0.01,2135.7307716750306,5.0
0.01,2138.5957360501984,5.0
0.01,2141.460700425366,5.0
0.01,2144.325664800534,5.0
0.01,2147.190629175702,5.0
0.01,2150.0555935508696,5.0
0.01,2152.9205579260374,5.0
0.01,2155.785522301205,5.0
0.01,2158.650486676373,5.0
0.01,2161.515451051541,5.0
0.01,2164.3804154267086,5.0
0.01,2167.2453798018764,5.0
0.01,2170.110344177044,5.0
0.01,2172.975308552212,5.0
0.01,2175.84027292738,5.0
0.01,2178.7052373025476,5.0
0.01,2181.5702016777154,5.0
0.01,2184.4351660528832,5.0
0.01,2187.300130428051,5.0
0.01,2190.165094803219,5.0
0.01,2193.0300591783866,5.0
0.01,2195.8950235535544,5.0
0.01,2198.7599879287222,5.0
0.01,2201.62495230389,5.0
0.01,2204.489916679058,5.0
0.01,2207.6889874791395,5.0
0.01,2210.8880582792212,5.0
0.01,2214.087129079303,5.0
0.01,2217.2861998793846,5.0
0.01,2219.929541494508,5.0
0.01,2222.5728831096317,5.0
0.01,2225.216224724755,5.0
0.01,2227.8595663398787,5.0
0.01,2230.5029079550022,5.0
0.01,2233.1462495701257,5.0
0.01,2235.7895911852493,5.0
0.01,2238.432932800373,5.0
0.01,2241.0762744154963,5.0
0.01,2243.71961603062,5.0
0.01,2246.3629576457433,5.0
0.01,2249.006299260867,5.0
0.01,2251.6496408759904,5.0
0.01,2254.292982491114,5.0
0.01,2256.9363241062374,5.0
0.01,2259.579665721361,5.0
0.01,2262.2230073364844,5.0
0.01,2264.866348951608,5.0
0.01,2267.5096905667315,5.0
0.01,2270.153032181855,5.0
0.01,2272.7963737969785,5.0
0.01,2275.439715412102,5.0
0.01,2278.659974073604,5.0
0.01,2281.8802327351063,5.0
0.01,2285.1004913966085,5.0
0.01,2288.3207500581107,5.0
0.01,2291.541008719613,5.0
0.01,2294.761267381115,5.0
0.01,2297.981526042617,5.0
0.01,2301.2017847041193,5.0
0.01,2304.4220433656214,5.0
0.01,2307.6423020271236,5.0
0.01,2310.8625606886258,5.0
0.01,2314.082819350128,5.0
0.01,2317.30307801163,5.0
0.01,2320.5233366731322,5.0
0.01,2323.7435953346344,5.0
0.01,2326.9638539961365,5.0
0.01,2330.1841126576387,5.0
0.01,2333.404371319141,5.0
0.01,2336.624629980643,5.0
0.01,2339.844888642145,5.0
0.01,2343.0651473036473,5.0
0.01,2346.2854059651495,5.0
0.01,2349.5056646266517,5.0
0.01,2352.725923288154,5.0
0.01,2355.946181949656,5.0
0.01,2359.55518354461,5.0
0.01,2363.164185139564,5.0
0.01,2366.773186734518,5.0
0.01,2370.382188329472,5.0
0.01,2373.9911899244257,5.0
0.01,2376.9623724153807,5.0
0.01,2379.9335549063358,5.0
0.01,2382.904737397291,5.0
0.01,2385.875919888246,5.0
0.01,2388.847102379201,5.0
0.01,2391.818284870156,5.0
0.01,2394.789467361111,5.0
0.01,2397.760649852066,5.0
0.01,2400.731832343021,5.0
0.01,2403.703014833976,5.0
0.01,2406.674197324931,5.0
0.01,2409.645379815886,5.0
0.01,2412.616562306841,5.0
0.01,2415.587744797796,5.0
0.01,2418.558927288751,5.0
0.01,2421.530109779706,5.0
0.01,2424.501292270661,5.0
0.01,2427.472474761616,5.0
0.01,2430.443657252571,5.0
0.01,2434.2708591283267,5.0
0.01,2438.0980610040824,5.0
0.01,2441.925262879838,5.0
0.01,2445.752464755594,5.0
0.01,2449.5796666313495,5.0
0.01,2453.406868507105,5.0
0.01,2457.234070382861,5.0
0.01,2461.0612722586166,5.0
0.01,2464.8884741343722,5.0
0.01,2468.715676010128,5.0
0.01,2472.5428778858836,5.0
0.01,2476.3700797616393,5.0
0.01,2480.197281637395,5.0
0.01,2484.0244835131507,5.0
0.01,2487.8516853889064,5.0
0.01,2491.678887264662,5.0
0.01,2495.5060891404178,5.0
0.01,2499.3332910161735,5.0
0.01,2500.0,5.0
0.1,0.0,1.0698216699004093
0.1,0.0008153720910121248,1.068864347560464
0.1,0.001019215113765156,1.0686220598336396
0.1,0.0010701758694534136,1.0685667490377246
0.1,0.0010727419356668937,1.0685624125372952
0.1,0.0010753080018803738,1.0685581182769541
0.1,0.0010778740680938538,1.0685541313967768
0.1,0.001080440134307334,1.0685504232416247
0.1,0.001083006200520814,1.068546921209491
0.1,0.001085572266734294,1.0685435625935247
0.1,0.0010881383329477742,1.0685403015856598
0.1,0.0010907043991612542,1.0685371064267484
0.1,0.0010932704653747343,1.0685339555104196
0.1,0.0010958365315882144,1.068530834241543
0.1,0.0010984025978016945,1.0685277327868579
0.1,0.0011009686640151746,1.0685246445272025
0.1,0.0011035347302286547,1.0685215650080617
0.1,0.0011061007964421347,1.0685184912318755
0.1,0.0011090436664804935,1.068514969492082
0.1,0.0011119865365188523,1.0685114523635402
0.1,0.001114929406557211,1.068507936903003
0.1,0.0011175880268750012,1.0685047615858996
0.1,0.0011441742300529027,1.0684729973745906
0.1,0.0011707604332308042,1.0684412004853514
0.1,0.0011973466364087056,1.0684093610095817
0.1,0.0014632086681877195,1.0680864423694754
0.1,0.0017290706999667333,1.06775912578023
0.1,0.003118521337956163,1.065931995947004
0.1,0.004507971975945593,1.0640016909975112
0.1,0.006764013739746287,1.0607566023320578
0.1,0.009020055503546981,1.0573235165356032
0.1,0.011276097267347674,1.0537674336555176
0.1,0.015222026140589782,1.0473868524255663
0.1,0.01916795501383189,1.0410086464416186
0.1,0.023113883887074,1.034784542680632
0.1,0.027059812760316108,1.0287673161427269
0.1,0.03185700236338845,1.021735221560822
0.1,0.03665419196646078,1.0150263861294435
0.1,0.04145138156953312,1.0086400396150217
0.1,0.04624857117260545,1.0025809977303535
0.1,0.05104576077567779,0.9968535818328547
0.1,0.055842950378750124,0.9914670884302521
0.1,0.06064013998182246,0.9864300988228495
0.1,0.0654373295848948,0.9817480143590376
0.1,0.07023451918796714,0.9774219974554851
0.1,0.07503170879103947,0.9734481559125382
0.1,0.08037616103631981,0.9694215269414748
0.1,0.08572061328160015,0.9657994843020976
0.1,0.09106506552688048,0.9625605602115079
0.1,0.09640951777216082,0.9596809578233171
0.1,0.10175397001744116,0.9571357965462699
0.1,0.1070984222627215,0.9549000888364618
0.1,0.11244287450800183,0.9529494667897402
0.1,0.11778732675328217,0.9512604361545709
0.1,0.12313177899856251,0.9498107164510295
0.1,0.12925188170851587,0.9484156790249074
0.1,0.13537198441846923,0.947277351589828
0.1,0.1414920871284226,0.946368883564347
0.1,0.14832461160912186,0.9455938234585703
0.1,0.15515713608982112,0.9450426091225119
0.1,0.1619896605705204,0.9447583769622515
0.1,0.16882218505121965,0.9462381868070273
0.1,0.17565470953191892,0.9476558721753152
0.1,0.18248723401261818,0.9490162227590736
0.1,0.1937970822963614,0.9510639802542318
0.1,0.2051069305801046,0.9529017227192111
0.1,0.2164167788638478,0.9545724478926543
0.1,0.227726627147591,0.9561068238883311
0.1,0.24585146404176755,0.9583339143608935
0.1,0.2639763009359441,0.9603403403908878
0.1,0.28210113783012064,0.9621781451355825
0.1,0.3002259747242972,0.9638826568381861
0.1,0.33033014224237134,0.9664756410089154
0.1,0.3604343097604455,0.9688685534980295
0.1,0.39053847727851965,0.9711582198764351
0.1,0.4206426447965938,0.9732887144062411
0.1,0.46930307717391867,0.9765024228603555
0.1,0.5179635095512436,0.979466438233216
0.1,0.5666239419285685,0.9822183167393572
0.1,0.6152843743058933,0.984735529256683
0.1,0.699848346833088,0.988702455587254
0.1,0.7844123193602828,0.9921561551432321
0.1,0.8689762918874775,0.995156413342336
0.1,0.9535402644146722,0.9977683934480273
0.1,1.1049668554211567,1.0016061196909003
0.1,1.2563934464276412,1.004525746087617
0.1,1.4078200374341256,1.0066593275894928
0.1,1.5592466284406101,1.0082274396479582
0.1,1.776262581101816,1.0097730956279494
0.1,1.9932785337630219,1.010785174736238
0.1,2.2102944864242278,1.0114666111328967
0.1,2.4273104390854336,1.0119388053034142
0.1,2.757351940830146,1.0124002743029545
0.1,3.0873934425748586,1.0127005908592057
0.1,3.417434944319571,1.0129186782865665
0.1,3.7474764460642835,1.0130946517182762
0.1,4.1968842649938,1.0132982615577586
0.1,4.646292083923317,1.0134775001952285
0.1,5.095699902852834,1.0136471429439087
0.1,5.545107721782351,1.0138332486146457
0.1,5.994515540711868,1.0140270107695752
0.1,6.443923359641385,1.0142196360046463
0.1,6.893331178570902,1.0144159175670195
0.1,7.342738997500419,1.0146042079173125
0.1,7.792146816429936,1.014783376767205
0.1,8.241554635359453,1.0149777572543044
0.1,8.69096245428897,1.01518578246297
0.1,9.140370273218487,1.0154025419786838
0.1,9.589778092148004,1.0156217299463226
0.1,10.03918591107752,1.0158375258820718
0.1,10.488593730007038,1.0160684957637984
0.1,10.938001548936555,1.0163134179562936
0.1,11.387409367866072,1.0165644199111223
0.1,11.836817186795589,1.0168271029352145
0.1,12.286225005725106,1.0170947410596434
0.1,12.735632824654623,1.017364192249492
0.1,13.18504064358414,1.0176413449022992
0.1,13.634448462513657,1.017926261661677
0.1,14.083856281443174,1.018218800007636
0.1,14.53326410037269,1.0185156542430622
0.1,14.982671919302208,1.01881331498971
0.1,15.432079738231725,1.0191116881392244
0.1,15.881487557161241,1.0194096318878774
0.1,16.33089537609076,1.0197145067043103
0.1,16.780303195020274,1.020036487529478
0.1,17.22971101394979,1.0203756278300027
0.1,17.679118832879304,1.020721961746244
0.1,18.12852665180882,1.0210681732237348
0.1,18.577934470738334,1.0214138161272945
0.1,19.02734228966785,1.0217584881633885
0.1,19.476750108597365,1.022109070483236
0.1,19.92615792752688,1.0224770337647655
0.1,20.375565746456395,1.0228600606570486
0.1,20.82497356538591,1.0232454101986501
0.1,21.274381384315426,1.0236322020676394
0.1,21.72378920324494,1.024031114261366
0.1,22.096783841818166,1.0243740318272514
0.1,22.46977848039139,1.0247232194986153
0.1,22.842773118964615,1.0250694905654585
0.1,23.21576775753784,1.0254090109945075
0.1,23.588762396111065,1.0257502013749475
0.1,23.96175703468429,1.0261049163314087
0.1,24.334751673257514,1.0264754652842316
0.1,24.70774631183074,1.026855326538592
0.1,25.080740950403964,1.0272374600232452
0.1,25.45373558897719,1.0276220037583281
0.1,25.826730227550414,1.0280145811698251
0.1,26.19972486612364,1.0284173978585058
0.1,26.572719504696863,1.0288293798350625
0.1,26.945714143270088,1.0292491262616654
0.1,27.318708781843313,1.029674887057803
0.1,27.691703420416538,1.0301063329480509
0.1,28.064698058989762,1.0305439110567858
0.1,28.437692697562987,1.0309873075378284
0.1,28.810687336136212,1.0314369306246916
0.1,29.183681974709437,1.0318937478197372
0.1,29.55667661328266,1.0323581394290957
0.1,29.929671251855886,1.0328299775457914
0.1,30.30266589042911,1.0333080834568282
0.1,30.675660529002336,1.0337913485167367
0.1,31.04865516757556,1.0342808388481797
0.1,31.421649806148785,1.0347782795728526
0.1,31.79464444472201,1.0352835876151851
0.1,32.167639083295235,1.035795081099411
0.1,32.54063372186846,1.0363117712366823
0.1,32.913628360441685,1.0368355670979608
0.1,33.28662299901491,1.0373699979681243
0.1,33.659617637588134,1.037916401934427
0.1,34.03261227616136,1.0384727982313113
0.1,34.405606914734584,1.0390364225542816
0.1,34.77860155330781,1.039605777098218
0.1,35.15159619188103,1.0401809283478756
0.1,35.52459083045426,1.0407639815439862
0.1,35.89758546902748,1.0413583215297493
0.1,36.208106143573445,1.0418632340483074
0.1,36.51862681811941,1.0423766387712878
0.1,36.82914749266537,1.042896162035577
0.1,37.08565671251006,1.0433280512973728
0.1,37.29485510929064,1.0436817871647894
0.1,37.504053506071216,1.0440377851226468
0.1,37.713251902851795,1.044397367620373
0.1,37.922450299632374,1.0447614394867348
0.1,38.1576901108525,1.0451760779650088
0.1,38.392929922072625,1.0455953651508794
0.1,38.62816973329275,1.0460179400534224
0.1,38.863409544512876,1.046443021450337
0.1,39.19148940305153,1.0470408869239016
0.1,39.51956926159018,1.0476474053198863
0.1,39.84764912012883,1.0482650586495192
0.1,40.10812544380404,1.048763127115927
0.1,40.368601767479255,1.0492668154238836
0.1,40.57871247091446,1.0496766320011828
0.1,40.6207346116015,1.049758962147188
0.1,40.66275675228854,1.0498414547163777
0.1,40.704778892975575,1.0499241250096987
0.1,40.78882317434966,1.0500900066882772
0.1,40.87286745572374,1.0502565692446513
0.1,40.956911737097826,1.0504237646732821
0.1,41.162652267738636,1.050835685091046
0.1,41.368392798379446,1.0512513468780216
0.1,41.574133329020256,1.0516708693988124
0.1,41.779873859661066,1.052094224905503
0.1,42.09073445983047,1.0527407465323468
0.1,42.40159505999988,1.0533953083350658
0.1,42.71245566016928,1.0540580942371869
0.1,43.02331626033869,1.0547294997630596
0.1,43.334176860508094,1.0554097281214943
0.1,43.6450374606775,1.0560986595434037
0.1,43.955898060846906,1.0567963420165716
0.1,44.26675866101631,1.0575036706782972
0.1,44.57761926118572,1.0582220277175625
0.1,44.88847986135512,1.058952004771404
0.1,45.19934046152453,1.0596928661784446
0.1,45.510201061693934,1.0604435660982852
0.1,45.82106166186334,1.0612039461291667
0.1,46.131922262032745,1.0619747190828073
0.1,46.44278286220215,1.062756477619894
0.1,46.753643462371556,1.06354897627151
0.1,47.06450406254096,1.0643516364441232
0.1,47.37536466271037,1.0651648540180443
0.1,47.68622526287977,1.0659902652138604
0.1,47.99708586304918,1.0668293396444744
0.1,48.307946463218585,1.067682069024596
0.1,48.61880706338799,1.0685474283368601
0.1,48.929667663557396,1.0694247905347927
0.1,49.2405282637268,1.070314570964226
0.1,49.55138886389621,1.0712177042644377
0.1,49.86224946406561,1.072134940144905
0.1,50.17311006423502,1.0730666222315164
0.1,50.483970664404424,1.0740128671117244
0.1,50.79483126457383,1.0749737408765352
0.1,51.105691864743235,1.0759492684774863
0.1,51.41655246491264,1.0769394147874591
0.1,51.72741306508205,1.0779441858085572
0.1,52.03827366525145,1.078963858941079
0.1,52.34913426542086,1.0799991262229298
0.1,52.659994865590264,1.0810508482128631
0.1,52.97085546575967,1.0821194670948802
0.1,53.281716065929075,1.0832047659824506
0.1,53.59257666609848,1.0843065055696235
0.1,53.903437266267886,1.0854252747189668
0.1,54.21429786643729,1.0865624036278636
0.1,54.5251584666067,1.0877190324358583
0.1,54.8360190667761,1.0888955789466555
0.1,55.08889221131139,1.0898674116424236
0.1,55.341765355846675,1.0908526488802694
0.1,55.59463850038196,1.0918517021358947
0.1,55.84751164491725,1.0928650268817195
0.1,56.100384789452534,1.0938928733954638
0.1,56.35325793398782,1.0949352989496406
0.1,56.606131078523106,1.0959923460321987
0.1,56.85900422305839,1.0970642003495934
0.1,57.11187736759368,1.0981511891536373
0.1,57.364750512128964,1.0992537197438683
0.1,57.61762365666425,1.1003722472332855
0.1,57.870496801199536,1.1015072574539642
0.1,58.12336994573482,1.102659221884765
0.1,58.40497754320282,1.1039625400469055
0.1,58.686585140670815,1.1052879202040882
0.1,58.96819273813881,1.106635943494776
0.1,59.24980033560681,1.1080073143700544
0.1,59.5314079330748,1.1094028295972094
0.1,59.8130155305428,1.1108232937119678
0.1,60.094623128010795,1.1122694507821103
0.1,60.37623072547879,1.1137419461898341
0.1,60.65783832294679,1.115241336317186
0.1,60.939445920414784,1.1167682187386903
0.1,61.22105351788278,1.1183234518321903
0.1,61.502661115350776,1.1199082361398316
0.1,61.78426871281877,1.1215239161621888
0.1,62.06587631028677,1.1231716913121181
0.1,62.347483907754764,1.1248525577949289
0.1,62.62909150522276,1.1265675294496953
0.1,62.91069910269076,1.1283178672857943
0.1,63.19230670015875,1.1301050683408889
0.1,63.47391429762675,1.1319306555977433
0.1,63.70675243948649,1.133470088066284
0.1,63.93959058134624,1.1350375270139699
0.1,64.17242872320598,1.1366338980006687
0.1,64.40526686506573,1.1382603415734511
0.1,64.66450949190008,1.1401081940446494
0.1,64.92375211873443,1.1419967327247402
0.1,65.18299474556878,1.1439276777849212
0.1,65.44223737240313,1.1459027144858096
0.1,65.70147999923748,1.1479236684757852
0.1,65.96072262607183,1.1499926950090547
0.1,66.21996525290618,1.152112357786872
0.1,66.47920787974053,1.154285566179457
0.1,66.73845050657488,1.156515425298807
0.1,66.99769313340923,1.1588051810059568
0.1,67.25693576024358,1.1611583013962044
0.1,67.51617838707793,1.1635786255133547
0.1,67.77542101391228,1.1660704782577551
0.1,68.03466364074663,1.1686387125176292
0.1,68.29390626758098,1.1712887328801747
0.1,68.55314889441533,1.1740266000237443
0.1,68.81239152124968,1.1768592249504335
0.1,69.07163414808403,1.1797946304381133
0.1,69.33087677491838,1.1828421188129286
0.1,69.59011940175273,1.1860124637239466
0.1,69.84936202858708,1.1893182102584312
0.1,70.10860465542143,1.1927741206290685
0.1,70.36784728225578,1.1963978372264654
0.1,70.62708990909013,1.2002107216445017
0.1,70.88633253592448,1.204238880514975
0.1,71.14557516275883,1.20851470344702
0.1,71.40481778959318,1.2130787260713174
0.1,71.6151767293484,1.2170289405584807
0.1,71.82553566910363,1.2212382110412183
0.1,72.03589460885885,1.2257512696695998
0.1,72.24625354861408,1.2306253605375617
0.1,72.4566124883693,1.2359355051274765
0.1,72.66697142812453,1.2417802693408535
0.1,72.87733036787975,1.2482965626096894
0.1,73.08768930763497,1.2556753256743431
0.1,73.2980482473902,1.2641886217855045
0.1,73.50840718714542,1.274245027383033
0.1,73.71876612690065,1.2865099929341057
0.1,73.92912506665587,1.3020445081023149
0.1,74.1394840064111,1.3226934745670802
0.1,74.37230200488096,1.3559467000076928
0.1,74.60512000335083,1.4086777143985618
0.1,74.8379380018207,1.4909416219465814
0.1,74.86647802920967,1.5032833903774043
0.1,74.89501805659864,1.5159900107424615
0.1,74.92355808398761,1.5289558507944832
0.1,74.96931985150718,1.5500044314570223
0.1,75.01508161902674,1.5710601362571794
0.1,75.06084338654631,1.5917583674831846
0.1,75.16637320032495,1.6367472461808366
0.1,75.2719030141036,1.6761958652066453
0.1,75.37743282788225,1.7094428162338746
0.1,75.48296264166089,1.7370140636994524
0.1,75.61915340207888,1.766396810348165
0.1,75.75534416249687,1.7896463912166198
0.1,75.89153492291486,1.8108089006240624
0.1,76.02772568333285,1.8273786931071367
0.1,76.16391644375084,1.841786932983662
0.1,76.30010720416882,1.854543165967328
0.1,76.43629796458681,1.866174852784643
0.1,76.64556955266289,1.8816719914008326
0.1,76.85484114073897,1.895053043835356
0.1,77.06411272881505,1.9067568611565149
0.1,77.27338431689112,1.9171367891769169
0.1,77.4826559049672,1.9264427860489495
0.1,77.69192749304328,1.934887531638206
0.1,77.90119908111936,1.942592042326812
0.1,78.11047066919544,1.949661304621833
0.1,78.31974225727151,1.9561970557295854
0.1,78.52901384534759,1.962278127261478
0.1,78.73828543342367,1.9679801714354308
0.1,78.76862364527351,1.968779819256961
0.1,78.77335258819959,1.968903869980473
0.1,78.77808153112566,1.96902783260131
0.1,78.78753941697784,1.9692752072490445
0.1,78.79699730283001,1.9695218873493598
0.1,78.83183295126592,1.9704179885528381
0.1,78.86666859970184,1.9713032669087907
0.1,78.96271110671367,1.9737242744751657
0.1,79.0587536137255,1.9760892394317013
0.1,79.15479612073733,1.978397307246263
0.1,79.33586656797301,1.9826093220212786
0.1,79.5169370152087,1.9866503856300184
0.1,79.69800746244438,1.9905403429383395
0.1,79.91496182831395,1.995015445720702
0.1,80.13191619418352,1.9993248578868783
0.1,80.34887056005309,2.003502017290618
0.1,80.56582492592266,2.0075540992052443
0.1,80.85608041055966,2.01282945270127
0.1,81.09420500648392,2.017058367431411
0.1,81.33232960240818,2.0212096750454913
0.1,81.57045419833244,2.0252949998018415
0.1,81.8085787942567,2.029329234225511
0.1,82.06321930940317,2.033619907710156
0.1,82.31785982454963,2.0378979408653386
0.1,82.57250033969609,2.0421663790631723
0.1,82.82714085484255,2.046436226683009
0.1,83.12423501107364,2.0514389215277524
0.1,83.42132916730472,2.0564989525783477
0.1,83.7184233235358,2.061653237135928
0.1,84.01551747976688,2.0669110343610484
0.1,84.31261163599797,2.0722757217357937
0.1,84.60970579222905,2.077750053414688
0.1,84.90679994846013,2.0833545131448252
0.1,85.20389410469122,2.0891318722967522
0.1,85.5009882609223,2.095107276348541
0.1,85.79808241715338,2.101286395112017
0.1,86.12860553764746,2.1084073641583667
0.1,86.45912865814154,2.115819533378803
0.1,86.78965177863562,2.1235896834976504
0.1,87.1201748991297,2.13176672048132
0.1,87.45069801962377,2.140375954257258
0.1,87.78122114011785,2.1494478859693857
0.1,88.11174426061193,2.1590340763821727
0.1,88.48814025187231,2.170669791735467
0.1,88.86453624313269,2.1831930195205747
0.1,89.24093223439307,2.196745050860352
0.1,89.61732822565345,2.211504680029193
0.1,89.99372421691383,2.2277097117487243
0.1,90.37012020817421,2.2456596662348662
0.1,90.7465161994346,2.2657482913240727
0.1,91.16618939911315,2.291320690882665
0.1,91.5858625987917,2.32116864547135
0.1,92.00553579847026,2.356546685316695
0.1,92.42520899814882,2.398903020160994
0.1,92.84488219782737,2.4492660931369707
0.1,93.26455539750593,2.5071180946778666
0.1,93.68422859718449,2.5694652707311
0.1,94.10390179686304,2.6311868208464015
0.1,94.5235749965416,2.6878814604160044
0.1,94.94324819622015,2.737225609053873
0.1,95.36292139589871,2.779488000495591
0.1,95.78259459557727,2.8156991829479434
0.1,96.20226779525582,2.8472026600027966
0.1,96.62194099493438,2.875125881201275
0.1,97.04161419461293,2.900387734778261
0.1,97.46128739429149,2.92374274843753
0.1,97.88096059397004,2.945691704631234
0.1,98.3006337936486,2.9666526939710316
0.1,98.72030699332716,2.9869625045628108
0.1,99.13998019300571,3.006927454101827
0.1,99.55965339268427,3.0267884148714055
0.1,99.97932659236282,3.046735957683199
0.1,100.39899979204138,3.0669631714972074
0.1,100.81867299171994,3.087651575987939
0.1,101.23834619139849,3.108952267299225
0.1,101.65801939107705,3.131016881006063
0.1,102.0776925907556,3.154011710541042
0.1,102.49736579043416,3.178096710258947
0.1,102.91703899011272,3.203429757652181
0.1,103.33671218979127,3.230183919954055
0.1,103.75638538946983,3.2585361038300964
0.1,104.17605858914838,3.2886456222967526
0.1,104.59573178882694,3.3206461516825043
0.1,105.0154049885055,3.3546266439262284
0.1,105.43507818818405,3.3905783044319535
0.1,105.8547513878626,3.4283548110814843
0.1,106.27442458754116,3.467647071757576
0.1,106.69409778721972,3.5079723891741073
0.1,107.11377098689827,3.548714596045863
0.1,107.53344418657683,3.5891967233037083
0.1,107.95311738625539,3.6287969560866515
0.1,108.37279058593394,3.6670240443159883
0.1,108.7924637856125,3.7035700496762307
0.1,109.21213698529105,3.73829600982967
0.1,109.63181018496961,3.771209534659259
0.1,110.05148338464817,3.802413056309981
0.1,110.47115658432672,3.832065890765333
0.1,110.89082978400528,3.8603495082153536
0.1,111.31050298368383,3.8874505678182483
0.1,111.73017618336239,3.9135439159024594
0.1,112.14984938304094,3.9387881042424984
0.1,112.5695225827195,3.963324274162375
0.1,112.98919578239806,3.987275576391654
0.1,113.40886898207661,4.010749593036985
0.1,113.82854218175517,4.03383767476808
0.1,114.24821538143372,4.056615142539502
0.1,114.66788858111228,4.0791450411324215
0.1,115.08756178079084,4.101480436750639
0.1,115.50723498046939,4.1236659538565625
0.1,115.92690818014795,4.145738501028024
0.1,116.3465813798265,4.1677275775919815
0.1,116.76625457950506,4.189655416245053
0.1,117.18592777918361,4.211537664502445
0.1,117.60560097886217,4.233383010717134
0.1,118.06785042397497,4.257402515210546
0.1,118.53009986908778,4.281370153402311
0.1,118.99234931420058,4.305269168865933
0.1,119.45459875931338,4.329073601441598
0.1,119.91684820442619,4.352748629948803
0.1,120.37909764953899,4.376251770251081
0.1,120.8413470946518,4.399534003483397
0.1,121.3035965397646,4.422541224963894
0.1,121.7658459848774,4.445216509005441
0.1,122.2280954299902,4.467502362641892
0.1,122.69034487510301,4.4893427168963465
0.1,123.15259432021581,4.510685073576562
0.1,123.61484376532862,4.531482299766163
0.1,124.07709321044142,4.551693866067982
0.1,124.53934265555422,4.571286810863454
0.1,125.00159210066703,4.590236124567952
0.1,125.46384154577983,4.608524614850181
0.1,125.92609099089263,4.626142618034939
0.1,126.38834043600544,4.643087286413897
0.1,126.85058988111824,4.659361820751046
0.1,127.31283932623104,4.674974599233241
0.1,127.77508877134385,4.6899381992000135
0.1,128.23733821645664,4.704268508964256
0.1,128.69958766156944,4.717983978366187
0.1,129.16183710668224,4.731104862033932
0.1,129.62408655179505,4.743652543350904
0.1,130.08633599690785,4.755649039928959
0.1,130.54858544202065,4.767116624811836
0.1,131.01083488713346,4.778077473846225
0.1,131.47308433224626,4.788553516862796
0.1,131.93533377735906,4.7985662962023135
0.1,132.39758322247187,4.808136667786085
0.1,132.85983266758467,4.817284549469551
0.1,133.32208211269747,4.826029012811763
0.1,133.78433155781028,4.834388465389307
0.1,134.24658100292308,4.842380544477561
0.1,134.70883044803588,4.850021922584193
0.1,135.2560157369784,4.8586355257015175
0.1,135.80320102592094,4.866804532606015
0.1,136.35038631486347,4.87455246574934
0.1,136.897571603806,4.8819014052499545
0.1,137.34815242951905,4.887668071729727
0.1,137.7987332552321,4.893189027559402
0.1,138.24931408094514,4.898474455798106
0.1,138.6998949066582,4.903534207330683
0.1,139.15047573237123,4.908377943433377
0.1,139.60105655808428,4.913014962425274
0.1,139.97048506076982,4.916668749243843
0.1,140.33991356345535,4.92019384957704
0.1,140.7093420661409,4.923594424219324
0.1,141.07877056882643,4.926874550264914
0.1,141.52499486507665,4.930681704310094
0.1,141.97121916132687,4.934325998584734
0.1,142.4174434575771,4.9378140068591785
0.1,142.86366775382731,4.9411518865927215
0.1,143.35533986003486,4.944662887716252
0.1,143.8470119662424,4.948006340978217
0.1,144.33868407244995,4.951189550663257
0.1,144.8303561786575,4.954219489729677
0.1,145.32202828486504,4.9571028112207305
0.1,145.8137003910726,4.959845938903996
0.1,146.30537249728013,4.962455107945082
0.1,146.8740477511138,4.965313583045569
0.1,147.44272300494748,4.968009315889515
0.1,148.01139825878116,4.970550278500316
0.1,148.58007351261483,4.97294409716835
0.1,149.1487487664485,4.97519819869175
0.1,149.71742402028218,4.977319734723028
0.1,150.28609927411586,4.979315418114442
0.1,150.85477452794953,4.981191513307283
0.1,151.4234497817832,4.982954029685562
0.1,151.99212503561688,4.9846088823347
0.1,152.56080028945055,4.986161827094626
0.1,153.12947554328423,4.987618278240725
0.1,153.6981507971179,4.988983226534191
0.1,154.26682605095158,4.9902613176648485
0.1,154.83550130478525,4.991456991820041
0.1,155.40417655861893,4.992574555142259
0.1,155.9728518124526,4.993618139348739
0.1,156.54152706628628,4.994591631581126
0.1,157.11020232011995,4.995498716462776
0.1,157.67887757395363,4.996343022213592
0.1,158.2475528277873,4.997128143463293
0.1,158.81622808162098,4.997857463925907
0.1,159.38490333545465,4.998534022995358
0.1,159.95357858928833,4.999160571873875
0.1,160.522253843122,4.999739701622881
0.1,161.09092909695568,5.0
0.1,161.65960435078935,5.0
0.1,162.22827960462303,5.0
0.1,162.7969548584567,5.0
0.1,163.36563011229038,5.0
0.1,163.93430536612405,5.0
0.1,164.59181818763025,5.0
0.1,165.24933100913645,5.0
0.1,165.90684383064266,5.0
0.1,166.56435665214886,5.0
0.1,167.22186947365506,5.0
0.1,167.87938229516126,5.0
0.1,168.53689511666747,5.0
0.1,169.19440793817367,5.0
0.1,169.85192075967987,5.0
0.1,170.3908152917163,5.0
0.1,170.92970982375275,5.0
0.1,171.46860435578918,5.0
0.1,172.00749888782562,5.0
0.1,172.66643975748852,5.0
0.1,173.16914028531582,5.0
0.1,173.67184081314312,5.0
0.1,174.17454134097042,5.0
0.1,174.67724186879772,5.0
0.1,175.17994239662502,5.0
0.1,175.68264292445232,5.0
0.1,176.18534345227962,5.0
0.1,176.78939716358522,5.0
0.1,177.39345087489082,5.0
0.1,177.9975045861964,5.0
0.1,178.601558297502,5.0
0.1,179.2056120088076,5.0
0.1,179.8096657201132,5.0
0.1,180.4137194314188,5.0
0.1,181.21950311473935,5.0
0.1,182.0252867980599,5.0
0.1,182.83107048138046,5.0
0.1,183.63685416470102,5.0
0.1,184.44263784802158,5.0
0.1,185.24842153134213,5.0
0.1,186.0542052146627,5.0
0.1,186.85998889798324,5.0
0.1,187.6657725813038,5.0
0.1,188.47155626462435,5.0
0.1,189.2773399479449,5.0
0.1,190.08312363126547,5.0
0.1,190.88890731458602,5.0
0.1,191.69469099790658,5.0
0.1,192.50047468122713,5.0
0.1,193.3062583645477,5.0
0.1,194.11204204786824,5.0
0.1,194.9178257311888,5.0
0.1,195.72360941450935,5.0
0.1,196.5293930978299,5.0
0.1,197.33517678115047,5.0
0.1,198.14096046447102,5.0
0.1,198.94674414779158,5.0
0.1,199.75252783111213,5.0
0.1,200.5583115144327,5.0
0.1,201.36409519775324,5.0
0.1,202.1698788810738,5.0
0.1,202.97566256439436,5.0
0.1,203.7814462477149,5.0
0.1,204.58722993103547,5.0
0.1,205.39301361435602,5.0
0.1,206.19879729767658,5.0
0.1,207.00458098099713,5.0
0.1,207.8103646643177,5.0
0.1,208.61614834763824,5.0
0.1,209.27862200799046,5.0
0.1,209.94109566834268,5.0
0.1,210.6035693286949,5.0
0.1,211.26604298904712,5.0
0.1,211.92851664939934,5.0
0.1,212.59099030975156,5.0
0.1,213.13802147493757,5.0
0.1,213.6850526401236,5.0
0.1,214.2320838053096,5.0
0.1,214.7791149704956,5.0
0.1,215.51284171934165,5.0
0.1,216.2465684681877,5.0
0.1,216.98029521703373,5.0
0.1,217.71402196587977,5.0
0.1,218.4477487147258,5.0
0.1,219.18147546357184,5.0
0.1,219.91520221241788,5.0
0.1,220.52232707347065,5.0
0.1,221.12945193452342,5.0
0.1,221.73657679557618,5.0
0.1,222.34370165662895,5.0
0.1,222.95082651768172,5.0
0.1,223.5579513787345,5.0
0.1,224.16507623978725,5.0
0.1,224.77220110084002,5.0
0.1,225.3793259618928,5.0
0.1,225.98645082294556,5.0
0.1,226.59357568399832,5.0
0.1,227.2007005450511,5.0
0.1,227.80782540610386,5.0
0.1,228.41495026715663,5.0
0.1,229.0220751282094,5.0
0.1,229.62919998926216,5.0
0.1,230.23632485031493,5.0
0.1,230.8434497113677,5.0
0.1,231.45057457242046,5.0
0.1,232.05769943347323,5.0
0.1,232.664824294526,5.0
0.1,233.27194915557877,5.0
0.1,233.87907401663153,5.0
0.1,234.4861988776843,5.0
0.1,234.99206452933427,5.0
0.1,235.49793018098424,5.0
0.1,236.0037958326342,5.0
0.1,236.50966148428418,5.0
0.1,237.01552713593415,5.0
0.1,237.52139278758412,5.0
0.1,238.0272584392341,5.0
0.1,238.53312409088406,5.0
0.1,239.03898974253403,5.0
0.1,239.544855394184,5.0
0.1,240.05072104583397,5.0
0.1,240.55658669748394,5.0
0.1,241.0624523491339,5.0
0.1,241.56831800078388,5.0
0.1,242.07418365243385,5.0
0.1,242.58004930408381,5.0
0.1,243.08591495573378,5.0
0.1,243.59178060738375,5.0
0.1,244.09764625903372,5.0
0.1,244.6035119106837,5.0
0.1,245.10937756233366,5.0
0.1,245.61524321398363,5.0
0.1,246.1211088656336,5.0
0.1,246.62697451728357,5.0
0.1,247.13284016893354,5.0
0.1,247.6387058205835,5.0
0.1,248.14457147223348,5.0
0.1,248.65043712388345,5.0
0.1,249.15630277553342,5.0
0.1,249.6621684271834,5.0
0.1,250.16803407883336,5.0
0.1,250.67389973048333,5.0
0.1,251.1797653821333,5.0
0.1,251.68563103378327,5.0
0.1,252.19149668543324,5.0
0.1,252.6973623370832,5.0
0.1,253.20322798873318,5.0
0.1,253.70909364038314,5.0
0.1,254.21495929203311,5.0
0.1,254.72082494368308,5.0
0.1,255.22669059533305,5.0
0.1,255.73255624698302,5.0
0.1,256.23842189863296,5.0
0.1,256.74428755028293,5.0
0.1,257.2501532019329,5.0
0.1,257.7560188535829,5.0
0.1,258.26188450523284,5.0
0.1,258.7677501568828,5.0
0.1,259.2736158085328,5.0
0.1,259.77948146018275,5.0
0.1,260.2853471118327,5.0
0.1,260.7912127634827,5.0
0.1,261.29707841513266,5.0
0.1,261.80294406678263,5.0
0.1,262.3088097184326,5.0
0.1,262.81467537008257,5.0
0.1,263.32054102173254,5.0
0.1,263.8264066733825,5.0
0.1,264.3322723250325,5.0
0.1,264.83813797668245,5.0
0.1,265.3440036283324,5.0
0.1,265.8498692799824,5.0
0.1,266.35573493163236,5.0
0.1,266.8616005832823,5.0
0.1,267.3674662349323,5.0
0.1,267.87333188658226,5.0
0.1,268.37919753823223,5.0
0.1,268.8850631898822,5.0
0.1,269.3909288415322,5.0
0.1,269.89679449318214,5.0
0.1,270.4026601448321,5.0
0.1,270.9085257964821,5.0
0.1,271.41439144813205,5.0
0.1,271.920257099782,5.0
0.1,272.426122751432,5.0
0.1,272.93198840308196,5.0
0.1,273.43785405473193,5.0
0.1,273.9437197063819,5.0
0.1,274.44958535803187,5.0
0.1,274.95545100968184,5.0
0.1,275.4613166613318,5.0
0.1,275.9671823129818,5.0
0.1,276.47304796463175,5.0
0.1,276.9789136162817,5.0
0.1,277.4847792679317,5.0
0.1,277.99064491958165,5.0
0.1,278.4965105712316,5.0
0.1,279.0023762228816,5.0
0.1,279.50824187453156,5.0
0.1,280.01410752618153,5.0
0.1,280.5199731778315,5.0
0.1,281.0258388294815,5.0
0.1,281.53170448113144,5.0
0.1,282.0375701327814,5.0
0.1,282.5434357844314,5.0
0.1,283.04930143608135,5.0
0.1,283.5551670877313,5.0
0.1,284.0610327393813,5.0
0.1,284.56689839103126,5.0
0.1,285.07276404268123,5.0
0.1,285.5786296943312,5.0
0.1,286.08449534598117,5.0
0.1,286.59036099763114,5.0
0.1,287.0962266492811,5.0
0.1,287.6020923009311,5.0
0.1,288.10795795258105,5.0
0.1,288.613823604231,5.0
0.1,289.119689255881,5.0
0.1,289.62555490753095,5.0
0.1,290.1314205591809,5.0
0.1,290.6372862108309,5.0
0.1,291.14315186248086,5.0
0.1,291.64901751413083,5.0
0.1,292.1548831657808,5.0
0.1,292.6607488174308,5.0
0.1,293.16661446908074,5.0
0.1,293.6724801207307,5.0
0.1,294.1783457723807,5.0
0.1,294.68421142403065,5.0
0.1,295.1900770756806,5.0
0.1,295.6959427273306,5.0
0.1,296.20180837898056,5.0
0.1,296.7076740306305,5.0
0.1,297.2135396822805,5.0
0.1,297.71940533393047,5.0
0.1,298.22527098558044,5.0
0.1,298.7311366372304,5.0
0.1,299.2370022888804,5.0
0.1,299.74286794053035,5.0
0.1,300.2487335921803,5.0
0.1,300.7545992438303,5.0
0.1,301.26046489548025,5.0
0.1,301.7663305471302,5.0
0.1,302.2721961987802,5.0
0.1,302.77806185043016,5.0
0.1,303.28392750208013,5.0
0.1,303.7897931537301,5.0
0.1,304.29565880538007,5.0
0.1,304.80152445703004,5.0
0.1,305.30739010868,5.0
0.1,305.81325576033,5.0
0.1,306.31912141197995,5.0
0.1,306.8249870636299,5.0
0.1,307.3308527152799,5.0
0.1,307.83671836692986,5.0
0.1,308.3425840185798,5.0
0.1,308.8484496702298,5.0
0.1,309.35431532187977,5.0
0.1,309.86018097352974,5.0
0.1,310.3660466251797,5.0
0.1,310.8719122768297,5.0
0.1,311.37777792847965,5.0
0.1,311.8836435801296,5.0
0.1,312.3895092317796,5.0
0.1,312.89537488342955,5.0
0.1,313.4012405350795,5.0
0.1,313.9071061867295,5.0
0.1,314.41297183837946,5.0
0.1,314.91883749002943,5.0
0.1,315.4247031416794,5.0
0.1,315.93056879332937,5.0
0.1,316.43643444497934,5.0
0.1,316.9423000966293,5.0
0.1,317.4481657482793,5.0
0.1,317.95403139992925,5.0
0.1,318.4598970515792,5.0
0.1,318.9657627032292,5.0
0.1,319.47162835487916,5.0
0.1,319.9774940065291,5.0
0.1,320.4833596581791,5.0
0.1,320.98922530982907,5.0
0.1,321.49509096147904,5.0
0.1,322.000956613129,5.0
0.1,322.506822264779,5.0
0.1,323.01268791642894,5.0
0.1,323.5185535680789,5.0
0.1,324.0244192197289,5.0
0.1,324.53028487137885,5.0
0.1,325.0361505230288,5.0
0.1,325.5420161746788,5.0
0.1,326.04788182632876,5.0
0.1,326.55374747797873,5.0
0.1,327.0596131296287,5.0
0.1,327.56547878127867,5.0
0.1,328.07134443292864,5.0
0.1,328.5772100845786,5.0
0.1,329.0830757362286,5.0
0.1,329.58894138787855,5.0
0.1,330.0948070395285,5.0
0.1,330.6006726911785,5.0
0.1,331.10653834282846,5.0
0.1,331.6124039944784,5.0
0.1,332.1182696461284,5.0
0.1,332.62413529777837,5.0
0.1,333.13000094942834,5.0
0.1,333.6358666010783,5.0
0.1,334.1417322527283,5.0
0.1,334.64759790437824,5.0
0.1,335.1534635560282,5.0
0.1,335.6593292076782,5.0
0.1,336.16519485932815,5.0
0.1,336.6710605109781,5.0
0.1,337.1769261626281,5.0
0.1,337.68279181427806,5.0
0.1,338.18865746592803,5.0
0.1,338.694523117578,5.0
0.1,339.20038876922797,5.0
0.1,339.70625442087794,5.0
0.1,340.2121200725279,5.0
0.1,340.7179857241779,5.0
0.1,341.22385137582785,5.0
0.1,341.7297170274778,5.0
0.1,342.2355826791278,5.0
0.1,342.74144833077776,5.0
0.1,343.2473139824277,5.0
0.1,343.7531796340777,5.0
0.1,344.25904528572767,5.0
0.1,344.76491093737764,5.0
0.1,345.2707765890276,5.0
0.1,345.7766422406776,5.0
0.1,346.28250789232754,5.0
0.1,346.7883735439775,5.0
0.1,347.2942391956275,5.0
0.1,347.80010484727745,5.0
0.1,348.3059704989274,5.0
0.1,348.8118361505774,5.0
0.1,349.31770180222736,5.0
0.1,349.82356745387733,5.0
0.1,350.3294331055273,5.0
0.1,350.83529875717727,5.0
0.1,351.34116440882724,5.0
0.1,351.8470300604772,5.0
0.1,352.3528957121272,5.0
0.1,352.85876136377715,5.0
0.1,353.3646270154271,5.0
0.1,353.8704926670771,5.0
0.1,354.37635831872706,5.0
0.1,354.882223970377,5.0
0.1,355.388089622027,5.0
0.1,355.89395527367697,5.0
0.1,356.39982092532694,5.0
0.1,356.9056865769769,5.0
0.1,357.4115522286269,5.0
0.1,357.91741788027684,5.0
0.1,358.4232835319268,5.0
0.1,358.9291491835768,5.0
0.1,359.43501483522675,5.0
0.1,359.9408804868767,5.0
0.1,360.4467461385267,5.0
0.1,360.95261179017666,5.0
0.1,361.45847744182663,5.0
0.1,361.9643430934766,5.0
0.1,362.47020874512657,5.0
0.1,362.97607439677654,5.0
0.1,363.4819400484265,5.0
0.1,363.9878057000765,5.0
0.1,364.49367135172645,5.0
0.1,364.9995370033764,5.0
0.1,365.5054026550264,5.0
0.1,366.01126830667636,5.0
0.1,366.5171339583263,5.0
0.1,367.0229996099763,5.0
0.1,367.52886526162627,5.0
0.1,368.03473091327623,5.0
0.1,368.5405965649262,5.0
0.1,369.0464622165762,5.0
0.1,369.55232786822614,5.0
0.1,370.0581935198761,5.0
0.1,370.5640591715261,5.0
0.1,371.06992482317605,5.0
0.1,371.575790474826,5.0
0.1,372.081656126476,5.0
0.1,372.58752177812596,5.0
0.1,373.09338742977593,5.0
0.1,373.5992530814259,5.0
0.1,374.10511873307587,5.0
0.1,374.61098438472584,5.0
0.1,375.1168500363758,5.0
0.1,375.6227156880258,5.0
0.1,376.12858133967575,5.0
0.1,376.6344469913257,5.0
0.1,377.1403126429757,5.0
0.1,377.64617829462566,5.0
0.1,378.1520439462756,5.0
0.1,378.6579095979256,5.0
0.1,379.16377524957556,5.0
0.1,379.66964090122553,5.0
0.1,380.1755065528755,5.0
0.1,380.6813722045255,5.0
0.1,381.18723785617544,5.0
0.1,381.6931035078254,5.0
0.1,382.1989691594754,5.0
0.1,382.70483481112535,5.0
0.1,383.2107004627753,5.0
0.1,383.7165661144253,5.0
0.1,384.22243176607526,5.0
0.1,384.72829741772523,5.0
0.1,385.2341630693752,5.0
0.1,385.74002872102517,5.0
0.1,386.24589437267514,5.0
0.1,386.7517600243251,5.0
0.1,387.2576256759751,5.0
0.1,387.76349132762505,5.0
0.1,388.269356979275,5.0
0.1,388.775222630925,5.0
0.1,389.28108828257496,5.0
0.1,389.7869539342249,5.0
0.1,390.2928195858749,5.0
0.1,390.79868523752486,5.0
0.1,391.30455088917483,5.0
0.1,391.8104165408248,5.0
0.1,392.3162821924748,5.0
0.1,392.82214784412474,5.0
0.1,393.3280134957747,5.0
0.1,393.8338791474247,5.0
0.1,394.33974479907465,5.0
0.1,394.8456104507246,5.0
0.1,395.3514761023746,5.0
0.1,395.85734175402456,5.0
0.1,396.36320740567453,5.0
0.1,396.8690730573245,5.0
0.1,397.37493870897447,5.0
0.1,397.88080436062444,5.0
0.1,398.3866700122744,5.0
0.1,398.8925356639244,5.0
0.1,399.39840131557435,5.0
0.1,399.9042669672243,5.0
0.1,400.4101326188743,5.0
0.1,400.91599827052426,5.0
0.1,401.4218639221742,5.0
0.1,401.9277295738242,5.0
0.1,402.43359522547416,5.0
0.1,402.93946087712413,5.0
0.1,403.4453265287741,5.0
0.1,403.9511921804241,5.0
0.1,404.45705783207404,5.0
0.1,404.962923483724,5.0
0.1,405.468789135374,5.0
0.1,405.97465478702395,5.0
0.1,406.4805204386739,5.0
0.1,406.9863860903239,5.0
0.1,407.49225174197386,5.0
0.1,407.99811739362383,5.0
0.1,408.5039830452738,5.0
0.1,409.00984869692377,5.0
0.1,409.51571434857374,5.0
0.1,410.0215800002237,5.0
0.1,410.5274456518737,5.0
0.1,411.03331130352365,5.0
0.1,411.5391769551736,5.0
0.1,412.0450426068236,5.0
0.1,412.55090825847356,5.0
0.1,413.0567739101235,5.0
0.1,413.5626395617735,5.0
0.1,414.06850521342346,5.0
0.1,414.57437086507343,5.0
0.1,415.0802365167234,5.0
0.1,415.5861021683734,5.0
0.1,416.09196782002334,5.0
0.1,416.5978334716733,5.0
0.1,417.1036991233233,5.0
0.1,417.60956477497325,5.0
0.1,418.1154304266232,5.0
0.1,418.6212960782732,5.0
0.1,419.12716172992316,5.0
0.1,419.63302738157313,5.0
0.1,420.1388930332231,5.0
0.1,420.64475868487307,5.0
0.1,421.15062433652304,5.0
0.1,421.656489988173,5.0
0.1,422.162355639823,5.0
0.1,422.66822129147295,5.0
0.1,423.1740869431229,5.0
0.1,423.6799525947729,5.0
0.1,424.18581824642285,5.0
0.1,424.6916838980728,5.0
0.1,425.1975495497228,5.0
0.1,425.70341520137276,5.0
0.1,426.20928085302273,5.0
0.1,426.7151465046727,5.0
0.1,427.2210121563227,5.0
0.1,427.72687780797264,5.0
0.1,428.2327434596226,5.0
0.1,428.7386091112726,5.0
0.1,429.24447476292255,5.0
0.1,429.7503404145725,5.0
0.1,430.2562060662225,5.0
0.1,430.76207171787246,5.0
0.1,431.26793736952243,5.0
0.1,431.7738030211724,5.0
0.1,432.27966867282237,5.0
0.1,432.78553432447234,5.0
0.1,433.2913999761223,5.0
0.1,433.7972656277723,5.0
0.1,434.30313127942225,5.0
0.1,434.8089969310722,5.0
0.1,435.3148625827222,5.0
0.1,435.82072823437215,5.0
0.1,436.3265938860221,5.0
0.1,436.8324595376721,5.0
0.1,437.33832518932206,5.0
0.1,437.84419084097203,5.0
0.1,438.350056492622,5.0
0.1,438.855922144272,5.0
0.1,439.36178779592194,5.0
0.1,439.8676534475719,5.0
0.1,440.3735190992219,5.0
0.1,440.87938475087185,5.0
0.1,441.3852504025218,5.0
0.1,441.8911160541718,5.0
0.1,442.39698170582176,5.0
0.1,442.9028473574717,5.0
0.1,443.4087130091217,5.0
0.1,443.91457866077167,5.0
0.1,444.42044431242164,5.0
0.1,444.9263099640716,5.0
0.1,445.4321756157216,5.0
0.1,445.93804126737155,5.0
0.1,446.4439069190215,5.0
0.1,446.9497725706715,5.0
0.1,447.45563822232145,5.0
0.1,447.9615038739714,5.0
0.1,448.4673695256214,5.0
0.1,448.97323517727136,5.0
0.1,449.47910082892133,5.0
0.1,449.9849664805713,5.0
0.1,450.49083213222127,5.0
0.1,450.99669778387124,5.0
0.1,451.5025634355212,5.0
0.1,452.0084290871712,5.0
0.1,452.51429473882115,5.0
0.1,453.0201603904711,5.0
0.1,453.5260260421211,5.0
0.1,454.03189169377106,5.0
0.1,454.537757345421,5.0
0.1,455.043622997071,5.0
0.1,455.54948864872097,5.0
0.1,456.05535430037094,5.0
0.1,456.5612199520209,5.0
0.1,457.0670856036709,5.0
0.1,457.57295125532085,5.0
0.1,458.0788169069708,5.0
0.1,458.5846825586208,5.0
0.1,459.09054821027075,5.0
0.1,459.5964138619207,5.0
0.1,460.1022795135707,5.0
0.1,460.60814516522066,5.0
0.1,461.11401081687063,5.0
0.1,461.6198764685206,5.0
0.1,462.12574212017057,5.0
0.1,462.63160777182054,5.0
0.1,463.1374734234705,5.0
0.1,463.6433390751205,5.0
0.1,464.14920472677045,5.0
0.1,464.6550703784204,5.0
0.1,465.1609360300704,5.0
0.1,465.66680168172036,5.0
0.1,466.1726673333703,5.0
0.1,466.6785329850203,5.0
0.1,467.18439863667027,5.0
0.1,467.69026428832024,5.0
0.1,468.1961299399702,5.0
0.1,468.7019955916202,5.0
0.1,469.20786124327014,5.0
0.1,469.7137268949201,5.0
0.1,470.2195925465701,5.0
0.1,470.72545819822005,5.0
0.1,471.23132384987,5.0
0.1,471.73718950152,5.0
0.1,472.24305515316996,5.0
0.1,472.74892080481993,5.0
0.1,473.2547864564699,5.0
0.1,473.76065210811987,5.0
0.1,474.26651775976984,5.0
0.1,474.7723834114198,5.0
0.1,475.2782490630698,5.0
0.1,475.78411471471975,5.0
0.1,476.2899803663697,5.0
0.1,476.7958460180197,5.0
0.1,477.30171166966966,5.0
0.1,477.8075773213196,5.0
0.1,478.3134429729696,5.0
0.1,478.81930862461957,5.0
0.1,479.32517427626954,5.0
0.1,479.8310399279195,5.0
0.1,480.3369055795695,5.0
0.1,480.84277123121944,5.0
0.1,481.3486368828694,5.0
0.1,481.8545025345194,5.0
0.1,482.36036818616935,5.0
0.1,482.8662338378193,5.0
0.1,483.3720994894693,5.0
0.1,483.87796514111926,5.0
0.1,484.38383079276923,5.0
0.1,484.8896964444192,5.0
0.1,485.39556209606917,5.0
0.1,485.90142774771914,5.0
0.1,486.4072933993691,5.0
0.1,486.9131590510191,5.0
0.1,487.41902470266905,5.0
0.1,487.924890354319,5.0
0.1,488.430756005969,5.0
0.1,488.93662165761896,5.0
0.1,489.4424873092689,5.0
0.1,489.9483529609189,5.0
0.1,490.45421861256887,5.0
0.1,490.96008426421884,5.0
0.1,491.4659499158688,5.0
0.1,491.9718155675188,5.0
0.1,492.47768121916874,5.0
0.1,492.9835468708187,5.0
0.1,493.4894125224687,5.0
0.1,493.99527817411865,5.0
0.1,494.5011438257686,5.0
0.1,495.0070094774186,5.0
0.1,495.51287512906856,5.0
0.1,496.01874078071853,5.0
0.1,496.5246064323685,5.0
0.1,497.03047208401847,5.0
0.1,497.53633773566844,5.0
0.1,498.0422033873184,5.0
0.1,498.5480690389684,5.0
0.1,499.05393469061835,5.0
0.1,499.5598003422683,5.0
0.1,500.0656659939183,5.0
0.1,500.57153164556826,5.0
0.1,501.0773972972182,5.0
0.1,501.5832629488682,5.0
0.1,502.08912860051817,5.0
0.1,502.59499425216814,5.0
0.1,503.1008599038181,5.0
0.1,503.6067255554681,5.0
0.1,504.11259120711804,5.0
0.1,504.618456858768,5.0
0.1,505.124322510418,5.0
0.1,505.63018816206795,5.0
0.1,506.1360538137179,5.0
0.1,506.6419194653679,5.0
0.1,507.14778511701786,5.0
0.1,507.65365076866783,5.0
0.1,508.1595164203178,5.0
0.1,508.66538207196777,5.0
0.1,509.17124772361774,5.0
0.1,509.6771133752677,5.0
0.1,510.1829790269177,5.0
0.1,510.68884467856765,5.0
0.1,511.1947103302176,5.0
0.1,511.7005759818676,5.0
0.1,512.2064416335176,5.0
0.1,512.7123072851675,5.0
0.1,513.2181729368175,5.0
0.1,513.7240385884675,5.0
0.1,514.2299042401174,5.0
0.1,514.7357698917674,5.0
0.1,515.2416355434174,5.0
0.1,515.7475011950673,5.0
0.1,516.2533668467173,5.0
0.1,516.7592324983673,5.0
0.1,517.2650981500173,5.0
0.1,517.7709638016672,5.0
0.1,518.2768294533172,5.0
0.1,518.7826951049672,5.0
0.1,519.2885607566171,5.0
0.1,519.7944264082671,5.0
0.1,520.3002920599171,5.0
0.1,520.806157711567,5.0
0.1,521.312023363217,5.0
0.1,521.817889014867,5.0
0.1,522.323754666517,5.0
0.1,522.8296203181669,5.0
0.1,523.3354859698169,5.0
0.1,523.8413516214669,5.0
0.1,524.3472172731168,5.0
0.1,524.8530829247668,5.0
0.1,525.3589485764168,5.0
0.1,525.8648142280667,5.0
0.1,526.3706798797167,5.0
0.1,526.8765455313667,5.0
0.1,527.3824111830166,5.0
0.1,527.8882768346666,5.0
0.1,528.3941424863166,5.0
0.1,528.9000081379666,5.0
0.1,529.4058737896165,5.0
0.1,529.9117394412665,5.0
0.1,530.4176050929165,5.0
0.1,530.9234707445664,5.0
0.1,531.4293363962164,5.0
0.1,531.9352020478664,5.0
0.1,532.4410676995163,5.0
0.1,532.9469333511663,5.0
0.1,533.4527990028163,5.0
0.1,533.9586646544662,5.0
0.1,534.4645303061162,5.0
0.1,534.9703959577662,5.0
0.1,535.4762616094162,5.0
0.1,535.9821272610661,5.0
0.1,536.4879929127161,5.0
0.1,536.9938585643661,5.0
0.1,537.499724216016,5.0
0.1,538.005589867666,5.0
0.1,538.511455519316,5.0
0.1,539.0173211709659,5.0
0.1,539.5231868226159,5.0
0.1,540.0290524742659,5.0
0.1,540.5349181259159,5.0
0.1,541.0407837775658,5.0
0.1,541.5466494292158,5.0
0.1,542.0525150808658,5.0
0.1,542.5583807325157,5.0
0.1,543.0642463841657,5.0
0.1,543.5701120358157,5.0
0.1,544.0759776874656,5.0
0.1,544.5818433391156,5.0
0.1,545.0877089907656,5.0
0.1,545.5935746424155,5.0
0.1,546.0994402940655,5.0
0.1,546.6053059457155,5.0
0.1,547.1111715973655,5.0
0.1,547.6170372490154,5.0
0.1,548.1229029006654,5.0
0.1,548.6287685523154,5.0
0.1,549.1346342039653,5.0
0.1,549.6404998556153,5.0
0.1,550.1463655072653,5.0
0.1,550.6522311589152,5.0
0.1,551.1580968105652,5.0
0.1,551.6639624622152,5.0
0.1,552.1698281138652,5.0
0.1,552.6756937655151,5.0
0.1,553.1815594171651,5.0
0.1,553.6874250688151,5.0
0.1,554.193290720465,5.0
0.1,554.699156372115,5.0
0.1,555.205022023765,5.0
0.1,555.7108876754149,5.0
0.1,556.2167533270649,5.0
0.1,556.7226189787149,5.0
0.1,557.2284846303648,5.0
0.1,557.7343502820148,5.0
0.1,558.2402159336648,5.0
0.1,558.7460815853148,5.0
0.1,559.2519472369647,5.0
0.1,559.7578128886147,5.0
0.1,560.2636785402647,5.0
0.1,560.7695441919146,5.0
0.1,561.2754098435646,5.0
0.1,561.7812754952146,5.0
0.1,562.2871411468645,5.0
0.1,562.7930067985145,5.0
0.1,563.2988724501645,5.0
0.1,563.8047381018145,5.0
0.1,564.3106037534644,5.0
0.1,564.8164694051144,5.0
0.1,565.3223350567644,5.0
0.1,565.8282007084143,5.0
0.1,566.3340663600643,5.0
0.1,566.8399320117143,5.0
0.1,567.3457976633642,5.0
0.1,567.8516633150142,5.0
0.1,568.3575289666642,5.0
0.1,568.8633946183141,5.0
0.1,569.3692602699641,5.0
0.1,569.8751259216141,5.0
0.1,570.380991573264,5.0
0.1,570.886857224914,5.0
0.1,571.392722876564,5.0
0.1,571.898588528214,5.0
0.1,572.4044541798639,5.0
0.1,572.9103198315139,5.0
0.1,573.4161854831639,5.0
0.1,573.9220511348138,5.0
0.1,574.4279167864638,5.0
0.1,574.9337824381138,5.0
0.1,575.4396480897638,5.0
0.1,575.9455137414137,5.0
0.1,576.4513793930637,5.0
0.1,576.9572450447137,5.0
0.1,577.4631106963636,5.0
0.1,577.9689763480136,5.0
0.1,578.4748419996636,5.0
0.1,578.9807076513135,5.0
0.1,579.4865733029635,5.0
0.1,579.9924389546135,5.0
0.1,580.4983046062634,5.0
0.1,581.0041702579134,5.0
0.1,581.5100359095634,5.0
0.1,582.0159015612134,5.0
0.1,582.5217672128633,5.0
0.1,583.0276328645133,5.0
0.1,583.5334985161633,5.0
0.1,584.0393641678132,5.0
0.1,584.5452298194632,5.0
0.1,585.0510954711132,5.0
0.1,585.5569611227631,5.0
0.1,586.0628267744131,5.0
0.1,586.5686924260631,5.0
0.1,587.074558077713,5.0
0.1,587.580423729363,5.0
0.1,588.086289381013,5.0
0.1,588.592155032663,5.0
0.1,589.0980206843129,5.0
0.1,589.6038863359629,5.0
0.1,590.1097519876129,5.0
0.1,590.6156176392628,5.0
0.1,591.1214832909128,5.0
0.1,591.6273489425628,5.0
0.1,592.1332145942127,5.0
0.1,592.6390802458627,5.0
0.1,593.1449458975127,5.0
0.1,593.6508115491627,5.0
0.1,594.1566772008126,5.0
0.1,594.6625428524626,5.0
0.1,595.1684085041126,5.0
0.1,595.6742741557625,5.0
0.1,596.1801398074125,5.0
0.1,596.6860054590625,5.0
0.1,597.1918711107124,5.0
0.1,597.6977367623624,5.0
0.1,598.2036024140124,5.0
0.1,598.7094680656623,5.0
0.1,599.2153337173123,5.0
0.1,599.7211993689623,5.0
0.1,600.2270650206123,5.0
0.1,600.7329306722622,5.0
0.1,601.2387963239122,5.0
0.1,601.7446619755622,5.0
0.1,602.2505276272121,5.0
0.1,602.7563932788621,5.0
0.1,603.2622589305121,5.0
0.1,603.768124582162,5.0
0.1,604.273990233812,5.0
0.1,604.779855885462,5.0
0.1,605.285721537112,5.0
0.1,605.7915871887619,5.0
0.1,606.2974528404119,5.0
0.1,606.8033184920619,5.0
0.1,607.3091841437118,5.0
0.1,607.8150497953618,5.0
0.1,608.3209154470118,5.0
0.1,608.8267810986617,5.0
0.1,609.3326467503117,5.0
0.1,609.8385124019617,5.0
0.1,610.3443780536116,5.0
0.1,610.8502437052616,5.0
0.1,611.3561093569116,5.0
0.1,611.8619750085616,5.0
0.1,612.3678406602115,5.0
0.1,612.8737063118615,5.0
0.1,613.3795719635115,5.0
0.1,613.8854376151614,5.0
0.1,614.3913032668114,5.0
0.1,614.8971689184614,5.0
0.1,615.4030345701113,5.0
0.1,615.9089002217613,5.0
0.1,616.4147658734113,5.0
0.1,616.9206315250613,5.0
0.1,617.4264971767112,5.0
0.1,617.9323628283612,5.0
0.1,618.4382284800112,5.0
0.1,618.9440941316611,5.0
0.1,619.4499597833111,5.0
0.1,619.9558254349611,5.0
0.1,620.461691086611,5.0
0.1,620.967556738261,5.0
0.1,621.473422389911,5.0
0.1,621.979288041561,5.0
0.1,622.4851536932109,5.0
0.1,622.9910193448609,5.0
0.1,623.4968849965109,5.0
0.1,624.0027506481608,5.0
0.1,624.5086162998108,5.0
0.1,625.0144819514608,5.0
0.1,625.5203476031107,5.0
0.1,626.0262132547607,5.0
0.1,626.5320789064107,5.0
0.1,627.0379445580606,5.0
0.1,627.5438102097106,5.0
0.1,628.0496758613606,5.0
0.1,628.5555415130106,5.0
0.1,629.0614071646605,5.0
0.1,629.5672728163105,5.0
0.1,630.0731384679605,5.0
0.1,630.5790041196104,5.0
0.1,631.0848697712604,5.0
0.1,631.5907354229104,5.0
0.1,632.0966010745603,5.0
0.1,632.6024667262103,5.0
0.1,633.1083323778603,5.0
0.1,633.6141980295102,5.0
0.1,634.1200636811602,5.0
0.1,634.6259293328102,5.0
0.1,635.1317949844602,5.0
0.1,635.6376606361101,5.0
0.1,636.1435262877601,5.0
0.1,636.6493919394101,5.0
0.1,637.15525759106,5.0
0.1,637.66112324271,5.0
0.1,638.16698889436,5.0
0.1,638.67285454601,5.0
0.1,639.1787201976599,5.0
0.1,639.6845858493099,5.0
0.1,640.1904515009599,5.0
0.1,640.6963171526098,5.0
0.1,641.2021828042598,5.0
0.1,641.7080484559098,5.0
0.1,642.2139141075597,5.0
0.1,642.7197797592097,5.0
0.1,643.2256454108597,5.0
0.1,643.7315110625096,5.0
0.1,644.2373767141596,5.0
0.1,644.7432423658096,5.0
0.1,645.2491080174595,5.0
0.1,645.7549736691095,5.0
0.1,646.2608393207595,5.0
0.1,646.7667049724095,5.0
0.1,647.2725706240594,5.0
0.1,647.7784362757094,5.0
0.1,648.2843019273594,5.0
0.1,648.7901675790093,5.0
0.1,649.2960332306593,5.0
0.1,649.8018988823093,5.0
0.1,650.3077645339592,5.0
0.1,650.8136301856092,5.0
0.1,651.3194958372592,5.0
0.1,651.8253614889092,5.0
0.1,652.3312271405591,5.0
0.1,652.8370927922091,5.0
0.1,653.3429584438591,5.0
0.1,653.848824095509,5.0
0.1,654.354689747159,5.0
0.1,654.860555398809,5.0
0.1,655.3664210504589,5.0
0.1,655.8722867021089,5.0
0.1,656.3781523537589,5.0
0.1,656.8840180054088,5.0
0.1,657.3898836570588,5.0
0.1,657.8957493087088,5.0
0.1,658.4016149603588,5.0
0.1,658.9074806120087,5.0
0.1,659.4133462636587,5.0
0.1,659.9192119153087,5.0
0.1,660.4250775669586,5.0
0.1,660.9309432186086,5.0
0.1,661.4368088702586,5.0
0.1,661.9426745219085,5.0
0.1,662.355764027617,5.0
0.1,662.7688535333256,5.0
0.1,663.1819430390341,5.0
0.1,663.5950325447426,5.0
0.1,664.0561376461604,5.0
0.1,664.4236930032336,5.0
0.1,664.7912483603067,5.0
0.1,665.1588037173798,5.0
0.1,665.5263590744529,5.0
0.1,665.893914431526,5.0
0.1,666.2614697885991,5.0
0.1,666.6290251456722,5.0
0.1,667.0651597685373,5.0
0.1,667.5012943914024,5.0
0.1,667.9374290142675,5.0
0.1,668.3735636371326,5.0
0.1,668.8567987011932,5.0
0.1,669.3400337652537,5.0
0.1,669.8232688293142,5.0
0.1,670.3065038933747,5.0
0.1,670.7897389574352,5.0
0.1,671.2729740214958,5.0
0.1,671.7562090855563,5.0
0.1,672.2394441496168,5.0
0.1,672.7226792136773,5.0
0.1,673.103285836921,5.0
0.1,673.4838924601647,5.0
0.1,673.8644990834084,5.0
0.1,674.2451057066521,5.0
0.1,674.674767560685,5.0
0.1,675.104429414718,5.0
0.1,675.5340912687509,5.0
0.1,675.9637531227838,5.0
0.1,676.3934149768168,5.0
0.1,676.8230768308497,5.0
0.1,677.2527386848826,5.0
0.1,677.6824005389155,5.0
0.1,678.1120623929485,5.0
0.1,678.5417242469814,5.0
0.1,678.969482808714,5.0
0.1,679.3972413704466,5.0
0.1,679.8249999321793,5.0
0.1,680.2527584939119,5.0
0.1,680.6805170556445,5.0
0.1,681.1082756173771,5.0
0.1,681.4490439725494,5.0
0.1,681.7898123277216,5.0
0.1,682.1305806828939,5.0
0.1,682.4713490380661,5.0
0.1,682.8502154304618,5.0
0.1,683.2290818228576,5.0
0.1,683.6079482152533,5.0
0.1,683.986814607649,5.0
0.1,684.4751928573164,5.0
0.1,684.9635711069839,5.0
0.1,685.4519493566513,5.0
0.1,685.9403276063188,5.0
0.1,686.4287058559862,5.0
0.1,686.9170841056537,5.0
0.1,687.4054623553211,5.0
0.1,687.9634247616575,5.0
0.1,688.5213871679939,5.0
0.1,689.0793495743303,5.0
0.1,689.6373119806667,5.0
0.1,690.1952743870031,5.0
0.1,690.7532367933395,5.0
0.1,691.3111991996759,5.0
0.1,691.8691616060123,5.0
0.1,692.4271240123487,5.0
0.1,692.9850864186851,5.0
0.1,693.5430488250215,5.0
0.1,694.1010112313579,5.0
0.1,694.6589736376943,5.0
0.1,695.2169360440307,5.0
0.1,695.7748984503671,5.0
0.1,696.3328608567035,5.0
0.1,696.8908232630399,5.0
0.1,697.4487856693763,5.0
0.1,698.0067480757127,5.0
0.1,698.5647104820491,5.0
0.1,699.1226728883855,5.0
0.1,699.6806352947219,5.0
0.1,700.2385977010583,5.0
0.1,700.7965601073947,5.0
0.1,701.3545225137311,5.0
0.1,701.9124849200675,5.0
0.1,702.4704473264039,5.0
0.1,703.0284097327403,5.0
0.1,703.5863721390767,5.0
0.1,704.1443345454131,5.0
0.1,704.7022969517495,5.0
0.1,705.2602593580859,5.0
0.1,705.8182217644223,5.0
0.1,706.3761841707587,5.0
0.1,706.9341465770951,5.0
0.1,707.4921089834315,5.0
0.1,708.0500713897679,5.0
0.1,708.6080337961043,5.0
0.1,709.1659962024407,5.0
0.1,709.7239586087771,5.0
0.1,710.2819210151135,5.0
0.1,710.8398834214499,5.0
0.1,711.3978458277863,5.0
0.1,711.9558082341227,5.0
0.1,712.5137706404591,5.0
0.1,713.0717330467955,5.0
0.1,713.629695453132,5.0
0.1,714.1876578594683,5.0
0.1,714.7456202658047,5.0
0.1,715.3035826721411,5.0
0.1,715.8615450784775,5.0
0.1,716.419507484814,5.0
0.1,716.9774698911503,5.0
0.1,717.5354322974868,5.0
0.1,718.0933947038232,5.0
0.1,718.6513571101596,5.0
0.1,719.209319516496,5.0
0.1,719.7672819228324,5.0
0.1,720.3252443291688,5.0
0.1,720.8832067355052,5.0
0.1,721.4411691418416,5.0
0.1,721.999131548178,5.0
0.1,722.5570939545144,5.0
0.1,723.1150563608508,5.0
0.1,723.6730187671872,5.0
0.1,724.2309811735236,5.0
0.1,724.78894357986,5.0
0.1,725.3469059861964,5.0
0.1,725.9048683925328,5.0
0.1,726.4628307988692,5.0
0.1,727.0207932052056,5.0
0.1,727.578755611542,5.0
0.1,728.1367180178784,5.0
0.1,728.6946804242148,5.0
0.1,729.2526428305512,5.0
0.1,729.8106052368876,5.0
0.1,730.368567643224,5.0
0.1,730.9265300495604,5.0
0.1,731.4844924558968,5.0
0.1,732.0424548622332,5.0
0.1,732.6004172685696,5.0
0.1,733.158379674906,5.0
0.1,733.7163420812424,5.0
0.1,734.2743044875788,5.0
0.1,734.8322668939152,5.0
0.1,735.3902293002516,5.0
0.1,735.948191706588,5.0
0.1,736.5061541129244,5.0
0.1,737.0641165192608,5.0
0.1,737.6220789255972,5.0
0.1,738.1800413319336,5.0
0.1,738.73800373827,5.0
0.1,739.2959661446064,5.0
0.1,739.8539285509428,5.0
0.1,740.4118909572792,5.0
0.1,740.9698533636156,5.0
0.1,741.527815769952,5.0
0.1,742.0857781762884,5.0
0.1,742.6437405826248,5.0
0.1,743.2017029889612,5.0
0.1,743.7596653952976,5.0
0.1,744.317627801634,5.0
0.1,744.8755902079704,5.0
0.1,745.4335526143068,5.0
0.1,745.9915150206432,5.0
0.1,746.5494774269796,5.0
0.1,747.107439833316,5.0
0.1,747.6654022396524,5.0
0.1,748.2233646459888,5.0
0.1,748.7813270523252,5.0
0.1,749.3392894586616,5.0
0.1,749.897251864998,5.0
0.1,750.4552142713344,5.0
0.1,751.0131766776708,5.0
0.1,751.5711390840072,5.0
0.1,752.1291014903436,5.0
0.1,752.68706389668,5.0
0.1,753.2450263030164,5.0
0.1,753.8029887093528,5.0
0.1,754.3609511156892,5.0
0.1,754.9189135220256,5.0
0.1,755.476875928362,5.0
0.1,756.0348383346984,5.0
0.1,756.5928007410348,5.0
0.1,757.1507631473712,5.0
0.1,757.7087255537076,5.0
0.1,758.266687960044,5.0
0.1,758.8246503663804,5.0
0.1,759.3826127727168,5.0
0.1,759.9405751790532,5.0
0.1,760.4985375853896,5.0
0.1,761.056499991726,5.0
0.1,761.6144623980624,5.0
0.1,762.1724248043988,5.0
0.1,762.7303872107352,5.0
0.1,763.2883496170716,5.0
0.1,763.846312023408,5.0
0.1,764.4042744297444,5.0
0.1,764.9622368360808,5.0
0.1,765.5201992424172,5.0
0.1,766.0781616487536,5.0
0.1,766.63612405509,5.0
0.1,767.1940864614264,5.0
0.1,767.7520488677628,5.0
0.1,768.3100112740992,5.0
0.1,768.8679736804356,5.0
0.1,769.425936086772,5.0
0.1,769.9838984931084,5.0
0.1,770.5418608994448,5.0
0.1,771.0998233057812,5.0
0.1,771.6577857121176,5.0
0.1,772.215748118454,5.0
0.1,772.7737105247904,5.0
0.1,773.3316729311268,5.0
0.1,773.8896353374632,5.0
0.1,774.4475977437996,5.0
0.1,775.005560150136,5.0
0.1,775.5635225564724,5.0
0.1,776.1214849628088,5.0
0.1,776.6794473691452,5.0
0.1,777.2374097754816,5.0
0.1,777.795372181818,5.0
0.1,778.3533345881544,5.0
0.1,778.9112969944908,5.0
0.1,779.4692594008272,5.0
0.1,780.0272218071636,5.0
0.1,780.5851842135,5.0
0.1,781.1431466198364,5.0
0.1,781.7011090261728,5.0
0.1,782.2590714325092,5.0
0.1,782.8170338388456,5.0
0.1,783.374996245182,5.0
0.1,783.9329586515184,5.0
0.1,784.4909210578548,5.0
0.1,785.0488834641912,5.0
0.1,785.6068458705276,5.0
0.1,786.164808276864,5.0
0.1,786.7227706832005,5.0
0.1,787.2807330895369,5.0
0.1,787.8386954958733,5.0
0.1,788.3966579022097,5.0
0.1,788.954620308546,5.0
0.1,789.5125827148825,5.0
0.1,790.0705451212189,5.0
0.1,790.6285075275553,5.0
0.1,791.1864699338917,5.0
0.1,791.7444323402281,5.0
0.1,792.3023947465645,5.0
0.1,792.8603571529009,5.0
0.1,793.4183195592373,5.0
0.1,793.9762819655737,5.0
0.1,794.5342443719101,5.0
0.1,795.0922067782465,5.0
0.1,795.6501691845829,5.0
0.1,796.2081315909193,5.0
0.1,796.7660939972557,5.0
0.1,797.3240564035921,5.0
0.1,797.8820188099285,5.0
0.1,798.4399812162649,5.0
0.1,798.9979436226013,5.0
0.1,799.5559060289377,5.0
0.1,800.1138684352741,5.0
0.1,800.6718308416105,5.0
0.1,801.2297932479469,5.0
0.1,801.7877556542833,5.0
0.1,802.3457180606197,5.0
0.1,802.9036804669561,5.0
0.1,803.4616428732925,5.0
0.1,804.0196052796289,5.0
0.1,804.5775676859653,5.0
0.1,805.1355300923017,5.0
0.1,805.6934924986381,5.0
0.1,806.2514549049745,5.0
0.1,806.8094173113109,5.0
0.1,807.3673797176473,5.0
0.1,807.9253421239837,5.0
0.1,808.4833045303201,5.0
0.1,809.0412669366565,5.0
0.1,809.5992293429929,5.0
0.1,810.1571917493293,5.0
0.1,810.7151541556657,5.0
0.1,811.2731165620021,5.0
0.1,811.8310789683385,5.0
0.1,812.3890413746749,5.0
0.1,812.9470037810113,5.0
0.1,813.5049661873477,5.0
0.1,814.0629285936841,5.0
0.1,814.6208910000205,5.0
0.1,815.1788534063569,5.0
0.1,815.7368158126933,5.0
0.1,816.2947782190297,5.0
0.1,816.8527406253661,5.0
0.1,817.4107030317025,5.0
0.1,817.9686654380389,5.0
0.1,818.5266278443753,5.0
0.1,819.0845902507117,5.0
0.1,819.6425526570481,5.0
0.1,820.2005150633845,5.0
0.1,820.7584774697209,5.0
0.1,821.3164398760573,5.0
0.1,821.8744022823937,5.0
0.1,822.4323646887301,5.0
0.1,822.9903270950665,5.0
0.1,823.5482895014029,5.0
0.1,824.1062519077393,5.0
0.1,824.6642143140757,5.0
0.1,825.2221767204121,5.0
0.1,825.7801391267485,5.0
0.1,826.3381015330849,5.0
0.1,826.8960639394213,5.0
0.1,827.4540263457577,5.0
0.1,828.0119887520941,5.0
0.1,828.5699511584305,5.0
0.1,829.1279135647669,5.0
0.1,829.6858759711033,5.0
0.1,830.2438383774397,5.0
0.1,830.8018007837761,5.0
0.1,831.3597631901125,5.0
0.1,831.9177255964489,5.0
0.1,832.4756880027853,5.0
0.1,833.0336504091217,5.0
0.1,833.5916128154581,5.0
0.1,834.1495752217945,5.0
0.1,834.7075376281309,5.0
0.1,835.2655000344673,5.0
0.1,835.8234624408037,5.0
0.1,836.3814248471401,5.0
0.1,836.9393872534765,5.0
0.1,837.4973496598129,5.0
0.1,838.0553120661493,5.0
0.1,838.6132744724857,5.0
0.1,839.1712368788221,5.0
0.1,839.7291992851585,5.0
0.1,840.2871616914949,5.0
0.1,840.8451240978313,5.0
0.1,841.4030865041677,5.0
0.1,841.9610489105041,5.0
0.1,842.5190113168405,5.0
0.1,843.0769737231769,5.0
0.1,843.6349361295133,5.0
0.1,844.1928985358497,5.0
0.1,844.7508609421861,5.0
0.1,845.3088233485225,5.0
0.1,845.8667857548589,5.0
0.1,846.4247481611953,5.0
0.1,846.9827105675317,5.0
0.1,847.5406729738681,5.0
0.1,848.0986353802045,5.0
0.1,848.6565977865409,5.0
0.1,849.2145601928773,5.0
0.1,849.7725225992137,5.0
0.1,850.3304850055501,5.0
0.1,850.8884474118865,5.0
0.1,851.446409818223,5.0
0.1,852.0043722245593,5.0
0.1,852.5623346308957,5.0
0.1,853.1202970372321,5.0
0.1,853.6782594435685,5.0
0.1,854.236221849905,5.0
0.1,854.6930470392632,5.0
0.1,855.1498722286215,5.0
0.1,855.6066974179797,5.0
0.1,856.063522607338,5.0
0.1,856.5723051838303,5.0
0.1,857.0810877603226,5.0
0.1,857.1587748915964,5.0
0.1,857.2364620228702,5.0
0.1,857.314149154144,5.0
0.1,857.3918362854179,5.0
0.1,857.5180910204183,5.0
0.1,857.6443457554187,5.0
0.1,857.7706004904192,5.0
0.1,858.1462598000116,5.0
0.1,858.5219191096041,5.0
0.1,858.8975784191966,5.0
0.1,859.3656999228544,5.0
0.1,859.8338214265123,5.0
0.1,860.3019429301701,5.0
0.1,860.7700644338279,5.0
0.1,861.2381859374857,5.0
0.1,861.7063074411435,5.0
0.1,862.1744289448013,5.0
0.1,862.6425504484591,5.0
0.1,863.110671952117,5.0
0.1,863.5787934557748,5.0
0.1,864.0469149594326,5.0
0.1,864.5150364630904,5.0
0.1,864.9831579667482,5.0
0.1,865.5032645569355,5.0
0.1,866.0233711471228,5.0
0.1,866.5434777373101,5.0
0.1,867.0635843274974,5.0
0.1,867.5836909176847,5.0
0.1,868.1037975078721,5.0
0.1,868.6239040980594,5.0
0.1,869.1440106882467,5.0
0.1,869.664117278434,5.0
0.1,870.1842238686213,5.0
0.1,870.7043304588086,5.0
0.1,871.2244370489959,5.0
0.1,871.7445436391832,5.0
0.1,872.2646502293705,5.0
0.1,872.6971582443592,5.0
0.1,873.0531360329222,5.0
0.1,873.4091138214852,5.0
0.1,873.7650916100482,5.0
0.1,874.1210693986112,5.0
0.1,874.6298399374829,5.0
0.1,875.1386104763545,5.0
0.1,875.6473810152262,5.0
0.1,876.1561515540978,5.0
0.1,876.6649220929695,5.0
0.1,877.1736926318412,5.0
0.1,877.6824631707128,5.0
0.1,878.1912337095845,5.0
0.1,878.7000042484561,5.0
0.1,879.120462071613,5.0
0.1,879.5409198947699,5.0
0.1,879.9613777179268,5.0
0.1,880.3818355410837,5.0
0.1,880.8951111106247,5.0
0.1,881.3121056781926,5.0
0.1,881.3855790279554,5.0
0.1,881.4590523777182,5.0
0.1,881.532525727481,5.0
0.1,881.6794724270068,5.0
0.1,881.8264191265325,5.0
0.1,881.9733658260583,5.0
0.1,882.3506901298898,5.0
0.1,882.7280144337213,5.0
0.1,883.1053387375529,5.0
0.1,883.4826630413844,5.0
0.1,884.0430843296793,5.0
0.1,884.6035056179743,5.0
0.1,885.1639269062692,5.0
0.1,885.7243481945642,5.0
0.1,886.2847694828591,5.0
0.1,886.8451907711541,5.0
0.1,887.405612059449,5.0
0.1,887.966033347744,5.0
0.1,888.6241296723754,5.0
0.1,889.2822259970068,5.0
0.1,889.9403223216382,5.0
0.1,890.5984186462696,5.0
0.1,891.256514970901,5.0
0.1,891.9146112955324,5.0
0.1,892.5727076201638,5.0
0.1,893.2308039447952,5.0
0.1,893.8889002694266,5.0
0.1,894.546996594058,5.0
0.1,895.2050929186894,5.0
0.1,895.8631892433208,5.0
0.1,896.5212855679522,5.0
0.1,897.1793818925836,5.0
0.1,897.837478217215,5.0
0.1,898.4955745418464,5.0
0.1,899.1536708664778,5.0
0.1,899.8117671911092,5.0
0.1,899.9162089512348,5.0
0.1,899.9351485989195,5.0
0.1,899.9540882466041,5.0
0.1,899.9730278942887,5.0
0.1,900.010907189658,5.0
0.1,900.0487864850273,5.0
0.1,900.1947537550896,5.0
0.1,900.3407210251518,5.0
0.1,900.486688295214,5.0
0.1,900.8057690012372,5.0
0.1,901.1248497072604,5.0
0.1,901.4439304132836,5.0
0.1,901.8715293583587,5.0
0.1,902.2991283034337,5.0
0.1,902.7267272485087,5.0
0.1,903.1543261935838,5.0
0.1,903.5819251386588,5.0
0.1,904.0095240837338,5.0
0.1,904.4371230288089,5.0
0.1,904.8647219738839,5.0
0.1,905.2923209189589,5.0
0.1,905.719919864034,5.0
0.1,906.147518809109,5.0
0.1,906.575117754184,5.0
0.1,907.002716699259,5.0
0.1,907.4303156443341,5.0
0.1,907.8579145894091,5.0
0.1,908.2855135344842,5.0
0.1,908.7131124795592,5.0
0.1,909.1407114246342,5.0
0.1,909.5683103697093,5.0
0.1,909.9959093147843,5.0
0.1,910.4235082598593,5.0
0.1,910.8511072049344,5.0
0.1,911.3623899950517,5.0
0.1,911.873672785169,5.0
0.1,912.3849555752863,5.0
0.1,912.8962383654036,5.0
0.1,913.407521155521,5.0
0.1,913.9188039456383,5.0
0.1,914.4300867357556,5.0
0.1,914.9413695258729,5.0
0.1,915.4526523159902,5.0
0.1,915.9639351061076,5.0
0.1,916.5368141056299,5.0
0.1,917.1096931051522,5.0
0.1,917.6825721046746,5.0
0.1,918.2554511041969,5.0
0.1,918.8283301037193,5.0
0.1,919.4012091032416,5.0
0.1,919.974088102764,5.0
0.1,920.5469671022863,5.0
0.1,921.1198461018087,5.0
0.1,921.692725101331,5.0
0.1,922.2656041008534,5.0
0.1,922.8384831003757,5.0
0.1,923.411362099898,5.0
0.1,923.9842410994204,5.0
0.1,924.5571200989427,5.0
0.1,925.1299990984651,5.0
0.1,925.7028780979874,5.0
0.1,926.2757570975098,5.0
0.1,926.8486360970321,5.0
0.1,927.4215150965545,5.0
0.1,927.9943940960768,5.0
0.1,928.5672730955991,5.0
0.1,929.1401520951215,5.0
0.1,929.7130310946438,5.0
0.1,930.2859100941662,5.0
0.1,930.9187874156826,5.0
0.1,931.551664737199,5.0
0.1,932.1845420587154,5.0
0.1,932.8174193802317,5.0
0.1,933.4502967017481,5.0
0.1,934.0831740232645,5.0
0.1,934.7160513447809,5.0
0.1,935.3489286662973,5.0
0.1,935.9818059878137,5.0
0.1,936.6146833093301,5.0
0.1,937.2475606308465,5.0
0.1,937.8804379523629,5.0
0.1,938.5133152738792,5.0
0.1,939.1461925953956,5.0
0.1,939.779069916912,5.0
0.1,940.4119472384284,5.0
0.1,941.0448245599448,5.0
0.1,941.6777018814612,5.0
0.1,942.3105792029776,5.0
0.1,942.943456524494,5.0
0.1,943.5763338460104,5.0
0.1,944.2092111675267,5.0
0.1,944.8420884890431,5.0
0.1,945.4749658105595,5.0
0.1,946.1078431320759,5.0
0.1,946.7407204535923,5.0
0.1,947.3735977751087,5.0
0.1,948.0064750966251,5.0
0.1,948.6393524181415,5.0
0.1,949.2722297396579,5.0
0.1,949.9051070611742,5.0
0.1,950.5379843826906,5.0
0.1,951.170861704207,5.0
0.1,951.8037390257234,5.0
0.1,952.4366163472398,5.0
0.1,953.0694936687562,5.0
0.1,953.7023709902726,5.0
0.1,954.335248311789,5.0
0.1,954.9681256333054,5.0
0.1,955.6010029548218,5.0
0.1,956.2338802763381,5.0
0.1,956.8667575978545,5.0
0.1,957.4996349193709,5.0
0.1,958.1325122408873,5.0
0.1,958.7653895624037,5.0
0.1,959.3982668839201,5.0
0.1,960.0311442054365,5.0
0.1,960.6640215269529,5.0
0.1,961.2968988484693,5.0
0.1,961.9297761699856,5.0
0.1,962.562653491502,5.0
0.1,963.1955308130184,5.0
0.1,963.8284081345348,5.0
0.1,964.4612854560512,5.0
0.1,965.0941627775676,5.0
0.1,965.727040099084,5.0
0.1,966.3599174206004,5.0
0.1,966.9927947421168,5.0
0.1,967.6256720636331,5.0
0.1,968.2585493851495,5.0
0.1,968.8914267066659,5.0
0.1,969.5243040281823,5.0
0.1,970.1571813496987,5.0
0.1,970.7900586712151,5.0
0.1,971.4229359927315,5.0
0.1,972.0558133142479,5.0
0.1,972.6886906357643,5.0
0.1,973.3215679572806,5.0
0.1,973.954445278797,5.0
0.1,974.5873226003134,5.0
0.1,975.2201999218298,5.0
0.1,975.8530772433462,5.0
0.1,976.4859545648626,5.0
0.1,977.118831886379,5.0
0.1,977.7517092078954,5.0
0.1,978.3845865294118,5.0
0.1,979.0174638509282,5.0
0.1,979.6503411724445,5.0
0.1,980.2832184939609,5.0
0.1,980.9160958154773,5.0
0.1,981.5489731369937,5.0
0.1,982.1818504585101,5.0
0.1,982.8147277800265,5.0
0.1,983.4476051015429,5.0
0.1,984.0804824230593,5.0
0.1,984.7133597445757,5.0
0.1,985.346237066092,5.0
0.1,985.9791143876084,5.0
0.1,986.6119917091248,5.0
0.1,987.2448690306412,5.0
0.1,987.8777463521576,5.0
0.1,988.510623673674,5.0
0.1,989.1435009951904,5.0
0.1,989.7763783167068,5.0
0.1,990.4092556382232,5.0
0.1,991.0421329597395,5.0
0.1,991.6750102812559,5.0
0.1,992.3078876027723,5.0
0.1,992.9407649242887,5.0
0.1,993.5736422458051,5.0
0.1,994.2065195673215,5.0
0.1,994.8393968888379,5.0
0.1,995.4722742103543,5.0
0.1,996.1051515318707,5.0
0.1,996.738028853387,5.0
0.1,997.3709061749034,5.0
0.1,998.0037834964198,5.0
0.1,998.6366608179362,5.0
0.1,999.2695381394526,5.0
0.1,999.902415460969,5.0
0.1,1000.5352927824854,5.0
0.1,1001.1681701040018,5.0
0.1,1001.8010474255182,5.0
0.1,1002.4339247470346,5.0
0.1,1003.0668020685509,5.0
0.1,1003.6996793900673,5.0
0.1,1004.3325567115837,5.0
0.1,1004.9654340331001,5.0
0.1,1005.5983113546165,5.0
0.1,1006.2311886761329,5.0
0.1,1006.8640659976493,5.0
0.1,1007.4969433191657,5.0
0.1,1008.129820640682,5.0
0.1,1008.7626979621984,5.0
0.1,1009.3955752837148,5.0
0.1,1010.0284526052312,5.0
0.1,1010.6613299267476,5.0
0.1,1011.294207248264,5.0
0.1,1011.9270845697804,5.0
0.1,1012.5599618912968,5.0
0.1,1013.1928392128132,5.0
0.1,1013.8257165343296,5.0
0.1,1014.458593855846,5.0
0.1,1015.0914711773623,5.0
0.1,1015.7243484988787,5.0
0.1,1016.3572258203951,5.0
0.1,1016.9901031419115,5.0
0.1,1017.6229804634279,5.0
0.1,1018.2558577849443,5.0
0.1,1018.8887351064607,5.0
0.1,1019.5216124279771,5.0
0.1,1020.1544897494935,5.0
0.1,1020.7873670710098,5.0
0.1,1021.4202443925262,5.0
0.1,1022.0531217140426,5.0
0.1,1022.685999035559,5.0
0.1,1023.3188763570754,5.0
0.1,1023.9517536785918,5.0
0.1,1024.5846310001082,5.0
0.1,1025.2175083216246,5.0
0.1,1025.850385643141,5.0
0.1,1026.4832629646573,5.0
0.1,1027.1161402861737,5.0
0.1,1027.7490176076901,5.0
0.1,1028.3818949292065,5.0
0.1,1029.014772250723,5.0
0.1,1029.6476495722393,5.0
0.1,1030.2805268937557,5.0
0.1,1030.913404215272,5.0
0.1,1031.5462815367885,5.0
0.1,1032.0684008238604,5.0
0.1,1032.5905201109324,5.0
0.1,1033.1126393980044,5.0
0.1,1033.6347586850763,5.0
0.1,1034.2244587928367,5.0
0.1,1034.814158900597,5.0
0.1,1035.2681142847275,5.0
0.1,1035.6434457875548,5.0
0.1,1036.018777290382,5.0
0.1,1036.3941087932094,5.0
0.1,1036.7694402960367,5.0
0.1,1037.2807596972068,5.0
0.1,1037.792079098377,5.0
0.1,1038.303398499547,5.0
0.1,1038.8147179007171,5.0
0.1,1039.4227786607019,5.0
0.1,1040.0308394206866,5.0
0.1,1040.6389001806713,5.0
0.1,1041.246960940656,5.0
0.1,1041.8550217006407,5.0
0.1,1042.4630824606254,5.0
0.1,1043.07114322061,5.0
0.1,1043.6792039805948,5.0
0.1,1044.2872647405795,5.0
0.1,1044.8953255005642,5.0
0.1,1045.503386260549,5.0
0.1,1046.1114470205337,5.0
0.1,1046.7195077805184,5.0
0.1,1047.327568540503,5.0
0.1,1047.9356293004878,5.0
0.1,1048.5436900604725,5.0
0.1,1049.1517508204572,5.0
0.1,1049.759811580442,5.0
0.1,1050.3678723404266,5.0
0.1,1050.9759331004113,5.0
0.1,1051.583993860396,5.0
0.1,1052.1920546203808,5.0
0.1,1052.8001153803655,5.0
0.1,1053.4081761403502,5.0
0.1,1054.016236900335,5.0
0.1,1054.6242976603196,5.0
0.1,1055.2323584203043,5.0
0.1,1055.840419180289,5.0
0.1,1056.4484799402737,5.0
0.1,1057.0565407002584,5.0
0.1,1057.6646014602431,5.0
0.1,1058.2726622202279,5.0
0.1,1058.773713606326,5.0
0.1,1059.2747649924243,5.0
0.1,1059.7758163785224,5.0
0.1,1060.2768677646206,5.0
0.1,1060.7779191507188,5.0
0.1,1061.278970536817,5.0
0.1,1061.7800219229152,5.0
0.1,1062.3617412400483,5.0
0.1,1062.9434605571814,5.0
0.1,1063.5251798743145,5.0
0.1,1064.1068991914476,5.0
0.1,1064.6886185085807,5.0
0.1,1065.2703378257138,5.0
0.1,1065.743520051634,5.0
0.1,1065.813410250489,5.0
0.1,1065.8833004493438,5.0
0.1,1065.9531906481986,5.0
0.1,1066.0929710459086,5.0
0.1,1066.2327514436186,5.0
0.1,1066.3725318413285,5.0
0.1,1066.7637404270959,5.0
0.1,1067.1549490128632,5.0
0.1,1067.5461575986305,5.0
0.1,1068.030514568762,5.0
0.1,1068.5148715388937,5.0
0.1,1068.9992285090252,5.0
0.1,1069.4835854791568,5.0
0.1,1070.0431307191034,5.0
0.1,1070.60267595905,5.0
0.1,1071.1622211989966,5.0
0.1,1071.7217664389432,5.0
0.1,1072.3931166902844,5.0
0.1,1073.0644669416256,5.0
0.1,1073.7358171929668,5.0
0.1,1074.407167444308,5.0
0.1,1074.9541516965182,5.0
0.1,1075.5011359487285,5.0
0.1,1076.0481202009387,5.0
0.1,1076.595104453149,5.0
0.1,1077.3016107892213,5.0
0.1,1077.880802060455,5.0
0.1,1078.4599933316886,5.0
0.1,1079.0391846029222,5.0
0.1,1079.6183758741558,5.0
0.1,1080.1975671453895,5.0
0.1,1080.6471912696636,5.0
0.1,1081.0968153939377,5.0
0.1,1081.5464395182119,5.0
0.1,1081.996063642486,5.0
0.1,1082.44568776676,5.0
0.1,1082.8953118910342,5.0
0.1,1083.3449360153083,5.0
0.1,1083.8573044768516,5.0
0.1,1084.3696729383948,5.0
0.1,1084.882041399938,5.0
0.1,1085.3944098614813,5.0
0.1,1085.9883511395471,5.0
0.1,1086.582292417613,5.0
0.1,1087.1762336956788,5.0
0.1,1087.7701749737446,5.0
0.1,1088.3641162518104,5.0
0.1,1088.9580575298762,5.0
0.1,1089.551998807942,5.0
0.1,1090.1459400860078,5.0
0.1,1090.7398813640737,5.0
0.1,1091.3338226421395,5.0
0.1,1091.9277639202053,5.0
0.1,1092.521705198271,5.0
0.1,1093.115646476337,5.0
0.1,1093.7095877544027,5.0
0.1,1094.3035290324685,5.0
0.1,1094.8974703105343,5.0
0.1,1095.4914115886002,5.0
0.1,1095.983294050185,5.0
0.1,1096.4751765117696,5.0
0.1,1096.9670589733544,5.0
0.1,1097.458941434939,5.0
0.1,1097.9508238965238,5.0
0.1,1098.4427063581086,5.0
0.1,1098.9345888196933,5.0
0.1,1099.0061681656307,5.0
0.1,1099.077747511568,5.0
0.1,1099.1493268575055,5.0
0.1,1099.2924855493802,5.0
0.1,1099.435644241255,5.0
0.1,1099.5788029331297,5.0
0.1,1099.9862026035541,5.0
0.1,1100.3936022739786,5.0
0.1,1100.801001944403,5.0
0.1,1101.2084016148274,5.0
0.1,1101.9449445182674,5.0
0.1,1102.6814874217075,5.0
0.1,1103.4180303251476,5.0
0.1,1104.1545732285877,5.0
0.1,1104.8911161320277,5.0
0.1,1105.6276590354678,5.0
0.1,1106.3642019389079,5.0
0.1,1107.100744842348,5.0
0.1,1107.837287745788,5.0
0.1,1108.573830649228,5.0
0.1,1109.3103735526681,5.0
0.1,1110.0469164561082,5.0
0.1,1110.7834593595483,5.0
0.1,1111.5200022629883,5.0
0.1,1112.2565451664284,5.0
0.1,1112.9930880698685,5.0
0.1,1113.7296309733085,5.0
0.1,1114.4661738767486,5.0
0.1,1115.2027167801887,5.0
0.1,1115.9392596836287,5.0
0.1,1116.6758025870688,5.0
0.1,1117.4123454905089,5.0
0.1,1118.148888393949,5.0
0.1,1118.885431297389,5.0
0.1,1119.621974200829,5.0
0.1,1120.3585171042691,5.0
0.1,1121.0950600077092,5.0
0.1,1121.8316029111493,5.0
0.1,1122.5681458145893,5.0
0.1,1123.3046887180294,5.0
0.1,1124.0412316214695,5.0
0.1,1124.7777745249095,5.0
0.1,1125.5143174283496,5.0
0.1,1126.2508603317897,5.0
0.1,1126.9874032352297,5.0
0.1,1127.7239461386698,5.0
0.1,1128.4604890421099,5.0
0.1,1129.19703194555,5.0
0.1,1129.93357484899,5.0
0.1,1130.67011775243,5.0
0.1,1131.4066606558702,5.0
0.1,1132.1432035593102,5.0
0.1,1132.8797464627503,5.0
0.1,1133.6162893661904,5.0
0.1,1134.3528322696304,5.0
0.1,1135.0893751730705,5.0
0.1,1135.8259180765106,5.0
0.1,1136.5624609799506,5.0
0.1,1137.2990038833907,5.0
0.1,1138.0355467868308,5.0
0.1,1138.7720896902708,5.0
0.1,1139.508632593711,5.0
0.1,1140.245175497151,5.0
0.1,1140.981718400591,5.0
0.1,1141.718261304031,5.0
0.1,1142.4548042074712,5.0
0.1,1143.1913471109112,5.0
0.1,1143.9278900143513,5.0
0.1,1144.6644329177914,5.0
0.1,1145.4009758212314,5.0
0.1,1145.9921590696435,5.0
0.1,1146.5833423180557,5.0
0.1,1147.1745255664678,5.0
0.1,1147.7657088148799,5.0
0.1,1148.356892063292,5.0
0.1,1148.948075311704,5.0
0.1,1149.5392585601162,5.0
0.1,1150.201754332952,5.0
0.1,1150.864250105788,5.0
0.1,1151.5267458786238,5.0
0.1,1152.1892416514597,5.0
0.1,1152.8517374242956,5.0
0.1,1153.5142331971315,5.0
0.1,1154.1767289699674,5.0
0.1,1154.9390794632855,5.0
0.1,1155.7014299566035,5.0
0.1,1156.4637804499216,5.0
0.1,1157.2261309432397,5.0
0.1,1157.9884814365578,5.0
0.1,1158.7508319298759,5.0
0.1,1159.513182423194,5.0
0.1,1160.140448368545,5.0
0.1,1160.7677143138962,5.0
0.1,1160.8528023984811,5.0
0.1,1160.937890483066,5.0
0.1,1161.0229785676509,5.0
0.1,1161.1702859721513,5.0
0.1,1161.3175933766518,5.0
0.1,1161.4649007811522,5.0
0.1,1161.6993369996378,5.0
0.1,1161.9337732181234,5.0
0.1,1162.1018106508218,5.0
0.1,1162.2698480835202,5.0
0.1,1162.402688490518,5.0
0.1,1162.5355288975156,5.0
0.1,1162.6683693045134,5.0
0.1,1162.770122936102,5.0
0.1,1162.8718765676908,5.0
0.1,1162.9736301992796,5.0
0.1,1163.0753838308683,5.0
0.1,1163.151820186951,5.0
0.1,1163.2282565430337,5.0
0.1,1163.2850458508394,5.0
0.1,1163.3418351586452,5.0
0.1,1163.3854999992363,5.0
0.1,1163.4291648398275,5.0
0.1,1163.4728296804187,5.0
0.1,1163.514790479752,5.0
0.1,1163.5567512790853,5.0
0.1,1163.588783727914,5.0
0.1,1163.6208161767427,5.0
0.1,1163.64420623965,5.0
0.1,1163.6675963025573,5.0
0.1,1163.6909863654646,5.0
0.1,1163.714376428372,5.0
0.1,1163.7293246636302,5.0
0.1,1163.7323143106819,5.0
0.1,1163.7353039577335,5.0
0.1,1163.7382936047852,5.0
0.1,1163.7442728988885,5.0
0.1,1163.7502521929919,5.0
0.1,1163.7562314870952,5.0
0.1,1163.7622107811985,5.0
0.1,1163.7760930099867,5.0
0.1,1163.7899752387748,5.0
0.1,1163.803857467563,5.0
0.1,1163.817739696351,5.0
0.1,1163.8316219251392,5.0
0.1,1163.8477695800063,5.0
0.1,1163.8639172348735,5.0
0.1,1163.8800648897407,5.0
0.1,1163.8962125446078,5.0
0.1,1163.9218695709087,5.0
0.1,1163.9475265972096,5.0
0.1,1163.9731836235105,5.0
0.1,1163.9988406498114,5.0
0.1,1164.040419599833,5.0
0.1,1164.0819985498547,5.0
0.1,1164.1235774998763,5.0
0.1,1164.165156449898,5.0
0.1,1164.2290351386193,5.0
0.1,1164.2929138273407,5.0
0.1,1164.3567925160621,5.0
0.1,1164.4206712047835,5.0
0.1,1164.5257296979082,5.0
0.1,1164.630788191033,5.0
0.1,1164.7358466841577,5.0
0.1,1164.8409051772824,5.0
0.1,1165.031554349128,5.0
0.1,1165.2222035209738,5.0
0.1,1165.4128526928196,5.0
0.1,1165.890576701058,5.0
0.1,1166.3683007092966,5.0
0.1,1166.846024717535,5.0
0.1,1167.3237487257736,5.0
0.1,1167.8977886181895,5.0
0.1,1168.000930776585,5.0
0.1,1168.1040729349804,5.0
0.1,1168.207215093376,5.0
0.1,1168.413499410167,5.0
0.1,1168.6197837269583,5.0
0.1,1168.9598238050992,5.0
0.1,1169.29986388324,5.0
0.1,1169.639903961381,5.0
0.1,1170.1468579961083,5.0
0.1,1170.5476455574856,5.0
0.1,1170.858773241955,5.0
0.1,1171.1145367587992,5.0
0.1,1171.3091244781458,5.0
0.1,1171.5037121974924,5.0
0.1,1171.6294484571386,5.0
0.1,1171.7551847167847,5.0
0.1,1171.8516728297695,5.0
0.1,1171.9481609427544,5.0
0.1,1172.0446490557392,5.0
0.1,1172.1257662829707,5.0
0.1,1172.1910795970557,5.0
0.1,1172.2563929111407,5.0
0.1,1172.3217062252256,5.0
0.1,1172.4099044257575,5.0
0.1,1172.4981026262894,5.0
0.1,1172.5863008268213,5.0
0.1,1172.6950693035087,5.0
0.1,1172.803837780196,5.0
0.1,1172.9126062568835,5.0
0.1,1173.0572038057442,5.0
0.1,1173.2018013546049,5.0
0.1,1173.3463989034656,5.0
0.1,1173.5484286657784,5.0
0.1,1173.7504584280912,5.0
0.1,1173.952488190404,5.0
0.1,1174.1545179527168,5.0
0.1,1174.4908837649482,5.0
0.1,1174.8272495771796,5.0
0.1,1175.163615389411,5.0
0.1,1175.7843158599323,5.0
0.1,1176.4050163304537,5.0
0.1,1177.025716800975,5.0
0.1,1177.6464172714964,5.0
0.1,1178.301814173351,5.0
0.1,1178.9572110752056,5.0
0.1,1179.457740334625,5.0
0.1,1179.551108824766,5.0
0.1,1179.6444773149071,5.0
0.1,1179.7378458050482,5.0
0.1,1179.9245827853301,5.0
0.1,1180.111319765612,5.0
0.1,1180.298056745894,5.0
0.1,1180.6713720860137,5.0
0.1,1181.0446874261334,5.0
0.1,1181.418002766253,5.0
0.1,1181.8654873795263,5.0
0.1,1182.3129719927995,5.0
0.1,1182.7604566060727,5.0
0.1,1183.207941219346,5.0
0.1,1183.8762116475464,5.0
0.1,1184.5444820757468,5.0
0.1,1185.2127525039473,5.0
0.1,1185.8810229321477,5.0
0.1,1186.9335420949044,5.0
0.1,1187.986061257661,5.0
0.1,1188.1865817814546,5.0
0.1,1188.3871023052482,5.0
0.1,1188.5876228290417,5.0
0.1,1188.9886638766288,5.0
0.1,1189.389704924216,5.0
0.1,1189.790745971803,5.0
0.1,1190.8604708616376,5.0
0.1,1191.9301957514722,5.0
0.1,1192.9999206413067,5.0
0.1,1194.2878021706674,5.0
0.1,1195.575683700028,5.0
0.1,1196.8635652293888,5.0
0.1,1198.1514467587494,5.0
0.1,1199.9906751805556,5.0
0.1,1201.8299036023618,5.0
0.1,1203.669132024168,5.0
0.1,1206.328637473413,5.0
0.1,1208.988142922658,5.0
0.1,1211.647648371903,5.0
0.1,1215.8753792206694,5.0
0.1,1220.1031100694358,5.0
0.1,1224.3308409182023,5.0
0.1,1229.8082494060418,5.0
0.1,1235.2856578938813,5.0
0.1,1240.7630663817208,5.0
0.1,1246.2404748695603,5.0
0.1,1254.2918168326955,5.0
0.1,1262.3431587958307,5.0
0.1,1270.394500758966,5.0
0.1,1287.297589613124,5.0
0.1,1304.2006784672822,5.0
0.1,1321.1037673214403,5.0
0.1,1406.6090374533321,5.0
0.1,1492.114307585224,5.0
0.1,2080.983630595012,5.0
0.1,2500.0,5.0
1.0,0.0,1.0698216699004093
1.0,0.0007941499785359791,1.0689843521635745
1.0,0.0009926874731699738,1.0687722211703496
1.0,0.0010423218468284725,1.068723538522979
1.0,0.001044868823669525,1.068719749068544
1.0,0.0010474158005105774,1.0687159965392452
1.0,0.0010499627773516299,1.0687124980907898
1.0,0.0010525097541926823,1.068709229244203
1.0,0.0010550567310337348,1.0687061302067942
1.0,0.0010576037078747873,1.0687031495499497
1.0,0.0010601506847158397,1.0687002497001918
1.0,0.0010626976615568922,1.068697404551001
1.0,0.0010652446383979447,1.068694596283732
1.0,0.0010677916152389971,1.0686918128159255
1.0,0.0010703385920800496,1.0686890459739382
1.0,0.001072885568921102,1.0686862902326357
1.0,0.0010754325457621545,1.0686835418579606
1.0,0.001077979522603207,1.068680798326467
1.0,0.0010805264994442594,1.0686780579329898
1.0,0.001083073476285312,1.068675319525554
1.0,0.0010856204531263644,1.0686725823262289
1.0,0.0010894987714944846,1.0686684154164556
1.0,0.0011282819551756854,1.0686267175388353
1.0,0.0011670651388568862,1.0685849502063691
1.0,0.001205848322538087,1.068543088315149
1.0,0.0015936801593500961,1.0681146313264154
1.0,0.001981511996162105,1.0676766048971529
1.0,0.0035079350815429835,1.065813711637836
1.0,0.005034358166923862,1.0638317521442162
1.0,0.007436540133443005,1.060595609492076
1.0,0.009838722099962147,1.057163359110845
1.0,0.01224090406648129,1.0536075541676577
1.0,0.016330447806104813,1.047407105101554
1.0,0.020419991545728336,1.0412263253451006
1.0,0.02450953528535186,1.0352082794726993
1.0,0.028599079024975382,1.0293979139714815
1.0,0.033366128001263706,1.0228885754243113
1.0,0.03813317697755203,1.0166704810620202
1.0,0.042900225953840354,1.0107465371907252
1.0,0.04766727493012868,1.0051254171152753
1.0,0.052434323906417,0.999817469224983
1.0,0.057201372882705326,0.9948353794876705
1.0,0.06196842185899365,0.9901902080460709
1.0,0.06817256765717665,0.9846588270311284
1.0,0.07437671345535965,0.9797108759487735
1.0,0.08058085925354265,0.9753345837063994
1.0,0.08678500505172565,0.97150506540538
1.0,0.09298915084990865,0.9681882055713911
1.0,0.09919329664809165,0.9653450024880561
1.0,0.10539744244627465,0.9629351763858649
1.0,0.11160158824445765,0.9609193849539823
1.0,0.11780573404264065,0.9592603868068206
1.0,0.12400987984082365,0.9579234207459121
1.0,0.13134577340248513,0.9567141179612447
1.0,0.1386816669641466,0.9558602152212429
1.0,0.14601756052580808,0.9553159571338768
1.0,0.15335345408746956,0.9550398386111066
1.0,0.16186905499016777,0.9550071651902239
1.0,0.17038465589286597,0.9552351164037843
1.0,0.17890025679556418,0.9567617803998297
1.0,0.18741585769826238,0.9585499266842339
1.0,0.1975377168295612,0.9605571420587333
1.0,0.20765957596086002,0.9624764771045143
1.0,0.21778143509215883,0.9642768256140524
1.0,0.22790329422345765,0.9659763327358291
1.0,0.24350187788488625,0.968437362341331
1.0,0.25910046154631483,0.9707374163028953
1.0,0.2746990452077434,0.9729211765812235
1.0,0.2988416089792453,0.976159684280977
1.0,0.3229841727507472,0.9792039200228186
1.0,0.3471267365222491,0.9821489228732956
1.0,0.3820612228571371,0.9862574194253912
1.0,0.4169957091920251,0.9902566044719798
1.0,0.4519301955269131,0.9941785355112203
1.0,0.5051353662009793,1.0000599600939792
1.0,0.5583405368750456,1.005938151939444
1.0,0.6115457075491118,1.0115664745860555
1.0,0.6933199102033129,1.0194340605097223
1.0,0.775094112857514,1.0264704657901256
1.0,0.856868315511715,1.0328144856368129
1.0,0.9392749788873557,1.0385999879063117
1.0,1.0216816422629964,1.043912017906743
1.0,1.104088305638637,1.0488563543509324
1.0,1.1864949690142776,1.0535049511202539
1.0,1.2747843566917172,1.058223411900146
1.0,1.3630737443691567,1.0627423502094078
1.0,1.4513631320465963,1.0671236144587617
1.0,1.5396525197240358,1.0714134036290455
1.0,1.6279419074014754,1.0756493748517828
1.0,1.716231295078915,1.0798653568369925
1.0,1.8045206827563545,1.0840912211743912
1.0,1.892810070433794,1.0883564211395103
1.0,1.9810994581112336,1.0926881605307452
1.0,2.0693888457886733,1.0971146451186777
1.0,2.157678233466113,1.1016576904212225
1.0,2.2459676211435524,1.106336911763633
1.0,2.334257008820992,1.111177633963489
1.0,2.4225463964984315,1.1162040328665466
1.0,2.510835784175871,1.1214418357858944
1.0,2.5991251718533106,1.1269220433203297
1.0,2.68741455953075,1.1326942452309332
1.0,2.754315542374461,1.137296761546381
1.0,2.8093513799183896,1.1412439507179717
1.0,2.864387217462318,1.1453424713865372
1.0,2.9194230550062468,1.1496002762795952
1.0,2.9744588925501754,1.1540307425916156
1.0,3.0414649445377253,1.1596832802007946
1.0,3.1084709965252753,1.165647484407152
1.0,3.175477048512825,1.171956353706958
1.0,3.242483100500375,1.1786501872991637
1.0,3.317855382507773,1.186701364556478
1.0,3.3932276645151704,1.1953878398569449
1.0,3.468599946522568,1.2048215649193357
1.0,3.5439722285299657,1.215144180543085
1.0,3.6193445105373634,1.2265323416456464
1.0,3.694716792544761,1.2392152653868356
1.0,3.7700890745521587,1.2535039490357562
1.0,3.8302596227266483,1.2663585692417363
1.0,3.8396065073921277,1.2684892916027581
1.0,3.848953392057607,1.2706593589814845
1.0,3.8583002767230865,1.2728701052684595
1.0,3.8769940460540453,1.2774215399292894
1.0,3.895687815385004,1.2821549296554857
1.0,3.914381584715963,1.2870834121895771
1.0,3.9646934301710233,1.3014881801777314
1.0,4.015005275626083,1.3177917075866274
1.0,4.065317121081144,1.336404338950436
1.0,4.1307732428562955,1.3648782955304575
1.0,4.1962293646314475,1.3995285431188462
1.0,4.261685486406599,1.4417546321001886
1.0,4.327141608181751,1.4920560008297263
1.0,4.413939126562341,1.5671337500912916
1.0,4.500736644942931,1.6431397721608976
1.0,4.587534163323521,1.7109823722737838
1.0,4.6743316817041105,1.7675455243890459
1.0,4.739368738024483,1.8025330065206222
1.0,4.804405794344856,1.8329527954293408
1.0,4.869442850665228,1.8601797120971317
1.0,4.934479906985601,1.8849278047861346
1.0,5.011930943217919,1.9119100477289976
1.0,5.089381979450238,1.9369817181183124
1.0,5.166833015682556,1.9607528107384393
1.0,5.244284051914875,1.9837785854781995
1.0,5.346382603317178,2.013857524923316
1.0,5.448481154719481,2.0443239398901403
1.0,5.550579706121784,2.0760123671794006
1.0,5.652678257524087,2.109483704287147
1.0,5.75477680892639,2.1458427786788477
1.0,5.856875360328694,2.1856779231276113
1.0,5.958973911730997,2.2311778820191703
1.0,6.035095395179454,2.2694834613806165
1.0,6.111216878627911,2.311994254440643
1.0,6.187338362076368,2.359224487999533
1.0,6.2634598455248245,2.4117082564290735
1.0,6.339581328973281,2.4693037270686755
1.0,6.415702812421738,2.5306186293487265
1.0,6.491824295870195,2.593620383399736
1.0,6.594263868231623,2.677733242925396
1.0,6.696703440593051,2.757821306905958
1.0,6.799143012954479,2.8326439676233184
1.0,6.901582585315907,2.9029715104701856
1.0,7.004022157677335,2.9703125650632876
1.0,7.106461730038763,3.0367888197118256
1.0,7.208901302400191,3.1038275874990027
1.0,7.311340874761619,3.172813539876501
1.0,7.413780447123047,3.244854149267328
1.0,7.516220019484475,3.3203437981076886
1.0,7.618659591845903,3.398998845821109
1.0,7.721099164207331,3.479819375714791
1.0,7.823538736568759,3.561168072811076
1.0,7.925978308930187,3.641040629162866
1.0,8.028417881291615,3.7179001609538544
1.0,8.130857453653043,3.7909154958668085
1.0,8.260521402069248,3.8778609596515206
1.0,8.390185350485453,3.9592077706298583
1.0,8.519849298901658,4.036098794572603
1.0,8.649513247317863,4.109598670934904
1.0,8.779177195734068,4.180507396114604
1.0,8.908841144150273,4.249231335925328
1.0,9.038505092566478,4.31579663024882
1.0,9.168169040982683,4.3799617337202505
1.0,9.27557696534255,4.431001862851923
1.0,9.382984889702417,4.479829315382495
1.0,9.490392814062284,4.526218391286406
1.0,9.579395849310798,4.562699366177945
1.0,9.668398884559311,4.597343028654478
1.0,9.757401919807824,4.630118301228678
1.0,9.846404955056338,4.66103162241171
1.0,9.935407990304851,4.690115981328594
1.0,10.024411025553364,4.717420654500972
1.0,10.113414060801878,4.743006833823493
1.0,10.202417096050391,4.76694463135348
1.0,10.291420131298905,4.789309945845783
1.0,10.380423166547418,4.810181537531718
1.0,10.469426201795931,4.829638491425969
1.0,10.558429237044445,4.847757273339323
1.0,10.647432272292958,4.864611051099927
1.0,10.736435307541472,4.880270560532776
1.0,10.825438342789985,4.89480436861945
1.0,10.914441378038498,4.9082783790377364
1.0,11.003444413287012,4.920755500581054
1.0,11.092447448535525,4.932295493047675
1.0,11.181450483784038,4.942954766758175
1.0,11.270453519032552,4.952786718159108
1.0,11.359456554281065,4.96184233749685
1.0,11.448459589529579,4.970170132828254
1.0,11.537462624778092,4.977815738841168
1.0,11.626465660026605,4.98482197620923
1.0,11.715468695275119,4.991229167684508
1.0,11.804471730523632,4.9970756880652925
1.0,11.877247774939462,5.0
1.0,11.950023819355293,5.0
1.0,12.022799863771123,5.0
1.0,12.095575908186953,5.0
1.0,12.177783247417606,5.0
1.0,12.259990586648259,5.0
1.0,12.342197925878912,5.0
1.0,12.424405265109565,5.0
1.0,12.515162176898738,5.0
1.0,12.60591908868791,5.0
1.0,12.696676000477083,5.0
1.0,12.787432912266256,5.0
1.0,12.87818982405543,5.0
1.0,12.953032474766667,5.0
1.0,13.027875125477905,5.0
1.0,13.102717776189143,5.0
1.0,13.177560426900381,5.0
1.0,13.25240307761162,5.0
1.0,13.327245728322858,5.0
1.0,13.402088379034096,5.0
1.0,13.476931029745334,5.0
1.0,13.551773680456572,5.0
1.0,13.62661633116781,5.0
1.0,13.701458981879048,5.0
1.0,13.776301632590286,5.0
1.0,13.851144283301524,5.0
1.0,13.925986934012762,5.0
1.0,14.000829584724,5.0
1.0,14.075672235435238,5.0
1.0,14.158469120133322,5.0
1.0,14.241266004831406,5.0
1.0,14.32406288952949,5.0
1.0,14.406859774227573,5.0
1.0,14.489656658925657,5.0
1.0,14.572453543623741,5.0
1.0,14.655250428321825,5.0
1.0,14.738047313019909,5.0
1.0,14.820844197717992,5.0
1.0,14.903641082416076,5.0
1.0,14.98643796711416,5.0
1.0,15.069234851812244,5.0
1.0,15.152031736510327,5.0
1.0,15.234828621208411,5.0
1.0,15.317625505906495,5.0
1.0,15.400422390604579,5.0
1.0,15.483219275302663,5.0
1.0,15.566016160000746,5.0
1.0,15.64881304469883,5.0
1.0,15.731609929396914,5.0
1.0,15.814406814094998,5.0
1.0,15.897203698793081,5.0
1.0,15.980000583491165,5.0
1.0,16.06279746818925,5.0
1.0,16.145594352887333,5.0
1.0,16.228391237585416,5.0
1.0,16.3111881222835,5.0
1.0,16.393985006981584,5.0
1.0,16.476781891679668,5.0
1.0,16.55957877637775,5.0
1.0,16.642375661075835,5.0
1.0,16.72517254577392,5.0
1.0,16.807969430472003,5.0
1.0,16.890766315170087,5.0
1.0,16.97356319986817,5.0
1.0,17.056360084566254,5.0
1.0,17.139156969264338,5.0
1.0,17.22195385396242,5.0
1.0,17.304750738660506,5.0
1.0,17.316449026617615,5.0
1.0,17.328147314574725,5.0
1.0,17.339845602531835,5.0
1.0,17.353971100665472,5.0
1.0,17.36809659879911,5.0
1.0,17.382222096932747,5.0
1.0,17.412553989407687,5.0
1.0,17.442885881882628,5.0
1.0,17.47321777435757,5.0
1.0,17.526087503970665,5.0
1.0,17.57895723358376,5.0
1.0,17.631826963196858,5.0
1.0,17.684696692809954,5.0
1.0,17.76582901551967,5.0
1.0,17.846961338229388,5.0
1.0,17.928093660939105,5.0
1.0,18.00922598364882,5.0
1.0,18.09035830635854,5.0
1.0,18.171490629068256,5.0
1.0,18.252622951777973,5.0
1.0,18.33375527448769,5.0
1.0,18.414887597197406,5.0
1.0,18.496019919907123,5.0
1.0,18.57715224261684,5.0
1.0,18.658284565326557,5.0
1.0,18.739416888036274,5.0
1.0,18.82054921074599,5.0
1.0,18.901681533455708,5.0
1.0,18.982813856165425,5.0
1.0,19.063946178875142,5.0
1.0,19.14507850158486,5.0
1.0,19.226210824294576,5.0
1.0,19.307343147004293,5.0
1.0,19.38847546971401,5.0
1.0,19.469607792423727,5.0
1.0,19.550740115133443,5.0
1.0,19.63187243784316,5.0
1.0,19.713004760552877,5.0
1.0,19.794137083262594,5.0
1.0,19.87526940597231,5.0
1.0,19.956401728682028,5.0
1.0,20.037534051391745,5.0
1.0,20.118666374101462,5.0
1.0,20.19979869681118,5.0
1.0,20.280931019520896,5.0
1.0,20.362063342230613,5.0
1.0,20.44319566494033,5.0
1.0,20.524327987650047,5.0
1.0,20.605460310359764,5.0
1.0,20.68659263306948,5.0
1.0,20.767724955779197,5.0
1.0,20.848857278488914,5.0
1.0,20.916360788602425,5.0
1.0,20.96729636587929,5.0
1.0,21.018231943156152,5.0
1.0,21.069167520433016,5.0
1.0,21.12010309770988,5.0
1.0,21.18818256884747,5.0
1.0,21.25626203998506,5.0
1.0,21.32434151112265,5.0
1.0,21.39242098226024,5.0
1.0,21.471305057742377,5.0
1.0,21.550189133224514,5.0
1.0,21.62907320870665,5.0
1.0,21.707957284188787,5.0
1.0,21.786841359670923,5.0
1.0,21.86572543515306,5.0
1.0,21.944609510635196,5.0
1.0,22.023493586117333,5.0
1.0,22.10237766159947,5.0
1.0,22.181261737081606,5.0
1.0,22.24464533675943,5.0
1.0,22.29292783521585,5.0
1.0,22.34121033367227,5.0
1.0,22.38949283212869,5.0
1.0,22.437775330585108,5.0
1.0,22.515613400478745,5.0
1.0,22.593451470372383,5.0
1.0,22.67128954026602,5.0
1.0,22.749127610159658,5.0
1.0,22.826965680053295,5.0
1.0,22.904803749946932,5.0
1.0,22.98264181984057,5.0
1.0,23.043498380123076,5.0
1.0,23.05372920849793,5.0
1.0,23.063960036872786,5.0
1.0,23.07419086524764,5.0
1.0,23.094652521997347,5.0
1.0,23.115114178747053,5.0
1.0,23.13557583549676,5.0
1.0,23.18575058297127,5.0
1.0,23.23592533044578,5.0
1.0,23.286100077920292,5.0
1.0,23.347219740286082,5.0
1.0,23.408339402651873,5.0
1.0,23.469459065017663,5.0
1.0,23.530578727383453,5.0
1.0,23.617588328979735,5.0
1.0,23.704597930576018,5.0
1.0,23.7916075321723,5.0
1.0,23.878617133768582,5.0
1.0,23.948098245349794,5.0
1.0,24.004404732810116,5.0
1.0,24.060711220270438,5.0
1.0,24.11701770773076,5.0
1.0,24.173324195191082,5.0
1.0,24.243259191980897,5.0
1.0,24.313194188770712,5.0
1.0,24.383129185560527,5.0
1.0,24.453064182350342,5.0
1.0,24.530812343429304,5.0
1.0,24.608560504508265,5.0
1.0,24.686308665587227,5.0
1.0,24.764056826666188,5.0
1.0,24.84180498774515,5.0
1.0,24.91955314882411,5.0
1.0,24.997301309903072,5.0
1.0,25.010946403307504,5.0
1.0,25.01337855058033,5.0
1.0,25.01581069785316,5.0
1.0,25.018242845125986,5.0
1.0,25.023107139671637,5.0
1.0,25.02797143421729,5.0
1.0,25.045346318218783,5.0
1.0,25.062721202220278,5.0
1.0,25.080096086221772,5.0
1.0,25.14401553768305,5.0
1.0,25.193969023689515,5.0
1.0,25.233145022416245,5.0
1.0,25.272321021142975,5.0
1.0,25.311497019869705,5.0
1.0,25.36141700871498,5.0
1.0,25.411336997560255,5.0
1.0,25.46125698640553,5.0
1.0,25.518169815978222,5.0
1.0,25.575082645550914,5.0
1.0,25.631995475123606,5.0
1.0,25.688908304696298,5.0
1.0,25.74582113426899,5.0
1.0,25.802733963841682,5.0
1.0,25.859646793414374,5.0
1.0,25.930709536465407,5.0
1.0,26.00177227951644,5.0
1.0,26.05914832940018,5.0
1.0,26.11652437928392,5.0
1.0,26.17390042916766,5.0
1.0,26.2312764790514,5.0
1.0,26.304896160504207,5.0
1.0,26.378515841957014,5.0
1.0,26.452135523409822,5.0
1.0,26.51187742357371,5.0
1.0,26.521404551637044,5.0
1.0,26.530931679700377,5.0
1.0,26.54045880776371,5.0
1.0,26.559513063890375,5.0
1.0,26.57856732001704,5.0
1.0,26.597621576143705,5.0
1.0,26.647986554661717,5.0
1.0,26.69835153317973,5.0
1.0,26.74871651169774,5.0
1.0,26.79908149021575,5.0
1.0,26.849446468733763,5.0
1.0,26.899811447251775,5.0
1.0,26.966187442848753,5.0
1.0,27.03256343844573,5.0
1.0,27.09893943404271,5.0
1.0,27.165315429639687,5.0
1.0,27.231691425236665,5.0
1.0,27.298067420833643,5.0
1.0,27.36444341643062,5.0
1.0,27.44679355286797,5.0
1.0,27.529143689305318,5.0
1.0,27.59391242152473,5.0
1.0,27.646225197073253,5.0
1.0,27.698537972621775,5.0
1.0,27.750850748170297,5.0
1.0,27.80316352371882,5.0
1.0,27.875765402082937,5.0
1.0,27.948367280447055,5.0
1.0,28.020969158811173,5.0
1.0,28.09357103717529,5.0
1.0,28.177132820653185,5.0
1.0,28.26069460413108,5.0
1.0,28.330251548472802,5.0
1.0,28.399808492814525,5.0
1.0,28.46936543715625,5.0
1.0,28.538922381497972,5.0
1.0,28.616746368740497,5.0
1.0,28.69457035598302,5.0
1.0,28.772394343225546,5.0
1.0,28.85021833046807,5.0
1.0,28.928042317710595,5.0
1.0,29.00586630495312,5.0
1.0,29.083690292195644,5.0
1.0,29.16151427943817,5.0
1.0,29.239338266680694,5.0
1.0,29.317162253923218,5.0
1.0,29.394986241165743,5.0
1.0,29.472810228408267,5.0
1.0,29.550634215650792,5.0
1.0,29.628458202893317,5.0
1.0,29.70628219013584,5.0
1.0,29.784106177378366,5.0
1.0,29.86193016462089,5.0
1.0,29.939754151863415,5.0
1.0,30.01757813910594,5.0
1.0,30.095402126348464,5.0
1.0,30.17322611359099,5.0
1.0,30.251050100833513,5.0
1.0,30.328874088076038,5.0
1.0,30.406698075318563,5.0
1.0,30.484522062561087,5.0
1.0,30.56234604980361,5.0
1.0,30.640170037046136,5.0
1.0,30.71799402428866,5.0
1.0,30.795818011531185,5.0
1.0,30.87364199877371,5.0
1.0,30.951465986016235,5.0
1.0,31.02928997325876,5.0
1.0,31.107113960501284,5.0
1.0,31.18493794774381,5.0
1.0,31.262761934986333,5.0
1.0,31.340585922228858,5.0
1.0,31.418409909471382,5.0
1.0,31.496233896713907,5.0
1.0,31.57405788395643,5.0
1.0,31.651881871198956,5.0
1.0,31.72970585844148,5.0
1.0,31.807529845684005,5.0
1.0,31.88535383292653,5.0
1.0,31.963177820169054,5.0
1.0,32.04100180741158,5.0
1.0,32.11882579465411,5.0
1.0,32.19664978189663,5.0
1.0,32.274473769139156,5.0
1.0,32.35229775638168,5.0
1.0,32.430121743624206,5.0
1.0,32.50794573086673,5.0
1.0,32.585769718109255,5.0
1.0,32.65021158740847,5.0
1.0,32.71465345670769,5.0
1.0,32.7790953260069,5.0
1.0,32.84353719530612,5.0
1.0,32.907979064605335,5.0
1.0,32.97242093390455,5.0
1.0,33.03686280320377,5.0
1.0,33.10886182778328,5.0
1.0,33.18086085236279,5.0
1.0,33.2528598769423,5.0
1.0,33.324858901521814,5.0
1.0,33.3846900789085,5.0
1.0,33.44452125629518,5.0
1.0,33.504352433681866,5.0
1.0,33.56418361106855,5.0
1.0,33.63714759031443,5.0
1.0,33.710111569560304,5.0
1.0,33.78307554880618,5.0
1.0,33.85603952805206,5.0
1.0,33.91048566199021,5.0
1.0,33.91858942751652,5.0
1.0,33.92669319304284,5.0
1.0,33.93479695856915,5.0
1.0,33.948965960695574,5.0
1.0,33.963134962822,5.0
1.0,33.97730396494842,5.0
1.0,34.04484301893218,5.0
1.0,34.09516549602214,5.0
1.0,34.13439927813269,5.0
1.0,34.17363306024324,5.0
1.0,34.21286684235379,5.0
1.0,34.26094323070555,5.0
1.0,34.30901961905731,5.0
1.0,34.35709600740907,5.0
1.0,34.41413238174223,5.0
1.0,34.471168756075386,5.0
1.0,34.528205130408544,5.0
1.0,34.5852415047417,5.0
1.0,34.64227787907486,5.0
1.0,34.69931425340802,5.0
1.0,34.75635062774118,5.0
1.0,34.83106028664298,5.0
1.0,34.90576994554478,5.0
1.0,34.980479604446586,5.0
1.0,35.05518926334839,5.0
1.0,35.12989892225019,5.0
1.0,35.204608581151994,5.0
1.0,35.26566249665995,5.0
1.0,35.326716412167904,5.0
1.0,35.38777032767586,5.0
1.0,35.448824243183815,5.0
1.0,35.50987815869177,5.0
1.0,35.570932074199725,5.0
1.0,35.63198598970768,5.0
1.0,35.70585386507292,5.0
1.0,35.779721740438156,5.0
1.0,35.85358961580339,5.0
1.0,35.92745749116863,5.0
1.0,35.98717633404974,5.0
1.0,36.04689517693085,5.0
1.0,36.106614019811964,5.0
1.0,36.166332862693075,5.0
1.0,36.23756189930128,5.0
1.0,36.30879093590948,5.0
1.0,36.38001997251768,5.0
1.0,36.45124900912588,5.0
1.0,36.46269403329013,5.0
1.0,36.46454708615591,5.0
1.0,36.466400139021694,5.0
1.0,36.46825319188748,5.0
1.0,36.471959297619044,5.0
1.0,36.47566540335061,5.0
1.0,36.49096395816833,5.0
1.0,36.50626251298605,5.0
1.0,36.5317981647188,5.0
1.0,36.55733381645155,5.0
1.0,36.582869468184306,5.0
1.0,36.64006437728417,5.0
1.0,36.69725928638403,5.0
1.0,36.754454195483895,5.0
1.0,36.82288408169653,5.0
1.0,36.89131396790916,5.0
1.0,36.9597438541218,5.0
1.0,37.02817374033443,5.0
1.0,37.117230920121386,5.0
1.0,37.20628809990834,5.0
1.0,37.2953452796953,5.0
1.0,37.38440245948225,5.0
1.0,37.47345963926921,5.0
1.0,37.562516819056164,5.0
1.0,37.65157399884312,5.0
1.0,37.740631178630075,5.0
1.0,37.82968835841703,5.0
1.0,37.918745538203986,5.0
1.0,38.00780271799094,5.0
1.0,38.07752497274472,5.0
1.0,38.1472472274985,5.0
1.0,38.216969482252274,5.0
1.0,38.28669173700605,5.0
1.0,38.36678746796124,5.0
1.0,38.446883198916424,5.0
1.0,38.50903815783384,5.0
1.0,38.57119311675126,5.0
1.0,38.63334807566868,5.0
1.0,38.695503034586096,5.0
1.0,38.769382786748075,5.0
1.0,38.843262538910054,5.0
1.0,38.91714229107203,5.0
1.0,38.99102204323401,5.0
1.0,39.06490179539599,5.0
1.0,39.13878154755797,5.0
1.0,39.21266129971995,5.0
1.0,39.286541051881926,5.0
1.0,39.360420804043905,5.0
1.0,39.43430055620588,5.0
1.0,39.50818030836786,5.0
1.0,39.58206006052984,5.0
1.0,39.65593981269182,5.0
1.0,39.71446516310789,5.0
1.0,39.77299051352396,5.0
1.0,39.83151586394003,5.0
1.0,39.890041214356096,5.0
1.0,39.948566564772165,5.0
1.0,40.007091915188234,5.0
1.0,40.0656172656043,5.0
1.0,40.12414261602037,5.0
1.0,40.18266796643644,5.0
1.0,40.24119331685251,5.0
1.0,40.307613288379805,5.0
1.0,40.3740332599071,5.0
1.0,40.4404532314344,5.0
1.0,40.50687320296169,5.0
1.0,40.57329317448899,5.0
1.0,40.639713146016284,5.0
1.0,40.70613311754358,5.0
1.0,40.772553089070875,5.0
1.0,40.83897306059817,5.0
1.0,40.90539303212547,5.0
1.0,40.97181300365276,5.0
1.0,41.03823297518006,5.0
1.0,41.104652946707354,5.0
1.0,41.17107291823465,5.0
1.0,41.237492889761945,5.0
1.0,41.30391286128924,5.0
1.0,41.37033283281654,5.0
1.0,41.43675280434383,5.0
1.0,41.50317277587113,5.0
1.0,41.569592747398424,5.0
1.0,41.63601271892572,5.0
1.0,41.702432690453016,5.0
1.0,41.76885266198031,5.0
1.0,41.83527263350761,5.0
1.0,41.9016926050349,5.0
1.0,41.9681125765622,5.0
1.0,42.034532548089494,5.0
1.0,42.10095251961679,5.0
1.0,42.1882929823592,5.0
1.0,42.27563344510161,5.0
1.0,42.36297390784402,5.0
1.0,42.43246836175407,5.0
1.0,42.501962815664115,5.0
1.0,42.57145726957416,5.0
1.0,42.64095172348421,5.0
1.0,42.72056385590457,5.0
1.0,42.80017598832494,5.0
1.0,42.8797881207453,5.0
1.0,42.95940025316567,5.0
1.0,43.039012385586034,5.0
1.0,43.1186245180064,5.0
1.0,43.198236650426765,5.0
1.0,43.27784878284713,5.0
1.0,43.289507113315906,5.0
1.0,43.30116544378468,5.0
1.0,43.31282377425346,5.0
1.0,43.324482104722236,5.0
1.0,43.34442019864053,5.0
1.0,43.36435829255882,5.0
1.0,43.38429638647711,5.0
1.0,43.438550666909165,5.0
1.0,43.49280494734122,5.0
1.0,43.547059227773275,5.0
1.0,43.604530817189925,5.0
1.0,43.662002406606575,5.0
1.0,43.719473996023225,5.0
1.0,43.776945585439876,5.0
1.0,43.86198736799247,5.0
1.0,43.94702915054506,5.0
1.0,44.03207093309766,5.0
1.0,44.11711271565025,5.0
1.0,44.202154498202844,5.0
1.0,44.28719628075544,5.0
1.0,44.37223806330803,5.0
1.0,44.457279845860626,5.0
1.0,44.46948250690004,5.0
1.0,44.48168516793946,5.0
1.0,44.49388782897888,5.0
1.0,44.506090490018295,5.0
1.0,44.523849643517075,5.0
1.0,44.541608797015854,5.0
1.0,44.559367950514634,5.0
1.0,44.612562531295524,5.0
1.0,44.66575711207641,5.0
1.0,44.7189516928573,5.0
1.0,44.78316745629631,5.0
1.0,44.84738321973532,5.0
1.0,44.91159898317433,5.0
1.0,44.97581474661334,5.0
1.0,45.06195482193732,5.0
1.0,45.13256208887922,5.0
1.0,45.20316935582112,5.0
1.0,45.273776622763016,5.0
1.0,45.344383889704915,5.0
1.0,45.42641692454156,5.0
1.0,45.50844995937821,5.0
1.0,45.59048299421486,5.0
1.0,45.67251602905151,5.0
1.0,45.73559194539211,5.0
1.0,45.786900617407134,5.0
1.0,45.83820928942216,5.0
1.0,45.889517961437186,5.0
1.0,45.94082663345221,5.0
1.0,46.01197887446341,5.0
1.0,46.08313111547461,5.0
1.0,46.154283356485806,5.0
1.0,46.225435597497004,5.0
1.0,46.2965878385082,5.0
1.0,46.3677400795194,5.0
1.0,46.4388923205306,5.0
1.0,46.51763860138818,5.0
1.0,46.59638488224576,5.0
1.0,46.67513116310334,5.0
1.0,46.75387744396092,5.0
1.0,46.8326237248185,5.0
1.0,46.911370005676076,5.0
1.0,46.990116286533656,5.0
1.0,47.068862567391236,5.0
1.0,47.147608848248815,5.0
1.0,47.226355129106395,5.0
1.0,47.305101409963974,5.0
1.0,47.383847690821554,5.0
1.0,47.462593971679134,5.0
1.0,47.54134025253671,5.0
1.0,47.62008653339429,5.0
1.0,47.68317525614957,5.0
1.0,47.735333291382666,5.0
1.0,47.787491326615765,5.0
1.0,47.83964936184886,5.0
1.0,47.89180739708196,5.0
1.0,47.95940403229633,5.0
1.0,48.02700066751069,5.0
1.0,48.094597302725056,5.0
1.0,48.14778842455257,5.0
1.0,48.15610230153441,5.0
1.0,48.16441617851625,5.0
1.0,48.172730055498086,5.0
1.0,48.184026769989224,5.0
1.0,48.19532348448036,5.0
1.0,48.2066201989715,5.0
1.0,48.24443901808741,5.0
1.0,48.282257837203325,5.0
1.0,48.32007665631924,5.0
1.0,48.380960391196986,5.0
1.0,48.441844126074734,5.0
1.0,48.50272786095248,5.0
1.0,48.56361159583023,5.0
1.0,48.64608156209746,5.0
1.0,48.72855152836468,5.0
1.0,48.81102149463191,5.0
1.0,48.893491460899135,5.0
1.0,48.97596142716636,5.0
1.0,49.05843139343359,5.0
1.0,49.14090135970081,5.0
1.0,49.20353878236546,5.0
1.0,49.25401971457343,5.0
1.0,49.3045006467814,5.0
1.0,49.35498157898937,5.0
1.0,49.405462511197335,5.0
1.0,49.48192006470651,5.0
1.0,49.55837761821568,5.0
1.0,49.63483517172485,5.0
1.0,49.711292725234024,5.0
1.0,49.7877502787432,5.0
1.0,49.86420783225237,5.0
1.0,49.94066538576154,5.0
1.0,50.00181031142822,5.0
1.0,50.01219224364158,5.0
1.0,50.022574175854935,5.0
1.0,50.03295610806829,5.0
1.0,50.053719972495,5.0
1.0,50.074483836921715,5.0
1.0,50.09524770134843,5.0
1.0,50.14515296517199,5.0
1.0,50.19505822899555,5.0
1.0,50.24496349281911,5.0
1.0,50.30572179112012,5.0
1.0,50.36648008942113,5.0
1.0,50.42723838772214,5.0
1.0,50.48799668602315,5.0
1.0,50.57517516062542,5.0
1.0,50.66235363522769,5.0
1.0,50.74953210982996,5.0
1.0,50.82191266461345,5.0
1.0,50.89429321939694,5.0
1.0,50.966673774180435,5.0
1.0,51.03905432896393,5.0
1.0,51.120355012496844,5.0
1.0,51.20165569602976,5.0
1.0,51.28295637956268,5.0
1.0,51.36425706309559,5.0
1.0,51.44555774662851,5.0
1.0,51.526858430161425,5.0
1.0,51.60815911369434,5.0
1.0,51.68945979722726,5.0
1.0,51.701160907808124,5.0
1.0,51.71286201838899,5.0
1.0,51.724563128969855,5.0
1.0,51.73626423955072,5.0
1.0,51.75498730949764,5.0
1.0,51.773710379444566,5.0
1.0,51.79243344939149,5.0
1.0,51.84870511167247,5.0
1.0,51.90497677395346,5.0
1.0,51.96124843623444,5.0
1.0,52.031731917511756,5.0
1.0,52.10221539878907,5.0
1.0,52.172698880066385,5.0
1.0,52.2431823613437,5.0
1.0,52.32934485627214,5.0
1.0,52.415507351200574,5.0
1.0,52.50166984612901,5.0
1.0,52.58783234105745,5.0
1.0,52.67399483598589,5.0
1.0,52.760157330914325,5.0
1.0,52.77228498504617,5.0
1.0,52.784412639178015,5.0
1.0,52.79654029330986,5.0
1.0,52.808667947441705,5.0
1.0,52.82494589178511,5.0
1.0,52.84122383612852,5.0
1.0,52.85750178047193,5.0
1.0,52.9123565767068,5.0
1.0,52.96721137294167,5.0
1.0,53.02206616917654,5.0
1.0,53.08167232796923,5.0
1.0,53.14127848676192,5.0
1.0,53.20088464555461,5.0
1.0,53.2604908043473,5.0
1.0,53.344459041873755,5.0
1.0,53.42842727940021,5.0
1.0,53.51239551692667,5.0
1.0,53.59636375445312,5.0
1.0,53.68033199197958,5.0
1.0,53.764300229506034,5.0
1.0,53.84826846703249,5.0
1.0,53.932236704558946,5.0
1.0,54.0162049420854,5.0
1.0,54.10017317961186,5.0
1.0,54.184141417138314,5.0
1.0,54.26810965466477,5.0
1.0,54.352077892191225,5.0
1.0,54.43604612971768,5.0
1.0,54.52001436724414,5.0
1.0,54.60398260477059,5.0
1.0,54.68795084229705,5.0
1.0,54.771919079823505,5.0
1.0,54.85588731734996,5.0
1.0,54.93985555487642,5.0
1.0,55.02382379240287,5.0
1.0,55.10779202992933,5.0
1.0,55.191760267455784,5.0
1.0,55.27572850498224,5.0
1.0,55.359696742508696,5.0
1.0,55.44366498003515,5.0
1.0,55.52763321756161,5.0
1.0,55.61160145508806,5.0
1.0,55.69556969261452,5.0
1.0,55.779537930140975,5.0
1.0,55.86350616766743,5.0
1.0,55.94747440519389,5.0
1.0,56.03144264272034,5.0
1.0,56.1154108802468,5.0
1.0,56.199379117773255,5.0
1.0,56.28334735529971,5.0
1.0,56.367315592826166,5.0
1.0,56.45128383035262,5.0
1.0,56.53525206787908,5.0
1.0,56.619220305405534,5.0
1.0,56.70318854293199,5.0
1.0,56.787156780458446,5.0
1.0,56.8711250179849,5.0
1.0,56.95509325551136,5.0
1.0,57.03906149303781,5.0
1.0,57.12302973056427,5.0
1.0,57.206997968090725,5.0
1.0,57.29096620561718,5.0
1.0,57.37493444314364,5.0
1.0,57.45890268067009,5.0
1.0,57.54287091819655,5.0
1.0,57.626839155723005,5.0
1.0,57.71080739324946,5.0
1.0,57.794775630775916,5.0
1.0,57.87874386830237,5.0
1.0,57.96271210582883,5.0
1.0,58.046680343355284,5.0
1.0,58.13064858088174,5.0
1.0,58.214616818408196,5.0
1.0,58.29858505593465,5.0
1.0,58.38255329346111,5.0
1.0,58.46652153098756,5.0
1.0,58.55048976851402,5.0
1.0,58.634458006040475,5.0
1.0,58.71842624356693,5.0
1.0,58.80239448109339,5.0
1.0,58.88636271861984,5.0
1.0,58.9703309561463,5.0
1.0,59.054299193672755,5.0
1.0,59.13826743119921,5.0
1.0,59.222235668725666,5.0
1.0,59.30620390625212,5.0
1.0,59.39017214377858,5.0
1.0,59.474140381305034,5.0
1.0,59.55810861883149,5.0
1.0,59.642076856357946,5.0
1.0,59.7260450938844,5.0
1.0,59.81001333141086,5.0
1.0,59.89398156893731,5.0
1.0,59.97794980646377,5.0
1.0,60.061918043990225,5.0
1.0,60.14588628151668,5.0
1.0,60.22985451904314,5.0
1.0,60.31382275656959,5.0
1.0,60.39779099409605,5.0
1.0,60.481759231622505,5.0
1.0,60.56572746914896,5.0
1.0,60.649695706675416,5.0
1.0,60.73366394420187,5.0
1.0,60.81763218172833,5.0
1.0,60.901600419254784,5.0
1.0,60.98556865678124,5.0
1.0,61.069536894307696,5.0
1.0,61.15350513183415,5.0
1.0,61.23747336936061,5.0
1.0,61.32144160688706,5.0
1.0,61.40540984441352,5.0
1.0,61.489378081939975,5.0
1.0,61.57334631946643,5.0
1.0,61.65731455699289,5.0
1.0,61.74128279451934,5.0
1.0,61.8252510320458,5.0
1.0,61.909219269572255,5.0
1.0,61.99318750709871,5.0
1.0,62.077155744625166,5.0
1.0,62.16112398215162,5.0
1.0,62.24509221967808,5.0
1.0,62.329060457204534,5.0
1.0,62.41302869473099,5.0
1.0,62.496996932257446,5.0
1.0,62.5809651697839,5.0
1.0,62.66493340731036,5.0
1.0,62.74890164483681,5.0
1.0,62.83286988236327,5.0
1.0,62.916838119889725,5.0
1.0,63.00080635741618,5.0
1.0,63.08477459494264,5.0
1.0,63.16874283246909,5.0
1.0,63.25271106999555,5.0
1.0,63.336679307522004,5.0
1.0,63.42064754504846,5.0
1.0,63.504615782574916,5.0
1.0,63.58858402010137,5.0
1.0,63.67255225762783,5.0
1.0,63.756520495154284,5.0
1.0,63.84048873268074,5.0
1.0,63.924456970207196,5.0
1.0,64.00842520773365,5.0
1.0,64.09239344526011,5.0
1.0,64.17636168278658,5.0
1.0,64.26032992031304,5.0
1.0,64.3442981578395,5.0
1.0,64.42826639536597,5.0
1.0,64.51223463289243,5.0
1.0,64.59620287041889,5.0
1.0,64.68017110794536,5.0
1.0,64.76413934547182,5.0
1.0,64.84810758299828,5.0
1.0,64.93207582052474,5.0
1.0,65.01604405805121,5.0
1.0,65.10001229557767,5.0
1.0,65.18398053310413,5.0
1.0,65.2679487706306,5.0
1.0,65.35191700815706,5.0
1.0,65.43588524568352,5.0
1.0,65.51985348320999,5.0
1.0,65.60382172073645,5.0
1.0,65.68778995826291,5.0
1.0,65.77175819578937,5.0
1.0,65.85572643331584,5.0
1.0,65.9396946708423,5.0
1.0,66.02366290836876,5.0
1.0,66.10763114589523,5.0
1.0,66.19159938342169,5.0
1.0,66.27556762094815,5.0
1.0,66.35953585847462,5.0
1.0,66.44350409600108,5.0
1.0,66.52747233352754,5.0
1.0,66.611440571054,5.0
1.0,66.69540880858047,5.0
1.0,66.77937704610693,5.0
1.0,66.8633452836334,5.0
1.0,66.94731352115986,5.0
1.0,67.03128175868632,5.0
1.0,67.11524999621278,5.0
1.0,67.19921823373924,5.0
1.0,67.28318647126571,5.0
1.0,67.36715470879217,5.0
1.0,67.45112294631863,5.0
1.0,67.5350911838451,5.0
1.0,67.61905942137156,5.0
1.0,67.70302765889802,5.0
1.0,67.78699589642449,5.0
1.0,67.87096413395095,5.0
1.0,67.95493237147741,5.0
1.0,68.03890060900387,5.0
1.0,68.12286884653034,5.0
1.0,68.2068370840568,5.0
1.0,68.29080532158326,5.0
1.0,68.37477355910973,5.0
1.0,68.45874179663619,5.0
1.0,68.54271003416265,5.0
1.0,68.62667827168912,5.0
1.0,68.71064650921558,5.0
1.0,68.79461474674204,5.0
1.0,68.8785829842685,5.0
1.0,68.96255122179497,5.0
1.0,69.04651945932143,5.0
1.0,69.1304876968479,5.0
1.0,69.21445593437436,5.0
1.0,69.29842417190082,5.0
1.0,69.38239240942728,5.0
1.0,69.46636064695375,5.0
1.0,69.55032888448021,5.0
1.0,69.63429712200667,5.0
1.0,69.71826535953313,5.0
1.0,69.8022335970596,5.0
1.0,69.88620183458606,5.0
1.0,69.97017007211252,5.0
1.0,70.05413830963899,5.0
1.0,70.13810654716545,5.0
1.0,70.22207478469191,5.0
1.0,70.30604302221838,5.0
1.0,70.39001125974484,5.0
1.0,70.4739794972713,5.0
1.0,70.55794773479776,5.0
1.0,70.64191597232423,5.0
1.0,70.72588420985069,5.0
1.0,70.80985244737715,5.0
1.0,70.89382068490362,5.0
1.0,70.97778892243008,5.0
1.0,71.06175715995654,5.0
1.0,71.145725397483,5.0
1.0,71.22969363500947,5.0
1.0,71.31366187253593,5.0
1.0,71.3976301100624,5.0
1.0,71.48159834758886,5.0
1.0,71.56556658511532,5.0
1.0,71.64953482264178,5.0
1.0,71.73350306016825,5.0
1.0,71.81747129769471,5.0
1.0,71.90143953522117,5.0
1.0,71.98540777274764,5.0
1.0,72.0693760102741,5.0
1.0,72.15334424780056,5.0
1.0,72.23731248532702,5.0
1.0,72.32128072285349,5.0
1.0,72.40524896037995,5.0
1.0,72.48921719790641,5.0
1.0,72.57318543543288,5.0
1.0,72.65715367295934,5.0
1.0,72.7411219104858,5.0
1.0,72.82509014801226,5.0
1.0,72.90905838553873,5.0
1.0,72.99302662306519,5.0
1.0,73.07699486059165,5.0
1.0,73.16096309811812,5.0
1.0,73.24493133564458,5.0
1.0,73.32889957317104,5.0
1.0,73.4128678106975,5.0
1.0,73.49683604822397,5.0
1.0,73.58080428575043,5.0
1.0,73.6647725232769,5.0
1.0,73.74874076080336,5.0
1.0,73.83270899832982,5.0
1.0,73.91667723585628,5.0
1.0,74.00064547338275,5.0
1.0,74.08461371090921,5.0
1.0,74.16858194843567,5.0
1.0,74.25255018596214,5.0
1.0,74.3365184234886,5.0
1.0,74.42048666101506,5.0
1.0,74.50445489854152,5.0
1.0,74.58842313606799,5.0
1.0,74.67239137359445,5.0
1.0,74.75635961112091,5.0
1.0,74.84032784864738,5.0
1.0,74.92429608617384,5.0
1.0,75.0082643237003,5.0
1.0,75.09223256122677,5.0
1.0,75.17620079875323,5.0
1.0,75.26016903627969,5.0
1.0,75.34413727380615,5.0
1.0,75.42810551133262,5.0
1.0,75.51207374885908,5.0
1.0,75.59604198638554,5.0
1.0,75.680010223912,5.0
1.0,75.76397846143847,5.0
1.0,75.84794669896493,5.0
1.0,75.9319149364914,5.0
1.0,76.01588317401786,5.0
1.0,76.09985141154432,5.0
1.0,76.18381964907078,5.0
1.0,76.26778788659725,5.0
1.0,76.35175612412371,5.0
1.0,76.43572436165017,5.0
1.0,76.51969259917664,5.0
1.0,76.6036608367031,5.0
1.0,76.68762907422956,5.0
1.0,76.77159731175603,5.0
1.0,76.85556554928249,5.0
1.0,76.93953378680895,5.0
1.0,77.02350202433541,5.0
1.0,77.10747026186188,5.0
1.0,77.19143849938834,5.0
1.0,77.2754067369148,5.0
1.0,77.35937497444127,5.0
1.0,77.44334321196773,5.0
1.0,77.52731144949419,5.0
1.0,77.61127968702066,5.0
1.0,77.69524792454712,5.0
1.0,77.77921616207358,5.0
1.0,77.86318439960004,5.0
1.0,77.9471526371265,5.0
1.0,78.03112087465297,5.0
1.0,78.11508911217943,5.0
1.0,78.1990573497059,5.0
1.0,78.28302558723236,5.0
1.0,78.36699382475882,5.0
1.0,78.45096206228529,5.0
1.0,78.53493029981175,5.0
1.0,78.61889853733821,5.0
1.0,78.70286677486467,5.0
1.0,78.78683501239114,5.0
1.0,78.8708032499176,5.0
1.0,78.95477148744406,5.0
1.0,79.03873972497053,5.0
1.0,79.12270796249699,5.0
1.0,79.20667620002345,5.0
1.0,79.29064443754991,5.0
1.0,79.37461267507638,5.0
1.0,79.45858091260284,5.0
1.0,79.5425491501293,5.0
1.0,79.62651738765577,5.0
1.0,79.71048562518223,5.0
1.0,79.79445386270869,5.0
1.0,79.87842210023516,5.0
1.0,79.96239033776162,5.0
1.0,80.04635857528808,5.0
1.0,80.13032681281454,5.0
1.0,80.21429505034101,5.0
1.0,80.29826328786747,5.0
1.0,80.38223152539393,5.0
1.0,80.4661997629204,5.0
1.0,80.55016800044686,5.0
1.0,80.63413623797332,5.0
1.0,80.71810447549979,5.0
1.0,80.80207271302625,5.0
1.0,80.88604095055271,5.0
1.0,80.97000918807917,5.0
1.0,81.05397742560564,5.0
1.0,81.1379456631321,5.0
1.0,81.22191390065856,5.0
1.0,81.30588213818503,5.0
1.0,81.38985037571149,5.0
1.0,81.47381861323795,5.0
1.0,81.55778685076442,5.0
1.0,81.64175508829088,5.0
1.0,81.72572332581734,5.0
1.0,81.8096915633438,5.0
1.0,81.89365980087027,5.0
1.0,81.97762803839673,5.0
1.0,82.0615962759232,5.0
1.0,82.14556451344966,5.0
1.0,82.22953275097612,5.0
1.0,82.31350098850258,5.0
1.0,82.39746922602905,5.0
1.0,82.48143746355551,5.0
1.0,82.56540570108197,5.0
1.0,82.64937393860843,5.0
1.0,82.7333421761349,5.0
1.0,82.81731041366136,5.0
1.0,82.90127865118782,5.0
1.0,82.98524688871429,5.0
1.0,83.06921512624075,5.0
1.0,83.15318336376721,5.0
1.0,83.23715160129368,5.0
1.0,83.32111983882014,5.0
1.0,83.4050880763466,5.0
1.0,83.48905631387306,5.0
1.0,83.57302455139953,5.0
1.0,83.65699278892599,5.0
1.0,83.74096102645245,5.0
1.0,83.82492926397892,5.0
1.0,83.90889750150538,5.0
1.0,83.99286573903184,5.0
1.0,84.0768339765583,5.0
1.0,84.16080221408477,5.0
1.0,84.24477045161123,5.0
1.0,84.3287386891377,5.0
1.0,84.41270692666416,5.0
1.0,84.49667516419062,5.0
1.0,84.58064340171708,5.0
1.0,84.66461163924355,5.0
1.0,84.74857987677001,5.0
1.0,84.83254811429647,5.0
1.0,84.91651635182293,5.0
1.0,85.0004845893494,5.0
1.0,85.08445282687586,5.0
1.0,85.16842106440232,5.0
1.0,85.25238930192879,5.0
1.0,85.33635753945525,5.0
1.0,85.42032577698171,5.0
1.0,85.50429401450818,5.0
1.0,85.58826225203464,5.0
1.0,85.6722304895611,5.0
1.0,85.75619872708756,5.0
1.0,85.84016696461403,5.0
1.0,85.92413520214049,5.0
1.0,86.00810343966695,5.0
1.0,86.09207167719342,5.0
1.0,86.17603991471988,5.0
1.0,86.26000815224634,5.0
1.0,86.3439763897728,5.0
1.0,86.42794462729927,5.0
1.0,86.51191286482573,5.0
1.0,86.5958811023522,5.0
1.0,86.67984933987866,5.0
1.0,86.76381757740512,5.0
1.0,86.84778581493158,5.0
1.0,86.93175405245805,5.0
1.0,87.01572228998451,5.0
1.0,87.09969052751097,5.0
1.0,87.18365876503744,5.0
1.0,87.2676270025639,5.0
1.0,87.35159524009036,5.0
1.0,87.43556347761682,5.0
1.0,87.51953171514329,5.0
1.0,87.60349995266975,5.0
1.0,87.68746819019621,5.0
1.0,87.77143642772268,5.0
1.0,87.85540466524914,5.0
1.0,87.9393729027756,5.0
1.0,88.02334114030207,5.0
1.0,88.10730937782853,5.0
1.0,88.19127761535499,5.0
1.0,88.27524585288145,5.0
1.0,88.35921409040792,5.0
1.0,88.44318232793438,5.0
1.0,88.52715056546084,5.0
1.0,88.6111188029873,5.0
1.0,88.69508704051377,5.0
1.0,88.77905527804023,5.0
1.0,88.8630235155667,5.0
1.0,88.94699175309316,5.0
1.0,89.03095999061962,5.0
1.0,89.11492822814608,5.0
1.0,89.19889646567255,5.0
1.0,89.28286470319901,5.0
1.0,89.36683294072547,5.0
1.0,89.45080117825194,5.0
1.0,89.5347694157784,5.0
1.0,89.61873765330486,5.0
1.0,89.70270589083133,5.0
1.0,89.78667412835779,5.0
1.0,89.87064236588425,5.0
1.0,89.95461060341071,5.0
1.0,90.03857884093718,5.0
1.0,90.12254707846364,5.0
1.0,90.2065153159901,5.0
1.0,90.29048355351657,5.0
1.0,90.37445179104303,5.0
1.0,90.45842002856949,5.0
1.0,90.54238826609595,5.0
1.0,90.62635650362242,5.0
1.0,90.71032474114888,5.0
1.0,90.79429297867534,5.0
1.0,90.8782612162018,5.0
1.0,90.96222945372827,5.0
1.0,91.04619769125473,5.0
1.0,91.1301659287812,5.0
1.0,91.21413416630766,5.0
1.0,91.29810240383412,5.0
1.0,91.38207064136058,5.0
1.0,91.46603887888705,5.0
1.0,91.55000711641351,5.0
1.0,91.63397535393997,5.0
1.0,91.71794359146644,5.0
1.0,91.8019118289929,5.0
1.0,91.88588006651936,5.0
1.0,91.96984830404583,5.0
1.0,92.05381654157229,5.0
1.0,92.13778477909875,5.0
1.0,92.22175301662521,5.0
1.0,92.30572125415168,5.0
1.0,92.38968949167814,5.0
1.0,92.4736577292046,5.0
1.0,92.55762596673107,5.0
1.0,92.64159420425753,5.0
1.0,92.72556244178399,5.0
1.0,92.80953067931046,5.0
1.0,92.89349891683692,5.0
1.0,92.97746715436338,5.0
1.0,93.06143539188984,5.0
1.0,93.14540362941631,5.0
1.0,93.22937186694277,5.0
1.0,93.31334010446923,5.0
1.0,93.3973083419957,5.0
1.0,93.48127657952216,5.0
1.0,93.56524481704862,5.0
1.0,93.64921305457509,5.0
1.0,93.73318129210155,5.0
1.0,93.81714952962801,5.0
1.0,93.90111776715447,5.0
1.0,93.98508600468094,5.0
1.0,94.0690542422074,5.0
1.0,94.15302247973386,5.0
1.0,94.23699071726033,5.0
1.0,94.32095895478679,5.0
1.0,94.40492719231325,5.0
1.0,94.48889542983972,5.0
1.0,94.57286366736618,5.0
1.0,94.65683190489264,5.0
1.0,94.7408001424191,5.0
1.0,94.82476837994557,5.0
1.0,94.90873661747203,5.0
1.0,94.9927048549985,5.0
1.0,95.07667309252496,5.0
1.0,95.16064133005142,5.0
1.0,95.24460956757788,5.0
1.0,95.32857780510435,5.0
1.0,95.41254604263081,5.0
1.0,95.49651428015727,5.0
1.0,95.58048251768373,5.0
1.0,95.6644507552102,5.0
1.0,95.74841899273666,5.0
1.0,95.83238723026312,5.0
1.0,95.91635546778959,5.0
1.0,96.00032370531605,5.0
1.0,96.08429194284251,5.0
1.0,96.16826018036897,5.0
1.0,96.25222841789544,5.0
1.0,96.3361966554219,5.0
1.0,96.42016489294836,5.0
1.0,96.50413313047483,5.0
1.0,96.58810136800129,5.0
1.0,96.67206960552775,5.0
1.0,96.75603784305422,5.0
1.0,96.84000608058068,5.0
1.0,96.92397431810714,5.0
1.0,97.0079425556336,5.0
1.0,97.09191079316007,5.0
1.0,97.17587903068653,5.0
1.0,97.259847268213,5.0
1.0,97.34381550573946,5.0
1.0,97.42778374326592,5.0
1.0,97.51175198079238,5.0
1.0,97.59572021831885,5.0
1.0,97.67968845584531,5.0
1.0,97.76365669337177,5.0
1.0,97.84762493089823,5.0
1.0,97.9315931684247,5.0
1.0,98.01556140595116,5.0
1.0,98.09952964347762,5.0
1.0,98.18349788100409,5.0
1.0,98.26746611853055,5.0
1.0,98.35143435605701,5.0
1.0,98.43540259358348,5.0
1.0,98.51937083110994,5.0
1.0,98.6033390686364,5.0
1.0,98.68730730616286,5.0
1.0,98.77127554368933,5.0
1.0,98.85524378121579,5.0
1.0,98.93921201874225,5.0
1.0,99.02318025626872,5.0
1.0,99.10714849379518,5.0
1.0,99.19111673132164,5.0
1.0,99.2750849688481,5.0
1.0,99.35905320637457,5.0
1.0,99.44302144390103,5.0
1.0,99.5269896814275,5.0
1.0,99.61095791895396,5.0
1.0,99.69492615648042,5.0
1.0,99.77889439400688,5.0
1.0,99.86286263153335,5.0
1.0,99.94683086905981,5.0
1.0,100.03079910658627,5.0
1.0,100.11476734411274,5.0
1.0,100.1987355816392,5.0
1.0,100.28270381916566,5.0
1.0,100.36667205669212,5.0
1.0,100.45064029421859,5.0
1.0,100.53460853174505,5.0
1.0,100.61857676927151,5.0
1.0,100.70254500679798,5.0
1.0,100.78651324432444,5.0
1.0,100.8704814818509,5.0
1.0,100.95444971937737,5.0
1.0,101.03841795690383,5.0
1.0,101.12238619443029,5.0
1.0,101.20635443195675,5.0
1.0,101.29032266948322,5.0
1.0,101.37429090700968,5.0
1.0,101.45825914453614,5.0
1.0,101.5422273820626,5.0
1.0,101.62619561958907,5.0
1.0,101.71016385711553,5.0
1.0,101.794132094642,5.0
1.0,101.87810033216846,5.0
1.0,101.96206856969492,5.0
1.0,102.04603680722138,5.0
1.0,102.13000504474785,5.0
1.0,102.21397328227431,5.0
1.0,102.29794151980077,5.0
1.0,102.38190975732724,5.0
1.0,102.4658779948537,5.0
1.0,102.54984623238016,5.0
1.0,102.63381446990662,5.0
1.0,102.71778270743309,5.0
1.0,102.80175094495955,5.0
1.0,102.88571918248601,5.0
1.0,102.96968742001248,5.0
1.0,103.05365565753894,5.0
1.0,103.1376238950654,5.0
1.0,103.22159213259187,5.0
1.0,103.30556037011833,5.0
1.0,103.38952860764479,5.0
1.0,103.47349684517125,5.0
1.0,103.55746508269772,5.0
1.0,103.64143332022418,5.0
1.0,103.72540155775064,5.0
1.0,103.8093697952771,5.0
1.0,103.89333803280357,5.0
1.0,103.97730627033003,5.0
1.0,104.0612745078565,5.0
1.0,104.14524274538296,5.0
1.0,104.22921098290942,5.0
1.0,104.31317922043588,5.0
1.0,104.39714745796235,5.0
1.0,104.48111569548881,5.0
1.0,104.56508393301527,5.0
1.0,104.64905217054174,5.0
1.0,104.7330204080682,5.0
1.0,104.81698864559466,5.0
1.0,104.90095688312113,5.0
1.0,104.98492512064759,5.0
1.0,105.06889335817405,5.0
1.0,105.15286159570051,5.0
1.0,105.23682983322698,5.0
1.0,105.32079807075344,5.0
1.0,105.4047663082799,5.0
1.0,105.48873454580637,5.0
1.0,105.57270278333283,5.0
1.0,105.65667102085929,5.0
1.0,105.74063925838576,5.0
1.0,105.82460749591222,5.0
1.0,105.90857573343868,5.0
1.0,105.99254397096514,5.0
1.0,106.07651220849161,5.0
1.0,106.16048044601807,5.0
1.0,106.24444868354453,5.0
1.0,106.328416921071,5.0
1.0,106.41238515859746,5.0
1.0,106.49635339612392,5.0
1.0,106.58032163365039,5.0
1.0,106.66428987117685,5.0
1.0,106.74825810870331,5.0
1.0,106.83222634622977,5.0
1.0,106.91619458375624,5.0
1.0,107.0001628212827,5.0
1.0,107.08413105880916,5.0
1.0,107.16809929633563,5.0
1.0,107.25206753386209,5.0
1.0,107.33603577138855,5.0
1.0,107.42000400891501,5.0
1.0,107.50397224644148,5.0
1.0,107.58794048396794,5.0
1.0,107.6719087214944,5.0
1.0,107.75587695902087,5.0
1.0,107.83984519654733,5.0
1.0,107.9238134340738,5.0
1.0,108.00778167160026,5.0
1.0,108.09174990912672,5.0
1.0,108.17571814665318,5.0
1.0,108.25968638417964,5.0
1.0,108.34365462170611,5.0
1.0,108.42762285923257,5.0
1.0,108.51159109675903,5.0
1.0,108.5955593342855,5.0
1.0,108.67952757181196,5.0
1.0,108.76349580933842,5.0
1.0,108.84746404686489,5.0
1.0,108.93143228439135,5.0
1.0,109.01540052191781,5.0
1.0,109.09936875944427,5.0
1.0,109.18333699697074,5.0
1.0,109.2673052344972,5.0
1.0,109.35127347202366,5.0
1.0,109.43524170955013,5.0
1.0,109.51920994707659,5.0
1.0,109.60317818460305,5.0
1.0,109.68714642212952,5.0
1.0,109.77111465965598,5.0
1.0,109.85508289718244,5.0
1.0,109.9390511347089,5.0
1.0,110.02301937223537,5.0
1.0,110.10698760976183,5.0
1.0,110.1909558472883,5.0
1.0,110.27492408481476,5.0
1.0,110.35889232234122,5.0
1.0,110.44286055986768,5.0
1.0,110.52682879739415,5.0
1.0,110.61079703492061,5.0
1.0,110.69476527244707,5.0
1.0,110.77873350997353,5.0
1.0,110.8627017475,5.0
1.0,110.94666998502646,5.0
1.0,111.03063822255292,5.0
1.0,111.11460646007939,5.0
1.0,111.19857469760585,5.0
1.0,111.28254293513231,5.0
1.0,111.36651117265878,5.0
1.0,111.45047941018524,5.0
1.0,111.5344476477117,5.0
1.0,111.61841588523816,5.0
1.0,111.70238412276463,5.0
1.0,111.78635236029109,5.0
1.0,111.87032059781755,5.0
1.0,111.95428883534402,5.0
1.0,112.03825707287048,5.0
1.0,112.12222531039694,5.0
1.0,112.2061935479234,5.0
1.0,112.29016178544987,5.0
1.0,112.37413002297633,5.0
1.0,112.4580982605028,5.0
1.0,112.54206649802926,5.0
1.0,112.62603473555572,5.0
1.0,112.71000297308218,5.0
1.0,112.79397121060865,5.0
1.0,112.87793944813511,5.0
1.0,112.96190768566157,5.0
1.0,113.04587592318804,5.0
1.0,113.1298441607145,5.0
1.0,113.21381239824096,5.0
1.0,113.29778063576742,5.0
1.0,113.38174887329389,5.0
1.0,113.46571711082035,5.0
1.0,113.54968534834681,5.0
1.0,113.63365358587328,5.0
1.0,113.71762182339974,5.0
1.0,113.8015900609262,5.0
1.0,113.88555829845266,5.0
1.0,113.96952653597913,5.0
1.0,114.05349477350559,5.0
1.0,114.13746301103205,5.0
1.0,114.22143124855852,5.0
1.0,114.30539948608498,5.0
1.0,114.38936772361144,5.0
1.0,114.4733359611379,5.0
1.0,114.55730419866437,5.0
1.0,114.64127243619083,5.0
1.0,114.7252406737173,5.0
1.0,114.80920891124376,5.0
1.0,114.89317714877022,5.0
1.0,114.97714538629668,5.0
1.0,115.06111362382315,5.0
1.0,115.14508186134961,5.0
1.0,115.22905009887607,5.0
1.0,115.31301833640254,5.0
1.0,115.396986573929,5.0
1.0,115.48095481145546,5.0
1.0,115.56492304898192,5.0
1.0,115.64889128650839,5.0
1.0,115.73285952403485,5.0
1.0,115.81682776156131,5.0
1.0,115.90079599908778,5.0
1.0,115.98476423661424,5.0
1.0,116.0687324741407,5.0
1.0,116.15270071166717,5.0
1.0,116.23666894919363,5.0
1.0,116.32063718672009,5.0
1.0,116.40460542424655,5.0
1.0,116.48857366177302,5.0
1.0,116.57254189929948,5.0
1.0,116.65651013682594,5.0
1.0,116.7404783743524,5.0
1.0,116.82444661187887,5.0
1.0,116.90841484940533,5.0
1.0,116.9923830869318,5.0
1.0,117.07635132445826,5.0
1.0,117.16031956198472,5.0
1.0,117.24428779951118,5.0
1.0,117.32825603703765,5.0
1.0,117.41222427456411,5.0
1.0,117.49619251209057,5.0
1.0,117.58016074961704,5.0
1.0,117.6641289871435,5.0
1.0,117.74809722466996,5.0
1.0,117.83206546219643,5.0
1.0,117.91603369972289,5.0
1.0,118.00000193724935,5.0
1.0,118.08397017477581,5.0
1.0,118.16793841230228,5.0
1.0,118.25190664982874,5.0
1.0,118.3358748873552,5.0
1.0,118.41984312488167,5.0
1.0,118.50381136240813,5.0
1.0,118.58777959993459,5.0
1.0,118.67174783746106,5.0
1.0,118.75571607498752,5.0
1.0,118.83968431251398,5.0
1.0,118.92365255004044,5.0
1.0,119.0076207875669,5.0
1.0,119.09158902509337,5.0
1.0,119.17555726261983,5.0
1.0,119.2595255001463,5.0
1.0,119.34349373767276,5.0
1.0,119.42746197519922,5.0
1.0,119.51143021272568,5.0
1.0,119.59539845025215,5.0
1.0,119.67936668777861,5.0
1.0,119.76333492530507,5.0
1.0,119.84730316283154,5.0
1.0,119.931271400358,5.0
1.0,120.01523963788446,5.0
1.0,120.09920787541093,5.0
1.0,120.18317611293739,5.0
1.0,120.26714435046385,5.0
1.0,120.35111258799031,5.0
1.0,120.43508082551678,5.0
1.0,120.51904906304324,5.0
1.0,120.6030173005697,5.0
1.0,120.68698553809617,5.0
1.0,120.77095377562263,5.0
1.0,120.85492201314909,5.0
1.0,120.93889025067556,5.0
1.0,121.02285848820202,5.0
1.0,121.10682672572848,5.0
1.0,121.19079496325494,5.0
1.0,121.27476320078141,5.0
1.0,121.35873143830787,5.0
1.0,121.44269967583433,5.0
1.0,121.5266679133608,5.0
1.0,121.61063615088726,5.0
1.0,121.69460438841372,5.0
1.0,121.77857262594019,5.0
1.0,121.86254086346665,5.0
1.0,121.94650910099311,5.0
1.0,122.03047733851957,5.0
1.0,122.11444557604604,5.0
1.0,122.1984138135725,5.0
1.0,122.28238205109896,5.0
1.0,122.36635028862543,5.0
1.0,122.45031852615189,5.0
1.0,122.53428676367835,5.0
1.0,122.61825500120482,5.0
1.0,122.70222323873128,5.0
1.0,122.78619147625774,5.0
1.0,122.8701597137842,5.0
1.0,122.95412795131067,5.0
1.0,123.03809618883713,5.0
1.0,123.1220644263636,5.0
1.0,123.20603266389006,5.0
1.0,123.29000090141652,5.0
1.0,123.37396913894298,5.0
1.0,123.45793737646945,5.0
1.0,123.54190561399591,5.0
1.0,123.62587385152237,5.0
1.0,123.70984208904883,5.0
1.0,123.7938103265753,5.0
1.0,123.87777856410176,5.0
1.0,123.96174680162822,5.0
1.0,124.04571503915469,5.0
1.0,124.12968327668115,5.0
1.0,124.21365151420761,5.0
1.0,124.29761975173408,5.0
1.0,124.38158798926054,5.0
1.0,124.465556226787,5.0
1.0,124.54952446431346,5.0
1.0,124.63349270183993,5.0
1.0,124.71746093936639,5.0
1.0,124.80142917689285,5.0
1.0,124.88539741441932,5.0
1.0,124.96936565194578,5.0
1.0,125.05333388947224,5.0
1.0,125.1373021269987,5.0
1.0,125.22127036452517,5.0
1.0,125.30523860205163,5.0
1.0,125.3892068395781,5.0
1.0,125.47317507710456,5.0
1.0,125.55714331463102,5.0
1.0,125.64111155215748,5.0
1.0,125.72507978968395,5.0
1.0,125.80904802721041,5.0
1.0,125.89301626473687,5.0
1.0,125.97698450226333,5.0
1.0,126.0609527397898,5.0
1.0,126.14492097731626,5.0
1.0,126.22888921484272,5.0
1.0,126.31285745236919,5.0
1.0,126.39682568989565,5.0
1.0,126.48079392742211,5.0
1.0,126.56476216494858,5.0
1.0,126.64873040247504,5.0
1.0,126.7326986400015,5.0
1.0,126.81666687752796,5.0
1.0,126.90063511505443,5.0
1.0,126.98460335258089,5.0
1.0,127.06857159010735,5.0
1.0,127.15253982763382,5.0
1.0,127.23650806516028,5.0
1.0,127.32047630268674,5.0
1.0,127.4044445402132,5.0
1.0,127.48841277773967,5.0
1.0,127.57238101526613,5.0
1.0,127.6563492527926,5.0
1.0,127.74031749031906,5.0
1.0,127.82428572784552,5.0
1.0,127.90825396537198,5.0
1.0,127.99222220289845,5.0
1.0,128.0761904404249,5.0
1.0,128.16015867795136,5.0
1.0,128.2441269154778,5.0
1.0,128.32809515300426,5.0
1.0,128.4120633905307,5.0
1.0,128.49603162805715,5.0
1.0,128.5799998655836,5.0
1.0,128.66396810311005,5.0
1.0,128.7479363406365,5.0
1.0,128.83190457816295,5.0
1.0,128.9158728156894,5.0
1.0,128.99984105321585,5.0
1.0,129.0838092907423,5.0
1.0,129.16777752826874,5.0
1.0,129.2517457657952,5.0
1.0,129.33571400332164,5.0
1.0,129.4196822408481,5.0
1.0,129.50365047837454,5.0
1.0,129.587618715901,5.0
1.0,129.67158695342744,5.0
1.0,129.75555519095388,5.0
1.0,129.83952342848033,5.0
1.0,129.92349166600678,5.0
1.0,130.00745990353323,5.0
1.0,130.09142814105968,5.0
1.0,130.17539637858613,5.0
1.0,130.25936461611258,5.0
1.0,130.34333285363903,5.0
1.0,130.42730109116548,5.0
1.0,130.51126932869192,5.0
1.0,130.59523756621837,5.0
1.0,130.67920580374482,5.0
1.0,130.76317404127127,5.0
1.0,130.84714227879772,5.0
1.0,130.93111051632417,5.0
1.0,131.01507875385062,5.0
1.0,131.09904699137707,5.0
1.0,131.1830152289035,5.0
1.0,131.26698346642996,5.0
1.0,131.3509517039564,5.0
1.0,131.43491994148286,5.0
1.0,131.5188881790093,5.0
1.0,131.60285641653576,5.0
1.0,131.6868246540622,5.0
1.0,131.77079289158866,5.0
1.0,131.8547611291151,5.0
1.0,131.93872936664155,5.0
1.0,132.022697604168,5.0
1.0,132.10666584169445,5.0
1.0,132.1906340792209,5.0
1.0,132.27460231674735,5.0
1.0,132.3585705542738,5.0
1.0,132.44253879180025,5.0
1.0,132.5265070293267,5.0
1.0,132.61047526685314,5.0
1.0,132.6944435043796,5.0
1.0,132.77841174190604,5.0
1.0,132.8623799794325,5.0
1.0,132.94634821695894,5.0
1.0,133.0303164544854,5.0
1.0,133.11428469201184,5.0
1.0,133.19825292953828,5.0
1.0,133.28222116706473,5.0
1.0,133.36618940459118,5.0
1.0,133.45015764211763,5.0
1.0,133.53412587964408,5.0
1.0,133.61809411717053,5.0
1.0,133.70206235469698,5.0
1.0,133.78603059222343,5.0
1.0,133.86999882974987,5.0
1.0,133.95396706727632,5.0
1.0,134.03793530480277,5.0
1.0,134.12190354232922,5.0
1.0,134.20587177985567,5.0
1.0,134.28984001738212,5.0
1.0,134.37380825490857,5.0
1.0,134.45777649243502,5.0
1.0,134.54174472996147,5.0
1.0,134.6257129674879,5.0
1.0,134.70968120501436,5.0
1.0,134.7936494425408,5.0
1.0,134.87761768006726,5.0
1.0,134.9615859175937,5.0
1.0,135.04555415512016,5.0
1.0,135.1295223926466,5.0
1.0,135.21349063017306,5.0
1.0,135.2974588676995,5.0
1.0,135.38142710522595,5.0
1.0,135.4653953427524,5.0
1.0,135.54936358027885,5.0
1.0,135.6333318178053,5.0
1.0,135.71730005533175,5.0
1.0,135.8012682928582,5.0
1.0,135.88523653038465,5.0
1.0,135.9692047679111,5.0
1.0,136.05317300543754,5.0
1.0,136.137141242964,5.0
1.0,136.22110948049044,5.0
1.0,136.3050777180169,5.0
1.0,136.38904595554334,5.0
1.0,136.4730141930698,5.0
1.0,136.55698243059624,5.0
1.0,136.64095066812268,5.0
1.0,136.72491890564913,5.0
1.0,136.80888714317558,5.0
1.0,136.89285538070203,5.0
1.0,136.97682361822848,5.0
1.0,137.06079185575493,5.0
1.0,137.14476009328138,5.0
1.0,137.22872833080783,5.0
1.0,137.31269656833427,5.0
1.0,137.39666480586072,5.0
1.0,137.48063304338717,5.0
1.0,137.56460128091362,5.0
1.0,137.64856951844007,5.0
1.0,137.73253775596652,5.0
1.0,137.81650599349297,5.0
1.0,137.90047423101942,5.0
1.0,137.98444246854586,5.0
1.0,138.0684107060723,5.0
1.0,138.15237894359876,5.0
1.0,138.2363471811252,5.0
1.0,138.32031541865166,5.0
1.0,138.4042836561781,5.0
1.0,138.48825189370456,5.0
1.0,138.572220131231,5.0
1.0,138.65618836875746,5.0
1.0,138.7401566062839,5.0
1.0,138.82412484381035,5.0
1.0,138.9080930813368,5.0
1.0,138.99206131886325,5.0
1.0,139.0760295563897,5.0
1.0,139.15999779391615,5.0
1.0,139.2439660314426,5.0
1.0,139.32793426896905,5.0
1.0,139.4119025064955,5.0
1.0,139.49587074402194,5.0
1.0,139.5798389815484,5.0
1.0,139.66380721907484,5.0
1.0,139.7477754566013,5.0
1.0,139.83174369412774,5.0
1.0,139.9157119316542,5.0
1.0,139.99968016918064,5.0
1.0,140.08364840670708,5.0
1.0,140.16761664423353,5.0
1.0,140.25158488175998,5.0
1.0,140.33555311928643,5.0
1.0,140.41952135681288,5.0
1.0,140.50348959433933,5.0
1.0,140.58745783186578,5.0
1.0,140.67142606939223,5.0
1.0,140.75539430691867,5.0
1.0,140.83936254444512,5.0
1.0,140.92333078197157,5.0
1.0,141.00729901949802,5.0
1.0,141.09126725702447,5.0
1.0,141.17523549455092,5.0
1.0,141.25920373207737,5.0
1.0,141.34317196960382,5.0
1.0,141.42714020713026,5.0
1.0,141.5111084446567,5.0
1.0,141.59507668218316,5.0
1.0,141.6790449197096,5.0
1.0,141.76301315723606,5.0
1.0,141.8469813947625,5.0
1.0,141.93094963228896,5.0
1.0,142.0149178698154,5.0
1.0,142.09888610734185,5.0
1.0,142.1828543448683,5.0
1.0,142.26682258239475,5.0
1.0,142.3507908199212,5.0
1.0,142.43475905744765,5.0
1.0,142.5187272949741,5.0
1.0,142.60269553250055,5.0
1.0,142.686663770027,5.0
1.0,142.77063200755344,5.0
1.0,142.8546002450799,5.0
1.0,142.93856848260634,5.0
1.0,143.0225367201328,5.0
1.0,143.10650495765924,5.0
1.0,143.1904731951857,5.0
1.0,143.27444143271214,5.0
1.0,143.3584096702386,5.0
1.0,143.44237790776504,5.0
1.0,143.52634614529148,5.0
1.0,143.61031438281793,5.0
1.0,143.69428262034438,5.0
1.0,143.77825085787083,5.0
1.0,143.86221909539728,5.0
1.0,143.94618733292373,5.0
1.0,144.03015557045018,5.0
1.0,144.11412380797663,5.0
1.0,144.19809204550307,5.0
1.0,144.28206028302952,5.0
1.0,144.36602852055597,5.0
1.0,144.44999675808242,5.0
1.0,144.53396499560887,5.0
1.0,144.61793323313532,5.0
1.0,144.70190147066177,5.0
1.0,144.78586970818822,5.0
1.0,144.86983794571466,5.0
1.0,144.9538061832411,5.0
1.0,145.03777442076756,5.0
1.0,145.121742658294,5.0
1.0,145.20571089582046,5.0
1.0,145.2896791333469,5.0
1.0,145.37364737087336,5.0
1.0,145.4576156083998,5.0
1.0,145.54158384592625,5.0
1.0,145.6255520834527,5.0
1.0,145.70952032097915,5.0
1.0,145.7934885585056,5.0
1.0,145.87745679603205,5.0
1.0,145.9614250335585,5.0
1.0,146.04539327108495,5.0
1.0,146.1293615086114,5.0
1.0,146.21332974613784,5.0
1.0,146.2972979836643,5.0
1.0,146.38126622119074,5.0
1.0,146.4652344587172,5.0
1.0,146.54920269624364,5.0
1.0,146.6331709337701,5.0
1.0,146.71713917129654,5.0
1.0,146.801107408823,5.0
1.0,146.88507564634943,5.0
1.0,146.96904388387588,5.0
1.0,147.05301212140233,5.0
1.0,147.13698035892878,5.0
1.0,147.22094859645523,5.0
1.0,147.30491683398168,5.0
1.0,147.38888507150813,5.0
1.0,147.47285330903458,5.0
1.0,147.55682154656103,5.0
1.0,147.64078978408747,5.0
1.0,147.72475802161392,5.0
1.0,147.80872625914037,5.0
1.0,147.89269449666682,5.0
1.0,147.97666273419327,5.0
1.0,148.06063097171972,5.0
1.0,148.14459920924617,5.0
1.0,148.22856744677262,5.0
1.0,148.31253568429906,5.0
1.0,148.3965039218255,5.0
1.0,148.48047215935196,5.0
1.0,148.5644403968784,5.0
1.0,148.64840863440486,5.0
1.0,148.7323768719313,5.0
1.0,148.81634510945776,5.0
1.0,148.9003133469842,5.0
1.0,148.98428158451065,5.0
1.0,149.0682498220371,5.0
1.0,149.15221805956355,5.0
1.0,149.23618629709,5.0
1.0,149.32015453461645,5.0
1.0,149.4041227721429,5.0
1.0,149.48809100966935,5.0
1.0,149.5720592471958,5.0
1.0,149.65602748472224,5.0
1.0,149.7399957222487,5.0
1.0,149.82396395977514,5.0
1.0,149.9079321973016,5.0
1.0,149.99190043482804,5.0
1.0,150.0758686723545,5.0
1.0,150.15983690988094,5.0
1.0,150.2438051474074,5.0
1.0,150.32777338493383,5.0
1.0,150.41174162246028,5.0
1.0,150.49570985998673,5.0
1.0,150.57967809751318,5.0
1.0,150.66364633503963,5.0
1.0,150.74761457256608,5.0
1.0,150.83158281009253,5.0
1.0,150.91555104761898,5.0
1.0,150.99951928514542,5.0
1.0,151.08348752267187,5.0
1.0,151.16745576019832,5.0
1.0,151.25142399772477,5.0
1.0,151.33539223525122,5.0
1.0,151.41936047277767,5.0
1.0,151.50332871030412,5.0
1.0,151.58729694783057,5.0
1.0,151.67126518535702,5.0
1.0,151.75523342288346,5.0
1.0,151.8392016604099,5.0
1.0,151.92316989793636,5.0
1.0,152.0071381354628,5.0
1.0,152.09110637298926,5.0
1.0,152.1750746105157,5.0
1.0,152.25904284804216,5.0
1.0,152.3430110855686,5.0
1.0,152.42697932309505,5.0
1.0,152.5109475606215,5.0
1.0,152.59491579814795,5.0
1.0,152.6788840356744,5.0
1.0,152.76285227320085,5.0
1.0,152.8468205107273,5.0
1.0,152.93078874825375,5.0
1.0,153.0147569857802,5.0
1.0,153.09872522330664,5.0
1.0,153.1826934608331,5.0
1.0,153.26666169835954,5.0
1.0,153.350629935886,5.0
1.0,153.43459817341244,5.0
1.0,153.5185664109389,5.0
1.0,153.60253464846534,5.0
1.0,153.68650288599179,5.0
1.0,153.77047112351823,5.0
1.0,153.85443936104468,5.0
1.0,153.93840759857113,5.0
1.0,154.02237583609758,5.0
1.0,154.10634407362403,5.0
1.0,154.19031231115048,5.0
1.0,154.27428054867693,5.0
1.0,154.35824878620338,5.0
1.0,154.44221702372982,5.0
1.0,154.52618526125627,5.0
1.0,154.61015349878272,5.0
1.0,154.69412173630917,5.0
1.0,154.77808997383562,5.0
1.0,154.86205821136207,5.0
1.0,154.94602644888852,5.0
1.0,155.02999468641497,5.0
1.0,155.11396292394141,5.0
1.0,155.19793116146786,5.0
1.0,155.2818993989943,5.0
1.0,155.36586763652076,5.0
1.0,155.4498358740472,5.0
1.0,155.53380411157366,5.0
1.0,155.6177723491001,5.0
1.0,155.70174058662656,5.0
1.0,155.785708824153,5.0
1.0,155.86967706167945,5.0
1.0,155.9536452992059,5.0
1.0,156.03761353673235,5.0
1.0,156.1215817742588,5.0
1.0,156.20555001178525,5.0
1.0,156.2895182493117,5.0
1.0,156.37348648683815,5.0
1.0,156.4574547243646,5.0
1.0,156.54142296189104,5.0
1.0,156.6253911994175,5.0
1.0,156.70935943694394,5.0
1.0,156.7933276744704,5.0
1.0,156.87729591199684,5.0
1.0,156.9612641495233,5.0
1.0,157.04523238704974,5.0
1.0,157.12920062457619,5.0
1.0,157.21316886210263,5.0
1.0,157.29713709962908,5.0
1.0,157.38110533715553,5.0
1.0,157.46507357468198,5.0
1.0,157.54904181220843,5.0
1.0,157.63301004973488,5.0
1.0,157.71697828726133,5.0
1.0,157.80094652478778,5.0
1.0,157.88491476231422,5.0
1.0,157.96888299984067,5.0
1.0,158.05285123736712,5.0
1.0,158.13681947489357,5.0
1.0,158.22078771242002,5.0
1.0,158.30475594994647,5.0
1.0,158.38872418747292,5.0
1.0,158.47269242499937,5.0
1.0,158.55666066252581,5.0
1.0,158.64062890005226,5.0
1.0,158.7245971375787,5.0
1.0,158.80856537510516,5.0
1.0,158.8925336126316,5.0
1.0,158.97650185015806,5.0
1.0,159.0604700876845,5.0
1.0,159.14443832521096,5.0
1.0,159.2284065627374,5.0
1.0,159.31237480026385,5.0
1.0,159.3963430377903,5.0
1.0,159.48031127531675,5.0
1.0,159.5642795128432,5.0
1.0,159.64824775036965,5.0
1.0,159.7322159878961,5.0
1.0,159.81618422542255,5.0
1.0,159.900152462949,5.0
1.0,159.98412070047544,5.0
1.0,160.0680889380019,5.0
1.0,160.15205717552834,5.0
1.0,160.2360254130548,5.0
1.0,160.31999365058124,5.0
1.0,160.4039618881077,5.0
1.0,160.48793012563414,5.0
1.0,160.57189836316059,5.0
1.0,160.65586660068703,5.0
1.0,160.73983483821348,5.0
1.0,160.82380307573993,5.0
1.0,160.90777131326638,5.0
1.0,160.99173955079283,5.0
1.0,161.07570778831928,5.0
1.0,161.15967602584573,5.0
1.0,161.24364426337218,5.0
1.0,161.32761250089862,5.0
1.0,161.41158073842507,5.0
1.0,161.49554897595152,5.0
1.0,161.57951721347797,5.0
1.0,161.66348545100442,5.0
1.0,161.74745368853087,5.0
1.0,161.83142192605732,5.0
1.0,161.91539016358377,5.0
1.0,161.99935840111021,5.0
1.0,162.08332663863666,5.0
1.0,162.1672948761631,5.0
1.0,162.25126311368956,5.0
1.0,162.335231351216,5.0
1.0,162.41919958874246,5.0
1.0,162.5031678262689,5.0
1.0,162.58713606379536,5.0
1.0,162.6711043013218,5.0
1.0,162.75507253884825,5.0
1.0,162.8390407763747,5.0
1.0,162.92300901390115,5.0
1.0,163.0069772514276,5.0
1.0,163.09094548895405,5.0
1.0,163.1749137264805,5.0
1.0,163.25888196400695,5.0
1.0,163.3428502015334,5.0
1.0,163.42681843905984,5.0
1.0,163.5107866765863,5.0
1.0,163.59475491411274,5.0
1.0,163.6787231516392,5.0
1.0,163.76269138916564,5.0
1.0,163.8466596266921,5.0
1.0,163.93062786421854,5.0
1.0,164.01459610174498,5.0
1.0,164.09856433927143,5.0
1.0,164.18253257679788,5.0
1.0,164.26650081432433,5.0
1.0,164.35046905185078,5.0
1.0,164.43443728937723,5.0
1.0,164.51840552690368,5.0
1.0,164.60237376443013,5.0
1.0,164.68634200195658,5.0
1.0,164.77031023948302,5.0
1.0,164.85427847700947,5.0
1.0,164.93824671453592,5.0
1.0,165.02221495206237,5.0
1.0,165.10618318958882,5.0
1.0,165.19015142711527,5.0
1.0,165.27411966464172,5.0
1.0,165.35808790216817,5.0
1.0,165.4420561396946,5.0
1.0,165.52602437722106,5.0
1.0,165.6099926147475,5.0
1.0,165.69396085227396,5.0
1.0,165.7779290898004,5.0
1.0,165.86189732732686,5.0
1.0,165.9458655648533,5.0
1.0,166.02983380237976,5.0
1.0,166.1138020399062,5.0
1.0,166.19777027743265,5.0
1.0,166.2817385149591,5.0
1.0,166.36570675248555,5.0
1.0,166.449674990012,5.0
1.0,166.53364322753845,5.0
1.0,166.6176114650649,5.0
1.0,166.70157970259135,5.0
1.0,166.7855479401178,5.0
1.0,166.86951617764424,5.0
1.0,166.9534844151707,5.0
1.0,167.03745265269714,5.0
1.0,167.1214208902236,5.0
1.0,167.20538912775004,5.0
1.0,167.2893573652765,5.0
1.0,167.37332560280294,5.0
1.0,167.45729384032938,5.0
1.0,167.54126207785583,5.0
1.0,167.62523031538228,5.0
1.0,167.70919855290873,5.0
1.0,167.79316679043518,5.0
1.0,167.87713502796163,5.0
1.0,167.96110326548808,5.0
1.0,168.04507150301453,5.0
1.0,168.12903974054097,5.0
1.0,168.21300797806742,5.0
1.0,168.29697621559387,5.0
1.0,168.38094445312032,5.0
1.0,168.46491269064677,5.0
1.0,168.54888092817322,5.0
1.0,168.63284916569967,5.0
1.0,168.71681740322612,5.0
1.0,168.80078564075257,5.0
1.0,168.884753878279,5.0
1.0,168.96872211580546,5.0
1.0,169.0526903533319,5.0
1.0,169.13665859085836,5.0
1.0,169.2206268283848,5.0
1.0,169.30459506591126,5.0
1.0,169.3885633034377,5.0
1.0,169.47253154096416,5.0
1.0,169.5564997784906,5.0
1.0,169.64046801601705,5.0
1.0,169.7244362535435,5.0
1.0,169.80840449106995,5.0
1.0,169.8923727285964,5.0
1.0,169.97634096612285,5.0
1.0,170.0603092036493,5.0
1.0,170.14427744117575,5.0
1.0,170.2282456787022,5.0
1.0,170.31221391622864,5.0
1.0,170.3961821537551,5.0
1.0,170.48015039128154,5.0
1.0,170.564118628808,5.0
1.0,170.64808686633444,5.0
1.0,170.7320551038609,5.0
1.0,170.81602334138734,5.0
1.0,170.89999157891378,5.0
1.0,170.98395981644023,5.0
1.0,171.06792805396668,5.0
1.0,171.15189629149313,5.0
1.0,171.23586452901958,5.0
1.0,171.31983276654603,5.0
1.0,171.40380100407248,5.0
1.0,171.48776924159893,5.0
1.0,171.57173747912537,5.0
1.0,171.65570571665182,5.0
1.0,171.73967395417827,5.0
1.0,171.82364219170472,5.0
1.0,171.90761042923117,5.0
1.0,171.99157866675762,5.0
1.0,172.07554690428407,5.0
1.0,172.15951514181052,5.0
1.0,172.24348337933696,5.0
1.0,172.3274516168634,5.0
1.0,172.41141985438986,5.0
1.0,172.4953880919163,5.0
1.0,172.57935632944276,5.0
1.0,172.6633245669692,5.0
1.0,172.74729280449566,5.0
1.0,172.8312610420221,5.0
1.0,172.91522927954856,5.0
1.0,172.999197517075,5.0
1.0,173.08316575460145,5.0
1.0,173.1671339921279,5.0
1.0,173.25110222965435,5.0
1.0,173.3350704671808,5.0
1.0,173.41903870470725,5.0
1.0,173.5030069422337,5.0
1.0,173.58697517976015,5.0
1.0,173.6709434172866,5.0
1.0,173.75491165481304,5.0
1.0,173.8388798923395,5.0
1.0,173.92284812986594,5.0
1.0,174.0068163673924,5.0
1.0,174.09078460491884,5.0
1.0,174.1747528424453,5.0
1.0,174.25872107997174,5.0
1.0,174.34268931749818,5.0
1.0,174.42665755502463,5.0
1.0,174.51062579255108,5.0
1.0,174.59459403007753,5.0
1.0,174.67856226760398,5.0
1.0,174.76253050513043,5.0
1.0,174.8548964323665,5.0
1.0,174.94726235960258,5.0
1.0,175.03962828683865,5.0
1.0,175.13199421407472,5.0
1.0,175.2243601413108,5.0
1.0,175.31672606854687,5.0
1.0,175.40909199578294,5.0
1.0,175.50145792301902,5.0
1.0,175.5938238502551,5.0
1.0,175.68618977749117,5.0
1.0,175.77855570472724,5.0
1.0,175.8709216319633,5.0
1.0,175.9632875591994,5.0
1.0,176.05565348643546,5.0
1.0,176.14801941367153,5.0
1.0,176.2403853409076,5.0
1.0,176.33275126814368,5.0
1.0,176.42511719537976,5.0
1.0,176.49550999340036,5.0
1.0,176.56590279142097,5.0
1.0,176.63629558944157,5.0
1.0,176.70668838746218,5.0
1.0,176.78684225332358,5.0
1.0,176.8528983128738,5.0
1.0,176.91895437242403,5.0
1.0,176.98501043197425,5.0
1.0,177.05106649152447,5.0
1.0,177.13153558255163,5.0
1.0,177.2120046735788,5.0
1.0,177.29247376460597,5.0
1.0,177.37294285563314,5.0
1.0,177.4534119466603,5.0
1.0,177.53388103768748,5.0
1.0,177.61435012871465,5.0
1.0,177.69481921974182,5.0
1.0,177.77528831076899,5.0
1.0,177.85575740179615,5.0
1.0,177.93622649282332,5.0
1.0,177.94830002156039,5.0
1.0,177.96037355029745,5.0
1.0,177.9724470790345,5.0
1.0,177.98452060777157,5.0
1.0,178.00596277288332,5.0
1.0,178.02740493799507,5.0
1.0,178.04884710310682,5.0
1.0,178.1032598375406,5.0
1.0,178.1576725719744,5.0
1.0,178.21208530640817,5.0
1.0,178.26911714051073,5.0
1.0,178.3261489746133,5.0
1.0,178.38318080871585,5.0
1.0,178.4402126428184,5.0
1.0,178.5282699884341,5.0
1.0,178.59995195364272,5.0
1.0,178.67163391885134,5.0
1.0,178.74331588405997,5.0
1.0,178.8149978492686,5.0
1.0,178.89431839957916,5.0
1.0,178.97363894988973,5.0
1.0,179.0529595002003,5.0
1.0,179.13228005051087,5.0
1.0,179.22027672180866,5.0
1.0,179.23287082808045,5.0
1.0,179.23487880005462,5.0
1.0,179.23688677202878,5.0
1.0,179.23889474400295,5.0
1.0,179.2429106879513,5.0
1.0,179.24692663189967,5.0
1.0,179.25094257584803,5.0
1.0,179.26347457732402,5.0
1.0,179.2760065788,5.0
1.0,179.29711501360336,5.0
1.0,179.3182234484067,5.0
1.0,179.33933188321006,5.0
1.0,179.39210773563983,5.0
1.0,179.4448835880696,5.0
1.0,179.49765944049935,5.0
1.0,179.5504352929291,5.0
1.0,179.60321114535887,5.0
1.0,179.65598699778863,5.0
1.0,179.72720256093152,5.0
1.0,179.7984181240744,5.0
1.0,179.8563035708134,5.0
1.0,179.9141890175524,5.0
1.0,179.97207446429138,5.0
1.0,180.02995991103037,5.0
1.0,180.09657303543693,5.0
1.0,180.1631861598435,5.0
1.0,180.22979928425005,5.0
1.0,180.2964124086566,5.0
1.0,180.37806295211027,5.0
1.0,180.45971349556393,5.0
1.0,180.52674452203698,5.0
1.0,180.53800341791126,5.0
1.0,180.54926231378553,5.0
1.0,180.5605212096598,5.0
1.0,180.58303900140837,5.0
1.0,180.60555679315692,5.0
1.0,180.62807458490548,5.0
1.0,180.6808195730341,5.0
1.0,180.73356456116275,5.0
1.0,180.7863095492914,5.0
1.0,180.83905453742003,5.0
1.0,180.9264747509772,5.0
1.0,181.0138949645344,5.0
1.0,181.10131517809157,5.0
1.0,181.18873539164875,5.0
1.0,181.27615560520593,5.0
1.0,181.3635758187631,5.0
1.0,181.4509960323203,5.0
1.0,181.53841624587747,5.0
1.0,181.65462031873545,5.0
1.0,181.74995053224748,5.0
1.0,181.8452807457595,5.0
1.0,181.94061095927154,5.0
1.0,182.03594117278357,5.0
1.0,182.0359447082841,5.0
1.0,182.03594824378462,5.0
1.0,182.03595177928514,5.0
1.0,182.03595531478567,5.0
1.0,182.0359588502862,5.0
1.0,182.03596592128724,5.0
1.0,182.0359729922883,5.0
1.0,182.03601745878288,5.0
1.0,182.03606192527747,5.0
1.0,182.03620582402158,5.0
1.0,182.0363497227657,5.0
1.0,182.03682169158586,5.0
1.0,182.03729366040602,5.0
1.0,182.03868020929303,5.0
1.0,182.04006675818005,5.0
1.0,182.04406933412614,5.0
1.0,182.04807191007222,5.0
1.0,182.05839474182332,5.0
1.0,182.06871757357442,5.0
1.0,182.0924464839327,5.0
1.0,182.11617539429096,5.0
1.0,182.13990430464924,5.0
1.0,182.1974462643086,5.0
1.0,182.25498822396798,5.0
1.0,182.31253018362736,5.0
1.0,182.37651523326383,5.0
1.0,182.4405002829003,5.0
1.0,182.50448533253677,5.0
1.0,182.56847038217325,5.0
1.0,182.65822253609736,5.0
1.0,182.74797469002146,5.0
1.0,182.83772684394557,5.0
1.0,182.92747899786968,5.0
1.0,183.0172311517938,5.0
1.0,183.1069833057179,5.0
1.0,183.196735459642,5.0
1.0,183.2705851365241,5.0
1.0,183.28210755022252,5.0
1.0,183.2840409735436,5.0
1.0,183.28597439686467,5.0
1.0,183.28790782018575,5.0
1.0,183.29177466682793,5.0
1.0,183.29564151347012,5.0
1.0,183.3139229617555,5.0
1.0,183.3322044100409,5.0
1.0,183.35787953726435,5.0
1.0,183.3835546644878,5.0
1.0,183.40922979171125,5.0
1.0,183.45490867979672,5.0
1.0,183.50058756788218,5.0
1.0,183.54626645596764,5.0
1.0,183.60887698699287,5.0
1.0,183.6714875180181,5.0
1.0,183.73409804904333,5.0
1.0,183.79670858006855,5.0
1.0,183.85931911109378,5.0
1.0,183.921929642119,5.0
1.0,183.98454017314424,5.0
1.0,184.06106336904887,5.0
1.0,184.1375865649535,5.0
1.0,184.21410976085812,5.0
1.0,184.29063295676275,5.0
1.0,184.35431098742828,5.0
1.0,184.4179890180938,5.0
1.0,184.48166704875933,5.0
1.0,184.54534507942486,5.0
1.0,184.62042599307563,5.0
1.0,184.6955069067264,5.0
1.0,184.77058782037716,5.0
1.0,184.7705986036616,5.0
1.0,184.77060938694603,5.0
1.0,184.77062017023047,5.0
1.0,184.7706309535149,5.0
1.0,184.77064173679935,5.0
1.0,184.77066330336825,5.0
1.0,184.77068486993716,5.0
1.0,184.77082871874097,5.0
1.0,184.7709725675448,5.0
1.0,184.77144689367375,5.0
1.0,184.77192121980272,5.0
1.0,184.77342544081785,5.0
1.0,184.77492966183297,5.0
1.0,184.7784610646103,5.0
1.0,184.78199246738762,5.0
1.0,184.7904138211393,5.0
1.0,184.798835174891,5.0
1.0,184.8148542022224,5.0
1.0,184.8308732295538,5.0
1.0,184.84689225688518,5.0
1.0,184.8802335645306,5.0
1.0,184.913574872176,5.0
1.0,184.94691617982141,5.0
1.0,185.0059546224545,5.0
1.0,185.0649930650876,5.0
1.0,185.1240315077207,5.0
1.0,185.1830699503538,5.0
1.0,185.27061028450444,5.0
1.0,185.3581506186551,5.0
1.0,185.44569095280573,5.0
1.0,185.53323128695638,5.0
1.0,185.62077162110702,5.0
1.0,185.70831195525767,5.0
1.0,185.7736711980065,5.0
1.0,185.82656562722082,5.0
1.0,185.87946005643514,5.0
1.0,185.93235448564946,5.0
1.0,185.98524891486377,5.0
1.0,186.05108689544508,5.0
1.0,186.1169248760264,5.0
1.0,186.1827628566077,5.0
1.0,186.248600837189,5.0
1.0,186.25843960560866,5.0
1.0,186.2682783740283,5.0
1.0,186.27811714244797,5.0
1.0,186.29104021179648,5.0
1.0,186.303963281145,5.0
1.0,186.31688635049352,5.0
1.0,186.36237624590936,5.0
1.0,186.4078661413252,5.0
1.0,186.45335603674104,5.0
1.0,186.5196767140752,5.0
1.0,186.58599739140934,5.0
1.0,186.65231806874348,5.0
1.0,186.71863874607763,5.0
1.0,186.7964301537708,5.0
1.0,186.874221561464,5.0
1.0,186.95201296915718,5.0
1.0,187.02980437685036,5.0
1.0,187.10759578454355,5.0
1.0,187.18538719223673,5.0
1.0,187.26317859992992,5.0
1.0,187.3409700076231,5.0
1.0,187.41876141531628,5.0
1.0,187.49655282300947,5.0
1.0,187.58511157670475,5.0
1.0,187.67367033040003,5.0
1.0,187.7622290840953,5.0
1.0,187.8507878377906,5.0
1.0,187.93934659148587,5.0
1.0,188.02790534518115,5.0
1.0,188.0416395062385,5.0
1.0,188.04398746627433,5.0
1.0,188.04633542631015,5.0
1.0,188.04868338634597,5.0
1.0,188.05337930641764,5.0
1.0,188.0580752264893,5.0
1.0,188.06277114656098,5.0
1.0,188.07745287691273,5.0
1.0,188.09213460726448,5.0
1.0,188.10681633761624,5.0
1.0,188.16709340225145,5.0
1.0,188.22737046688667,5.0
1.0,188.28764753152188,5.0
1.0,188.35952271941252,5.0
1.0,188.43139790730316,5.0
1.0,188.5032730951938,5.0
1.0,188.57514828308445,5.0
1.0,188.67598425594235,5.0
1.0,188.77682022880026,5.0
1.0,188.87765620165817,5.0
1.0,188.97849217451608,5.0
1.0,189.07932814737399,5.0
1.0,189.1801641202319,5.0
1.0,189.2810000930898,5.0
1.0,189.3818360659477,5.0
1.0,189.48267203880562,5.0
1.0,189.58350801166353,5.0
1.0,189.68434398452143,5.0
1.0,189.78517995737934,5.0
1.0,189.88601593023725,5.0
1.0,189.98685190309516,5.0
1.0,190.08768787595307,5.0
1.0,190.18852384881097,5.0
1.0,190.28935982166888,5.0
1.0,190.3901957945268,5.0
1.0,190.4910317673847,5.0
1.0,190.5918677402426,5.0
1.0,190.6927037131005,5.0
1.0,190.79353968595842,5.0
1.0,190.89437565881633,5.0
1.0,190.99521163167424,5.0
1.0,191.09604760453215,5.0
1.0,191.19688357739005,5.0
1.0,191.29771955024796,5.0
1.0,191.39855552310587,5.0
1.0,191.49939149596378,5.0
1.0,191.60022746882169,5.0
1.0,191.7010634416796,5.0
1.0,191.8018994145375,5.0
1.0,191.9027353873954,5.0
1.0,192.00357136025332,5.0
1.0,192.10440733311123,5.0
1.0,192.20524330596913,5.0
1.0,192.30607927882704,5.0
1.0,192.40691525168495,5.0
1.0,192.50775122454286,5.0
1.0,192.60858719740077,5.0
1.0,192.70942317025867,5.0
1.0,192.81025914311658,5.0
1.0,192.9110951159745,5.0
1.0,193.0119310888324,5.0
1.0,193.1127670616903,5.0
1.0,193.2136030345482,5.0
1.0,193.31443900740612,5.0
1.0,193.41527498026403,5.0
1.0,193.51611095312194,5.0
1.0,193.61694692597985,5.0
1.0,193.71778289883775,5.0
1.0,193.81861887169566,5.0
1.0,193.91945484455357,5.0
1.0,194.02029081741148,5.0
1.0,194.1211267902694,5.0
1.0,194.2219627631273,5.0
1.0,194.3227987359852,5.0
1.0,194.4236347088431,5.0
1.0,194.52447068170102,5.0
1.0,194.62530665455893,5.0
1.0,194.72614262741683,5.0
1.0,194.82697860027474,5.0
1.0,194.92781457313265,5.0
1.0,195.02865054599056,5.0
1.0,195.12948651884847,5.0
1.0,195.23032249170637,5.0
1.0,195.33115846456428,5.0
1.0,195.4319944374222,5.0
1.0,195.5328304102801,5.0
1.0,195.633666383138,5.0
1.0,195.73450235599591,5.0
1.0,195.83533832885382,5.0
1.0,195.93617430171173,5.0
1.0,196.03701027456964,5.0
1.0,196.13784624742755,5.0
1.0,196.23868222028545,5.0
1.0,196.33951819314336,5.0
1.0,196.44035416600127,5.0
1.0,196.54119013885918,5.0
1.0,196.6420261117171,5.0
1.0,196.742862084575,5.0
1.0,196.8200742774357,5.0
1.0,196.89728647029642,5.0
1.0,196.97449866315714,5.0
1.0,197.05171085601785,5.0
1.0,197.12892304887856,5.0
1.0,197.20613524173928,5.0
1.0,197.2833474346,5.0
1.0,197.37952988470798,5.0
1.0,197.47571233481597,5.0
1.0,197.55026610355495,5.0
1.0,197.62481987229393,5.0
1.0,197.6993736410329,5.0
1.0,197.7739274097719,5.0
1.0,197.84848117851087,5.0
1.0,197.92303494724985,5.0
1.0,197.99758871598883,5.0
1.0,198.08308736499106,5.0
1.0,198.1685860139933,5.0
1.0,198.25408466299552,5.0
1.0,198.33958331199776,5.0
1.0,198.425081961,5.0
1.0,198.51058061000222,5.0
1.0,198.59607925900445,5.0
1.0,198.6815779080067,5.0
1.0,198.76707655700892,5.0
1.0,198.85257520601115,5.0
1.0,198.93807385501339,5.0
1.0,199.02357250401562,5.0
1.0,199.10907115301785,5.0
1.0,199.17812654932837,5.0
1.0,199.23410272992723,5.0
1.0,199.2900789105261,5.0
1.0,199.34605509112495,5.0
1.0,199.4020312717238,5.0
1.0,199.4831770862087,5.0
1.0,199.5643229006936,5.0
1.0,199.6454687151785,5.0
1.0,199.7266145296634,5.0
1.0,199.73965121242833,5.0
1.0,199.75044083697085,5.0
1.0,199.76123046151338,5.0
1.0,199.7720200860559,5.0
1.0,199.7859208006141,5.0
1.0,199.79982151517228,5.0
1.0,199.81372222973047,5.0
1.0,199.83898599647097,5.0
1.0,199.86424976321146,5.0
1.0,199.88951352995196,5.0
1.0,199.94555357148369,5.0
1.0,200.00159361301542,5.0
1.0,200.05763365454715,5.0
1.0,200.12789084359935,5.0
1.0,200.19814803265155,5.0
1.0,200.26840522170374,5.0
1.0,200.33866241075594,5.0
1.0,200.42763161489228,5.0
1.0,200.5166008190286,5.0
1.0,200.60557002316494,5.0
1.0,200.69453922730128,5.0
1.0,200.7835084314376,5.0
1.0,200.87247763557394,5.0
1.0,200.94377338312574,5.0
1.0,201.00181594410168,5.0
1.0,201.0598585050776,5.0
1.0,201.11790106605355,5.0
1.0,201.17594362702948,5.0
1.0,201.26067701745396,5.0
1.0,201.34541040787843,5.0
1.0,201.4301437983029,5.0
1.0,201.51487718872738,5.0
1.0,201.60901508016417,5.0
1.0,201.70315297160096,5.0
1.0,201.79729086303774,5.0
1.0,201.89142875447453,5.0
1.0,201.98556664591132,5.0
1.0,202.0797045373481,5.0
1.0,202.1738424287849,5.0
1.0,202.26798032022168,5.0
1.0,202.36211821165847,5.0
1.0,202.45625610309526,5.0
1.0,202.55039399453204,5.0
1.0,202.64453188596883,5.0
1.0,202.73866977740562,5.0
1.0,202.8328076688424,5.0
1.0,202.9269455602792,5.0
1.0,203.02108345171598,5.0
1.0,203.11522134315277,5.0
1.0,203.18792430650015,5.0
1.0,203.26062726984753,5.0
1.0,203.3333302331949,5.0
1.0,203.4060331965423,5.0
1.0,203.4878106230231,5.0
1.0,203.56958804950392,5.0
1.0,203.65136547598473,5.0
1.0,203.73314290246554,5.0
1.0,203.81492032894636,5.0
1.0,203.89669775542717,5.0
1.0,203.95873615123958,5.0
1.0,203.96701719730214,5.0
1.0,203.9752982433647,5.0
1.0,203.98357928942727,5.0
1.0,204.00014138155237,5.0
1.0,204.01670347367747,5.0
1.0,204.04249010881483,5.0
1.0,204.0682767439522,5.0
1.0,204.09406337908956,5.0
1.0,204.17485961628927,5.0
1.0,204.23418805418407,5.0
1.0,204.29351649207888,5.0
1.0,204.35284492997368,5.0
1.0,204.4205886443858,5.0
1.0,204.4883323587979,5.0
1.0,204.5433841319321,5.0
1.0,204.5984359050663,5.0
1.0,204.65348767820052,5.0
1.0,204.71438598547417,5.0
1.0,204.7752842927478,5.0
1.0,204.83618260002146,5.0
1.0,204.84644000999592,5.0
1.0,204.85669741997037,5.0
1.0,204.86695482994483,5.0
1.0,204.88208714252303,5.0
1.0,204.89721945510124,5.0
1.0,204.91947880069864,5.0
1.0,204.94173814629605,5.0
1.0,204.96399749189345,5.0
1.0,205.0249564724266,5.0
1.0,205.06842976758392,5.0
1.0,205.10332754276735,5.0
1.0,205.13822531795077,5.0
1.0,205.16699736679698,5.0
1.0,205.19576941564318,5.0
1.0,205.2245414644894,5.0
1.0,205.26049370627248,5.0
1.0,205.29644594805558,5.0
1.0,205.32638155248694,5.0
1.0,205.3563171569183,5.0
1.0,205.38625276134965,5.0
1.0,205.416188365781,5.0
1.0,205.45315412460397,5.0
1.0,205.4796261325399,5.0
1.0,205.5060981404758,5.0
1.0,205.526031458548,5.0
1.0,205.5459647766202,5.0
1.0,205.56207984042805,5.0
1.0,205.57819490423591,5.0
1.0,205.59430996804377,5.0
1.0,205.60754793340266,5.0
1.0,205.60980673265587,5.0
1.0,205.61206553190908,5.0
1.0,205.6143243311623,5.0
1.0,205.6188419296687,5.0
1.0,205.6233595281751,5.0
1.0,205.62787712668148,5.0
1.0,205.63653373326454,5.0
1.0,205.6451903398476,5.0
1.0,205.65384694643066,5.0
1.0,205.66250355301372,5.0
1.0,205.67283770503258,5.0
1.0,205.68317185705143,5.0
1.0,205.6935060090703,5.0
1.0,205.70770325259036,5.0
1.0,205.72190049611044,5.0
1.0,205.7360977396305,5.0
1.0,205.75029498315058,5.0
1.0,205.76662937933366,5.0
1.0,205.78296377551675,5.0
1.0,205.79929817169983,5.0
1.0,205.8244677442269,5.0
1.0,205.84963731675396,5.0
1.0,205.87480688928102,5.0
1.0,205.91047479407592,5.0
1.0,205.94614269887083,5.0
1.0,205.98181060366574,5.0
1.0,206.01747850846064,5.0
1.0,206.07692074143773,5.0
1.0,206.13636297441482,5.0
1.0,206.1958052073919,5.0
1.0,206.28206797773356,5.0
1.0,206.3683307480752,5.0
1.0,206.45459351841686,5.0
1.0,206.5408562887585,5.0
1.0,206.6030507672121,5.0
1.0,206.6652452456657,5.0
1.0,206.72743972411928,5.0
1.0,206.73783827098782,5.0
1.0,206.74823681785637,5.0
1.0,206.7586353647249,5.0
1.0,206.77943245846197,5.0
1.0,206.80022955219903,5.0
1.0,206.8239424290608,5.0
1.0,206.84765530592256,5.0
1.0,206.87136818278432,5.0
1.0,206.91343555447835,5.0
1.0,206.9555029261724,5.0
1.0,206.99757029786642,5.0
1.0,207.0606188339793,5.0
1.0,207.1236673700922,5.0
1.0,207.18671590620508,5.0
1.0,207.24976444231797,5.0
1.0,207.33723791538756,5.0
1.0,207.42471138845715,5.0
1.0,207.51218486152675,5.0
1.0,207.5281809032716,5.0
1.0,207.54417694501643,5.0
1.0,207.56017298676127,5.0
1.0,207.59216507025099,5.0
1.0,207.6241571537407,5.0
1.0,207.6561492372304,5.0
1.0,207.7383914248783,5.0
1.0,207.8206336125262,5.0
1.0,207.9028758001741,5.0
1.0,207.98511798782198,5.0
1.0,208.07732436460927,5.0
1.0,208.16953074139656,5.0
1.0,208.26173711818385,5.0
1.0,208.35394349497113,5.0
1.0,208.48567773446536,5.0
1.0,208.59505695777875,5.0
1.0,208.70443618109215,5.0
1.0,208.81381540440555,5.0
1.0,208.97015822610433,5.0
1.0,209.12650104780312,5.0
1.0,209.2828438695019,5.0
1.0,209.50361243954436,5.0
1.0,209.7243810095868,5.0
1.0,209.94514957962926,5.0
1.0,210.1659181496717,5.0
1.0,210.47508962636596,5.0
1.0,210.7842611030602,5.0
1.0,211.09343257975445,5.0
1.0,211.53839681664724,5.0
1.0,211.98336105354002,5.0
1.0,212.4283252904328,5.0
1.0,212.8732895273256,5.0
1.0,213.49253300091686,5.0
1.0,214.11177647450813,5.0
1.0,214.7310199480994,5.0
1.0,215.35026342169067,5.0
1.0,215.96950689528194,5.0
1.0,217.4734095760576,5.0
1.0,218.97731225683327,5.0
1.0,220.48121493760894,5.0
1.0,221.9851176183846,5.0
1.0,225.14883140657201,5.0
1.0,228.31254519475942,5.0
1.0,231.47625898294683,5.0
1.0,263.1133968648209,5.0
1.0,294.750534746695,5.0
1.0,611.1219135654356,5.0
1.0,927.4932923841764,5.0
1.0,2500.0,5.0
