g,time,width
0.01,0.0,1.85546875
0.01,0.0008175568521812916,1.85546875
0.01,0.0010219460652266144,1.85546875
0.01,0.001073043368487945,1.85546875
0.01,0.0010756087816687098,1.85546875
0.01,0.0010781741948494745,1.85546875
0.01,0.0010807396080302393,1.85546875
0.01,0.001083305021211004,1.85546875
0.01,0.0010858704343917687,1.85546875
0.01,0.0010884358475725334,1.85546875
0.01,0.0010910012607532982,1.85546875
0.01,0.0010935666739340629,1.85546875
0.01,0.0010961320871148276,1.85546875
0.01,0.0010986975002955923,1.85546875
0.01,0.001101262913476357,1.85546875
0.01,0.0011038283266571218,1.85546875
0.01,0.0011063937398378865,1.85546875
0.01,0.0011089591530186512,1.85546875
0.01,0.001111888188266344,1.85546875
0.01,0.0011148172235140369,1.85546875
0.01,0.0011177462587617297,1.85546875
0.01,0.0011204058460461091,1.85546875
0.01,0.0011470017188899026,1.85546875
0.01,0.001173597591733696,1.85546875
0.01,0.0012001934645774895,1.85546875
0.01,0.0014661521930154253,1.85546875
0.01,0.0017321109214533611,1.85546875
0.01,0.0031204629086294096,1.85546875
0.01,0.0045088148958054575,1.85546875
0.01,0.0067650089806611646,1.85546875
0.01,0.009021203065516872,1.85546875
0.01,0.011277397150372579,1.85546875
0.01,0.015221871173053486,1.66015625
0.01,0.019166345195734395,1.66015625
0.01,0.023110819218415304,1.66015625
0.01,0.027055293241096214,1.66015625
0.01,0.03185400638709921,1.46484375
0.01,0.03665271953310221,1.46484375
0.01,0.041451432679105206,1.46484375
0.01,0.0462501458251082,1.26953125
0.01,0.0510488589711112,1.26953125
0.01,0.0558475721171142,1.07421875
0.01,0.060646285263117196,1.07421875
0.01,0.06544499840912019,0.87890625
0.01,0.07024371155512318,0.68359375
0.01,0.07504242470112618,0.29296875
0.01,0.08038897427796493,0.0
0.01,0.08573552385480368,0.0
0.01,0.09108207343164243,0.0
0.01,0.09642862300848118,0.0
0.01,0.10177517258531993,0.0
0.01,0.10712172216215868,0.0
0.01,0.11246827173899743,0.0
0.01,0.11781482131583618,0.0
0.01,0.12316137089267493,0.0
0.01,0.12927286199470597,0.0
0.01,0.13538435309673702,0.0
0.01,0.14149584419876807,0.0
0.01,0.1483094364087037,0.0
0.01,0.15398204160134868,0.0
0.01,0.15965464679399366,0.0
0.01,0.16532725198663864,0.0
0.01,0.17354634538518862,0.0
0.01,0.1817654387837386,0.0
0.01,0.18998453218228858,0.0
0.01,0.19820362558083857,0.0
0.01,0.20642271897938855,0.0
0.01,0.21464181237793853,0.0
0.01,0.22887373240090159,0.0
0.01,0.24310565242386464,0.0
0.01,0.2573375724468277,0.0
0.01,0.27918881431412973,0.0
0.01,0.30104005618143176,0.0
0.01,0.3228912980487338,0.0
0.01,0.3447425399160358,0.0
0.01,0.3698212988424013,0.0
0.01,0.39490005776876674,0.0
0.01,0.4199788166951322,0.0
0.01,0.4610225810436618,0.0
0.01,0.5020663453921913,3.80859375
0.01,0.5431101097407208,3.80859375
0.01,0.613195419486837,4.00390625
0.01,0.6832807292329532,4.00390625
0.01,0.7533660389790695,4.00390625
0.01,0.8618912726504955,4.00390625
0.01,0.9704165063219214,4.19921875
0.01,1.0789417399933474,4.19921875
0.01,1.227280074085382,4.19921875
0.01,1.3756184081774165,4.19921875
0.01,1.523956742269451,4.19921875
0.01,1.6722950763614857,4.19921875
0.01,1.8677661555963232,4.19921875
0.01,2.0632372348311607,4.19921875
0.01,2.258708314065998,4.19921875
0.01,2.4541793933008353,4.19921875
0.01,2.6496504725356727,4.19921875
0.01,2.9174109168167477,4.39453125
0.01,3.1851713610978227,4.39453125
0.01,3.4529318053788978,4.39453125
0.01,3.720692249659973,4.39453125
0.01,4.413154819105102,4.39453125
0.01,5.105617388550232,4.39453125
0.01,5.798079957995361,4.39453125
0.01,7.185842696833866,4.58984375
0.01,8.573605435672372,4.58984375
0.01,9.961368174510877,4.58984375
0.01,11.349130913349383,4.58984375
0.01,12.736893652187888,4.78515625
0.01,14.124656391026393,4.78515625
0.01,15.512419129864899,4.78515625
0.01,16.900181868703406,4.98046875
0.01,18.287944607541913,4.98046875
0.01,19.67570734638042,4.98046875
0.01,21.063470085218928,5.17578125
0.01,22.451232824057435,5.17578125
0.01,23.838995562895942,5.17578125
0.01,25.22675830173445,5.17578125
0.01,26.614521040572956,5.37109375
0.01,28.31535402455383,5.37109375
0.01,30.016187008534704,5.56640625
0.01,31.717019992515578,5.56640625
0.01,33.417852976496455,5.56640625
0.01,35.445958897605074,5.76171875
0.01,37.47406481871369,5.76171875
0.01,39.50217073982231,5.95703125
0.01,41.53027666093093,5.95703125
0.01,43.55838258203955,6.15234375
0.01,45.58648850314817,6.15234375
0.01,47.2497553153686,6.34765625
0.01,48.91302212758904,6.34765625
0.01,50.57628893980947,6.34765625
0.01,52.23955575202991,6.54296875
0.01,53.90282256425034,6.54296875
0.01,55.56608937647078,6.73828125
0.01,57.22935618869121,6.73828125
0.01,58.89262300091165,6.73828125
0.01,60.55588981313208,6.93359375
0.01,60.80029931567674,6.93359375
0.01,61.044708818221395,6.93359375
0.01,61.28911832076605,6.93359375
0.01,61.533527823310706,6.93359375
0.01,62.02234682840001,6.93359375
0.01,62.511165833489315,6.93359375
0.01,62.99998483857862,6.93359375
0.01,64.0738658450485,7.12890625
0.01,65.14774685151838,7.12890625
0.01,66.22162785798825,7.12890625
0.01,67.58414736975979,7.32421875
0.01,68.94666688153133,7.32421875
0.01,70.30918639330287,7.32421875
0.01,71.6717059050744,7.51953125
0.01,73.03422541684594,7.51953125
0.01,74.39674492861748,7.51953125
0.01,75.75926444038902,7.71484375
0.01,77.12178395216056,7.71484375
0.01,78.4843034639321,7.71484375
0.01,79.84682297570363,7.91015625
0.01,81.47355689145941,7.91015625
0.01,83.10029080721519,7.91015625
0.01,84.72702472297097,8.10546875
0.01,86.35375863872675,8.10546875
0.01,87.98049255448252,8.30078125
0.01,89.6072264702383,8.30078125
0.01,91.23396038599408,8.49609375
0.01,92.86069430174986,8.49609375
0.01,94.48742821750564,8.49609375
0.01,96.11416213326142,8.69140625
0.01,97.94426145765965,8.69140625
0.01,99.77436078205788,8.88671875
0.01,101.60446010645612,8.88671875
0.01,103.43455943085435,9.08203125
0.01,105.26465875525258,9.08203125
0.01,107.09475807965082,9.27734375
0.01,108.92485740404905,9.27734375
0.01,110.75495672844728,9.47265625
0.01,112.58505605284552,9.47265625
0.01,114.41515537724375,9.66796875
0.01,116.24525470164198,9.66796875
0.01,118.07535402604022,9.86328125
0.01,119.90545335043845,9.86328125
0.01,121.73555267483668,10.05859375
0.01,123.56565199923492,10.05859375
0.01,125.39575132363315,10.25390625
0.01,127.22585064803138,10.25390625
0.01,129.05594997242963,10.44921875
0.01,130.88604929682788,10.44921875
0.01,132.71614862122613,10.64453125
0.01,134.54624794562437,10.64453125
0.01,136.37634727002262,10.83984375
0.01,138.20644659442087,10.83984375
0.01,140.03654591881912,11.03515625
0.01,141.86664524321736,11.03515625
0.01,143.6967445676156,11.23046875
0.01,145.52684389201386,11.23046875
0.01,147.3569432164121,11.42578125
0.01,149.18704254081035,11.42578125
0.01,151.0171418652086,11.62109375
0.01,152.84724118960685,11.62109375
0.01,154.6773405140051,11.81640625
0.01,156.50743983840334,11.81640625
0.01,158.3375391628016,12.01171875
0.01,160.16763848719984,12.01171875
0.01,161.99773781159809,12.20703125
0.01,163.82783713599633,12.20703125
0.01,165.65793646039458,12.40234375
0.01,167.48803578479283,12.40234375
0.01,169.31813510919108,12.59765625
0.01,171.14823443358932,12.59765625
0.01,172.97833375798757,12.79296875
0.01,174.80843308238582,12.79296875
0.01,176.63853240678407,12.98828125
0.01,178.4686317311823,12.98828125
0.01,180.29873105558056,13.18359375
0.01,182.1288303799788,13.18359375
0.01,183.95892970437706,13.37890625
0.01,185.7890290287753,13.37890625
0.01,187.61912835317355,13.57421875
0.01,189.4492276775718,13.57421875
0.01,191.27932700197005,13.76953125
0.01,193.1094263263683,13.76953125
0.01,194.93952565076654,13.96484375
0.01,196.7696249751648,13.96484375
0.01,198.59972429956304,14.16015625
0.01,200.42982362396128,14.16015625
0.01,202.25992294835953,14.35546875
0.01,204.09002227275778,14.55078125
0.01,205.92012159715603,14.55078125
0.01,207.75022092155427,14.74609375
0.01,209.58032024595252,14.74609375
0.01,211.41041957035077,14.94140625
0.01,213.24051889474902,14.94140625
0.01,215.07061821914726,15.13671875
0.01,216.9007175435455,15.13671875
0.01,218.73081686794376,15.33203125
0.01,220.560916192342,15.33203125
0.01,222.39101551674025,15.52734375
0.01,224.2211148411385,15.52734375
0.01,226.05121416553675,15.72265625
0.01,227.881313489935,15.72265625
0.01,229.71141281433324,15.91796875
0.01,231.5415121387315,16.11328125
0.01,233.37161146312974,16.11328125
0.01,235.201710787528,16.30859375
0.01,237.03181011192623,16.30859375
0.01,238.86190943632448,16.50390625
0.01,240.69200876072273,16.50390625
0.01,242.52210808512098,16.69921875
0.01,244.35220740951922,16.69921875
0.01,246.18230673391747,16.89453125
0.01,248.01240605831572,16.89453125
0.01,249.84250538271397,17.08984375
0.01,251.6726047071122,17.28515625
0.01,253.19673913644843,17.28515625
0.01,254.72087356578464,17.28515625
0.01,256.24500799512083,17.48046875
0.01,257.769142424457,17.48046875
0.01,259.2932768537932,17.67578125
0.01,260.8174112831294,17.67578125
0.01,262.3415457124656,17.87109375
0.01,263.86568014180176,17.87109375
0.01,265.38981457113795,18.06640625
0.01,266.91394900047413,18.06640625
0.01,268.4380834298103,18.26171875
0.01,269.9622178591465,18.26171875
0.01,271.4863522884827,18.45703125
0.01,273.0104867178189,18.45703125
0.01,274.53462114715506,18.65234375
0.01,276.05875557649125,18.65234375
0.01,277.58289000582744,18.65234375
0.01,279.1070244351636,18.84765625
0.01,280.6311588644998,18.84765625
0.01,282.155293293836,19.04296875
0.01,283.6794277231722,19.04296875
0.01,285.20356215250837,19.23828125
0.01,286.72769658184455,19.23828125
0.01,288.25183101118074,19.43359375
0.01,289.7759654405169,19.43359375
0.01,291.3000998698531,19.62890625
0.01,292.8242342991893,19.62890625
0.01,294.3483687285255,19.82421875
0.01,295.8725031578617,19.82421875
0.01,297.39663758719786,20.01953125
0.01,298.92077201653404,20.01953125
0.01,300.44490644587023,20.21484375
0.01,301.9690408752064,20.21484375
0.01,303.4931753045426,20.41015625
0.01,305.0173097338788,20.41015625
0.01,306.541444163215,20.41015625
0.01,308.06557859255116,20.60546875
0.01,309.58971302188735,20.60546875
0.01,311.11384745122353,20.80078125
0.01,312.6379818805597,20.80078125
0.01,314.1621163098959,20.99609375
0.01,315.6862507392321,20.99609375
0.01,317.2103851685683,21.19140625
0.01,318.73451959790447,21.19140625
0.01,320.25865402724065,21.38671875
0.01,321.78278845657684,21.38671875
0.01,323.03386476100354,21.58203125
0.01,324.06540990341415,21.58203125
0.01,325.09695504582476,21.58203125
0.01,326.12850018823536,21.77734375
0.01,327.16004533064597,21.77734375
0.01,328.1915904730566,21.77734375
0.01,329.2231356154672,21.97265625
0.01,330.2546807578778,21.97265625
0.01,331.42648550427316,21.97265625
0.01,332.5982902506685,22.16796875
0.01,333.7700949970639,22.16796875
0.01,334.94189974345926,22.36328125
0.01,336.1137044898546,22.36328125
0.01,337.28550923625,22.36328125
0.01,338.45731398264536,22.55859375
0.01,339.6291187290407,22.55859375
0.01,340.8009234754361,22.75390625
0.01,341.97272822183146,22.75390625
0.01,343.1445329682268,22.75390625
0.01,344.3163377146222,22.94921875
0.01,345.48814246101756,22.94921875
0.01,346.6599472074129,22.94921875
0.01,347.8317519538083,23.14453125
0.01,349.00355670020366,23.14453125
0.01,350.3075597342143,23.33984375
0.01,351.6115627682249,23.33984375
0.01,352.91556580223556,23.33984375
0.01,354.2195688362462,23.53515625
0.01,355.52357187025683,23.53515625
0.01,356.82757490426746,23.73046875
0.01,358.1315779382781,23.73046875
0.01,359.43558097228873,23.92578125
0.01,360.73958400629937,23.92578125
0.01,362.04358704031,23.92578125
0.01,363.34759007432064,24.12109375
0.01,364.65159310833127,24.12109375
0.01,365.9555961423419,24.31640625
0.01,367.25959917635254,24.31640625
0.01,368.3139395782178,24.51171875
0.01,369.36827998008306,24.51171875
0.01,370.4226203819483,24.51171875
0.01,371.4769607838136,24.70703125
0.01,372.65082785747876,24.70703125
0.01,373.82469493114394,24.70703125
0.01,374.9985620048091,24.90234375
0.01,376.1724290784743,24.90234375
0.01,377.3462961521395,25.09765625
0.01,378.52016322580465,25.09765625
0.01,379.69403029946983,25.09765625
0.01,380.867897373135,25.29296875
0.01,382.0417644468002,25.29296875
0.01,383.21563152046537,25.48828125
0.01,384.5328508080353,25.48828125
0.01,385.8500700956052,25.48828125
0.01,387.1672893831751,25.68359375
0.01,388.484508670745,25.68359375
0.01,389.8017279583149,25.87890625
0.01,391.11894724588484,25.87890625
0.01,392.43616653345475,26.07421875
0.01,393.75338582102466,26.07421875
0.01,395.0706051085946,26.26953125
0.01,396.3878243961645,26.26953125
0.01,397.7050436837344,26.46484375
0.01,399.0222629713043,26.46484375
0.01,400.3394822588742,26.46484375
0.01,401.65670154644414,26.66015625
0.01,402.97392083401405,26.66015625
0.01,404.29114012158396,26.85546875
0.01,405.6083594091539,26.85546875
0.01,406.9255786967238,27.05078125
0.01,408.2427979842937,27.05078125
0.01,409.5600172718636,27.24609375
0.01,410.8772365594335,27.24609375
0.01,412.19445584700344,27.44140625
0.01,413.51167513457335,27.44140625
0.01,414.82889442214326,27.44140625
0.01,416.1461137097132,27.63671875
0.01,417.4633329972831,27.63671875
0.01,418.780552284853,27.83203125
0.01,420.0977715724229,27.83203125
0.01,421.4149908599928,28.02734375
0.01,422.73221014756274,28.02734375
0.01,424.04942943513265,28.22265625
0.01,425.36664872270256,28.22265625
0.01,426.6838680102725,28.41796875
0.01,428.0010872978424,28.41796875
0.01,429.3183065854123,28.61328125
0.01,430.6355258729822,28.61328125
0.01,431.9527451605521,28.61328125
0.01,433.26996444812204,28.80859375
0.01,434.58718373569195,28.80859375
0.01,435.90440302326186,29.00390625
0.01,437.2216223108318,29.00390625
0.01,438.5388415984017,29.19921875
0.01,439.8560608859716,29.19921875
0.01,441.1732801735415,29.39453125
0.01,442.4904994611114,29.39453125
0.01,443.80771874868134,29.58984375
0.01,445.12493803625125,29.58984375
0.01,446.44215732382116,29.78515625
0.01,447.7593766113911,29.78515625
0.01,449.076595898961,29.98046875
0.01,450.3938151865309,29.98046875
0.01,451.7110344741008,29.98046875
0.01,453.0282537616707,30.17578125
0.01,454.34547304924064,30.17578125
0.01,455.66269233681055,30.37109375
0.01,456.97991162438046,30.37109375
0.01,458.2971309119504,30.56640625
0.01,459.6143501995203,30.56640625
0.01,460.9315694870902,30.76171875
0.01,462.2487887746601,30.76171875
0.01,463.56600806223,30.95703125
0.01,464.88322734979994,30.95703125
0.01,466.20044663736985,31.15234375
0.01,467.51766592493976,31.15234375
0.01,468.8348852125097,31.34765625
0.01,470.1521045000796,31.34765625
0.01,471.4693237876495,31.54296875
0.01,472.7865430752194,31.54296875
0.01,474.1037623627893,31.73828125
0.01,475.42098165035924,31.73828125
0.01,476.73820093792915,31.93359375
0.01,478.05542022549906,31.93359375
0.01,479.372639513069,32.12890625
0.01,480.6898588006389,32.12890625
0.01,482.0070780882088,32.32421875
0.01,483.3242973757787,32.32421875
0.01,484.6415166633486,32.32421875
0.01,485.95873595091854,32.51953125
0.01,487.27595523848845,32.51953125
0.01,488.59317452605836,32.71484375
0.01,489.9103938136283,32.71484375
0.01,491.2276131011982,32.91015625
0.01,492.5448323887681,32.91015625
0.01,493.862051676338,33.10546875
0.01,495.1792709639079,33.10546875
0.01,496.49649025147784,33.30078125
0.01,497.81370953904775,33.30078125
0.01,499.13092882661766,33.49609375
0.01,500.4481481141876,33.49609375
0.01,501.7653674017575,33.69140625
0.01,503.0825866893274,33.69140625
0.01,504.3998059768973,33.88671875
0.01,505.7170252644672,33.88671875
0.01,507.03424455203714,34.08203125
0.01,508.35146383960705,34.08203125
0.01,509.66868312717696,34.27734375
0.01,510.9859024147469,34.27734375
0.01,512.3031217023168,34.47265625
0.01,513.6203409898868,34.47265625
0.01,514.9375602774568,34.66796875
0.01,516.2547795650268,34.66796875
0.01,517.5719988525967,34.86328125
0.01,518.8892181401667,34.86328125
0.01,520.2064374277367,35.05859375
0.01,521.2868372527984,35.05859375
0.01,522.3672370778601,35.25390625
0.01,523.4476369029218,35.25390625
0.01,524.5280367279835,35.44921875
0.01,525.6084365530452,35.44921875
0.01,526.6888363781069,35.44921875
0.01,527.7692362031686,35.64453125
0.01,528.9897053075262,35.64453125
0.01,530.2101744118837,35.83984375
0.01,531.4306435162413,35.83984375
0.01,532.6511126205988,36.03515625
0.01,533.8715817249564,36.03515625
0.01,535.092050829314,36.23046875
0.01,536.3125199336715,36.23046875
0.01,537.5329890380291,36.42578125
0.01,538.7534581423866,36.42578125
0.01,539.9739272467442,36.42578125
0.01,541.1943963511018,36.62109375
0.01,542.4148654554593,36.62109375
0.01,543.6353345598169,36.81640625
0.01,544.8558036641745,36.81640625
0.01,546.076272768532,37.01171875
0.01,547.2967418728896,37.01171875
0.01,548.5172109772471,37.20703125
0.01,549.7376800816047,37.20703125
0.01,550.9581491859623,37.40234375
0.01,552.1786182903198,37.40234375
0.01,553.3990873946774,37.59765625
0.01,554.619556499035,37.59765625
0.01,555.8400256033925,37.79296875
0.01,557.0604947077501,37.79296875
0.01,558.2809638121076,37.98828125
0.01,559.5014329164652,37.98828125
0.01,560.7219020208228,38.18359375
0.01,561.9423711251803,38.18359375
0.01,563.1628402295379,38.37890625
0.01,564.3833093338955,38.37890625
0.01,565.603778438253,38.57421875
0.01,566.8242475426106,38.57421875
0.01,568.0447166469681,38.57421875
0.01,569.2651857513257,38.76953125
0.01,570.4856548556833,38.76953125
0.01,571.7061239600408,38.96484375
0.01,572.9265930643984,38.96484375
0.01,574.147062168756,39.16015625
0.01,575.3675312731135,39.16015625
0.01,576.5880003774711,39.35546875
0.01,577.8084694818286,39.35546875
0.01,579.0289385861862,39.55078125
0.01,580.2494076905438,39.55078125
0.01,581.4698767949013,39.74609375
0.01,582.6903458992589,39.74609375
0.01,583.9108150036164,39.94140625
0.01,585.131284107974,39.94140625
0.01,586.3517532123316,40.13671875
0.01,587.5722223166891,40.13671875
0.01,588.7926914210467,40.33203125
0.01,590.0131605254043,40.33203125
0.01,591.2336296297618,40.52734375
0.01,592.4540987341194,40.52734375
0.01,593.674567838477,40.72265625
0.01,594.8950369428345,40.72265625
0.01,596.1155060471921,40.91796875
0.01,597.3359751515496,40.91796875
0.01,598.5564442559072,41.11328125
0.01,599.570143271584,41.11328125
0.01,600.5838422872608,41.30859375
0.01,601.5975413029377,41.30859375
0.01,602.6112403186145,41.30859375
0.01,603.6249393342913,41.50390625
0.01,604.6386383499681,41.50390625
0.01,605.6523373656449,41.69921875
0.01,606.6660363813218,41.69921875
0.01,607.6797353969986,41.89453125
0.01,608.6934344126754,41.89453125
0.01,609.7071334283522,41.89453125
0.01,610.720832444029,42.08984375
0.01,611.7345314597059,42.08984375
0.01,612.8736738313285,42.28515625
0.01,614.0128162029511,42.28515625
0.01,615.1519585745737,42.48046875
0.01,616.2911009461963,42.48046875
0.01,617.4302433178188,42.67578125
0.01,618.5693856894414,42.67578125
0.01,619.708528061064,42.87109375
0.01,620.8476704326866,42.87109375
0.01,621.9868128043092,42.87109375
0.01,623.1259551759318,43.06640625
0.01,624.2650975475544,43.06640625
0.01,625.404239919177,43.26171875
0.01,626.5433822907996,43.26171875
0.01,627.6825246624222,43.45703125
0.01,628.8216670340448,43.45703125
0.01,629.9608094056674,43.65234375
0.01,631.09995177729,43.65234375
0.01,632.2390941489126,43.84765625
0.01,633.3782365205352,43.84765625
0.01,634.5173788921578,44.04296875
0.01,635.6565212637804,44.04296875
0.01,636.795663635403,44.23828125
0.01,637.9348060070256,44.23828125
0.01,639.0739483786482,44.43359375
0.01,640.2130907502708,44.43359375
0.01,641.3522331218934,44.62890625
0.01,642.491375493516,44.62890625
0.01,643.6305178651386,44.82421875
0.01,644.7696602367612,44.82421875
0.01,645.9088026083838,45.01953125
0.01,647.0479449800064,45.01953125
0.01,648.187087351629,45.21484375
0.01,649.3262297232516,45.21484375
0.01,650.4653720948742,45.41015625
0.01,651.6045144664968,45.41015625
0.01,652.7436568381194,45.41015625
0.01,653.882799209742,45.60546875
0.01,655.0219415813646,45.60546875
0.01,656.1610839529872,45.80078125
0.01,657.3002263246098,45.80078125
0.01,658.4393686962323,45.99609375
0.01,659.578511067855,45.99609375
0.01,660.7176534394775,46.19140625
0.01,661.8567958111001,46.19140625
0.01,662.9959381827227,46.38671875
0.01,664.1350805543453,46.38671875
0.01,665.2742229259679,46.58203125
0.01,666.4133652975905,46.58203125
0.01,667.5525076692131,46.77734375
0.01,668.6916500408357,46.77734375
0.01,669.8307924124583,46.97265625
0.01,670.9699347840809,46.97265625
0.01,672.1090771557035,47.16796875
0.01,673.2482195273261,47.16796875
0.01,674.3873618989487,47.36328125
0.01,675.5265042705713,47.36328125
0.01,676.6656466421939,47.55859375
0.01,677.8047890138165,47.55859375
0.01,678.9439313854391,47.75390625
0.01,680.0830737570617,47.75390625
0.01,681.2222161286843,47.94921875
0.01,682.3613585003069,47.94921875
0.01,683.5005008719295,48.14453125
0.01,684.6396432435521,48.14453125
0.01,685.7787856151747,48.33984375
0.01,686.9179279867973,48.33984375
0.01,688.0570703584199,48.53515625
0.01,689.1962127300425,48.53515625
0.01,690.3353551016651,48.73046875
0.01,691.2788254751814,48.73046875
0.01,692.2222958486977,48.92578125
0.01,693.1657662222141,48.92578125
0.01,694.1092365957304,49.12109375
0.01,695.1471592499308,49.12109375
0.01,696.1850819041313,49.12109375
0.01,697.2230045583317,49.31640625
0.01,698.2609272125321,49.31640625
0.01,699.2988498667326,49.51171875
0.01,700.336772520933,49.51171875
0.01,701.3746951751334,49.70703125
0.01,702.4126178293338,49.70703125
0.01,703.4505404835343,49.90234375
0.01,704.4884631377347,49.90234375
0.01,705.5263857919351,50.09765625
0.01,706.5643084461356,50.09765625
0.01,707.602231100336,50.29296875
0.01,708.6401537545364,50.29296875
0.01,709.6780764087368,50.29296875
0.01,710.7159990629373,50.48828125
0.01,711.7539217171377,50.48828125
0.01,712.7918443713381,50.68359375
0.01,713.8297670255386,50.68359375
0.01,714.867689679739,50.87890625
0.01,715.9056123339394,50.87890625
0.01,716.9435349881398,51.07421875
0.01,717.9814576423403,51.07421875
0.01,719.0193802965407,51.26953125
0.01,720.0573029507411,51.26953125
0.01,721.0952256049416,51.46484375
0.01,722.133148259142,51.46484375
0.01,723.1710709133424,51.66015625
0.01,724.2089935675428,51.66015625
0.01,725.2469162217433,51.85546875
0.01,726.2848388759437,51.85546875
0.01,727.3227615301441,52.05078125
0.01,728.3606841843446,52.05078125
0.01,729.398606838545,52.05078125
0.01,730.4365294927454,52.24609375
0.01,731.4744521469459,52.24609375
0.01,732.5123748011463,52.44140625
0.01,733.5502974553467,52.44140625
0.01,734.5882201095471,52.63671875
0.01,735.6261427637476,52.63671875
0.01,736.664065417948,52.83203125
0.01,737.7019880721484,52.83203125
0.01,738.7399107263489,53.02734375
0.01,739.7778333805493,53.02734375
0.01,740.8157560347497,53.22265625
0.01,741.8536786889501,53.22265625
0.01,742.8916013431506,53.41796875
0.01,743.929523997351,53.41796875
0.01,744.9674466515514,53.61328125
0.01,746.0053693057519,53.61328125
0.01,747.0432919599523,53.80859375
0.01,748.0812146141527,53.80859375
0.01,749.1191372683531,54.00390625
0.01,750.1570599225536,54.00390625
0.01,751.194982576754,54.19921875
0.01,752.2329052309544,54.19921875
0.01,753.2708278851549,54.39453125
0.01,754.3087505393553,54.39453125
0.01,755.3466731935557,54.39453125
0.01,756.3845958477561,54.58984375
0.01,757.4225185019566,54.58984375
0.01,758.460441156157,54.78515625
0.01,759.4983638103574,54.78515625
0.01,760.5362864645579,54.98046875
0.01,761.5742091187583,54.98046875
0.01,762.6121317729587,55.17578125
0.01,763.6500544271591,55.17578125
0.01,764.6879770813596,55.37109375
0.01,765.72589973556,55.37109375
0.01,766.7638223897604,55.56640625
0.01,767.8017450439609,55.56640625
0.01,768.8396676981613,55.76171875
0.01,769.8775903523617,55.76171875
0.01,770.9155130065622,55.95703125
0.01,771.9534356607626,55.95703125
0.01,772.991358314963,56.15234375
0.01,774.0292809691634,56.15234375
0.01,775.0672036233639,56.34765625
0.01,776.1051262775643,56.34765625
0.01,777.1430489317647,56.54296875
0.01,778.1809715859652,56.54296875
0.01,779.2188942401656,56.73828125
0.01,780.256816894366,56.73828125
0.01,781.2947395485664,56.93359375
0.01,782.3326622027669,56.93359375
0.01,783.3705848569673,57.12890625
0.01,784.4085075111677,57.12890625
0.01,785.4464301653682,57.32421875
0.01,786.4843528195686,57.32421875
0.01,787.522275473769,57.51953125
0.01,788.5601981279694,57.51953125
0.01,789.5981207821699,57.71484375
0.01,790.6360434363703,57.71484375
0.01,791.6739660905707,57.91015625
0.01,792.7118887447712,57.91015625
0.01,793.7498113989716,58.10546875
0.01,794.6142790162911,58.10546875
0.01,795.4787466336106,58.30078125
0.01,796.3432142509301,58.30078125
0.01,797.2076818682497,58.30078125
0.01,798.0721494855692,58.49609375
0.01,798.9366171028887,58.49609375
0.01,799.8010847202082,58.69140625
0.01,800.6655523375277,58.69140625
0.01,801.5300199548473,58.88671875
0.01,802.241494248348,58.88671875
0.01,802.9529685418487,58.88671875
0.01,803.6644428353494,59.08203125
0.01,804.3759171288501,59.08203125
0.01,805.174042089986,59.08203125
0.01,805.9721670511218,59.27734375
0.01,806.7702920122576,59.27734375
0.01,807.5684169733935,59.27734375
0.01,808.3665419345293,59.47265625
0.01,809.1646668956652,59.47265625
0.01,809.7974868961123,59.66796875
0.01,810.4303068965595,59.66796875
0.01,811.0631268970067,59.66796875
0.01,811.6959468974538,59.86328125
0.01,812.4892394700751,59.86328125
0.01,813.2825320426963,59.86328125
0.01,814.0758246153175,60.05859375
0.01,814.8691171879387,60.05859375
0.01,815.66240976056,60.05859375
0.01,815.7791887992906,60.25390625
0.01,815.8959678380213,60.25390625
0.01,816.012746876752,60.25390625
0.01,816.2291459548801,60.25390625
0.01,816.4455450330082,60.25390625
0.01,816.7533341824305,60.25390625
0.01,817.0611233318529,60.25390625
0.01,817.3689124812752,60.25390625
0.01,817.8530186451243,60.44921875
0.01,818.3371248089734,60.44921875
0.01,818.8212309728225,60.44921875
0.01,819.5007332483601,60.44921875
0.01,820.1802355238977,60.64453125
0.01,820.8597377994354,60.64453125
0.01,821.539240074973,60.64453125
0.01,822.2187423505106,60.83984375
0.01,822.8982446260483,60.83984375
0.01,823.5777469015859,60.83984375
0.01,824.2572491771235,61.03515625
0.01,824.9367514526612,61.03515625
0.01,825.6162537281988,61.03515625
0.01,826.2957560037364,61.23046875
0.01,826.975258279274,61.23046875
0.01,827.6547605548117,61.23046875
0.01,828.4328336073831,61.42578125
0.01,829.2109066599546,61.42578125
0.01,829.9889797125261,61.62109375
0.01,830.7670527650976,61.62109375
0.01,831.545125817669,61.62109375
0.01,832.3231988702405,61.81640625
0.01,833.101271922812,61.81640625
0.01,833.8793449753834,62.01171875
0.01,834.6574180279549,62.01171875
0.01,835.4354910805264,62.01171875
0.01,836.2135641330979,62.20703125
0.01,836.9916371856693,62.20703125
0.01,837.7697102382408,62.20703125
0.01,838.756383345717,62.40234375
0.01,839.7430564531933,62.40234375
0.01,840.7297295606695,62.59765625
0.01,841.7164026681457,62.59765625
0.01,842.703075775622,62.79296875
0.01,843.6897488830982,62.79296875
0.01,844.6764219905745,62.98828125
0.01,845.4421587002563,62.98828125
0.01,846.0623140269319,63.18359375
0.01,846.6824693536074,63.18359375
0.01,847.302624680283,63.18359375
0.01,847.9227800069585,63.37890625
0.01,848.7535897389164,63.37890625
0.01,849.5843994708742,63.37890625
0.01,850.4152092028321,63.57421875
0.01,851.24601893479,63.57421875
0.01,852.0768286667478,63.76953125
0.01,852.9076383987057,63.76953125
0.01,853.7384481306635,63.96484375
0.01,854.4118870977816,63.96484375
0.01,855.0853260648996,63.96484375
0.01,855.7587650320177,64.16015625
0.01,856.4322039991357,64.16015625
0.01,857.2005904780596,64.16015625
0.01,857.9689769569834,64.35546875
0.01,858.7373634359072,64.35546875
0.01,859.5057499148311,64.35546875
0.01,860.2741363937549,64.55078125
0.01,861.0425228726788,64.55078125
0.01,861.6647956562115,64.74609375
0.01,862.2870684397442,64.74609375
0.01,862.9093412232769,64.74609375
0.01,863.5316140068096,64.94140625
0.01,864.1538867903423,64.94140625
0.01,864.776159573875,64.94140625
0.01,865.3984323574077,64.94140625
0.01,866.0207051409404,65.13671875
0.01,866.6429779244731,65.13671875
0.01,867.2652507080059,65.13671875
0.01,868.0083140753886,65.33203125
0.01,868.7513774427714,65.33203125
0.01,869.4944408101542,65.52734375
0.01,870.1128953537566,65.52734375
0.01,870.731349897359,65.52734375
0.01,871.3498044409614,65.72265625
0.01,871.9682589845638,65.72265625
0.01,872.5867135281662,65.72265625
0.01,873.2051680717686,65.91796875
0.01,873.3182107545565,65.91796875
0.01,873.4312534373444,65.91796875
0.01,873.5442961201322,65.91796875
0.01,873.7703814857081,65.91796875
0.01,873.9964668512839,65.91796875
0.01,874.2225522168598,65.91796875
0.01,874.8909414908604,65.91796875
0.01,875.5593307648611,66.11328125
0.01,876.2277200388618,66.11328125
0.01,876.8961093128624,66.11328125
0.01,877.7965380939255,66.30859375
0.01,878.6969668749886,66.30859375
0.01,879.5973956560516,66.50390625
0.01,880.4978244371147,66.50390625
0.01,881.3982532181777,66.69921875
0.01,882.2986819992408,66.69921875
0.01,883.1991107803038,66.89453125
0.01,884.0995395613669,66.89453125
0.01,884.99996834243,67.08984375
0.01,885.900397123493,67.08984375
0.01,886.8008259045561,67.28515625
0.01,887.7012546856191,67.28515625
0.01,888.6016834666822,67.28515625
0.01,889.5021122477452,67.48046875
0.01,890.4025410288083,67.48046875
0.01,891.3029698098713,67.67578125
0.01,892.2033985909344,67.67578125
0.01,893.1038273719975,67.87109375
0.01,894.0042561530605,67.87109375
0.01,894.9046849341236,68.06640625
0.01,895.8051137151866,68.06640625
0.01,896.7055424962497,68.26171875
0.01,897.6059712773127,68.26171875
0.01,898.5064000583758,68.45703125
0.01,899.4068288394388,68.45703125
0.01,900.3072576205019,68.65234375
0.01,901.207686401565,68.65234375
0.01,902.108115182628,68.84765625
0.01,903.0085439636911,68.84765625
0.01,903.9089727447541,69.04296875
0.01,904.8094015258172,69.04296875
0.01,905.7098303068802,69.04296875
0.01,906.6102590879433,69.23828125
0.01,907.5106878690063,69.23828125
0.01,908.4111166500694,69.43359375
0.01,909.3115454311325,69.43359375
0.01,910.2119742121955,69.62890625
0.01,911.1124029932586,69.62890625
0.01,912.0128317743216,69.82421875
0.01,912.9132605553847,69.82421875
0.01,913.8136893364477,70.01953125
0.01,914.7141181175108,70.01953125
0.01,915.6145468985738,70.21484375
0.01,916.5149756796369,70.21484375
0.01,917.4154044607,70.41015625
0.01,918.315833241763,70.41015625
0.01,919.2162620228261,70.60546875
0.01,920.1166908038891,70.60546875
0.01,921.0171195849522,70.80078125
0.01,921.9175483660152,70.80078125
0.01,922.8179771470783,70.99609375
0.01,923.7184059281414,70.99609375
0.01,924.6188347092044,71.19140625
0.01,925.5192634902675,71.19140625
0.01,926.4196922713305,71.19140625
0.01,927.3201210523936,71.38671875
0.01,928.2205498334566,71.38671875
0.01,929.1209786145197,71.58203125
0.01,930.0214073955827,71.58203125
0.01,930.9218361766458,71.77734375
0.01,931.8222649577089,71.77734375
0.01,932.7226937387719,71.97265625
0.01,933.623122519835,71.97265625
0.01,934.523551300898,72.16796875
0.01,935.4239800819611,72.16796875
0.01,936.3244088630241,72.36328125
0.01,937.2248376440872,72.36328125
0.01,938.1252664251502,72.55859375
0.01,939.0256952062133,72.55859375
0.01,939.9261239872764,72.75390625
0.01,940.8265527683394,72.75390625
0.01,941.7269815494025,72.94921875
0.01,942.6274103304655,72.94921875
0.01,943.5278391115286,73.14453125
0.01,944.4282678925916,73.14453125
0.01,945.3286966736547,73.33984375
0.01,946.2291254547177,73.33984375
0.01,947.1295542357808,73.53515625
0.01,948.0299830168439,73.53515625
0.01,948.9304117979069,73.73046875
0.01,949.83084057897,73.73046875
0.01,950.731269360033,73.92578125
0.01,951.6316981410961,73.92578125
0.01,952.5321269221591,74.12109375
0.01,953.4325557032222,74.12109375
0.01,954.3329844842852,74.31640625
0.01,955.2334132653483,74.31640625
0.01,956.1338420464114,74.31640625
0.01,957.0342708274744,74.51171875
0.01,957.9346996085375,74.51171875
0.01,958.8351283896005,74.70703125
0.01,959.7355571706636,74.70703125
0.01,960.6359859517266,74.90234375
0.01,961.5364147327897,74.90234375
0.01,962.4368435138528,75.09765625
0.01,963.3372722949158,75.09765625
0.01,964.2377010759789,75.29296875
0.01,965.1381298570419,75.29296875
0.01,966.038558638105,75.48828125
0.01,966.938987419168,75.48828125
0.01,967.8394162002311,75.68359375
0.01,968.7398449812941,75.68359375
0.01,969.6402737623572,75.87890625
0.01,970.5407025434203,75.87890625
0.01,971.4411313244833,76.07421875
0.01,972.3415601055464,76.07421875
0.01,973.2419888866094,76.26953125
0.01,974.1424176676725,76.26953125
0.01,975.0428464487355,76.46484375
0.01,975.9432752297986,76.46484375
0.01,976.8437040108616,76.66015625
0.01,977.7441327919247,76.66015625
0.01,978.6445615729878,76.85546875
0.01,979.5449903540508,76.85546875
0.01,980.4454191351139,77.05078125
0.01,981.3458479161769,77.05078125
0.01,982.24627669724,77.24609375
0.01,983.146705478303,77.24609375
0.01,983.7824427347939,77.44140625
0.01,983.8784675343871,77.44140625
0.01,983.9744923339804,77.44140625
0.01,984.0705171335736,77.44140625
0.01,984.2625667327602,77.44140625
0.01,984.4546163319468,77.44140625
0.01,984.6466659311334,77.44140625
0.01,984.8733441361503,77.44140625
0.01,985.1000223411672,77.44140625
0.01,985.3267005461842,77.44140625
0.01,985.3645384154939,77.44140625
0.01,985.4023762848037,77.44140625
0.01,985.4402141541135,77.44140625
0.01,985.5158898927331,77.63671875
0.01,985.5915656313526,77.63671875
0.01,985.6672413699722,77.63671875
0.01,985.8173110220364,77.63671875
0.01,985.9673806741006,77.63671875
0.01,986.1174503261648,77.63671875
0.01,986.267519978229,77.63671875
0.01,986.4785903851399,77.63671875
0.01,986.6896607920509,77.63671875
0.01,986.9007311989618,77.63671875
0.01,987.1118016058728,77.63671875
0.01,987.4229954632734,77.83203125
0.01,987.7341893206741,77.83203125
0.01,988.0453831780748,77.83203125
0.01,988.3565770354754,77.83203125
0.01,988.8547065383751,77.83203125
0.01,989.3528360412748,78.02734375
0.01,989.8509655441745,78.02734375
0.01,990.3490950470742,78.02734375
0.01,991.009562927938,78.22265625
0.01,991.6700308088017,78.22265625
0.01,992.3304986896654,78.22265625
0.01,992.9909665705292,78.41796875
0.01,993.734038292566,78.41796875
0.01,994.4771100146028,78.41796875
0.01,995.2201817366396,78.61328125
0.01,995.9632534586764,78.61328125
0.01,996.8191890229716,78.80859375
0.01,997.6751245872669,78.80859375
0.01,998.5310601515621,79.00390625
0.01,999.3869957158573,79.00390625
0.01,1000.2429312801526,79.19921875
0.01,1001.0988668444478,79.19921875
0.01,1001.954802408743,79.39453125
0.01,1002.8107379730383,79.39453125
0.01,1003.6666735373335,79.58984375
0.01,1004.5226091016287,79.58984375
0.01,1005.378544665924,79.58984375
0.01,1006.2344802302192,79.78515625
0.01,1007.0904157945145,79.78515625
0.01,1007.9463513588097,79.98046875
0.01,1008.8022869231049,79.98046875
0.01,1009.6582224874002,80.17578125
0.01,1010.5141580516954,80.17578125
0.01,1011.3700936159906,80.37109375
0.01,1012.2260291802859,80.37109375
0.01,1013.0819647445811,80.56640625
0.01,1013.9379003088764,80.56640625
0.01,1014.7938358731716,80.56640625
0.01,1015.6497714374668,80.76171875
0.01,1016.5057070017621,80.76171875
0.01,1017.3616425660573,80.95703125
0.01,1018.2175781303525,80.95703125
0.01,1019.0735136946478,80.95703125
0.01,1019.929449258943,81.15234375
0.01,1020.7853848232382,81.15234375
0.01,1021.6413203875335,81.34765625
0.01,1022.4972559518287,81.34765625
0.01,1023.353191516124,81.54296875
0.01,1024.2091270804192,81.54296875
0.01,1025.0650626447143,81.54296875
0.01,1026.0263286407312,81.73828125
0.01,1026.8171755024857,81.73828125
0.01,1027.6080223642402,81.73828125
0.01,1028.3988692259948,81.93359375
0.01,1029.1897160877493,81.93359375
0.01,1030.0028331708445,81.93359375
0.01,1030.8159502539397,82.12890625
0.01,1031.629067337035,82.12890625
0.01,1032.4421844201302,82.12890625
0.01,1033.3938450346195,82.32421875
0.01,1034.3455056491089,82.32421875
0.01,1035.2971662635982,82.51953125
0.01,1036.2488268780876,82.51953125
0.01,1037.3235441238191,82.51953125
0.01,1038.3982613695507,82.71484375
0.01,1039.4729786152823,82.71484375
0.01,1040.5476958610138,82.91015625
0.01,1041.6224131067454,82.91015625
0.01,1042.697130352477,83.10546875
0.01,1042.8577603665508,83.10546875
0.01,1043.0183903806246,83.10546875
0.01,1043.1790203946985,83.10546875
0.01,1043.3832103265572,83.10546875
0.01,1043.587400258416,83.10546875
0.01,1043.7915901902747,83.10546875
0.01,1044.2415477292413,83.10546875
0.01,1044.691505268208,83.10546875
0.01,1045.1414628071745,83.30078125
0.01,1045.939305480959,83.30078125
0.01,1046.7371481547436,83.30078125
0.01,1047.5349908285282,83.30078125
0.01,1048.3328335023127,83.49609375
0.01,1049.5532343873044,83.49609375
0.01,1050.7736352722961,83.69140625
0.01,1051.9940361572878,83.69140625
0.01,1053.2144370422795,83.69140625
0.01,1054.4348379272712,83.88671875
0.01,1055.655238812263,83.88671875
0.01,1056.8756396972547,84.08203125
0.01,1058.0960405822464,84.08203125
0.01,1059.316441467238,84.27734375
0.01,1060.5368423522298,84.27734375
0.01,1061.7572432372215,84.27734375
0.01,1061.9363282654715,84.27734375
0.01,1062.1154132937215,84.27734375
0.01,1062.2944983219716,84.47265625
0.01,1062.4735833502216,84.47265625
0.01,1062.8317534067216,84.47265625
0.01,1063.1899234632217,84.47265625
0.01,1063.5480935197218,84.47265625
0.01,1064.381133119214,84.47265625
0.01,1065.214172718706,84.66796875
0.01,1066.0472123181983,84.66796875
0.01,1067.1208310600375,84.66796875
0.01,1068.1944498018768,84.66796875
0.01,1069.268068543716,84.86328125
0.01,1070.3416872855553,84.86328125
0.01,1071.4153060273945,85.05859375
0.01,1072.4889247692338,85.05859375
0.01,1073.562543511073,85.05859375
0.01,1074.8449378355112,85.25390625
0.01,1076.1273321599494,85.25390625
0.01,1077.4097264843876,85.25390625
0.01,1078.6921208088258,85.44921875
0.01,1079.7606523426903,85.44921875
0.01,1080.6427312943208,85.44921875
0.01,1081.5248102459514,85.64453125
0.01,1082.406889197582,85.64453125
0.01,1083.2889681492125,85.64453125
0.01,1084.4681670168432,85.83984375
0.01,1085.6473658844739,85.83984375
0.01,1086.8265647521046,85.83984375
0.01,1088.0057636197353,86.03515625
0.01,1089.184962487366,86.03515625
0.01,1090.3641613549967,86.03515625
0.01,1091.5433602226274,86.23046875
0.01,1092.722559090258,86.23046875
0.01,1093.9017579578888,86.23046875
0.01,1095.0809568255195,86.42578125
0.01,1096.2601556931502,86.42578125
0.01,1097.1728477893887,86.42578125
0.01,1098.0855398856272,86.62109375
0.01,1098.9982319818657,86.62109375
0.01,1099.9109240781042,86.62109375
0.01,1101.0390626417877,86.81640625
0.01,1102.1672012054712,86.81640625
0.01,1103.2953397691547,86.81640625
0.01,1104.4234783328382,87.01171875
0.01,1105.7324920510766,87.01171875
0.01,1107.041505769315,87.01171875
0.01,1107.2274592738634,87.01171875
0.01,1107.2540259040625,87.01171875
0.01,1107.2805925342616,87.01171875
0.01,1107.33372579466,87.01171875
0.01,1107.3868590550585,87.01171875
0.01,1107.6826401578483,87.20703125
0.01,1107.978421260638,87.20703125
0.01,1108.3891622725846,87.20703125
0.01,1108.7999032845312,87.20703125
0.01,1109.2106442964778,87.20703125
0.01,1109.9064875349848,87.20703125
0.01,1110.6023307734918,87.20703125
0.01,1111.2981740119988,87.40234375
0.01,1112.3157402954578,87.40234375
0.01,1113.3333065789168,87.40234375
0.01,1114.3508728623758,87.40234375
0.01,1115.3684391458348,87.59765625
0.01,1116.3860054292938,87.59765625
0.01,1117.4035717127529,87.59765625
0.01,1118.7905908734365,87.79296875
0.01,1120.17761003412,87.79296875
0.01,1121.5646291948037,87.79296875
0.01,1122.9516483554874,87.98828125
0.01,1124.560538126171,87.98828125
0.01,1126.1694278968546,88.18359375
0.01,1127.7783176675382,88.18359375
0.01,1129.3872074382218,88.37890625
0.01,1130.9960972089054,88.37890625
0.01,1132.604986979589,88.57421875
0.01,1134.2138767502727,88.57421875
0.01,1135.8227665209563,88.57421875
0.01,1137.43165629164,88.76953125
0.01,1139.0405460623235,88.76953125
0.01,1140.6494358330071,88.96484375
0.01,1142.2583256036908,88.96484375
0.01,1143.8672153743744,89.16015625
0.01,1145.476105145058,89.16015625
0.01,1147.0849949157416,89.35546875
0.01,1148.6938846864252,89.35546875
0.01,1150.3027744571089,89.35546875
0.01,1151.9116642277925,89.55078125
0.01,1152.982293377061,89.55078125
0.01,1154.0529225263297,89.55078125
0.01,1155.1235516755983,89.74609375
0.01,1156.1941808248669,89.74609375
0.01,1157.2648099741355,89.74609375
0.01,1158.335439123404,89.94140625
0.01,1159.4060682726727,89.94140625
0.01,1160.603992127812,89.94140625
0.01,1161.8019159829514,89.94140625
0.01,1162.9998398380908,90.13671875
0.01,1164.1977636932302,90.13671875
0.01,1165.3956875483696,90.13671875
0.01,1166.593611403509,90.33203125
0.01,1167.7915352586483,90.33203125
0.01,1169.4571999127345,90.33203125
0.01,1171.1228645668207,90.52734375
0.01,1172.7885292209069,90.52734375
0.01,1174.454193874993,90.72265625
0.01,1176.1198585290792,90.72265625
0.01,1177.7855231831654,90.91796875
0.01,1179.4511878372516,90.91796875
0.01,1181.1168524913378,90.91796875
0.01,1182.782517145424,91.11328125
0.01,1184.4481817995102,91.11328125
0.01,1186.1138464535964,91.30859375
0.01,1187.7795111076825,91.30859375
0.01,1189.4451757617687,91.50390625
0.01,1191.110840415855,91.50390625
0.01,1192.776505069941,91.50390625
0.01,1194.4421697240273,91.69921875
0.01,1196.1078343781135,91.69921875
0.01,1197.7734990321997,91.89453125
0.01,1199.4391636862858,91.89453125
0.01,1201.3534090865312,92.08984375
0.01,1203.2676544867766,92.08984375
0.01,1205.181899887022,92.08984375
0.01,1207.0961452872673,92.28515625
0.01,1209.0103906875127,92.28515625
0.01,1210.924636087758,92.48046875
0.01,1212.8388814880034,92.48046875
0.01,1214.7531268882487,92.67578125
0.01,1216.667372288494,92.67578125
0.01,1218.5816176887395,92.87109375
0.01,1220.4958630889848,92.87109375
0.01,1222.4101084892302,93.06640625
0.01,1224.3243538894756,93.06640625
0.01,1226.238599289721,93.26171875
0.01,1228.1528446899663,93.26171875
0.01,1230.0670900902117,93.45703125
0.01,1231.981335490457,93.45703125
0.01,1233.8955808907024,93.65234375
0.01,1235.8098262909477,93.65234375
0.01,1237.724071691193,93.84765625
0.01,1239.6383170914385,93.84765625
0.01,1241.5525624916838,93.84765625
0.01,1243.4668078919292,94.04296875
0.01,1245.3810532921746,94.04296875
0.01,1247.29529869242,94.23828125
0.01,1249.2095440926653,94.23828125
0.01,1251.1237894929106,94.43359375
0.01,1253.038034893156,94.43359375
0.01,1254.9522802934014,94.62890625
0.01,1256.8665256936467,94.62890625
0.01,1258.780771093892,94.82421875
0.01,1260.6950164941375,94.82421875
0.01,1262.6092618943828,95.01953125
0.01,1264.5235072946282,95.01953125
0.01,1266.0924525694381,95.01953125
0.01,1267.3964252006472,95.21484375
0.01,1268.7003978318562,95.21484375
0.01,1270.0043704630652,95.21484375
0.01,1271.3083430942743,95.41015625
0.01,1273.0005090574991,95.41015625
0.01,1274.692675020724,95.41015625
0.01,1276.3848409839488,95.60546875
0.01,1278.0770069471737,95.60546875
0.01,1280.030307324481,95.80078125
0.01,1281.9836077017885,95.80078125
0.01,1283.936908079096,95.99609375
0.01,1285.8902084564033,95.99609375
0.01,1287.8435088337108,96.19140625
0.01,1289.7968092110182,96.19140625
0.01,1291.7501095883256,96.19140625
0.01,1293.344826242678,96.38671875
0.01,1294.6593670503655,96.38671875
0.01,1295.973907858053,96.38671875
0.01,1297.2884486657406,96.58203125
0.01,1298.6029894734281,96.58203125
0.01,1299.9175302811157,96.58203125
0.01,1301.2320710888032,96.77734375
0.01,1302.5466118964907,96.77734375
0.01,1303.8611527041783,96.77734375
0.01,1305.1756935118658,96.97265625
0.01,1306.4902343195533,96.97265625
0.01,1307.8047751272409,96.97265625
0.01,1309.1193159349284,97.16796875
0.01,1310.433856742616,97.16796875
0.01,1311.7483975503035,97.16796875
0.01,1313.062938357991,97.16796875
0.01,1314.3774791656786,97.36328125
0.01,1315.692019973366,97.36328125
0.01,1317.0065607810536,97.36328125
0.01,1318.3211015887412,97.55859375
0.01,1319.9559168791998,97.55859375
0.01,1321.5907321696584,97.55859375
0.01,1323.225547460117,97.75390625
0.01,1324.8603627505756,97.75390625
0.01,1326.4951780410343,97.94921875
0.01,1327.7972418928402,97.94921875
0.01,1329.0993057446462,97.94921875
0.01,1330.4013695964522,98.14453125
0.01,1331.7034334482582,98.14453125
0.01,1333.4214102590759,98.14453125
0.01,1335.1393870698935,98.33984375
0.01,1336.857363880711,98.33984375
0.01,1338.5753406915287,98.33984375
0.01,1340.2933175023463,98.53515625
0.01,1342.011294313164,98.53515625
0.01,1343.7292711239816,98.73046875
0.01,1345.11168137434,98.73046875
0.01,1346.4940916246983,98.73046875
0.01,1347.8765018750566,98.92578125
0.01,1349.258912125415,98.92578125
0.01,1351.138549753915,98.92578125
0.01,1353.018187382415,99.12109375
0.01,1354.8978250109149,99.12109375
0.01,1356.7774626394148,99.31640625
0.01,1358.6571002679148,99.31640625
0.01,1360.5367378964147,99.51171875
0.01,1362.4163755249147,99.51171875
0.01,1364.2960131534146,99.51171875
0.01,1366.1756507819146,99.70703125
0.01,1368.0552884104145,99.70703125
0.01,1369.9349260389145,99.90234375
0.01,1371.8145636674144,99.90234375
0.01,1373.6942012959144,100.09765625
0.01,1375.5738389244143,100.09765625
0.01,1377.4534765529143,100.29296875
0.01,1379.3331141814142,100.29296875
0.01,1381.2127518099142,100.29296875
0.01,1383.092389438414,100.48828125
0.01,1384.972027066914,100.48828125
0.01,1386.851664695414,100.68359375
0.01,1388.731302323914,100.68359375
0.01,1390.2151877742356,100.68359375
0.01,1391.4315644687144,100.87890625
0.01,1392.6479411631933,100.87890625
0.01,1393.8643178576722,100.87890625
0.01,1395.080694552151,101.07421875
0.01,1396.7108447757694,101.07421875
0.01,1398.3409949993877,101.07421875
0.01,1399.971145223006,101.26953125
0.01,1401.6012954466244,101.26953125
0.01,1403.2314456702427,101.26953125
0.01,1404.861595893861,101.46484375
0.01,1406.4917461174794,101.46484375
0.01,1408.0648666374277,101.46484375
0.01,1409.637987157376,101.66015625
0.01,1411.2111076773244,101.66015625
0.01,1412.7842281972728,101.85546875
0.01,1414.3573487172212,101.85546875
0.01,1415.9304692371695,101.85546875
0.01,1417.1855073424558,101.85546875
0.01,1418.4405454477421,102.05078125
0.01,1419.6955835530284,102.05078125
0.01,1420.9506216583147,102.05078125
0.01,1422.205659763601,102.24609375
0.01,1422.4015479348495,102.24609375
0.01,1422.597436106098,102.24609375
0.01,1422.7933242773465,102.24609375
0.01,1423.1536935474228,102.24609375
0.01,1423.514062817499,102.24609375
0.01,1423.8744320875753,102.24609375
0.01,1425.1577669289634,102.24609375
0.01,1426.4411017703515,102.44140625
0.01,1427.7244366117395,102.44140625
0.01,1429.0077714531276,102.44140625
0.01,1430.2911062945157,102.44140625
0.01,1431.5744411359037,102.63671875
0.01,1433.3129499231227,102.63671875
0.01,1435.0514587103416,102.63671875
0.01,1436.7899674975606,102.83203125
0.01,1438.5284762847796,102.83203125
0.01,1440.2669850719985,103.02734375
0.01,1442.0054938592175,103.02734375
0.01,1443.7440026464365,103.02734375
0.01,1445.4825114336554,103.22265625
0.01,1446.9075385195374,103.22265625
0.01,1448.3325656054194,103.22265625
0.01,1449.7575926913014,103.41796875
0.01,1451.1826197771834,103.41796875
0.01,1452.944659464342,103.41796875
0.01,1454.7066991515007,103.61328125
0.01,1456.4687388386594,103.61328125
0.01,1458.230778525818,103.80859375
0.01,1459.9928182129768,103.80859375
0.01,1461.7548579001354,103.80859375
0.01,1463.5168975872941,104.00390625
0.01,1465.2789372744528,104.00390625
0.01,1467.0409769616115,104.00390625
0.01,1468.8030166487702,104.19921875
0.01,1470.5650563359288,104.19921875
0.01,1472.3270960230875,104.39453125
0.01,1474.0891357102462,104.39453125
0.01,1475.8511753974049,104.39453125
0.01,1477.6132150845635,104.58984375
0.01,1479.3752547717222,104.58984375
0.01,1481.137294458881,104.78515625
0.01,1482.8993341460396,104.78515625
0.01,1484.6613738331982,104.78515625
0.01,1486.423413520357,104.98046875
0.01,1488.1854532075156,104.98046875
0.01,1489.9474928946743,104.98046875
0.01,1491.9771937240132,105.17578125
0.01,1494.0068945533521,105.17578125
0.01,1496.036595382691,105.37109375
0.01,1498.06629621203,105.37109375
0.01,1500.095997041369,105.56640625
0.01,1502.1256978707079,105.56640625
0.01,1504.1553987000468,105.76171875
0.01,1506.1850995293858,105.76171875
0.01,1508.2148003587247,105.76171875
0.01,1510.2445011880636,105.95703125
0.01,1512.2742020174026,105.95703125
0.01,1514.3039028467415,106.15234375
0.01,1516.3336036760804,106.15234375
0.01,1518.3633045054194,106.34765625
0.01,1520.3930053347583,106.34765625
0.01,1522.002015602375,106.34765625
0.01,1523.272183653106,106.54296875
0.01,1524.5423517038369,106.54296875
0.01,1525.8125197545678,106.54296875
0.01,1527.0826878052987,106.54296875
0.01,1528.8060738275597,106.73828125
0.01,1530.5294598498206,106.73828125
0.01,1532.2528458720815,106.93359375
0.01,1533.9762318943424,106.93359375
0.01,1535.6996179166033,106.93359375
0.01,1537.4230039388642,107.12890625
0.01,1539.1463899611251,107.12890625
0.01,1541.303765939828,107.12890625
0.01,1543.461141918531,107.32421875
0.01,1545.618517897234,107.32421875
0.01,1547.7758938759368,107.51953125
0.01,1549.9332698546398,107.51953125
0.01,1552.0906458333427,107.71484375
0.01,1554.2480218120456,107.71484375
0.01,1556.4053977907486,107.91015625
0.01,1558.5627737694515,107.91015625
0.01,1560.7201497481544,107.91015625
0.01,1562.8775257268574,108.10546875
0.01,1565.0349017055603,108.10546875
0.01,1567.1922776842632,108.30078125
0.01,1569.3496536629661,108.30078125
0.01,1570.9859724946496,108.49609375
0.01,1572.622291326333,108.49609375
0.01,1574.2586101580164,108.49609375
0.01,1575.8949289896998,108.69140625
0.01,1577.7694121528275,108.69140625
0.01,1579.6438953159552,108.69140625
0.01,1581.518378479083,108.88671875
0.01,1583.3928616422106,108.88671875
0.01,1585.2673448053383,109.08203125
0.01,1587.141827968466,109.08203125
0.01,1589.0163111315937,109.08203125
0.01,1590.8907942947214,109.27734375
0.01,1592.7652774578492,109.27734375
0.01,1594.6397606209769,109.27734375
0.01,1596.7734682082837,109.47265625
0.01,1598.9071757955905,109.47265625
0.01,1601.0408833828974,109.66796875
0.01,1603.1745909702042,109.66796875
0.01,1605.308298557511,109.86328125
0.01,1607.442006144818,109.86328125
0.01,1609.5757137321248,109.86328125
0.01,1611.7094213194316,110.05859375
0.01,1613.8431289067385,110.05859375
0.01,1615.9768364940453,110.25390625
0.01,1618.1105440813521,110.25390625
0.01,1620.244251668659,110.44921875
0.01,1622.3779592559658,110.44921875
0.01,1624.5116668432727,110.44921875
0.01,1626.6453744305795,110.64453125
0.01,1628.7790820178864,110.64453125
0.01,1630.9127896051932,110.83984375
0.01,1633.0464971925,110.83984375
0.01,1634.7883956504584,111.03515625
0.01,1636.5302941084167,111.03515625
0.01,1638.272192566375,111.03515625
0.01,1640.0140910243333,111.23046875
0.01,1642.3706488664488,111.23046875
0.01,1644.7272067085644,111.23046875
0.01,1647.08376455068,111.42578125
0.01,1648.99867314325,111.42578125
0.01,1650.9135817358201,111.62109375
0.01,1652.8284903283902,111.62109375
0.01,1654.7433989209603,111.62109375
0.01,1656.88893075314,111.81640625
0.01,1659.0344625853195,111.81640625
0.01,1661.179994417499,112.01171875
0.01,1663.3255262496787,112.01171875
0.01,1665.4710580818582,112.20703125
0.01,1665.8650007798065,112.20703125
0.01,1666.2589434777547,112.20703125
0.01,1666.6528861757029,112.20703125
0.01,1667.046828873651,112.20703125
0.01,1667.6376231498766,112.20703125
0.01,1668.2284174261022,112.20703125
0.01,1668.8192117023277,112.20703125
0.01,1669.4100059785533,112.20703125
0.01,1670.774752815788,112.40234375
0.01,1672.1394996530225,112.40234375
0.01,1673.5042464902572,112.40234375
0.01,1674.8689933274918,112.40234375
0.01,1677.169823259591,112.59765625
0.01,1679.4706531916904,112.59765625
0.01,1681.7714831237897,112.79296875
0.01,1684.072313055889,112.79296875
0.01,1686.3731429879883,112.98828125
0.01,1688.6739729200876,112.98828125
0.01,1690.974802852187,113.18359375
0.01,1693.2756327842862,113.18359375
0.01,1695.5764627163855,113.37890625
0.01,1697.8772926484849,113.37890625
0.01,1700.1781225805842,113.37890625
0.01,1702.4789525126835,113.57421875
0.01,1704.7797824447828,113.57421875
0.01,1707.080612376882,113.76953125
0.01,1709.3814423089814,113.76953125
0.01,1711.6822722410807,113.96484375
0.01,1713.98310217318,113.96484375
0.01,1716.2839321052793,114.16015625
0.01,1718.5847620373786,114.16015625
0.01,1720.885591969478,114.16015625
0.01,1723.1864219015772,114.35546875
0.01,1725.4872518336765,114.35546875
0.01,1727.7880817657758,114.55078125
0.01,1730.0889116978751,114.55078125
0.01,1732.3897416299744,114.74609375
0.01,1734.6905715620737,114.74609375
0.01,1736.991401494173,114.94140625
0.01,1739.2922314262723,114.94140625
0.01,1741.5930613583716,114.94140625
0.01,1743.893891290471,115.13671875
0.01,1746.1947212225703,115.13671875
0.01,1748.8219630960782,115.33203125
0.01,1751.4492049695862,115.33203125
0.01,1754.0764468430941,115.52734375
0.01,1756.703688716602,115.52734375
0.01,1759.33093059011,115.72265625
0.01,1761.958172463618,115.72265625
0.01,1764.585414337126,115.91796875
0.01,1767.212656210634,115.91796875
0.01,1769.8398980841419,116.11328125
0.01,1772.4671399576498,116.11328125
0.01,1775.0943818311578,116.30859375
0.01,1777.7216237046657,116.30859375
0.01,1780.3488655781737,116.50390625
0.01,1782.9761074516816,116.50390625
0.01,1785.6033493251896,116.69921875
0.01,1788.2305911986975,116.69921875
0.01,1790.8578330722055,116.89453125
0.01,1793.4850749457134,116.89453125
0.01,1796.1123168192214,117.08984375
0.01,1798.7395586927294,117.08984375
0.01,1801.3668005662373,117.28515625
0.01,1803.9940424397453,117.28515625
0.01,1806.6212843132532,117.48046875
0.01,1809.2485261867612,117.48046875
0.01,1811.8757680602691,117.67578125
0.01,1814.503009933777,117.67578125
0.01,1817.130251807285,117.87109375
0.01,1819.757493680793,117.87109375
0.01,1822.384735554301,118.06640625
0.01,1825.011977427809,118.06640625
0.01,1827.6392193013169,118.26171875
0.01,1830.2664611748248,118.26171875
0.01,1832.8937030483328,118.45703125
0.01,1835.5209449218407,118.45703125
0.01,1838.1481867953487,118.65234375
0.01,1840.7754286688566,118.65234375
0.01,1843.4026705423646,118.84765625
0.01,1846.0299124158726,118.84765625
0.01,1848.6571542893805,119.04296875
0.01,1850.753933435526,119.04296875
0.01,1852.8507125816716,119.04296875
0.01,1854.9474917278171,119.23828125
0.01,1857.0442708739627,119.23828125
0.01,1859.4208520988623,119.43359375
0.01,1861.7974333237619,119.43359375
0.01,1864.1740145486615,119.43359375
0.01,1866.550595773561,119.62890625
0.01,1868.9271769984607,119.62890625
0.01,1871.3037582233603,119.82421875
0.01,1873.68033944826,119.82421875
0.01,1874.1192345810205,119.82421875
0.01,1874.558129713781,119.82421875
0.01,1874.9970248465415,119.82421875
0.01,1875.435919979302,120.01953125
0.01,1876.0783396232046,120.01953125
0.01,1876.720759267107,120.01953125
0.01,1877.3631789110095,120.01953125
0.01,1878.005598554912,120.01953125
0.01,1879.4449584716854,120.01953125
0.01,1880.8843183884587,120.21484375
0.01,1882.323678305232,120.21484375
0.01,1883.7630382220054,120.21484375
0.01,1886.225152556595,120.41015625
0.01,1888.6872668911847,120.41015625
0.01,1891.1493812257743,120.41015625
0.01,1893.611495560364,120.60546875
0.01,1896.0736098949535,120.60546875
0.01,1898.5357242295431,120.80078125
0.01,1900.9978385641327,120.80078125
0.01,1903.4599528987223,120.99609375
0.01,1905.922067233312,120.99609375
0.01,1908.3841815679016,120.99609375
0.01,1910.8462959024912,121.19140625
0.01,1913.3084102370808,121.19140625
0.01,1915.7705245716704,121.38671875
0.01,1918.23263890626,121.38671875
0.01,1920.6947532408496,121.58203125
0.01,1923.1568675754393,121.58203125
0.01,1925.6189819100289,121.77734375
0.01,1928.0810962446185,121.77734375
0.01,1930.543210579208,121.77734375
0.01,1933.0053249137977,121.97265625
0.01,1935.4674392483873,121.97265625
0.01,1937.929553582977,122.16796875
0.01,1940.3916679175666,122.16796875
0.01,1942.8537822521562,122.36328125
0.01,1945.3158965867458,122.36328125
0.01,1947.7780109213354,122.36328125
0.01,1950.240125255925,122.55859375
0.01,1952.7022395905146,122.55859375
0.01,1955.1643539251043,122.75390625
0.01,1957.6264682596939,122.75390625
0.01,1960.0885825942835,122.94921875
0.01,1962.8250627318625,122.94921875
0.01,1965.5615428694416,123.14453125
0.01,1968.2980230070207,123.14453125
0.01,1971.0345031445997,123.33984375
0.01,1973.7709832821788,123.33984375
0.01,1976.5074634197579,123.33984375
0.01,1979.243943557337,123.53515625
0.01,1981.980423694916,123.53515625
0.01,1984.716903832495,123.73046875
0.01,1987.4533839700741,123.73046875
0.01,1990.1898641076532,123.92578125
0.01,1992.9263442452323,123.92578125
0.01,1995.6628243828113,124.12109375
0.01,1998.3993045203904,124.12109375
0.01,2000.0,124.31640625
0.1,0.0,1.85546875
0.1,0.0008153720906218235,1.85546875
0.1,0.0010192151132772794,1.85546875
0.1,0.0010701758689411435,1.85546875
0.1,0.0010727487658949769,1.85546875
0.1,0.0010753216628488103,1.85546875
0.1,0.0010778945598026437,1.85546875
0.1,0.0010804674567564771,1.85546875
0.1,0.0010830403537103106,1.85546875
0.1,0.001085613250664144,1.85546875
0.1,0.0010881861476179774,1.85546875
0.1,0.0010907590445718108,1.85546875
0.1,0.0010933319415256442,1.85546875
0.1,0.0010959048384794777,1.85546875
0.1,0.001098477735433311,1.85546875
0.1,0.0011010506323871445,1.85546875
0.1,0.001103623529340978,1.85546875
0.1,0.0011061964262948113,1.85546875
0.1,0.0011091702157962503,1.85546875
0.1,0.0011121440052976892,1.85546875
0.1,0.001115117794799128,1.85546875
0.1,0.001117776953157697,1.85546875
0.1,0.0011443685367433865,1.85546875
0.1,0.0011709601203290759,1.85546875
0.1,0.0011975517039147653,1.85546875
0.1,0.0014634675397716583,1.85546875
0.1,0.0017293833756285514,1.85546875
0.1,0.0031191054460630234,1.85546875
0.1,0.004508827516497496,1.85546875
0.1,0.006765138148076697,1.85546875
0.1,0.009021448779655898,1.85546875
0.1,0.0112777594112351,1.85546875
0.1,0.01522393416663579,1.66015625
0.1,0.01917010892203648,1.66015625
0.1,0.02311628367743717,1.66015625
0.1,0.02706245843283786,1.66015625
0.1,0.031859616743327324,1.46484375
0.1,0.03665677505381679,1.46484375
0.1,0.04145393336430625,1.46484375
0.1,0.046251091674795713,1.26953125
0.1,0.05104824998528518,1.26953125
0.1,0.05584540829577464,1.07421875
0.1,0.0606425666062641,1.07421875
0.1,0.06543972491675357,0.87890625
0.1,0.07023688322724303,0.68359375
0.1,0.0750340415377325,0.48828125
0.1,0.08037975370252473,0.0
0.1,0.08572546586731697,0.0
0.1,0.0910711780321092,0.0
0.1,0.09641689019690144,0.0
0.1,0.10176260236169368,0.0
0.1,0.10710831452648592,0.0
0.1,0.11245402669127816,0.0
0.1,0.1177997388560704,0.0
0.1,0.12314545102086263,0.0
0.1,0.1292655894043126,0.0
0.1,0.13538572778776256,0.0
0.1,0.14150586617121252,0.0
0.1,0.14834016595695423,0.0
0.1,0.15517446574269594,0.0
0.1,0.16200876552843765,0.0
0.1,0.16884306531417936,0.0
0.1,0.17567736509992107,0.0
0.1,0.18251166488566278,0.0
0.1,0.19382393563837533,0.0
0.1,0.20513620639108787,0.0
0.1,0.21644847714380042,0.0
0.1,0.22776074789651296,0.0
0.1,0.2458894342615733,0.0
0.1,0.26401812062663366,0.0
0.1,0.28214680699169403,0.0
0.1,0.3002754933567544,0.0
0.1,0.3303881590906902,0.0
0.1,0.360500824824626,0.0
0.1,0.39061349055856176,0.0
0.1,0.42072615629249754,0.0
0.1,0.469400643636935,3.80859375
0.1,0.5180751309813725,3.80859375
0.1,0.56674961832581,4.00390625
0.1,0.6154241056702474,4.00390625
0.1,0.7000147637215662,4.00390625
0.1,0.7846054217728851,4.00390625
0.1,0.8691960798242039,4.19921875
0.1,0.9537867378755227,4.19921875
0.1,1.1052641668800312,4.19921875
0.1,1.2567415958845396,4.19921875
0.1,1.408219024889048,4.39453125
0.1,1.5596964538935565,4.39453125
0.1,1.7767578152539565,4.39453125
0.1,1.9938191766143565,4.39453125
0.1,2.2108805379747563,4.39453125
0.1,2.4279418993351563,4.39453125
0.1,2.7580577641237864,4.58984375
0.1,3.0881736289124166,4.58984375
0.1,3.418289493701047,4.58984375
0.1,3.748405358489677,4.78515625
0.1,4.197789316287202,4.78515625
0.1,4.647173274084727,4.78515625
0.1,5.096557231882252,4.98046875
0.1,5.545941189679777,4.98046875
0.1,5.995325147477302,5.17578125
0.1,6.444709105274827,5.17578125
0.1,6.894093063072352,5.37109375
0.1,7.3434770208698765,5.37109375
0.1,7.7928609786674015,5.56640625
0.1,8.242244936464926,5.56640625
0.1,8.69162889426245,5.56640625
0.1,9.141012852059974,5.76171875
0.1,9.590396809857499,5.76171875
0.1,10.039780767655023,5.95703125
0.1,10.489164725452547,5.95703125
0.1,10.93854868325007,6.15234375
0.1,11.387932641047595,6.15234375
0.1,11.837316598845119,6.34765625
0.1,12.286700556642643,6.34765625
0.1,12.736084514440167,6.54296875
0.1,13.185468472237691,6.54296875
0.1,13.634852430035215,6.73828125
0.1,14.084236387832739,6.73828125
0.1,14.533620345630263,6.93359375
0.1,14.983004303427787,6.93359375
0.1,15.432388261225311,7.12890625
0.1,15.881772219022835,7.12890625
0.1,16.33115617682036,7.32421875
0.1,16.780540134617887,7.32421875
0.1,17.229924092415413,7.51953125
0.1,17.67930805021294,7.71484375
0.1,18.128692008010464,7.71484375
0.1,18.57807596580799,7.91015625
0.1,19.027459923605516,7.91015625
0.1,19.476843881403042,8.10546875
0.1,19.926227839200568,8.10546875
0.1,20.375611796998093,8.30078125
0.1,20.82499575479562,8.30078125
0.1,21.274379712593145,8.49609375
0.1,21.72376367039067,8.49609375
0.1,22.096758034886815,8.69140625
0.1,22.46975239938296,8.69140625
0.1,22.842746763879102,8.88671875
0.1,23.215741128375246,8.88671875
0.1,23.58873549287139,9.08203125
0.1,23.961729857367533,9.08203125
0.1,24.334724221863677,9.27734375
0.1,24.70771858635982,9.27734375
0.1,25.080712950855965,9.47265625
0.1,25.45370731535211,9.47265625
0.1,25.826701679848252,9.66796875
0.1,26.199696044344396,9.66796875
0.1,26.57269040884054,9.86328125
0.1,26.945684773336684,9.86328125
0.1,27.318679137832827,10.05859375
0.1,27.69167350232897,10.05859375
0.1,28.064667866825115,10.25390625
0.1,28.43766223132126,10.25390625
0.1,28.810656595817402,10.44921875
0.1,29.183650960313546,10.44921875
0.1,29.55664532480969,10.64453125
0.1,29.929639689305834,10.64453125
0.1,30.302634053801977,10.83984375
0.1,30.67562841829812,10.83984375
0.1,31.048622782794265,11.03515625
0.1,31.42161714729041,11.03515625
0.1,31.794611511786552,11.23046875
0.1,32.1676058762827,11.23046875
0.1,32.54060024077884,11.42578125
0.1,32.91359460527499,11.42578125
0.1,33.28658896977113,11.62109375
0.1,33.659583334267275,11.62109375
0.1,34.03257769876342,11.81640625
0.1,34.40557206325956,12.01171875
0.1,34.778566427755706,12.01171875
0.1,35.15156079225185,12.20703125
0.1,35.524555156747994,12.20703125
0.1,35.89754952124414,12.40234375
0.1,36.2080718720382,12.40234375
0.1,36.518594222832256,12.59765625
0.1,36.829116573626315,12.59765625
0.1,37.08562645235461,12.59765625
0.1,37.29482205577991,12.79296875
0.1,37.50401765920521,12.79296875
0.1,37.71321326263051,12.79296875
0.1,37.92240886605581,12.98828125
0.1,38.157648510265254,12.98828125
0.1,38.3928881544747,12.98828125
0.1,38.62812779868414,13.18359375
0.1,38.86336744289358,13.18359375
0.1,39.191448665611205,13.37890625
0.1,39.519529888328826,13.37890625
0.1,39.84761111104645,13.57421875
0.1,40.10808467492738,13.57421875
0.1,40.36855823880832,13.57421875
0.1,40.578666536203286,13.76953125
0.1,40.62068819568228,13.76953125
0.1,40.66270985516127,13.76953125
0.1,40.70473151464026,13.76953125
0.1,40.78877483359825,13.76953125
0.1,40.872818152556235,13.76953125
0.1,40.95686147151422,13.76953125
0.1,41.162600958325726,13.96484375
0.1,41.36834044513723,13.96484375
0.1,41.57407993194873,13.96484375
0.1,41.77981941876023,14.16015625
0.1,42.090673026721234,14.16015625
0.1,42.401526634682234,14.35546875
0.1,42.712380242643235,14.35546875
0.1,43.023233850604235,14.55078125
0.1,43.334087458565236,14.55078125
0.1,43.644941066526236,14.74609375
0.1,43.95579467448724,14.74609375
0.1,44.26664828244824,14.94140625
0.1,44.57750189040924,14.94140625
0.1,44.88835549837024,15.13671875
0.1,45.19920910633124,15.13671875
0.1,45.51006271429224,15.33203125
0.1,45.82091632225324,15.33203125
0.1,46.13176993021424,15.52734375
0.1,46.44262353817524,15.52734375
0.1,46.75347714613624,15.72265625
0.1,47.06433075409724,15.72265625
0.1,47.37518436205824,15.91796875
0.1,47.68603797001924,15.91796875
0.1,47.99689157798024,16.11328125
0.1,48.30774518594124,16.11328125
0.1,48.618598793902244,16.30859375
0.1,48.929452401863244,16.30859375
0.1,49.240306009824245,16.50390625
0.1,49.551159617785245,16.50390625
0.1,49.862013225746246,16.69921875
0.1,50.172866833707246,16.69921875
0.1,50.48372044166825,16.89453125
0.1,50.79457404962925,16.89453125
0.1,51.10542765759025,17.08984375
0.1,51.41628126555125,17.08984375
0.1,51.72713487351225,17.28515625
0.1,52.03798848147325,17.48046875
0.1,52.34884208943425,17.48046875
0.1,52.65969569739525,17.67578125
0.1,52.97054930535625,17.67578125
0.1,53.28140291331725,17.87109375
0.1,53.59225652127825,17.87109375
0.1,53.90311012923925,18.06640625
0.1,54.21396373720025,18.06640625
0.1,54.52481734516125,18.26171875
0.1,54.83567095312225,18.26171875
0.1,55.08853561177712,18.45703125
0.1,55.34140027043198,18.45703125
0.1,55.59426492908685,18.65234375
0.1,55.84712958774171,18.65234375
0.1,56.09999424639658,18.84765625
0.1,56.35285890505144,18.84765625
0.1,56.605723563706306,19.04296875
0.1,56.85858822236117,19.04296875
0.1,57.111452881016035,19.23828125
0.1,57.3643175396709,19.23828125
0.1,57.617182198325764,19.23828125
0.1,57.87004685698063,19.43359375
0.1,58.122911515635494,19.43359375
0.1,58.40453680404763,19.62890625
0.1,58.68616209245977,19.62890625
0.1,58.967787380871904,19.82421875
0.1,59.24941266928404,19.82421875
0.1,59.53103795769618,20.01953125
0.1,59.812663246108315,20.01953125
0.1,60.09428853452045,20.21484375
0.1,60.37591382293259,20.41015625
0.1,60.657539111344725,20.41015625
0.1,60.93916439975686,20.60546875
0.1,61.220789688169,20.60546875
0.1,61.502414976581136,20.80078125
0.1,61.78404026499327,20.80078125
0.1,62.06566555340541,20.99609375
0.1,62.347290841817546,20.99609375
0.1,62.62891613022968,21.19140625
0.1,62.91054141864182,21.19140625
0.1,63.19216670705396,21.38671875
0.1,63.473791995466094,21.38671875
0.1,63.70662784821961,21.58203125
0.1,63.93946370097313,21.58203125
0.1,64.17229955372665,21.77734375
0.1,64.40513540648017,21.77734375
0.1,64.66439077249584,21.97265625
0.1,64.9236461385115,21.97265625
0.1,65.18290150452717,22.16796875
0.1,65.44215687054283,22.16796875
0.1,65.7014122365585,22.36328125
0.1,65.96066760257416,22.36328125
0.1,66.21992296858983,22.55859375
0.1,66.47917833460549,22.55859375
0.1,66.73843370062116,22.75390625
0.1,66.99768906663682,22.75390625
0.1,67.25694443265249,22.94921875
0.1,67.51619979866815,22.94921875
0.1,67.77545516468382,23.14453125
0.1,68.03471053069948,23.14453125
0.1,68.29396589671515,23.33984375
0.1,68.55322126273082,23.33984375
0.1,68.81247662874648,23.53515625
0.1,69.07173199476215,23.53515625
0.1,69.33098736077781,23.73046875
0.1,69.59024272679348,23.73046875
0.1,69.84949809280914,23.92578125
0.1,70.10875345882481,23.92578125
0.1,70.36800882484047,24.12109375
0.1,70.62726419085614,24.31640625
0.1,70.8865195568718,24.31640625
0.1,71.14577492288747,24.51171875
0.1,71.40503028890313,24.51171875
0.1,71.61537935365459,24.70703125
0.1,71.82572841840604,24.70703125
0.1,72.0360774831575,24.70703125
0.1,72.24642654790895,24.90234375
0.1,72.45677561266041,24.90234375
0.1,72.66712467741186,25.09765625
0.1,72.87747374216332,25.09765625
0.1,73.08782280691477,25.29296875
0.1,73.29817187166623,25.29296875
0.1,73.50852093641768,25.29296875
0.1,73.71887000116914,25.48828125
0.1,73.92921906592059,25.48828125
0.1,74.13956813067205,25.68359375
0.1,74.37240345480403,25.68359375
0.1,74.60523877893601,25.87890625
0.1,74.838074103068,25.87890625
0.1,74.86660992513521,25.87890625
0.1,74.89514574720242,25.87890625
0.1,74.92368156926963,25.87890625
0.1,74.96943310228349,25.87890625
0.1,75.01518463529735,25.87890625
0.1,75.0609361683112,26.07421875
0.1,75.1664600793801,26.07421875
0.1,75.271983990449,26.07421875
0.1,75.3775079015179,26.07421875
0.1,75.4830318125868,26.07421875
0.1,75.61923342583344,26.26953125
0.1,75.75543503908008,26.26953125
0.1,75.89163665232672,26.26953125
0.1,76.02783826557337,26.46484375
0.1,76.16403987882,26.46484375
0.1,76.30024149206665,26.46484375
0.1,76.43644310531329,26.46484375
0.1,76.6457997518119,26.66015625
0.1,76.8551563983105,26.66015625
0.1,77.0645130448091,26.85546875
0.1,77.27386969130771,26.85546875
0.1,77.48322633780631,26.85546875
0.1,77.69258298430492,27.05078125
0.1,77.90193963080353,27.05078125
0.1,78.11129627730213,27.24609375
0.1,78.32065292380074,27.24609375
0.1,78.53000957029934,27.24609375
0.1,78.73936621679795,27.44140625
0.1,78.76969817494188,27.44140625
0.1,78.77441698367541,27.44140625
0.1,78.77913579240894,27.44140625
0.1,78.788573409876,27.44140625
0.1,78.79801102734305,27.44140625
0.1,78.83277604372488,27.44140625
0.1,78.8675410601067,27.44140625
0.1,78.96330493335515,27.44140625
0.1,79.05906880660359,27.44140625
0.1,79.15483267985203,27.63671875
0.1,79.33606076930583,27.63671875
0.1,79.51728885875963,27.63671875
0.1,79.69851694821342,27.63671875
0.1,79.91532938111826,27.83203125
0.1,80.13214181402309,27.83203125
0.1,80.34895424692792,27.83203125
0.1,80.56576667983275,28.02734375
0.1,80.85677775785597,28.02734375
0.1,81.09533127148882,28.22265625
0.1,81.33388478512167,28.22265625
0.1,81.57243829875452,28.22265625
0.1,81.81099181238737,28.41796875
0.1,82.06556604026494,28.41796875
0.1,82.32014026814251,28.41796875
0.1,82.57471449602008,28.61328125
0.1,82.82928872389765,28.61328125
0.1,83.12623343985604,28.80859375
0.1,83.42317815581443,28.80859375
0.1,83.72012287177282,28.80859375
0.1,84.0170675877312,29.00390625
0.1,84.3140123036896,29.00390625
0.1,84.61095701964798,29.00390625
0.1,84.90790173560637,29.19921875
0.1,85.20484645156476,29.19921875
0.1,85.50179116752315,29.39453125
0.1,85.79873588348154,29.39453125
0.1,86.12932601648066,29.39453125
0.1,86.45991614947978,29.58984375
0.1,86.7905062824789,29.58984375
0.1,87.12109641547802,29.78515625
0.1,87.45168654847714,29.78515625
0.1,87.78227668147626,29.98046875
0.1,88.11286681447538,29.98046875
0.1,88.4434569474745,29.98046875
0.1,88.77404708047362,30.17578125
0.1,89.10463721347274,30.17578125
0.1,89.43522734647186,30.37109375
0.1,89.76581747947098,30.37109375
0.1,90.0964076124701,30.37109375
0.1,90.42699774546922,30.56640625
0.1,90.75758787846834,30.56640625
0.1,91.08817801146746,30.76171875
0.1,91.41876814446658,30.76171875
0.1,91.7493582774657,30.76171875
0.1,92.07994841046482,30.95703125
0.1,92.46663832895936,30.95703125
0.1,92.8533282474539,31.15234375
0.1,93.24001816594844,31.15234375
0.1,93.62670808444298,31.15234375
0.1,94.01339800293752,31.34765625
0.1,94.40008792143206,31.34765625
0.1,94.7867778399266,31.54296875
0.1,95.17346775842114,31.54296875
0.1,95.48462689538884,31.73828125
0.1,95.79578603235655,31.73828125
0.1,96.10694516932425,31.73828125
0.1,96.41810430629195,31.93359375
0.1,96.78086896357266,31.93359375
0.1,97.14363362085336,31.93359375
0.1,97.50639827813407,32.12890625
0.1,97.86916293541478,32.12890625
0.1,98.23192759269548,32.32421875
0.1,98.59469224997619,32.32421875
0.1,98.9574569072569,32.51953125
0.1,99.3202215645376,32.51953125
0.1,99.68298622181831,32.51953125
0.1,100.04575087909902,32.71484375
0.1,100.40851553637972,32.71484375
0.1,100.77128019366043,32.91015625
0.1,101.13404485094114,32.91015625
0.1,101.5554609501833,32.91015625
0.1,101.97687704942547,33.10546875
0.1,102.39829314866763,33.10546875
0.1,102.8197092479098,33.30078125
0.1,103.24112534715196,33.30078125
0.1,103.66254144639413,33.49609375
0.1,104.0839575456363,33.49609375
0.1,104.50537364487846,33.69140625
0.1,104.92678974412063,33.69140625
0.1,105.34820584336279,33.88671875
0.1,105.76962194260496,33.88671875
0.1,106.19103804184712,34.08203125
0.1,106.61245414108929,34.08203125
0.1,107.03387024033145,34.27734375
0.1,107.45528633957362,34.27734375
0.1,107.87670243881578,34.47265625
0.1,108.29811853805795,34.47265625
0.1,108.64731655911191,34.47265625
0.1,108.99651458016588,34.66796875
0.1,109.34571260121984,34.66796875
0.1,109.69491062227381,34.86328125
0.1,110.10843984968824,34.86328125
0.1,110.52196907710267,34.86328125
0.1,110.9354983045171,35.05859375
0.1,111.34902753193153,35.05859375
0.1,111.76255675934596,35.25390625
0.1,112.17608598676038,35.25390625
0.1,112.58961521417481,35.44921875
0.1,113.00314444158924,35.44921875
0.1,113.41667366900367,35.64453125
0.1,113.8302028964181,35.64453125
0.1,114.24373212383253,35.64453125
0.1,114.65726135124696,35.83984375
0.1,115.07079057866139,35.83984375
0.1,115.57334735527363,36.03515625
0.1,116.07590413188586,36.03515625
0.1,116.5784609084981,36.23046875
0.1,117.08101768511034,36.23046875
0.1,117.58357446172258,36.42578125
0.1,118.08613123833481,36.42578125
0.1,118.58868801494705,36.62109375
0.1,119.09124479155929,36.62109375
0.1,119.59380156817153,36.81640625
0.1,120.09635834478377,36.81640625
0.1,120.598915121396,37.01171875
0.1,121.10147189800824,37.01171875
0.1,121.60402867462048,37.20703125
0.1,122.10658545123272,37.20703125
0.1,122.60914222784496,37.40234375
0.1,123.1116990044572,37.40234375
0.1,123.61425578106943,37.59765625
0.1,124.11681255768167,37.59765625
0.1,124.6193693342939,37.79296875
0.1,125.12192611090614,37.79296875
0.1,125.62448288751838,37.98828125
0.1,126.12703966413062,37.98828125
0.1,126.62959644074286,38.18359375
0.1,127.1321532173551,38.18359375
0.1,127.63470999396733,38.37890625
0.1,128.13726677057957,38.37890625
0.1,128.6398235471918,38.57421875
0.1,129.14238032380405,38.57421875
0.1,129.64493710041629,38.76953125
0.1,130.14749387702852,38.76953125
0.1,130.65005065364076,38.96484375
0.1,131.152607430253,38.96484375
0.1,131.65516420686524,39.16015625
0.1,132.15772098347747,39.16015625
0.1,132.6602777600897,39.35546875
0.1,133.16283453670195,39.35546875
0.1,133.6653913133142,39.55078125
0.1,134.16794808992643,39.55078125
0.1,134.67050486653866,39.55078125
0.1,135.1730616431509,39.74609375
0.1,135.67561841976314,39.74609375
0.1,136.17817519637538,39.94140625
0.1,136.68073197298762,39.94140625
0.1,137.18328874959985,40.13671875
0.1,137.6858455262121,40.13671875
0.1,138.18840230282433,40.33203125
0.1,138.69095907943657,40.33203125
0.1,139.1935158560488,40.52734375
0.1,139.69607263266104,40.52734375
0.1,140.19862940927328,40.52734375
0.1,140.70118618588552,40.72265625
0.1,141.20374296249776,40.72265625
0.1,141.70629973911,40.91796875
0.1,142.20885651572223,40.91796875
0.1,142.71141329233447,41.11328125
0.1,143.2139700689467,41.11328125
0.1,143.71652684555895,41.11328125
0.1,144.21908362217118,41.30859375
0.1,144.72164039878342,41.30859375
0.1,145.22419717539566,41.50390625
0.1,145.7267539520079,41.50390625
0.1,146.22931072862013,41.69921875
0.1,146.73186750523237,41.69921875
0.1,147.12141725786364,41.69921875
0.1,147.18613204869715,41.69921875
0.1,147.25084683953065,41.89453125
0.1,147.31556163036416,41.89453125
0.1,147.4449912120312,41.89453125
0.1,147.57442079369824,41.89453125
0.1,147.70385037536528,41.89453125
0.1,148.03478876099217,41.89453125
0.1,148.36572714661907,41.89453125
0.1,148.69666553224596,42.08984375
0.1,149.11242230804984,42.08984375
0.1,149.52817908385373,42.08984375
0.1,149.9439358596576,42.28515625
0.1,150.3596926354615,42.28515625
0.1,150.82186450770473,42.28515625
0.1,151.28403637994796,42.48046875
0.1,151.7462082521912,42.48046875
0.1,152.20838012443443,42.67578125
0.1,152.67055199667766,42.67578125
0.1,153.1327238689209,42.67578125
0.1,153.59489574116412,42.87109375
0.1,154.05706761340736,42.87109375
0.1,154.5192394856506,42.87109375
0.1,154.98141135789382,43.06640625
0.1,155.5614478709353,43.06640625
0.1,156.14148438397677,43.26171875
0.1,156.72152089701825,43.26171875
0.1,157.30155741005973,43.45703125
0.1,157.8815939231012,43.45703125
0.1,158.46163043614268,43.65234375
0.1,159.04166694918416,43.65234375
0.1,159.69360777049184,43.65234375
0.1,160.3455485917995,43.84765625
0.1,160.9974894131072,43.84765625
0.1,161.64943023441487,44.04296875
0.1,162.30137105572254,44.04296875
0.1,162.95331187703022,44.23828125
0.1,163.6052526983379,44.23828125
0.1,164.25719351964557,44.43359375
0.1,164.90913434095324,44.43359375
0.1,165.56107516226092,44.62890625
0.1,166.2130159835686,44.62890625
0.1,166.86495680487627,44.82421875
0.1,167.51689762618395,44.82421875
0.1,168.250709682145,45.01953125
0.1,168.98452173810603,45.01953125
0.1,169.71833379406706,45.21484375
0.1,170.4521458500281,45.21484375
0.1,171.02907176603256,45.41015625
0.1,171.605997682037,45.41015625
0.1,172.18292359804147,45.41015625
0.1,172.75984951404592,45.60546875
0.1,173.41089958075574,45.60546875
0.1,174.06194964746555,45.60546875
0.1,174.71299971417537,45.80078125
0.1,175.36404978088518,45.80078125
0.1,176.015099847595,45.99609375
0.1,176.6661499143048,45.99609375
0.1,176.7659110536272,45.99609375
0.1,176.8656721929496,45.99609375
0.1,176.965433332272,45.99609375
0.1,177.0651944715944,45.99609375
0.1,177.26471675023922,45.99609375
0.1,177.46423902888404,46.19140625
0.1,177.66376130752886,46.19140625
0.1,178.14474491354267,46.19140625
0.1,178.62572851955647,46.19140625
0.1,179.10671212557028,46.19140625
0.1,179.72131502091307,46.38671875
0.1,180.33591791625585,46.38671875
0.1,180.95052081159864,46.58203125
0.1,181.56512370694142,46.58203125
0.1,182.1797266022842,46.58203125
0.1,182.794329497627,46.58203125
0.1,183.40893239296977,46.77734375
0.1,184.02353528831256,46.77734375
0.1,184.63813818365534,46.77734375
0.1,185.25274107899813,46.97265625
0.1,185.8673439743409,46.97265625
0.1,186.4819468696837,46.97265625
0.1,187.09654976502648,47.16796875
0.1,187.88409766372465,47.16796875
0.1,188.6716455624228,47.16796875
0.1,189.45919346112098,47.36328125
0.1,190.24674135981914,47.36328125
0.1,191.0342892585173,47.36328125
0.1,191.82183715721547,47.55859375
0.1,192.60938505591363,47.55859375
0.1,193.3969329546118,47.55859375
0.1,194.18448085330996,47.55859375
0.1,194.97202875200813,47.75390625
0.1,195.84922105422777,47.75390625
0.1,196.7264133564474,47.75390625
0.1,197.60360565866705,47.75390625
0.1,198.4807979608867,47.75390625
0.1,199.35799026310633,47.94921875
0.1,200.23518256532597,47.94921875
0.1,201.1123748675456,47.94921875
0.1,201.98956716976525,47.94921875
0.1,202.8667594719849,47.94921875
0.1,203.74395177420453,47.94921875
0.1,204.62114407642417,47.94921875
0.1,205.4983363786438,47.94921875
0.1,206.223479089618,47.94921875
0.1,206.94862180059218,47.94921875
0.1,207.67376451156636,47.94921875
0.1,208.39890722254054,47.94921875
0.1,209.12404993351473,47.94921875
0.1,209.8491926444889,47.94921875
0.1,210.5743353554631,48.14453125
0.1,211.29947806643727,48.14453125
0.1,212.02462077741146,48.14453125
0.1,212.6264109708684,48.14453125
0.1,213.22820116432533,48.33984375
0.1,213.82999135778226,48.33984375
0.1,214.4317815512392,48.33984375
0.1,215.03357174469613,48.53515625
0.1,215.63536193815307,48.53515625
0.1,216.23715213161,48.53515625
0.1,216.92876015599208,48.73046875
0.1,217.62036818037416,48.73046875
0.1,218.31197620475623,48.92578125
0.1,219.0035842291383,48.92578125
0.1,219.6951922535204,49.12109375
0.1,220.38680027790247,49.12109375
0.1,221.07840830228454,49.31640625
0.1,221.77001632666662,49.31640625
0.1,222.4616243510487,49.51171875
0.1,223.15323237543078,49.51171875
0.1,223.72405449008275,49.70703125
0.1,224.29487660473472,49.70703125
0.1,224.8656987193867,49.90234375
0.1,225.43652083403867,49.90234375
0.1,226.00734294869065,49.90234375
0.1,226.57816506334262,50.09765625
0.1,227.1489871779946,50.09765625
0.1,227.71980929264657,50.29296875
0.1,228.29063140729855,50.29296875
0.1,228.86145352195052,50.48828125
0.1,229.4322756366025,50.48828125
0.1,230.00309775125447,50.68359375
0.1,230.57391986590645,50.68359375
0.1,231.0481796441903,50.87890625
0.1,231.52243942247415,50.87890625
0.1,231.996699200758,50.87890625
0.1,232.47095897904185,51.07421875
0.1,232.99326320807646,51.07421875
0.1,233.51556743711106,51.26953125
0.1,234.03787166614566,51.26953125
0.1,234.56017589518027,51.46484375
0.1,235.08248012421487,51.46484375
0.1,235.5064566581077,51.46484375
0.1,235.93043319200055,51.66015625
0.1,236.3544097258934,51.66015625
0.1,236.77838625978623,51.85546875
0.1,237.20236279367907,51.85546875
0.1,237.6263393275719,51.85546875
0.1,238.05031586146475,52.05078125
0.1,238.4742923953576,52.05078125
0.1,238.89826892925043,52.05078125
0.1,239.32224546314328,52.24609375
0.1,239.74622199703612,52.24609375
0.1,240.17019853092896,52.44140625
0.1,240.5941750648218,52.44140625
0.1,241.01815159871464,52.44140625
0.1,241.44212813260748,52.63671875
0.1,241.86610466650032,52.63671875
0.1,242.37764003778267,52.63671875
0.1,242.88917540906502,52.83203125
0.1,243.40071078034737,52.83203125
0.1,243.91224615162972,53.02734375
0.1,244.42378152291207,53.02734375
0.1,244.93531689419441,53.22265625
0.1,245.44685226547676,53.22265625
0.1,245.9583876367591,53.41796875
0.1,246.46992300804146,53.41796875
0.1,246.9814583793238,53.61328125
0.1,247.49299375060616,53.61328125
0.1,248.0045291218885,53.61328125
0.1,248.51606449317086,53.80859375
0.1,249.0275998644532,53.80859375
0.1,249.53913523573556,54.00390625
0.1,250.0506706070179,54.00390625
0.1,250.56220597830026,54.19921875
0.1,251.0737413495826,54.19921875
0.1,251.58527672086495,54.39453125
0.1,252.0968120921473,54.39453125
0.1,252.60834746342965,54.58984375
0.1,253.119882834712,54.58984375
0.1,253.63141820599435,54.58984375
0.1,254.1429535772767,54.78515625
0.1,254.65448894855905,54.78515625
0.1,255.1660243198414,54.98046875
0.1,255.67755969112375,54.98046875
0.1,256.18909506240607,55.17578125
0.1,256.7006304336884,55.17578125
0.1,257.2121658049707,55.37109375
0.1,257.72370117625303,55.37109375
0.1,258.23523654753535,55.56640625
0.1,258.74677191881767,55.56640625
0.1,259.2583072901,55.56640625
0.1,259.7698426613823,55.76171875
0.1,260.28137803266463,55.76171875
0.1,260.79291340394695,55.95703125
0.1,261.3044487752293,55.95703125
0.1,261.8159841465116,56.15234375
0.1,262.3275195177939,56.15234375
0.1,262.83905488907624,56.34765625
0.1,263.35059026035856,56.34765625
0.1,263.8621256316409,56.54296875
0.1,264.3736610029232,56.54296875
0.1,264.8851963742055,56.54296875
0.1,265.39673174548784,56.73828125
0.1,265.90826711677016,56.73828125
0.1,266.4198024880525,56.93359375
0.1,266.9313378593348,56.93359375
0.1,267.4428732306171,57.12890625
0.1,267.95440860189944,57.12890625
0.1,268.46594397318177,57.32421875
0.1,268.9774793444641,57.32421875
0.1,269.4890147157464,57.51953125
0.1,270.0005500870287,57.51953125
0.1,270.51208545831105,57.51953125
0.1,271.02362082959337,57.71484375
0.1,271.5351562008757,57.71484375
0.1,272.046691572158,57.91015625
0.1,272.55822694344033,57.91015625
0.1,273.06976231472265,58.10546875
0.1,273.581297686005,58.10546875
0.1,274.0928330572873,58.30078125
0.1,274.6043684285696,58.30078125
0.1,275.11590379985194,58.49609375
0.1,275.62743917113426,58.49609375
0.1,276.1389745424166,58.69140625
0.1,276.6505099136989,58.69140625
0.1,277.1620452849812,58.69140625
0.1,277.67358065626354,58.88671875
0.1,278.18511602754586,58.88671875
0.1,278.6966513988282,59.08203125
0.1,279.2081867701105,59.08203125
0.1,279.7197221413928,59.27734375
0.1,280.23125751267514,59.27734375
0.1,280.74279288395746,59.47265625
0.1,281.2543282552398,59.47265625
0.1,281.7658636265221,59.66796875
0.1,282.2773989978044,59.66796875
0.1,282.78893436908675,59.66796875
0.1,283.30046974036907,59.86328125
0.1,283.8120051116514,59.86328125
0.1,284.3235404829337,60.05859375
0.1,284.83507585421603,60.05859375
0.1,285.34661122549835,60.25390625
0.1,285.85814659678067,60.25390625
0.1,286.369681968063,60.44921875
0.1,286.8812173393453,60.44921875
0.1,287.39275271062763,60.64453125
0.1,287.90428808190995,60.64453125
0.1,288.4158234531923,60.64453125
0.1,288.9273588244746,60.83984375
0.1,289.4388941957569,60.83984375
0.1,289.95042956703924,61.03515625
0.1,290.46196493832156,61.03515625
0.1,290.9735003096039,61.23046875
0.1,291.4850356808862,61.23046875
0.1,291.9965710521685,61.42578125
0.1,292.50810642345084,61.42578125
0.1,293.01964179473316,61.62109375
0.1,293.5311771660155,61.62109375
0.1,294.0427125372978,61.81640625
0.1,294.5542479085801,61.81640625
0.1,295.06578327986244,61.81640625
0.1,295.57731865114476,62.01171875
0.1,296.0888540224271,62.01171875
0.1,296.6003893937094,62.20703125
0.1,297.1119247649917,62.20703125
0.1,297.62346013627405,62.40234375
0.1,298.13499550755637,62.40234375
0.1,298.6465308788387,62.59765625
0.1,299.158066250121,62.59765625
0.1,299.66960162140333,62.79296875
0.1,300.18113699268565,62.79296875
0.1,300.692672363968,62.79296875
0.1,301.2042077352503,62.98828125
0.1,301.7157431065326,62.98828125
0.1,302.22727847781493,63.18359375
0.1,302.73881384909726,63.18359375
0.1,303.2503492203796,63.37890625
0.1,303.7618845916619,63.37890625
0.1,304.2734199629442,63.57421875
0.1,304.78495533422654,63.57421875
0.1,305.29649070550886,63.76953125
0.1,305.8080260767912,63.76953125
0.1,306.3195614480735,63.96484375
0.1,306.8310968193558,63.96484375
0.1,307.34263219063814,63.96484375
0.1,307.85416756192046,64.16015625
0.1,308.3657029332028,64.16015625
0.1,308.8772383044851,64.35546875
0.1,309.3887736757674,64.35546875
0.1,309.90030904704975,64.55078125
0.1,310.41184441833207,64.55078125
0.1,310.9233797896144,64.74609375
0.1,311.4349151608967,64.74609375
0.1,311.946450532179,64.94140625
0.1,312.45798590346135,64.94140625
0.1,312.96952127474367,64.94140625
0.1,313.481056646026,65.13671875
0.1,313.9925920173083,65.13671875
0.1,314.50412738859063,65.33203125
0.1,315.01566275987295,65.33203125
0.1,315.5271981311553,65.52734375
0.1,316.0387335024376,65.52734375
0.1,316.5502688737199,65.72265625
0.1,317.06180424500224,65.72265625
0.1,317.57333961628456,65.91796875
0.1,318.0848749875669,65.91796875
0.1,318.5964103588492,65.91796875
0.1,319.1079457301315,66.11328125
0.1,319.61948110141384,66.11328125
0.1,320.13101647269616,66.30859375
0.1,320.6425518439785,66.30859375
0.1,321.0679433097817,66.50390625
0.1,321.4933347755849,66.50390625
0.1,321.91872624138813,66.50390625
0.1,322.34411770719134,66.69921875
0.1,322.76950917299456,66.69921875
0.1,323.1949006387978,66.89453125
0.1,323.620292104601,66.89453125
0.1,324.0456835704042,66.89453125
0.1,324.4710750362074,67.08984375
0.1,324.89646650201064,67.08984375
0.1,325.37590038437935,67.28515625
0.1,325.85533426674806,67.28515625
0.1,326.33476814911677,67.28515625
0.1,326.8142020314855,67.48046875
0.1,327.2936359138542,67.48046875
0.1,327.7730697962229,67.67578125
0.1,328.2525036785916,67.67578125
0.1,328.7319375609603,67.87109375
0.1,329.211371443329,67.87109375
0.1,329.69080532569774,67.87109375
0.1,330.07800424594575,68.06640625
0.1,330.46520316619376,68.06640625
0.1,330.85240208644177,68.06640625
0.1,331.2396010066898,68.26171875
0.1,331.6267999269378,68.26171875
0.1,332.0139988471858,68.26171875
0.1,332.0729970778889,68.45703125
0.1,332.0830166211622,68.45703125
0.1,332.0930361644355,68.45703125
0.1,332.1130752509821,68.45703125
0.1,332.1331143375287,68.45703125
0.1,332.2293171926803,68.45703125
0.1,332.3255200478319,68.45703125
0.1,332.46793711052175,68.45703125
0.1,332.6103541732116,68.45703125
0.1,332.75277123590143,68.45703125
0.1,333.0164606416837,68.45703125
0.1,333.28015004746595,68.65234375
0.1,333.5438394532482,68.65234375
0.1,333.92614504149446,68.65234375
0.1,334.3084506297407,68.84765625
0.1,334.690756217987,68.84765625
0.1,335.0730618062332,68.84765625
0.1,335.54018755795437,69.04296875
0.1,336.0073133096755,69.04296875
0.1,336.47443906139665,69.04296875
0.1,336.9415648131178,69.23828125
0.1,337.40869056483893,69.23828125
0.1,337.7758789345017,69.43359375
0.1,338.14306730416445,69.43359375
0.1,338.5102556738272,69.43359375
0.1,338.87744404348996,69.62890625
0.1,339.2446324131527,69.62890625
0.1,339.61182078281547,69.62890625
0.1,339.9790091524782,69.82421875
0.1,340.4568697684754,69.82421875
0.1,340.93473038447263,69.82421875
0.1,341.41259100046983,70.01953125
0.1,341.89045161646703,70.01953125
0.1,342.36831223246423,70.21484375
0.1,342.84617284846144,70.21484375
0.1,343.32403346445864,70.41015625
0.1,343.80189408045584,70.41015625
0.1,344.27975469645304,70.41015625
0.1,344.75761531245024,70.60546875
0.1,345.23547592844744,70.60546875
0.1,345.71333654444464,70.80078125
0.1,346.19119716044185,70.80078125
0.1,346.66905777643905,70.99609375
0.1,347.14691839243625,70.99609375
0.1,347.62477900843345,70.99609375
0.1,348.10263962443065,71.19140625
0.1,348.58050024042785,71.19140625
0.1,349.05836085642505,71.38671875
0.1,349.5978831632763,71.38671875
0.1,350.1374054701276,71.58203125
0.1,350.67692777697886,71.58203125
0.1,351.2164500838301,71.77734375
0.1,351.7559723906814,71.77734375
0.1,352.29549469753266,71.97265625
0.1,352.83501700438393,71.97265625
0.1,353.3745393112352,72.16796875
0.1,353.91406161808646,72.16796875
0.1,354.45358392493773,72.36328125
0.1,354.993106231789,72.36328125
0.1,355.53262853864027,72.55859375
0.1,356.07215084549154,72.55859375
0.1,356.6116731523428,72.55859375
0.1,357.15119545919407,72.75390625
0.1,357.69071776604534,72.75390625
0.1,358.2302400728966,72.94921875
0.1,358.7697623797479,72.94921875
0.1,359.30928468659914,73.14453125
0.1,359.7317622649998,73.14453125
0.1,360.0644914568983,73.33984375
0.1,360.39722064879675,73.33984375
0.1,360.7299498406952,73.33984375
0.1,361.0626790325937,73.33984375
0.1,361.52130607231425,73.53515625
0.1,361.9799331120348,73.53515625
0.1,362.4385601517554,73.73046875
0.1,362.89718719147595,73.73046875
0.1,363.3558142311965,73.92578125
0.1,363.8144412709171,73.92578125
0.1,364.27306831063765,73.92578125
0.1,364.7316953503582,74.12109375
0.1,365.1903223900788,74.12109375
0.1,365.64894942979936,74.31640625
0.1,366.1075764695199,74.31640625
0.1,366.5662035092405,74.31640625
0.1,367.02483054896106,74.51171875
0.1,367.48345758868163,74.51171875
0.1,367.9420846284022,74.70703125
0.1,368.40071166812277,74.70703125
0.1,368.85933870784334,74.70703125
0.1,369.3179657475639,74.90234375
0.1,369.77659278728447,74.90234375
0.1,370.1549699112576,75.09765625
0.1,370.46901841305686,75.09765625
0.1,370.78306691485614,75.09765625
0.1,371.0971154166554,75.09765625
0.1,371.4111639184547,75.29296875
0.1,371.8071114918221,75.29296875
0.1,372.20305906518956,75.29296875
0.1,372.599006638557,75.48828125
0.1,372.99495421192444,75.48828125
0.1,373.3909017852919,75.48828125
0.1,373.7868493586593,75.68359375
0.1,374.18279693202675,75.68359375
0.1,374.6333893054601,75.87890625
0.1,375.0839816788935,75.87890625
0.1,375.5345740523269,75.87890625
0.1,375.98516642576027,76.07421875
0.1,376.43575879919365,76.07421875
0.1,376.88635117262703,76.26953125
0.1,377.3369435460604,76.26953125
0.1,377.7875359194938,76.26953125
0.1,378.2381282929272,76.46484375
0.1,378.68872066636055,76.46484375
0.1,379.13931303979393,76.66015625
0.1,379.2004199600547,76.66015625
0.1,379.2615268803155,76.66015625
0.1,379.3226338005763,76.66015625
0.1,379.44484764109785,76.66015625
0.1,379.5670614816194,76.66015625
0.1,379.689275322141,76.66015625
0.1,379.9886345600194,76.66015625
0.1,380.28799379789785,76.85546875
0.1,380.5873530357763,76.85546875
0.1,380.8867122736547,76.85546875
0.1,381.3671546921399,77.05078125
0.1,381.84759711062503,77.05078125
0.1,382.3280395291102,77.05078125
0.1,382.80848194759534,77.24609375
0.1,383.2889243660805,77.24609375
0.1,383.76936678456565,77.44140625
0.1,384.2498092030508,77.44140625
0.1,384.73025162153596,77.63671875
0.1,385.2106940400211,77.63671875
0.1,385.69113645850626,77.63671875
0.1,386.1715788769914,77.83203125
0.1,386.6520212954766,77.83203125
0.1,387.1324637139617,78.02734375
0.1,387.6129061324469,78.02734375
0.1,388.09334855093203,78.22265625
0.1,388.5737909694172,78.22265625
0.1,389.05423338790234,78.22265625
0.1,389.5346758063875,78.41796875
0.1,390.01511822487265,78.41796875
0.1,390.4955606433578,78.61328125
0.1,390.97600306184296,78.61328125
0.1,391.4564454803281,78.80859375
0.1,391.855066814486,78.80859375
0.1,392.2536881486439,78.80859375
0.1,392.6523094828018,79.00390625
0.1,393.0509308169597,79.00390625
0.1,393.4952629809884,79.00390625
0.1,393.9395951450171,79.19921875
0.1,394.3839273090458,79.19921875
0.1,394.8282594730745,79.39453125
0.1,395.27259163710323,79.39453125
0.1,395.71692380113194,79.39453125
0.1,396.16125596516065,79.58984375
0.1,396.60558812918936,79.58984375
0.1,397.04992029321807,79.78515625
0.1,397.4942524572468,79.78515625
0.1,397.9385846212755,79.78515625
0.1,398.3829167853042,79.98046875
0.1,398.8272489493329,79.98046875
0.1,399.2715811133616,80.17578125
0.1,399.7159132773903,80.17578125
0.1,400.160245441419,80.17578125
0.1,400.60457760544773,80.37109375
0.1,401.04890976947644,80.37109375
0.1,401.49324193350515,80.56640625
0.1,401.98899079968436,80.56640625
0.1,402.4847396658636,80.56640625
0.1,402.9804885320428,80.76171875
0.1,403.476237398222,80.76171875
0.1,403.9719862644012,80.95703125
0.1,404.4677351305804,80.95703125
0.1,404.96348399675963,81.15234375
0.1,405.45923286293885,81.15234375
0.1,405.95498172911806,81.34765625
0.1,406.4507305952973,81.34765625
0.1,406.9464794614765,81.34765625
0.1,407.4422283276557,81.54296875
0.1,407.9379771938349,81.54296875
0.1,408.4337260600141,81.73828125
0.1,408.92947492619334,81.73828125
0.1,409.42522379237255,81.93359375
0.1,409.92097265855176,81.93359375
0.1,410.416721524731,82.12890625
0.1,410.9124703909102,82.12890625
0.1,411.4082192570894,82.12890625
0.1,411.9039681232686,82.32421875
0.1,412.3997169894478,82.32421875
0.1,412.89546585562704,82.51953125
0.1,413.39121472180625,82.51953125
0.1,413.88696358798546,82.71484375
0.1,414.3827124541647,82.71484375
0.1,414.8784613203439,82.91015625
0.1,415.3742101865231,82.91015625
0.1,415.8699590527023,82.91015625
0.1,416.3657079188815,83.10546875
0.1,416.86145678506074,83.10546875
0.1,417.35720565123995,83.30078125
0.1,417.85295451741916,83.30078125
0.1,418.3487033835984,83.49609375
0.1,418.8444522497776,83.49609375
0.1,419.3402011159568,83.69140625
0.1,419.835949982136,83.69140625
0.1,420.3316988483152,83.69140625
0.1,420.82744771449444,83.88671875
0.1,421.32319658067365,83.88671875
0.1,421.81894544685287,84.08203125
0.1,422.3146943130321,84.08203125
0.1,422.8104431792113,84.27734375
0.1,423.3061920453905,84.27734375
0.1,423.8019409115697,84.47265625
0.1,424.29768977774893,84.47265625
0.1,424.79343864392814,84.47265625
0.1,425.28918751010735,84.66796875
0.1,425.78493637628657,84.66796875
0.1,426.2806852424658,84.86328125
0.1,426.776434108645,84.86328125
0.1,427.2721829748242,85.05859375
0.1,427.7679318410034,85.05859375
0.1,428.26368070718263,85.25390625
0.1,428.75942957336184,85.25390625
0.1,429.25517843954106,85.25390625
0.1,429.75092730572027,85.44921875
0.1,430.2466761718995,85.44921875
0.1,430.7424250380787,85.64453125
0.1,431.2381739042579,85.64453125
0.1,431.7339227704371,85.83984375
0.1,432.22967163661633,85.83984375
0.1,432.72542050279554,85.83984375
0.1,433.22116936897476,86.03515625
0.1,433.71691823515397,86.03515625
0.1,434.2126671013332,86.23046875
0.1,434.7084159675124,86.23046875
0.1,435.2041648336916,86.42578125
0.1,435.6999136998708,86.42578125
0.1,436.19566256605003,86.62109375
0.1,436.69141143222924,86.62109375
0.1,437.18716029840846,86.62109375
0.1,437.68290916458767,86.81640625
0.1,438.1786580307669,86.81640625
0.1,438.6744068969461,87.01171875
0.1,439.1701557631253,87.01171875
0.1,439.6659046293045,87.20703125
0.1,440.16165349548373,87.20703125
0.1,440.65740236166295,87.40234375
0.1,441.15315122784216,87.40234375
0.1,441.64890009402137,87.40234375
0.1,442.1446489602006,87.59765625
0.1,442.6403978263798,87.59765625
0.1,443.136146692559,87.79296875
0.1,443.6318955587382,87.79296875
0.1,444.12764442491743,87.98828125
0.1,444.62339329109665,87.98828125
0.1,445.11914215727586,88.18359375
0.1,445.6148910234551,88.18359375
0.1,446.1106398896343,88.18359375
0.1,446.6063887558135,88.37890625
0.1,447.1021376219927,88.37890625
0.1,447.5978864881719,88.57421875
0.1,448.09363535435114,88.57421875
0.1,448.58938422053035,88.76953125
0.1,449.08513308670956,88.76953125
0.1,449.5808819528888,88.96484375
0.1,450.076630819068,88.96484375
0.1,450.5723796852472,88.96484375
0.1,451.0681285514264,89.16015625
0.1,451.5638774176056,89.16015625
0.1,452.05962628378484,89.35546875
0.1,452.55537514996405,89.35546875
0.1,453.05112401614326,89.55078125
0.1,453.5468728823225,89.55078125
0.1,454.0426217485017,89.74609375
0.1,454.5383706146809,89.74609375
0.1,455.0341194808601,89.74609375
0.1,455.5298683470393,89.94140625
0.1,456.02561721321854,89.94140625
0.1,456.52136607939775,90.13671875
0.1,457.01711494557696,90.13671875
0.1,457.5128638117562,90.33203125
0.1,458.0086126779354,90.33203125
0.1,458.5043615441146,90.33203125
0.1,459.0001104102938,90.52734375
0.1,459.495859276473,90.52734375
0.1,459.99160814265224,90.72265625
0.1,460.48735700883145,90.72265625
0.1,460.98310587501066,90.91796875
0.1,461.4788547411899,90.91796875
0.1,461.9746036073691,91.11328125
0.1,462.4703524735483,91.11328125
0.1,462.9661013397275,91.11328125
0.1,463.4618502059067,91.30859375
0.1,463.95759907208594,91.30859375
0.1,464.45334793826515,91.50390625
0.1,464.94909680444437,91.50390625
0.1,465.4448456706236,91.69921875
0.1,465.9405945368028,91.69921875
0.1,466.436343402982,91.89453125
0.1,466.9320922691612,91.89453125
0.1,467.42784113534043,91.89453125
0.1,467.92359000151964,92.08984375
0.1,468.41933886769885,92.08984375
0.1,468.91508773387807,92.28515625
0.1,469.4108366000573,92.28515625
0.1,469.9065854662365,92.48046875
0.1,470.4023343324157,92.48046875
0.1,470.8980831985949,92.67578125
0.1,471.39383206477413,92.67578125
0.1,471.88958093095334,92.67578125
0.1,472.38532979713256,92.87109375
0.1,472.88107866331177,92.87109375
0.1,473.376827529491,93.06640625
0.1,473.8725763956702,93.06640625
0.1,474.3683252618494,93.26171875
0.1,474.8640741280286,93.26171875
0.1,475.35982299420783,93.45703125
0.1,475.85557186038704,93.45703125
0.1,476.35132072656626,93.45703125
0.1,476.84706959274547,93.65234375
0.1,477.3428184589247,93.65234375
0.1,477.8385673251039,93.84765625
0.1,478.3343161912831,93.84765625
0.1,478.8300650574623,94.04296875
0.1,479.32581392364153,94.04296875
0.1,479.82156278982075,94.04296875
0.1,480.31731165599996,94.23828125
0.1,480.81306052217917,94.23828125
0.1,481.3088093883584,94.43359375
0.1,481.8045582545376,94.43359375
0.1,482.3003071207168,94.62890625
0.1,482.796055986896,94.62890625
0.1,483.29180485307523,94.82421875
0.1,483.78755371925445,94.82421875
0.1,484.28330258543366,94.82421875
0.1,484.7790514516129,95.01953125
0.1,485.2748003177921,95.01953125
0.1,485.7705491839713,95.21484375
0.1,486.2662980501505,95.21484375
0.1,486.7620469163297,95.41015625
0.1,487.25779578250894,95.41015625
0.1,487.75354464868815,95.60546875
0.1,488.24929351486736,95.60546875
0.1,488.7450423810466,95.60546875
0.1,489.2407912472258,95.80078125
0.1,489.736540113405,95.80078125
0.1,490.2322889795842,95.99609375
0.1,490.7280378457634,95.99609375
0.1,491.22378671194264,96.19140625
0.1,491.71953557812185,96.19140625
0.1,492.21528444430106,96.38671875
0.1,492.7110333104803,96.38671875
0.1,493.2067821766595,96.38671875
0.1,493.7025310428387,96.58203125
0.1,494.1982799090179,96.58203125
0.1,494.6940287751971,96.77734375
0.1,495.18977764137634,96.77734375
0.1,495.68552650755555,96.97265625
0.1,496.18127537373476,96.97265625
0.1,496.677024239914,96.97265625
0.1,497.1727731060932,97.16796875
0.1,497.6685219722724,97.16796875
0.1,498.1642708384516,97.36328125
0.1,498.6600197046308,97.36328125
0.1,499.15576857081004,97.55859375
0.1,499.65151743698925,97.55859375
0.1,500.14726630316846,97.75390625
0.1,500.6430151693477,97.75390625
0.1,501.1387640355269,97.75390625
0.1,501.6345129017061,97.94921875
0.1,502.1302617678853,97.94921875
0.1,502.6260106340645,98.14453125
0.1,503.12175950024374,98.14453125
0.1,503.61750836642295,98.33984375
0.1,504.11325723260217,98.33984375
0.1,504.6090060987814,98.53515625
0.1,505.1047549649606,98.53515625
0.1,505.6005038311398,98.53515625
0.1,506.096252697319,98.73046875
0.1,506.59200156349823,98.73046875
0.1,507.08775042967744,98.92578125
0.1,507.58349929585665,98.92578125
0.1,508.07924816203587,99.12109375
0.1,508.5749970282151,99.12109375
0.1,509.0707458943943,99.31640625
0.1,509.5664947605735,99.31640625
0.1,510.0622436267527,99.31640625
0.1,510.55799249293193,99.51171875
0.1,511.05374135911114,99.51171875
0.1,511.54949022529036,99.70703125
0.1,512.0452390914695,99.70703125
0.1,512.5409879576487,99.90234375
0.1,513.0367368238278,99.90234375
0.1,513.532485690007,99.90234375
0.1,514.0282345561861,100.09765625
0.1,514.5239834223653,100.09765625
0.1,515.0197322885444,100.29296875
0.1,515.5154811547236,100.29296875
0.1,516.0112300209028,100.48828125
0.1,516.5069788870819,100.48828125
0.1,517.0027277532611,100.68359375
0.1,517.4984766194402,100.68359375
0.1,517.9942254856194,100.68359375
0.1,518.4899743517985,100.87890625
0.1,518.9857232179777,100.87890625
0.1,519.4814720841568,101.07421875
0.1,520.0275415915505,101.07421875
0.1,520.5736110989442,101.26953125
0.1,521.1196806063379,101.26953125
0.1,521.6657501137315,101.46484375
0.1,522.2118196211252,101.46484375
0.1,522.7578891285189,101.66015625
0.1,523.3039586359125,101.66015625
0.1,523.8500281433062,101.85546875
0.1,524.3960976506999,101.85546875
0.1,524.9421671580935,102.05078125
0.1,525.4882366654872,102.05078125
0.1,526.0343061728809,102.24609375
0.1,526.5803756802745,102.24609375
0.1,527.1264451876682,102.44140625
0.1,527.6725146950619,102.44140625
0.1,528.2185842024555,102.63671875
0.1,528.7646537098492,102.63671875
0.1,529.3107232172429,102.63671875
0.1,529.8567927246365,102.83203125
0.1,530.4028622320302,102.83203125
0.1,530.9489317394239,103.02734375
0.1,531.4950012468175,103.02734375
0.1,532.0410707542112,103.22265625
0.1,532.5871402616049,103.22265625
0.1,533.1332097689985,103.41796875
0.1,533.6792792763922,103.41796875
0.1,534.2253487837859,103.61328125
0.1,534.7714182911795,103.61328125
0.1,535.3174877985732,103.80859375
0.1,535.8635573059669,103.80859375
0.1,536.4096268133605,104.00390625
0.1,536.826757674608,104.00390625
0.1,537.1618670291463,104.00390625
0.1,537.4969763836846,104.19921875
0.1,537.8320857382229,104.19921875
0.1,538.1671950927612,104.19921875
0.1,538.6108147545249,104.39453125
0.1,539.0544344162886,104.39453125
0.1,539.4980540780523,104.58984375
0.1,539.941673739816,104.58984375
0.1,540.3852934015797,104.58984375
0.1,540.8289130633434,104.78515625
0.1,541.2725327251071,104.78515625
0.1,541.7161523868708,104.78515625
0.1,542.0786886437038,104.98046875
0.1,542.4412249005368,104.98046875
0.1,542.8037611573698,104.98046875
0.1,543.1662974142027,105.17578125
0.1,543.5949363396207,105.17578125
0.1,544.0235752650387,105.37109375
0.1,544.4522141904567,105.37109375
0.1,544.8808531158747,105.37109375
0.1,545.3625618669813,105.56640625
0.1,545.8442706180879,105.56640625
0.1,546.3259793691944,105.76171875
0.1,546.807688120301,105.76171875
0.1,547.2893968714076,105.76171875
0.1,547.7711056225141,105.95703125
0.1,548.2528143736207,105.95703125
0.1,548.7345231247273,106.15234375
0.1,549.2162318758338,106.15234375
0.1,549.6979406269404,106.34765625
0.1,550.179649378047,106.34765625
0.1,550.6613581291535,106.34765625
0.1,551.1430668802601,106.54296875
0.1,551.6247756313667,106.54296875
0.1,552.1064843824732,106.73828125
0.1,552.5881931335798,106.73828125
0.1,553.0699018846864,106.93359375
0.1,553.5516106357929,106.93359375
0.1,554.0333193868995,106.93359375
0.1,554.5150281380061,107.12890625
0.1,554.9967368891126,107.12890625
0.1,555.4784456402192,107.32421875
0.1,555.9601543913258,107.32421875
0.1,556.4418631424323,107.51953125
0.1,556.826555928765,107.51953125
0.1,557.2112487150976,107.51953125
0.1,557.5959415014302,107.71484375
0.1,557.9806342877628,107.71484375
0.1,558.3653270740954,107.71484375
0.1,558.750019860428,107.91015625
0.1,558.8070894836726,107.91015625
0.1,558.8160161998901,107.91015625
0.1,558.8249429161076,107.91015625
0.1,558.8427963485425,107.91015625
0.1,558.8606497809774,107.91015625
0.1,558.9629690950806,107.91015625
0.1,559.0652884091837,107.91015625
0.1,559.1676077232869,107.91015625
0.1,559.4336911095633,107.91015625
0.1,559.6997744958396,107.91015625
0.1,559.965857882116,108.10546875
0.1,560.3290533132063,108.10546875
0.1,560.6922487442965,108.10546875
0.1,561.0554441753868,108.30078125
0.1,561.4186396064771,108.30078125
0.1,561.823942561406,108.30078125
0.1,562.229245516335,108.49609375
0.1,562.634548471264,108.49609375
0.1,563.039851426193,108.49609375
0.1,563.4451543811219,108.69140625
0.1,563.8504573360509,108.69140625
0.1,564.2557602909799,108.69140625
0.1,564.6610632459088,108.88671875
0.1,565.0663662008378,108.88671875
0.1,565.4716691557668,108.88671875
0.1,565.940858227931,109.08203125
0.1,566.4100473000952,109.08203125
0.1,566.8792363722595,109.27734375
0.1,567.3484254444237,109.27734375
0.1,567.8176145165879,109.47265625
0.1,568.2868035887522,109.47265625
0.1,568.7559926609164,109.47265625
0.1,569.2251817330806,109.66796875
0.1,569.6943708052448,109.66796875
0.1,570.163559877409,109.86328125
0.1,570.6327489495733,109.86328125
0.1,571.1019380217375,109.86328125
0.1,571.5711270939017,110.05859375
0.1,572.040316166066,110.05859375
0.1,572.5095052382302,110.25390625
0.1,572.9786943103944,110.25390625
0.1,573.4478833825586,110.44921875
0.1,573.8123922700182,110.44921875
0.1,574.1769011574778,110.44921875
0.1,574.5414100449374,110.44921875
0.1,574.905918932397,110.64453125
0.1,575.3094359429663,110.64453125
0.1,575.7129529535356,110.83984375
0.1,576.1164699641049,110.83984375
0.1,576.5199869746742,110.83984375
0.1,576.9235039852435,111.03515625
0.1,577.3270209958129,111.03515625
0.1,577.7305380063822,111.03515625
0.1,578.2095420792929,111.23046875
0.1,578.6885461522036,111.23046875
0.1,579.1675502251143,111.42578125
0.1,579.646554298025,111.42578125
0.1,580.0402600697582,111.42578125
0.1,580.4339658414915,111.62109375
0.1,580.8276716132248,111.62109375
0.1,581.221377384958,111.62109375
0.1,581.7154343610912,111.81640625
0.1,582.2094913372243,111.81640625
0.1,582.7035483133575,112.01171875
0.1,583.1976052894906,112.01171875
0.1,583.6916622656238,112.20703125
0.1,584.1419530877574,112.20703125
0.1,584.5100009241913,112.20703125
0.1,584.8780487606252,112.40234375
0.1,585.2460965970591,112.40234375
0.1,585.614144433493,112.40234375
0.1,586.0341607362097,112.59765625
0.1,586.4541770389264,112.59765625
0.1,586.8741933416431,112.59765625
0.1,587.2942096443599,112.79296875
0.1,587.7989249788855,112.79296875
0.1,588.303640313411,112.98828125
0.1,588.3795699901158,112.98828125
0.1,588.3945646375885,112.98828125
0.1,588.4095592850612,112.98828125
0.1,588.4245539325339,112.98828125
0.1,588.4545432274792,112.98828125
0.1,588.4845325224246,112.98828125
0.1,588.6139480839176,112.98828125
0.1,588.7433636454107,112.98828125
0.1,588.8727792069037,112.98828125
0.1,589.1662056521766,112.98828125
0.1,589.4596320974495,113.18359375
0.1,589.7530585427223,113.18359375
0.1,590.1253994723598,113.18359375
0.1,590.4977404019974,113.37890625
0.1,590.8700813316349,113.37890625
0.1,591.2424222612724,113.37890625
0.1,591.6147631909099,113.57421875
0.1,591.9871041205474,113.57421875
0.1,592.359445050185,113.57421875
0.1,592.7317859798225,113.76953125
0.1,593.10412690946,113.76953125
0.1,593.4764678390975,113.76953125
0.1,593.848808768735,113.76953125
0.1,594.2211496983725,113.96484375
0.1,594.59349062801,113.96484375
0.1,595.0058716782605,114.16015625
0.1,595.418252728511,114.16015625
0.1,595.8306337787615,114.16015625
0.1,596.2430148290119,114.35546875
0.1,596.6553958792624,114.35546875
0.1,597.0677769295129,114.35546875
0.1,597.4801579797634,114.55078125
0.1,597.8925390300138,114.55078125
0.1,598.3049200802643,114.55078125
0.1,598.7173011305148,114.74609375
0.1,599.256199814163,114.74609375
0.1,599.7950984978112,114.94140625
0.1,600.3339971814594,114.94140625
0.1,600.8728958651076,115.13671875
0.1,601.4117945487558,115.13671875
0.1,601.950693232404,115.33203125
0.1,602.4895919160522,115.33203125
0.1,603.0284905997004,115.52734375
0.1,603.5673892833486,115.52734375
0.1,604.1062879669968,115.52734375
0.1,604.645186650645,115.72265625
0.1,605.1840853342932,115.72265625
0.1,605.7229840179414,115.91796875
0.1,606.2618827015896,115.91796875
0.1,606.8007813852378,116.11328125
0.1,607.339680068886,116.11328125
0.1,607.8785787525342,116.30859375
0.1,608.4174774361824,116.30859375
0.1,608.9563761198306,116.50390625
0.1,609.4952748034788,116.50390625
0.1,610.034173487127,116.69921875
0.1,610.5730721707752,116.69921875
0.1,611.1119708544234,116.89453125
0.1,611.6508695380716,116.89453125
0.1,612.1897682217198,117.08984375
0.1,612.728666905368,117.08984375
0.1,613.2675655890162,117.28515625
0.1,613.8064642726644,117.28515625
0.1,614.3453629563126,117.28515625
0.1,614.8842616399608,117.48046875
0.1,615.423160323609,117.48046875
0.1,615.9620590072572,117.67578125
0.1,616.5009576909054,117.67578125
0.1,617.0398563745536,117.87109375
0.1,617.5787550582018,117.87109375
0.1,618.11765374185,118.06640625
0.1,618.6565524254981,118.06640625
0.1,619.1954511091463,118.26171875
0.1,619.7343497927945,118.26171875
0.1,620.2732484764427,118.45703125
0.1,620.812147160091,118.45703125
0.1,621.3510458437391,118.65234375
0.1,621.8899445273873,118.65234375
0.1,622.4288432110355,118.84765625
0.1,622.9677418946837,118.84765625
0.1,623.5066405783319,118.84765625
0.1,624.0455392619801,119.04296875
0.1,624.5844379456283,119.04296875
0.1,625.1233366292765,119.23828125
0.1,625.6622353129247,119.23828125
0.1,626.2011339965729,119.43359375
0.1,626.7400326802211,119.43359375
0.1,627.2789313638693,119.62890625
0.1,627.8178300475175,119.62890625
0.1,628.3567287311657,119.82421875
0.1,628.8956274148139,119.82421875
0.1,629.4345260984621,120.01953125
0.1,629.9734247821103,120.01953125
0.1,630.5123234657585,120.21484375
0.1,631.0512221494067,120.21484375
0.1,631.5901208330549,120.21484375
0.1,632.1290195167031,120.41015625
0.1,632.6679182003513,120.41015625
0.1,633.2068168839995,120.60546875
0.1,633.7457155676477,120.60546875
0.1,634.2846142512959,120.80078125
0.1,634.8235129349441,120.80078125
0.1,635.3624116185923,120.99609375
0.1,635.9013103022405,120.99609375
0.1,636.4402089858887,121.19140625
0.1,636.9791076695369,121.19140625
0.1,637.5180063531851,121.38671875
0.1,638.0569050368333,121.38671875
0.1,638.5958037204815,121.58203125
0.1,639.1347024041297,121.58203125
0.1,639.6736010877779,121.77734375
0.1,640.2124997714261,121.77734375
0.1,640.7513984550743,121.77734375
0.1,641.2902971387225,121.97265625
0.1,641.8291958223707,121.97265625
0.1,642.3680945060189,122.16796875
0.1,642.9069931896671,122.16796875
0.1,643.4458918733153,122.36328125
0.1,643.9847905569635,122.36328125
0.1,644.5236892406117,122.55859375
0.1,645.0625879242599,122.55859375
0.1,645.6014866079081,122.75390625
0.1,646.1403852915563,122.75390625
0.1,646.6792839752045,122.94921875
0.1,647.2181826588527,122.94921875
0.1,647.7570813425009,123.14453125
0.1,648.2959800261491,123.14453125
0.1,648.8348787097973,123.14453125
0.1,649.3737773934455,123.33984375
0.1,649.9126760770937,123.33984375
0.1,650.4515747607419,123.53515625
0.1,650.9904734443901,123.53515625
0.1,651.5293721280383,123.73046875
0.1,652.0682708116865,123.73046875
0.1,652.6071694953347,123.92578125
0.1,653.1460681789829,123.92578125
0.1,653.6849668626311,124.12109375
0.1,654.2238655462793,124.12109375
0.1,654.7627642299275,124.31640625
0.1,655.3016629135757,124.31640625
0.1,655.8405615972239,124.51171875
0.1,656.3794602808721,124.51171875
0.1,656.9183589645203,124.51171875
0.1,657.4572576481685,124.70703125
0.1,657.9961563318167,124.70703125
0.1,658.5350550154649,124.90234375
0.1,659.0739536991131,124.90234375
0.1,659.6128523827613,125.09765625
0.1,660.1517510664095,125.09765625
0.1,660.6906497500577,125.29296875
0.1,661.2295484337059,125.29296875
0.1,661.7684471173541,125.48828125
0.1,662.3073458010023,125.48828125
0.1,662.8462444846505,125.68359375
0.1,663.3851431682987,125.68359375
0.1,663.9240418519469,125.87890625
0.1,664.4629405355951,125.87890625
0.1,665.0018392192433,125.87890625
0.1,665.5407379028915,126.07421875
0.1,666.0796365865397,126.07421875
0.1,666.6185352701879,126.26953125
0.1,667.1574339538361,126.26953125
0.1,667.6963326374843,126.46484375
0.1,668.2352313211325,126.46484375
0.1,668.7741300047807,126.66015625
0.1,669.3130286884289,126.66015625
0.1,669.8519273720771,126.85546875
0.1,670.3908260557253,126.85546875
0.1,670.9297247393735,127.05078125
0.1,671.4686234230217,127.05078125
0.1,672.0075221066699,127.05078125
0.1,672.546420790318,127.24609375
0.1,673.0853194739663,127.24609375
0.1,673.6242181576145,127.44140625
0.1,674.1631168412626,127.44140625
0.1,674.7020155249108,127.63671875
0.1,675.240914208559,127.63671875
0.1,675.7798128922072,127.83203125
0.1,676.3187115758554,127.83203125
0.1,676.8576102595036,128.02734375
0.1,677.3965089431518,128.02734375
0.1,677.9354076268,128.22265625
0.1,678.4743063104482,128.22265625
0.1,679.0132049940964,128.22265625
0.1,679.5521036777446,128.41796875
0.1,680.0910023613928,128.41796875
0.1,680.629901045041,128.61328125
0.1,681.1687997286892,128.61328125
0.1,681.7076984123374,128.80859375
0.1,682.2465970959856,128.80859375
0.1,682.7854957796338,129.00390625
0.1,683.324394463282,129.00390625
0.1,683.8632931469302,129.19921875
0.1,684.4021918305784,129.19921875
0.1,684.9410905142266,129.39453125
0.1,685.4799891978748,129.39453125
0.1,686.018887881523,129.39453125
0.1,686.5577865651712,129.58984375
0.1,687.0966852488194,129.58984375
0.1,687.6355839324676,129.78515625
0.1,688.1744826161158,129.78515625
0.1,688.713381299764,129.98046875
0.1,689.2522799834122,129.98046875
0.1,689.7911786670604,130.17578125
0.1,690.3300773507086,130.17578125
0.1,690.8689760343568,130.37109375
0.1,691.407874718005,130.37109375
0.1,691.9467734016532,130.56640625
0.1,692.4856720853014,130.56640625
0.1,693.0245707689496,130.56640625
0.1,693.5634694525978,130.76171875
0.1,694.102368136246,130.76171875
0.1,694.6412668198942,130.95703125
0.1,695.1801655035424,130.95703125
0.1,695.7190641871906,131.15234375
0.1,696.2579628708388,131.15234375
0.1,696.796861554487,131.34765625
0.1,697.3357602381352,131.34765625
0.1,697.8746589217834,131.54296875
0.1,698.4135576054316,131.54296875
0.1,698.9524562890798,131.54296875
0.1,699.491354972728,131.73828125
0.1,700.0302536563762,131.73828125
0.1,700.5691523400244,131.93359375
0.1,701.1080510236726,131.93359375
0.1,701.6469497073208,132.12890625
0.1,702.185848390969,132.12890625
0.1,702.7247470746172,132.32421875
0.1,703.2636457582654,132.32421875
0.1,703.8025444419136,132.51953125
0.1,704.3414431255618,132.51953125
0.1,704.88034180921,132.71484375
0.1,705.4192404928582,132.71484375
0.1,705.9581391765064,132.71484375
0.1,706.4970378601546,132.91015625
0.1,707.0359365438028,132.91015625
0.1,707.574835227451,133.10546875
0.1,708.1137339110992,133.10546875
0.1,708.6526325947474,133.30078125
0.1,709.1915312783956,133.30078125
0.1,709.7304299620438,133.49609375
0.1,710.269328645692,133.49609375
0.1,710.8082273293402,133.69140625
0.1,711.3471260129884,133.69140625
0.1,711.8860246966366,133.69140625
0.1,712.4249233802848,133.88671875
0.1,712.963822063933,133.88671875
0.1,713.5027207475812,134.08203125
0.1,714.0416194312294,134.08203125
0.1,714.5805181148776,134.27734375
0.1,715.1194167985258,134.27734375
0.1,715.658315482174,134.47265625
0.1,716.1972141658222,134.47265625
0.1,716.7361128494704,134.66796875
0.1,717.2750115331186,134.66796875
0.1,717.8139102167668,134.66796875
0.1,718.352808900415,134.86328125
0.1,718.8917075840632,134.86328125
0.1,719.4306062677114,135.05859375
0.1,719.9695049513596,135.05859375
0.1,720.5084036350078,135.25390625
0.1,721.047302318656,135.25390625
0.1,721.5862010023042,135.44921875
0.1,722.1250996859524,135.44921875
0.1,722.6639983696006,135.64453125
0.1,723.2028970532488,135.64453125
0.1,723.741795736897,135.64453125
0.1,724.2806944205452,135.83984375
0.1,724.8195931041934,135.83984375
0.1,725.3584917878416,136.03515625
0.1,725.8973904714898,136.03515625
0.1,726.436289155138,136.23046875
0.1,726.9751878387862,136.23046875
0.1,727.5140865224344,136.42578125
0.1,728.0529852060826,136.42578125
0.1,728.5918838897308,136.42578125
0.1,729.130782573379,136.62109375
0.1,729.6696812570272,136.62109375
0.1,730.2085799406753,136.81640625
0.1,730.7474786243235,136.81640625
0.1,731.2863773079717,137.01171875
0.1,731.82527599162,137.01171875
0.1,732.3641746752681,137.20703125
0.1,732.9030733589163,137.20703125
0.1,733.4419720425645,137.40234375
0.1,733.9808707262127,137.40234375
0.1,734.5197694098609,137.40234375
0.1,735.0586680935091,137.59765625
0.1,735.5975667771573,137.59765625
0.1,736.1364654608055,137.79296875
0.1,736.6753641444537,137.79296875
0.1,737.2142628281019,137.98828125
0.1,737.7531615117501,137.98828125
0.1,738.2920601953983,138.18359375
0.1,738.8309588790465,138.18359375
0.1,739.3698575626947,138.37890625
0.1,739.9087562463429,138.37890625
0.1,740.4476549299911,138.37890625
0.1,740.9865536136393,138.57421875
0.1,741.5254522972875,138.57421875
0.1,742.0643509809357,138.76953125
0.1,742.6032496645839,138.76953125
0.1,743.1421483482321,138.96484375
0.1,743.6810470318803,138.96484375
0.1,744.2199457155285,139.16015625
0.1,744.7588443991767,139.16015625
0.1,745.2977430828249,139.16015625
0.1,745.8366417664731,139.35546875
0.1,746.3755404501213,139.35546875
0.1,746.9144391337695,139.55078125
0.1,747.4533378174177,139.55078125
0.1,747.9922365010659,139.74609375
0.1,748.5311351847141,139.74609375
0.1,749.0700338683623,139.94140625
0.1,749.6089325520105,139.94140625
0.1,750.1478312356587,139.94140625
0.1,750.6867299193069,140.13671875
0.1,751.2256286029551,140.13671875
0.1,751.7645272866033,140.33203125
0.1,752.3034259702515,140.33203125
0.1,752.8423246538997,140.52734375
0.1,753.3812233375479,140.52734375
0.1,753.9201220211961,140.72265625
0.1,754.4590207048443,140.72265625
0.1,754.9979193884925,140.72265625
0.1,755.5368180721407,140.91796875
0.1,756.0757167557889,140.91796875
0.1,756.6146154394371,141.11328125
0.1,757.1535141230853,141.11328125
0.1,757.6924128067335,141.30859375
0.1,758.2313114903817,141.30859375
0.1,758.7702101740299,141.50390625
0.1,759.3091088576781,141.50390625
0.1,759.8480075413263,141.50390625
0.1,760.3869062249745,141.69921875
0.1,760.9258049086227,141.69921875
0.1,761.4647035922709,141.89453125
0.1,762.0036022759191,141.89453125
0.1,762.5425009595673,142.08984375
0.1,763.0813996432155,142.08984375
0.1,763.6202983268637,142.28515625
0.1,764.1591970105119,142.28515625
0.1,764.6980956941601,142.28515625
0.1,765.2369943778083,142.48046875
0.1,765.7758930614565,142.48046875
0.1,766.3147917451047,142.67578125
0.1,766.8536904287529,142.67578125
0.1,767.3925891124011,142.87109375
0.1,767.9314877960493,142.87109375
0.1,768.4703864796975,143.06640625
0.1,769.0092851633457,143.06640625
0.1,769.5481838469939,143.06640625
0.1,770.0870825306421,143.26171875
0.1,770.6259812142903,143.26171875
0.1,771.1648798979385,143.45703125
0.1,771.7037785815867,143.45703125
0.1,772.2426772652349,143.65234375
0.1,772.7815759488831,143.65234375
0.1,773.3204746325313,143.84765625
0.1,773.8593733161795,143.84765625
0.1,774.3982719998277,143.84765625
0.1,774.9371706834759,144.04296875
0.1,775.4760693671241,144.04296875
0.1,776.0149680507723,144.23828125
0.1,776.5538667344205,144.23828125
0.1,777.0927654180687,144.43359375
0.1,777.6316641017169,144.43359375
0.1,778.1705627853651,144.43359375
0.1,778.7094614690133,144.62890625
0.1,779.2483601526615,144.62890625
0.1,779.7872588363097,144.82421875
0.1,780.3261575199579,144.82421875
0.1,780.8650562036061,145.01953125
0.1,781.4039548872543,145.01953125
0.1,781.9428535709025,145.21484375
0.1,782.4817522545507,145.21484375
0.1,783.0206509381989,145.21484375
0.1,783.559549621847,145.41015625
0.1,784.0984483054953,145.41015625
0.1,784.6373469891435,145.60546875
0.1,785.1762456727917,145.60546875
0.1,785.7151443564399,145.80078125
0.1,786.254043040088,145.80078125
0.1,786.7929417237362,145.80078125
0.1,787.3318404073844,145.99609375
0.1,787.8707390910326,145.99609375
0.1,788.4096377746808,146.19140625
0.1,788.948536458329,146.19140625
0.1,789.4874351419772,146.38671875
0.1,790.0263338256254,146.38671875
0.1,790.5652325092736,146.58203125
0.1,791.1041311929218,146.58203125
0.1,791.64302987657,146.58203125
0.1,792.1819285602182,146.77734375
0.1,792.7208272438664,146.77734375
0.1,793.2597259275146,146.97265625
0.1,793.7986246111628,146.97265625
0.1,794.337523294811,147.16796875
0.1,794.8764219784592,147.16796875
0.1,795.4153206621074,147.16796875
0.1,795.9542193457556,147.36328125
0.1,796.4931180294038,147.36328125
0.1,797.032016713052,147.55859375
0.1,797.5709153967002,147.55859375
0.1,798.1098140803484,147.75390625
0.1,798.6487127639966,147.75390625
0.1,799.1876114476448,147.94921875
0.1,799.726510131293,147.94921875
0.1,800.2654088149412,147.94921875
0.1,800.8043074985894,148.14453125
0.1,801.3432061822376,148.14453125
0.1,801.8821048658858,148.33984375
0.1,802.421003549534,148.33984375
0.1,802.9599022331822,148.53515625
0.1,803.4988009168304,148.53515625
0.1,804.0376996004786,148.53515625
0.1,804.5765982841268,148.73046875
0.1,805.1739514124522,148.73046875
0.1,805.7713045407776,148.92578125
0.1,806.368657669103,148.92578125
0.1,806.9660107974283,149.12109375
0.1,807.5633639257537,149.12109375
0.1,808.1607170540791,149.31640625
0.1,808.7580701824045,149.31640625
0.1,809.3554233107299,149.51171875
0.1,809.9527764390552,149.51171875
0.1,810.5501295673806,149.70703125
0.1,811.147482695706,149.70703125
0.1,811.7448358240314,149.90234375
0.1,812.3421889523568,149.90234375
0.1,812.9395420806821,150.09765625
0.1,813.5368952090075,150.09765625
0.1,814.1342483373329,150.09765625
0.1,814.7316014656583,150.29296875
0.1,815.3289545939837,150.29296875
0.1,815.926307722309,150.48828125
0.1,816.5236608506344,150.48828125
0.1,817.1210139789598,150.68359375
0.1,817.7183671072852,150.68359375
0.1,818.3157202356106,150.87890625
0.1,818.913073363936,150.87890625
0.1,819.5104264922613,151.07421875
0.1,819.9706893187796,151.07421875
0.1,820.3530869344703,151.07421875
0.1,820.735484550161,151.26953125
0.1,821.1178821658517,151.26953125
0.1,821.5002797815424,151.26953125
0.1,821.9835730012046,151.46484375
0.1,822.4668662208668,151.46484375
0.1,822.950159440529,151.46484375
0.1,823.4334526601912,151.66015625
0.1,823.9167458798534,151.66015625
0.1,824.4000390995155,151.85546875
0.1,824.8833323191777,151.85546875
0.1,825.3666255388399,151.85546875
0.1,825.8499187585021,152.05078125
0.1,826.3332119781643,152.05078125
0.1,826.8165051978265,152.24609375
0.1,827.2997984174887,152.24609375
0.1,827.7830916371508,152.24609375
0.1,828.266384856813,152.44140625
0.1,828.7496780764752,152.44140625
0.1,829.2329712961374,152.44140625
0.1,829.7162645157996,152.63671875
0.1,830.1995577354618,152.63671875
0.1,830.682850955124,152.83203125
0.1,831.2989121783352,152.83203125
0.1,831.9149734015464,153.02734375
0.1,832.5310346247576,153.02734375
0.1,833.1470958479688,153.22265625
0.1,833.76315707118,153.22265625
0.1,834.3792182943912,153.22265625
0.1,834.9952795176024,153.41796875
0.1,835.6113407408136,153.41796875
0.1,836.2274019640248,153.61328125
0.1,836.843463187236,153.61328125
0.1,837.4595244104472,153.80859375
0.1,837.5522183024406,153.80859375
0.1,837.5700066320301,153.80859375
0.1,837.5877949616196,153.80859375
0.1,837.6055832912091,153.80859375
0.1,837.6411599503882,153.80859375
0.1,837.6767366095673,153.80859375
0.1,837.7859102018773,153.80859375
0.1,837.8950837941873,153.80859375
0.1,838.0636148844458,153.80859375
0.1,838.2321459747043,154.00390625
0.1,838.4006770649628,154.00390625
0.1,838.7241195310709,154.00390625
0.1,839.047561997179,154.00390625
0.1,839.371004463287,154.00390625
0.1,839.8091623414894,154.19921875
0.1,840.2473202196917,154.19921875
0.1,840.685478097894,154.19921875
0.1,841.1236359760964,154.39453125
0.1,841.5617938542987,154.39453125
0.1,841.999951732501,154.39453125
0.1,842.4381096107033,154.58984375
0.1,842.8762674889057,154.58984375
0.1,843.314425367108,154.58984375
0.1,843.7525832453103,154.78515625
0.1,844.3300818634051,154.78515625
0.1,844.9075804814998,154.98046875
0.1,845.4850790995946,154.98046875
0.1,846.0625777176894,155.17578125
0.1,846.6400763357841,155.17578125
0.1,847.2175749538789,155.37109375
0.1,847.7950735719736,155.37109375
0.1,848.2694585932397,155.37109375
0.1,848.7438436145059,155.56640625
0.1,849.218228635772,155.56640625
0.1,849.6926136570381,155.56640625
0.1,850.1669986783043,155.76171875
0.1,850.6413836995704,155.76171875
0.1,851.0154905771692,155.76171875
0.1,851.389597454768,155.95703125
0.1,851.7637043323668,155.95703125
0.1,852.1378112099657,155.95703125
0.1,852.5119180875645,156.15234375
0.1,852.8860249651633,156.15234375
0.1,853.2601318427621,156.15234375
0.1,853.7936459197617,156.34765625
0.1,854.3271599967613,156.34765625
0.1,854.860674073761,156.34765625
0.1,855.3941881507606,156.54296875
0.1,855.9277022277602,156.54296875
0.1,856.4612163047598,156.73828125
0.1,856.9947303817594,156.73828125
0.1,857.528244458759,156.93359375
0.1,858.0617585357586,156.93359375
0.1,858.5952726127582,156.93359375
0.1,859.1287866897578,157.12890625
0.1,859.6623007667574,157.12890625
0.1,860.195814843757,157.32421875
0.1,860.7293289207566,157.32421875
0.1,861.2628429977563,157.32421875
0.1,861.7963570747559,157.51953125
0.1,862.3298711517555,157.51953125
0.1,862.4109381165686,157.51953125
0.1,862.4920050813816,157.51953125
0.1,862.5730720461947,157.51953125
0.1,862.6541390110078,157.51953125
0.1,862.7810887709572,157.71484375
0.1,862.9080385309067,157.71484375
0.1,863.0349882908561,157.71484375
0.1,863.4358319037763,157.71484375
0.1,863.8366755166965,157.71484375
0.1,864.2375191296167,157.91015625
0.1,864.7049438904191,157.91015625
0.1,865.1723686512216,157.91015625
0.1,865.6397934120241,158.10546875
0.1,866.1072181728266,158.10546875
0.1,866.5746429336291,158.10546875
0.1,867.0420676944316,158.30078125
0.1,867.5094924552341,158.30078125
0.1,868.0422376927753,158.49609375
0.1,868.5749829303165,158.49609375
0.1,869.0074590366111,158.49609375
0.1,869.4399351429056,158.69140625
0.1,869.8724112492001,158.69140625
0.1,870.3048873554947,158.69140625
0.1,870.8417460513892,158.88671875
0.1,871.275137189951,158.88671875
0.1,871.620127510462,158.88671875
0.1,871.965117830973,159.08203125
0.1,872.310108151484,159.08203125
0.1,872.655098471995,159.08203125
0.1,873.1665260839162,159.27734375
0.1,873.6779536958375,159.27734375
0.1,874.1893813077587,159.27734375
0.1,874.70080891968,159.47265625
0.1,875.2122365316012,159.47265625
0.1,875.7236641435225,159.47265625
0.1,876.2350917554437,159.66796875
0.1,876.746519367365,159.66796875
0.1,877.2579469792862,159.86328125
0.1,877.3299512053859,159.86328125
0.1,877.4019554314856,159.86328125
0.1,877.4739596575853,159.86328125
0.1,877.545963883685,159.86328125
0.1,877.6899723358844,159.86328125
0.1,877.8339807880837,159.86328125
0.1,877.9779892402831,159.86328125
0.1,878.3097580229382,159.86328125
0.1,878.6415268055933,160.05859375
0.1,878.9732955882484,160.05859375
0.1,879.3913456647831,160.05859375
0.1,879.8093957413178,160.25390625
0.1,880.2274458178524,160.25390625
0.1,880.6454958943871,160.25390625
0.1,881.0635459709217,160.44921875
0.1,881.4815960474564,160.44921875
0.1,881.899646123991,160.44921875
0.1,882.3176962005257,160.64453125
0.1,882.7357462770603,160.64453125
0.1,883.153796353595,160.64453125
0.1,883.5718464301297,160.64453125
0.1,883.9898965066643,160.83984375
0.1,884.407946583199,160.83984375
0.1,884.8731174723681,160.83984375
0.1,885.3382883615373,161.03515625
0.1,885.8034592507064,161.03515625
0.1,886.2686301398755,161.03515625
0.1,886.7338010290447,161.23046875
0.1,887.1989719182138,161.23046875
0.1,887.664142807383,161.42578125
0.1,888.1293136965521,161.42578125
0.1,888.5944845857213,161.42578125
0.1,889.0596554748904,161.62109375
0.1,889.5248263640595,161.62109375
0.1,889.9899972532287,161.62109375
0.1,890.4551681423978,161.81640625
0.1,891.0144816333419,161.81640625
0.1,891.573795124286,161.81640625
0.1,892.1331086152301,162.01171875
0.1,892.6924221061741,162.01171875
0.1,893.2517355971182,162.20703125
0.1,893.8110490880623,162.20703125
0.1,894.3703625790064,162.40234375
0.1,894.9296760699505,162.40234375
0.1,895.3853303480905,162.40234375
0.1,895.8409846262306,162.59765625
0.1,896.2966389043706,162.59765625
0.1,896.7522931825107,162.59765625
0.1,897.2561038591931,162.79296875
0.1,897.7599145358755,162.79296875
0.1,898.2637252125579,162.98828125
0.1,898.7675358892403,162.98828125
0.1,899.2713465659227,162.98828125
0.1,899.7751572426051,163.18359375
0.1,900.161632978096,163.18359375
0.1,900.4729135263008,163.18359375
0.1,900.7841940745055,163.18359375
0.1,901.0954746227103,163.37890625
0.1,901.4067551709151,163.37890625
0.1,901.8441600296871,163.37890625
0.1,902.2815648884592,163.57421875
0.1,902.7189697472313,163.57421875
0.1,903.1563746060034,163.57421875
0.1,903.5937794647755,163.76953125
0.1,904.0311843235476,163.76953125
0.1,904.4685891823196,163.76953125
0.1,904.9799472940748,163.96484375
0.1,905.49130540583,163.96484375
0.1,906.0026635175851,163.96484375
0.1,906.5140216293403,164.16015625
0.1,907.0253797410954,164.16015625
0.1,907.5367378528506,164.16015625
0.1,908.0480959646057,164.35546875
0.1,908.5594540763609,164.35546875
0.1,909.0708121881161,164.55078125
0.1,909.5821702998712,164.55078125
0.1,909.9997181739017,164.55078125
0.1,910.4172660479321,164.74609375
0.1,910.8348139219626,164.74609375
0.1,911.252361795993,164.74609375
0.1,911.6699096700235,164.94140625
0.1,912.0164586730535,164.94140625
0.1,912.3630076760836,164.94140625
0.1,912.7095566791137,164.94140625
0.1,913.0561056821438,165.13671875
0.1,913.4814966445043,165.13671875
0.1,913.9068876068649,165.13671875
0.1,914.3322785692254,165.13671875
0.1,914.757669531586,165.33203125
0.1,915.2479827847482,165.33203125
0.1,915.7382960379103,165.52734375
0.1,916.2286092910725,165.52734375
0.1,916.7189225442347,165.52734375
0.1,917.3073596193099,165.72265625
0.1,917.895796694385,165.72265625
0.1,918.4842337694602,165.91796875
0.1,919.0726708445353,165.91796875
0.1,919.6611079196105,165.91796875
0.1,920.2495449946856,166.11328125
0.1,920.8379820697608,166.11328125
0.1,921.4264191448359,166.30859375
0.1,922.014856219911,166.30859375
0.1,922.6032932949862,166.50390625
0.1,923.1917303700614,166.50390625
0.1,923.7801674451365,166.50390625
0.1,924.3686045202116,166.69921875
0.1,924.9570415952868,166.69921875
0.1,925.545478670362,166.89453125
0.1,926.1339157454371,166.89453125
0.1,926.7223528205122,167.08984375
0.1,927.3107898955874,167.08984375
0.1,927.8992269706625,167.08984375
0.1,928.4876640457377,167.28515625
0.1,929.0761011208128,167.28515625
0.1,929.664538195888,167.48046875
0.1,930.2529752709631,167.48046875
0.1,930.8414123460383,167.67578125
0.1,931.4298494211134,167.67578125
0.1,932.0182864961886,167.67578125
0.1,932.6067235712637,167.87109375
0.1,933.1951606463389,167.87109375
0.1,933.783597721414,168.06640625
0.1,934.3720347964892,168.06640625
0.1,934.9604718715643,168.26171875
0.1,935.5489089466395,168.26171875
0.1,936.1373460217146,168.26171875
0.1,936.7257830967898,168.45703125
0.1,937.3142201718649,168.45703125
0.1,937.9026572469401,168.65234375
0.1,938.4910943220152,168.65234375
0.1,939.0795313970904,168.84765625
0.1,939.6679684721655,168.84765625
0.1,940.2564055472407,168.84765625
0.1,940.8448426223158,169.04296875
0.1,941.433279697391,169.04296875
0.1,942.0217167724661,169.23828125
0.1,942.6101538475413,169.23828125
0.1,943.1985909226164,169.43359375
0.1,943.7870279976916,169.43359375
0.1,944.3754650727667,169.43359375
0.1,944.9639021478418,169.62890625
0.1,945.552339222917,169.62890625
0.1,946.1407762979921,169.82421875
0.1,946.7292133730673,169.82421875
0.1,947.1978470050733,170.01953125
0.1,947.6664806370793,170.01953125
0.1,948.1351142690853,170.01953125
0.1,948.6037479010913,170.21484375
0.1,949.0723815330973,170.21484375
0.1,949.5410151651033,170.21484375
0.1,950.0096487971093,170.41015625
0.1,950.6266949399981,170.41015625
0.1,951.2437410828868,170.41015625
0.1,951.8607872257755,170.60546875
0.1,952.4778333686643,170.60546875
0.1,953.094879511553,170.80078125
0.1,953.7119256544418,170.80078125
0.1,954.3289717973305,170.99609375
0.1,954.9460179402192,170.99609375
0.1,955.563064083108,171.19140625
0.1,956.1801102259967,171.19140625
0.1,956.7971563688855,171.19140625
0.1,957.4142025117742,171.38671875
0.1,958.0312486546629,171.38671875
0.1,958.6482947975517,171.58203125
0.1,959.2653409404404,171.58203125
0.1,959.8823870833291,171.77734375
0.1,960.4994332262179,171.77734375
0.1,961.1164793691066,171.77734375
0.1,961.7335255119954,171.97265625
0.1,962.3505716548841,171.97265625
0.1,962.9676177977728,172.16796875
0.1,963.5846639406616,172.16796875
0.1,964.2017100835503,172.36328125
0.1,964.8187562264391,172.36328125
0.1,965.4358023693278,172.55859375
0.1,966.0528485122165,172.55859375
0.1,966.6698946551053,172.55859375
0.1,967.286940797994,172.75390625
0.1,967.9039869408828,172.75390625
0.1,968.5210330837715,172.94921875
0.1,969.1380792266602,172.94921875
0.1,969.755125369549,173.14453125
0.1,970.3721715124377,173.14453125
0.1,970.9892176553265,173.14453125
0.1,971.6062637982152,173.33984375
0.1,972.2233099411039,173.33984375
0.1,972.8403560839927,173.53515625
0.1,973.4574022268814,173.53515625
0.1,974.0744483697702,173.73046875
0.1,974.6914945126589,173.73046875
0.1,975.3085406555476,173.92578125
0.1,975.9255867984364,173.92578125
0.1,976.5426329413251,173.92578125
0.1,977.1596790842138,174.12109375
0.1,977.7767252271026,174.12109375
0.1,978.3937713699913,174.31640625
0.1,979.0108175128801,174.31640625
0.1,979.6278636557688,174.51171875
0.1,980.2449097986575,174.51171875
0.1,980.8619559415463,174.51171875
0.1,981.479002084435,174.70703125
0.1,982.0960482273238,174.70703125
0.1,982.7130943702125,174.90234375
0.1,983.3301405131012,174.90234375
0.1,983.94718665599,175.09765625
0.1,984.5642327988787,175.09765625
0.1,985.1812789417675,175.09765625
0.1,985.7983250846562,175.29296875
0.1,986.4153712275449,175.29296875
0.1,987.0324173704337,175.48828125
0.1,987.6494635133224,175.48828125
0.1,988.2665096562112,175.68359375
0.1,988.8835557990999,175.68359375
0.1,989.5006019419886,175.68359375
0.1,990.1176480848774,175.87890625
0.1,990.7346942277661,175.87890625
0.1,991.3517403706549,176.07421875
0.1,991.9687865135436,176.07421875
0.1,992.5858326564323,176.26953125
0.1,993.2028787993211,176.26953125
0.1,993.8199249422098,176.26953125
0.1,994.4369710850985,176.46484375
0.1,995.0540172279873,176.46484375
0.1,995.671063370876,176.66015625
0.1,996.2881095137648,176.66015625
0.1,996.9051556566535,176.85546875
0.1,997.5222017995422,176.85546875
0.1,998.139247942431,176.85546875
0.1,998.7562940853197,177.05078125
0.1,999.3733402282085,177.05078125
0.1,999.9903863710972,177.24609375
0.1,1000.6074325139859,177.24609375
0.1,1001.2244786568747,177.44140625
0.1,1001.8415247997634,177.44140625
0.1,1002.4585709426522,177.44140625
0.1,1003.0756170855409,177.63671875
0.1,1003.6926632284296,177.63671875
0.1,1004.3097093713184,177.83203125
0.1,1004.9267555142071,177.83203125
0.1,1005.5438016570959,178.02734375
0.1,1006.1608477999846,178.02734375
0.1,1006.7778939428733,178.02734375
0.1,1007.3949400857621,178.22265625
0.1,1008.0119862286508,178.22265625
0.1,1008.6290323715396,178.41796875
0.1,1009.2460785144283,178.41796875
0.1,1009.863124657317,178.61328125
0.1,1010.4801708002058,178.61328125
0.1,1011.0972169430945,178.61328125
0.1,1011.7142630859832,178.80859375
0.1,1012.331309228872,178.80859375
0.1,1012.8260024234532,179.00390625
0.1,1013.3206956180345,179.00390625
0.1,1013.8153888126158,179.00390625
0.1,1014.310082007197,179.19921875
0.1,1014.8047752017783,179.19921875
0.1,1015.2994683963595,179.19921875
0.1,1015.7941615909408,179.39453125
0.1,1016.4252944871159,179.39453125
0.1,1017.0564273832911,179.39453125
0.1,1017.6875602794662,179.58984375
0.1,1018.3186931756413,179.58984375
0.1,1018.9498260718165,179.78515625
0.1,1019.5809589679916,179.78515625
0.1,1020.2120918641667,179.98046875
0.1,1020.8432247603419,179.98046875
0.1,1021.474357656517,179.98046875
0.1,1022.1054905526921,180.17578125
0.1,1022.7366234488672,180.17578125
0.1,1023.3677563450424,180.37109375
0.1,1023.9988892412175,180.37109375
0.1,1024.6300221373926,180.56640625
0.1,1025.2611550335678,180.56640625
0.1,1025.892287929743,180.56640625
0.1,1026.523420825918,180.76171875
0.1,1027.1545537220932,180.76171875
0.1,1027.7856866182683,180.95703125
0.1,1028.4168195144434,180.95703125
0.1,1029.0479524106186,181.15234375
0.1,1029.6790853067937,181.15234375
0.1,1030.3102182029688,181.15234375
0.1,1030.941351099144,181.34765625
0.1,1031.572483995319,181.34765625
0.1,1032.2036168914942,181.54296875
0.1,1032.8347497876694,181.54296875
0.1,1033.4658826838445,181.73828125
0.1,1034.0970155800196,181.73828125
0.1,1034.7281484761947,181.73828125
0.1,1035.3592813723699,181.93359375
0.1,1035.990414268545,181.93359375
0.1,1036.6215471647201,182.12890625
0.1,1037.2526800608953,182.12890625
0.1,1037.8838129570704,182.12890625
0.1,1038.5149458532455,182.32421875
0.1,1039.1460787494207,182.32421875
0.1,1039.7772116455958,182.51953125
0.1,1040.408344541771,182.51953125
0.1,1040.9158070497806,182.71484375
0.1,1041.4232695577903,182.71484375
0.1,1041.9307320658,182.71484375
0.1,1042.4381945738096,182.91015625
0.1,1042.9965501474712,182.91015625
0.1,1043.5549057211329,182.91015625
0.1,1044.1132612947945,183.10546875
0.1,1044.671616868456,183.10546875
0.1,1045.2299724421177,183.10546875
0.1,1045.7883280157794,183.30078125
0.1,1046.2239531507155,183.30078125
0.1,1046.5783830103783,183.30078125
0.1,1046.932812870041,183.49609375
0.1,1047.2872427297038,183.49609375
0.1,1047.6416725893666,183.49609375
0.1,1048.0537193839439,183.49609375
0.1,1048.465766178521,183.69140625
0.1,1048.8778129730983,183.69140625
0.1,1049.2898597676756,183.69140625
0.1,1049.7451978231304,183.69140625
0.1,1050.2005358785852,183.88671875
0.1,1050.65587393404,183.88671875
0.1,1051.111211989495,183.88671875
0.1,1051.5665500449497,184.08203125
0.1,1052.0218881004046,184.08203125
0.1,1052.4772261558594,184.08203125
0.1,1052.9325642113142,184.08203125
0.1,1053.387902266769,184.27734375
0.1,1053.843240322224,184.27734375
0.1,1054.3583261622061,184.27734375
0.1,1054.8734120021884,184.47265625
0.1,1055.3884978421706,184.47265625
0.1,1055.9035836821529,184.47265625
0.1,1056.4186695221351,184.66796875
0.1,1056.9337553621174,184.66796875
0.1,1057.4488412020996,184.66796875
0.1,1057.9639270420819,184.86328125
0.1,1058.4790128820641,184.86328125
0.1,1058.9940987220464,184.86328125
0.1,1059.5091845620286,185.05859375
0.1,1060.0242704020109,185.05859375
0.1,1060.5393562419931,185.05859375
0.1,1061.0544420819754,185.25390625
0.1,1061.5695279219576,185.25390625
0.1,1062.0846137619399,185.44921875
0.1,1062.599699601922,185.44921875
0.1,1063.1147854419044,185.44921875
0.1,1063.6298712818866,185.64453125
0.1,1064.217821123384,185.64453125
0.1,1064.8057709648815,185.64453125
0.1,1065.393720806379,185.83984375
0.1,1065.9816706478764,185.83984375
0.1,1066.5696204893738,185.83984375
0.1,1067.1575703308713,186.03515625
0.1,1067.7455201723687,186.03515625
0.1,1068.3334700138662,186.23046875
0.1,1068.9214198553636,186.23046875
0.1,1069.509369696861,186.23046875
0.1,1070.1582372392756,186.42578125
0.1,1070.8071047816902,186.42578125
0.1,1071.4559723241048,186.62109375
0.1,1072.1048398665193,186.62109375
0.1,1072.753707408934,186.62109375
0.1,1073.4025749513485,186.81640625
0.1,1074.051442493763,186.81640625
0.1,1074.7003100361776,187.01171875
0.1,1075.2372243294558,187.01171875
0.1,1075.6671657717784,187.01171875
0.1,1076.097107214101,187.20703125
0.1,1076.5270486564236,187.20703125
0.1,1076.9569900987462,187.20703125
0.1,1077.5161839285452,187.40234375
0.1,1078.075377758344,187.40234375
0.1,1078.634571588143,187.40234375
0.1,1079.193765417942,187.59765625
0.1,1079.7529592477408,187.59765625
0.1,1080.3121530775397,187.59765625
0.1,1080.8713469073386,187.79296875
0.1,1081.4305407371376,187.79296875
0.1,1081.8754061195575,187.79296875
0.1,1082.3202715019775,187.98828125
0.1,1082.7651368843974,187.98828125
0.1,1083.2100022668174,187.98828125
0.1,1083.7573679728398,188.18359375
0.1,1084.3047336788622,188.18359375
0.1,1084.8520993848847,188.18359375
0.1,1085.3994650909071,188.37890625
0.1,1086.0573928382926,188.37890625
0.1,1086.715320585678,188.37890625
0.1,1087.3732483330634,188.57421875
0.1,1088.0311760804489,188.57421875
0.1,1088.6891038278343,188.76953125
0.1,1089.3470315752197,188.76953125
0.1,1090.0049593226051,188.96484375
0.1,1090.6628870699906,188.96484375
0.1,1091.320814817376,188.96484375
0.1,1091.9787425647614,189.16015625
0.1,1092.6366703121469,189.16015625
0.1,1093.2945980595323,189.35546875
0.1,1093.9525258069177,189.35546875
0.1,1094.6104535543031,189.55078125
0.1,1095.2683813016886,189.55078125
0.1,1095.926309049074,189.55078125
0.1,1096.5842367964594,189.74609375
0.1,1097.2421645438449,189.74609375
0.1,1097.7735127905844,189.94140625
0.1,1098.304861037324,189.94140625
0.1,1098.8362092840634,189.94140625
0.1,1099.367557530803,190.13671875
0.1,1099.9843137956493,190.13671875
0.1,1100.6010700604957,190.13671875
0.1,1101.217826325342,190.33203125
0.1,1101.8345825901883,190.33203125
0.1,1102.4513388550347,190.33203125
0.1,1103.068095119881,190.52734375
0.1,1103.6848513847274,190.52734375
0.1,1104.3016076495737,190.72265625
0.1,1104.91836391442,190.72265625
0.1,1105.5351201792664,190.72265625
0.1,1106.1518764441128,190.91796875
0.1,1106.768632708959,190.91796875
0.1,1107.3853889738054,191.11328125
0.1,1107.8826073740936,191.11328125
0.1,1108.2909869448858,191.11328125
0.1,1108.699366515678,191.11328125
0.1,1109.1077460864703,191.30859375
0.1,1109.5161256572626,191.30859375
0.1,1110.0416750279815,191.30859375
0.1,1110.5672243987003,191.50390625
0.1,1111.0927737694192,191.50390625
0.1,1111.618323140138,191.50390625
0.1,1112.143872510857,191.69921875
0.1,1112.6694218815758,191.69921875
0.1,1113.1949712522946,191.69921875
0.1,1113.7205206230135,191.89453125
0.1,1114.2460699937324,191.89453125
0.1,1114.7716193644512,191.89453125
0.1,1115.29716873517,192.08984375
0.1,1115.822718105889,192.08984375
0.1,1116.3482674766078,192.08984375
0.1,1116.8738168473267,192.28515625
0.1,1117.3993662180455,192.28515625
0.1,1117.9249155887644,192.28515625
0.1,1118.5354825015295,192.48046875
0.1,1119.1460494142946,192.48046875
0.1,1119.7566163270596,192.48046875
0.1,1120.3671832398247,192.67578125
0.1,1120.9777501525898,192.67578125
0.1,1121.5883170653549,192.67578125
0.1,1122.19888397812,192.87109375
0.1,1122.809450890885,192.87109375
0.1,1123.4200178036501,193.06640625
0.1,1124.0305847164152,193.06640625
0.1,1124.6411516291803,193.06640625
0.1,1125.2517185419454,193.26171875
0.1,1125.8622854547104,193.26171875
0.1,1126.606977747341,193.45703125
0.1,1127.3516700399716,193.45703125
0.1,1128.0963623326022,193.65234375
0.1,1128.8410546252328,193.65234375
0.1,1129.5857469178634,193.65234375
0.1,1130.330439210494,193.84765625
0.1,1131.0751315031246,193.84765625
0.1,1131.8198237957552,194.04296875
0.1,1132.5645160883857,194.04296875
0.1,1133.3092083810163,194.23828125
0.1,1134.053900673647,194.23828125
0.1,1134.7985929662775,194.43359375
0.1,1135.543285258908,194.43359375
0.1,1136.2879775515387,194.62890625
0.1,1137.0326698441693,194.62890625
0.1,1137.7773621367999,194.62890625
0.1,1138.5220544294305,194.82421875
0.1,1139.266746722061,194.82421875
0.1,1140.0114390146916,195.01953125
0.1,1140.6015201433665,195.01953125
0.1,1141.0821455833031,195.21484375
0.1,1141.5627710232397,195.21484375
0.1,1142.0433964631764,195.21484375
0.1,1142.524021903113,195.21484375
0.1,1143.1327500657442,195.41015625
0.1,1143.7414782283754,195.41015625
0.1,1144.3502063910066,195.60546875
0.1,1144.9589345536378,195.60546875
0.1,1145.567662716269,195.60546875
0.1,1146.1763908789003,195.80078125
0.1,1146.7851190415315,195.80078125
0.1,1147.3938472041627,195.80078125
0.1,1148.002575366794,195.99609375
0.1,1148.6113035294252,195.99609375
0.1,1149.2878412122145,196.19140625
0.1,1149.9643788950038,196.19140625
0.1,1150.6409165777932,196.19140625
0.1,1151.3174542605825,196.38671875
0.1,1151.9939919433718,196.38671875
0.1,1152.6705296261612,196.58203125
0.1,1153.3470673089505,196.58203125
0.1,1154.0236049917398,196.58203125
0.1,1154.7001426745292,196.77734375
0.1,1155.3766803573185,196.77734375
0.1,1156.0532180401078,196.97265625
0.1,1156.7297557228972,196.97265625
0.1,1157.4062934056865,196.97265625
0.1,1158.0828310884758,197.16796875
0.1,1158.7593687712651,197.16796875
0.1,1159.4359064540545,197.36328125
0.1,1160.1124441368438,197.36328125
0.1,1160.7889818196331,197.36328125
0.1,1161.2701784513586,197.55859375
0.1,1161.6208374684104,197.55859375
0.1,1161.9714964854622,197.55859375
0.1,1162.2130911306665,197.55859375
0.1,1162.4546857758708,197.55859375
0.1,1162.6472032825177,197.75390625
0.1,1162.8397207891646,197.75390625
0.1,1162.992824136807,197.75390625
0.1,1163.1459274844494,197.75390625
0.1,1163.165738832398,197.75390625
0.1,1163.1855501803464,197.75390625
0.1,1163.2053615282948,197.75390625
0.1,1163.2449842241917,197.75390625
0.1,1163.2846069200887,197.75390625
0.1,1163.3242296159856,197.75390625
0.1,1163.3865628297492,197.75390625
0.1,1163.4488960435128,197.75390625
0.1,1163.5112292572765,197.75390625
0.1,1163.5546028699564,197.75390625
0.1,1163.5888459559658,197.75390625
0.1,1163.6230890419752,197.75390625
0.1,1163.6284327601948,197.75390625
0.1,1163.6337764784143,197.75390625
0.1,1163.639120196634,197.75390625
0.1,1163.6444639148535,197.75390625
0.1,1163.6535444378294,197.75390625
0.1,1163.6626249608053,197.75390625
0.1,1163.6717054837811,197.75390625
0.1,1163.6848735101835,197.75390625
0.1,1163.6980415365858,197.75390625
0.1,1163.7112095629882,197.75390625
0.1,1163.7243775893905,197.55859375
0.1,1163.740971548584,197.55859375
0.1,1163.7442903404226,197.55859375
0.1,1163.7476091322612,197.55859375
0.1,1163.7509279240999,197.55859375
0.1,1163.7575655077771,197.55859375
0.1,1163.7642030914544,197.55859375
0.1,1163.7708406751317,197.55859375
0.1,1163.777478258809,197.55859375
0.1,1163.7925684693898,197.55859375
0.1,1163.8076586799707,197.36328125
0.1,1163.8227488905516,197.36328125
0.1,1163.8378391011324,197.36328125
0.1,1163.8529293117133,197.36328125
0.1,1163.870550319932,197.55859375
0.1,1163.8881713281505,197.55859375
0.1,1163.9057923363691,197.55859375
0.1,1163.9234133445877,197.55859375
0.1,1163.9410343528064,197.55859375
0.1,1163.9720024762196,197.55859375
0.1,1164.0029705996328,197.75390625
0.1,1164.033938723046,197.75390625
0.1,1164.0649068464593,197.75390625
0.1,1164.11858277145,197.94921875
0.1,1164.1722586964408,197.94921875
0.1,1164.2259346214316,198.14453125
0.1,1164.2796105464224,198.14453125
0.1,1164.3332864714132,198.33984375
0.1,1164.4388010796768,198.33984375
0.1,1164.5443156879403,198.53515625
0.1,1164.6498302962038,198.73046875
0.1,1164.7553449044674,198.73046875
0.1,1164.9211430429696,198.92578125
0.1,1165.0869411814717,199.12109375
0.1,1165.252739319974,199.31640625
0.1,1165.6803809326796,199.90234375
0.1,1166.1080225453852,199.90234375
0.1,1166.5356641580909,199.90234375
0.1,1166.9633057707965,199.90234375
0.1,1167.48034826582,199.90234375
0.1,1167.5835599356653,199.90234375
0.1,1167.6867716055106,199.90234375
0.1,1167.7899832753558,199.90234375
0.1,1167.996406615046,199.90234375
0.1,1168.2028299547362,199.90234375
0.1,1168.5442575278914,199.90234375
0.1,1168.8856851010466,199.90234375
0.1,1169.2271126742019,199.90234375
0.1,1169.7336465955957,199.90234375
0.1,1170.2401805169895,199.90234375
0.1,1170.6310387311162,199.90234375
0.1,1170.9254435445814,199.90234375
0.1,1171.2198483580466,199.90234375
0.1,1171.3978403883305,199.90234375
0.1,1171.5444577369171,199.90234375
0.1,1171.6593825206212,199.90234375
0.1,1171.7743073043252,199.90234375
0.1,1171.8660636576656,199.90234375
0.1,1171.9578200110059,199.90234375
0.1,1172.0495763643462,199.90234375
0.1,1172.1315464673892,199.90234375
0.1,1172.1960103842753,199.90234375
0.1,1172.2604743011614,199.90234375
0.1,1172.3249382180475,199.90234375
0.1,1172.4114759588992,199.90234375
0.1,1172.498013699751,199.90234375
0.1,1172.5845514406028,199.90234375
0.1,1172.6925788082456,199.90234375
0.1,1172.8006061758883,199.90234375
0.1,1172.908633543531,199.90234375
0.1,1173.0556113336597,199.90234375
0.1,1173.2025891237884,199.90234375
0.1,1173.349566913917,199.90234375
0.1,1173.5510936631094,199.90234375
0.1,1173.752620412302,199.90234375
0.1,1173.9541471614943,199.90234375
0.1,1174.1556739106868,199.90234375
0.1,1174.492017672371,199.90234375
0.1,1174.8283614340553,199.90234375
0.1,1175.1647051957395,199.90234375
0.1,1175.7973884452426,199.90234375
0.1,1176.4300716947457,199.90234375
0.1,1177.0627549442488,199.90234375
0.1,1177.695438193752,199.90234375
0.1,1178.340746654826,199.90234375
0.1,1178.9860551159002,199.90234375
0.1,1179.4676457020419,199.90234375
0.1,1179.5639638192702,199.90234375
0.1,1179.6602819364984,199.90234375
0.1,1179.7566000537267,199.90234375
0.1,1179.9492362881833,199.90234375
0.1,1180.14187252264,199.90234375
0.1,1180.3345087570965,199.90234375
0.1,1180.7108752897884,199.90234375
0.1,1181.0872418224803,199.90234375
0.1,1181.4636083551723,199.90234375
0.1,1181.9149706843548,199.90234375
0.1,1182.3663330135373,199.90234375
0.1,1182.8176953427198,199.90234375
0.1,1183.2690576719024,199.90234375
0.1,1183.9445095237918,199.90234375
0.1,1184.6199613756812,199.90234375
0.1,1185.2954132275706,199.90234375
0.1,1185.97086507946,199.90234375
0.1,1187.0292362202174,199.90234375
0.1,1187.9065168033503,199.90234375
0.1,1188.7837973864832,199.90234375
0.1,1189.6610779696161,199.90234375
0.1,1190.538358552749,199.90234375
0.1,1191.415639135882,199.90234375
0.1,1192.292919719015,199.90234375
0.1,1193.1702003021478,199.90234375
0.1,1194.4977813096937,199.90234375
0.1,1195.8253623172395,199.90234375
0.1,1197.1529433247854,199.90234375
0.1,1198.4805243323312,199.90234375
0.1,1198.7460405338404,199.90234375
0.1,1199.0115567353496,199.90234375
0.1,1199.2770729368588,199.90234375
0.1,1199.808105339877,199.90234375
0.1,1200.3391377428954,199.90234375
0.1,1201.8199302806636,199.90234375
0.1,1203.3007228184317,199.90234375
0.1,1204.7815153561999,199.90234375
0.1,1207.4954428174253,199.90234375
0.1,1210.2093702786508,199.90234375
0.1,1212.9232977398763,199.90234375
0.1,1215.6372252011017,199.90234375
0.1,1219.4142483691583,199.90234375
0.1,1223.1912715372148,199.90234375
0.1,1226.9682947052713,199.90234375
0.1,1230.7453178733278,199.90234375
0.1,1236.5865372373262,199.90234375
0.1,1242.4277566013245,199.90234375
0.1,1248.2689759653229,199.90234375
0.1,1254.1101953293212,199.90234375
0.1,1263.9308811739677,199.90234375
0.1,1273.7515670186142,199.90234375
0.1,1283.5722528632607,199.90234375
0.1,1318.1611667466063,199.90234375
0.1,1352.750080629952,199.90234375
0.1,1387.3389945132976,199.90234375
0.1,1421.9279083966433,199.90234375
0.1,1479.0326148935694,199.90234375
0.1,1536.1373213904956,199.90234375
0.1,1593.2420278874217,199.90234375
0.1,2000.0,199.90234375
1,0.0,1.85546875
1,0.0007941499781753672,1.85546875
1,0.000992687472719209,1.85546875
1,0.0010423218463551695,1.85546875
1,0.0010448670177354246,1.85546875
1,0.0010474121891156797,1.85546875
1,0.0010499573604959348,1.85546875
1,0.0010525025318761899,1.85546875
1,0.001055047703256445,1.85546875
1,0.0010575928746367,1.85546875
1,0.0010601380460169552,1.85546875
1,0.0010626832173972103,1.85546875
1,0.0010652283887774654,1.85546875
1,0.0010677735601577205,1.85546875
1,0.0010703187315379756,1.85546875
1,0.0010728639029182307,1.85546875
1,0.0010754090742984858,1.85546875
1,0.001077954245678741,1.85546875
1,0.001080499417058996,1.85546875
1,0.0010830445884392511,1.85546875
1,0.0010855897598195062,1.85546875
1,0.0010895020107229165,1.85546875
1,0.0011286245197570184,1.85546875
1,0.0011677470287911203,1.85546875
1,0.0012068695378252222,1.85546875
1,0.0015980946281662419,1.85546875
1,0.0019893197185072613,1.85546875
1,0.003518775946565968,1.85546875
1,0.005048232174624675,1.85546875
1,0.007454093731792158,1.85546875
1,0.009859955288959641,1.85546875
1,0.012265816846127124,1.85546875
1,0.01635858373951776,1.66015625
1,0.020451350632908396,1.66015625
1,0.024544117526299033,1.66015625
1,0.02863688441968967,1.66015625
1,0.03340373967811431,1.66015625
1,0.038170594936538946,1.46484375
1,0.04293745019496359,1.46484375
1,0.04770430545338823,1.46484375
1,0.052471160711812875,1.26953125
1,0.05723801597023752,1.26953125
1,0.06200487122866216,1.07421875
1,0.06822507132701468,1.07421875
1,0.0744452714253672,0.87890625
1,0.08066547152371971,0.68359375
1,0.08688567162207222,0.09765625
1,0.09310587172042474,0.0
1,0.09932607181877726,0.0
1,0.10554627191712977,0.0
1,0.11176647201548229,0.0
1,0.1179866721138348,0.0
1,0.12420687221218732,0.0
1,0.13127711714971263,0.0
1,0.13834736208723794,0.0
1,0.14541760702476325,0.0
1,0.15248785196228856,0.0
1,0.1603533386063597,0.0
1,0.16821882525043083,0.0
1,0.17608431189450197,0.0
1,0.190721321847596,0.0
1,0.20535833180069002,0.0
1,0.21999534175378405,0.0
1,0.23463235170687807,0.0
1,0.25353761830205074,0.0
1,0.2724428848972234,0.0
1,0.29134815149239607,0.0
1,0.31025341808756873,3.80859375
1,0.33393725755102766,3.80859375
1,0.3576210970144866,4.00390625
1,0.3813049364779455,4.00390625
1,0.4237497509783251,4.19921875
1,0.46619456547870475,4.19921875
1,0.5086393799790844,4.19921875
1,0.5721574958920346,4.39453125
1,0.6356756118049849,4.39453125
1,0.6991937277179352,4.58984375
1,0.7884134678348346,4.58984375
1,0.8776332079517339,4.78515625
1,0.9668529480686333,4.78515625
1,1.0560726881855327,4.78515625
1,1.1588608740269497,4.98046875
1,1.2616490598683667,4.98046875
1,1.3644372457097838,5.17578125
1,1.4672254315512008,5.37109375
1,1.5700136173926178,5.37109375
1,1.6728018032340348,5.56640625
1,1.7755899890754518,5.56640625
1,1.8783781749168689,5.76171875
1,1.981166360758286,5.76171875
1,2.0839545465997027,5.95703125
1,2.1867427324411195,5.95703125
1,2.2895309182825363,6.15234375
1,2.3748200189874247,6.15234375
1,2.460109119692313,6.34765625
1,2.5453982203972014,6.34765625
1,2.63068732110209,6.54296875
1,2.715976421806978,6.54296875
1,2.8012655225118666,6.73828125
1,2.886554623216755,6.73828125
1,2.9718437239216433,6.93359375
1,3.0571328246265317,6.93359375
1,3.14242192533142,7.12890625
1,3.2277110260363084,7.12890625
1,3.313000126741197,7.32421875
1,3.398289227446085,7.32421875
1,3.4835783281509736,7.51953125
1,3.568867428855862,7.51953125
1,3.6541565295607503,7.71484375
1,3.7394456302656387,7.71484375
1,3.7512695734726296,7.71484375
1,3.753449814479982,7.91015625
1,3.7556300554873343,7.91015625
1,3.7578102964946867,7.91015625
1,3.762170778509391,7.91015625
1,3.7665312605240953,7.91015625
1,3.781602999214117,7.91015625
1,3.796674737904139,7.91015625
1,3.811746476594161,7.91015625
1,3.860267453183131,7.91015625
1,3.908788429772101,7.91015625
1,3.957309406361071,8.10546875
1,4.005830382950041,8.10546875
1,4.054351359539011,8.10546875
1,4.10287233612798,8.30078125
1,4.167363841453158,8.30078125
1,4.231855346778335,8.30078125
1,4.296346852103513,8.49609375
1,4.36083835742869,8.49609375
1,4.425329862753868,8.49609375
1,4.4898213680790455,8.69140625
1,4.554312873404223,8.69140625
1,4.618804378729401,8.69140625
1,4.683295884054578,8.88671875
1,4.747787389379756,8.88671875
1,4.798603818641741,8.88671875
1,4.805999991509929,8.88671875
1,4.813396164378117,8.88671875
1,4.8207923372463055,8.88671875
1,4.835584682982683,8.88671875
1,4.85037702871906,8.88671875
1,4.865169374455437,8.88671875
1,4.907615791181458,8.88671875
1,4.950062207907479,8.88671875
1,4.9925086246334995,8.88671875
1,5.074735878423944,8.88671875
1,5.156963132214388,9.08203125
1,5.239190386004832,9.08203125
1,5.321417639795277,9.08203125
1,5.428529775943327,9.08203125
1,5.535641912091377,9.08203125
1,5.642754048239427,9.08203125
1,5.749866184387477,9.08203125
1,5.856978320535527,9.08203125
1,5.964090456683577,9.08203125
1,6.052943819201827,9.08203125
1,6.141797181720078,9.08203125
1,6.230650544238328,9.27734375
1,6.319503906756578,9.27734375
1,6.408357269274829,9.27734375
1,6.497210631793079,9.27734375
1,6.5860639943113295,9.47265625
1,6.687436006378989,9.47265625
1,6.788808018446648,9.47265625
1,6.80496618030425,9.47265625
1,6.821124342161852,9.47265625
1,6.837282504019454,9.47265625
1,6.8695988277346585,9.47265625
1,6.901915151449863,9.66796875
1,6.960653477873486,9.66796875
1,7.0193918042971095,9.66796875
1,7.078130130720733,9.66796875
1,7.173084073277882,9.66796875
1,7.268038015835031,9.86328125
1,7.36299195839218,9.86328125
1,7.457945900949329,9.86328125
1,7.552899843506478,9.86328125
1,7.647853786063627,10.05859375
1,7.7542484580785285,10.05859375
1,7.86064313009343,10.05859375
1,7.967037802108331,10.25390625
1,8.073432474123232,10.25390625
1,8.179827146138132,10.44921875
1,8.286221818153033,10.44921875
1,8.30152184770314,10.44921875
1,8.316821877253249,10.44921875
1,8.332121906803357,10.44921875
1,8.347421936353465,10.44921875
1,8.37802199545368,10.44921875
1,8.408622054553897,10.44921875
1,8.439222113654113,10.44921875
1,8.50595223046892,10.64453125
1,8.572682347283726,10.64453125
1,8.639412464098532,10.64453125
1,8.757004478625065,10.83984375
1,8.874596493151598,10.83984375
1,8.992188507678131,11.03515625
1,9.109780522204664,11.03515625
1,9.227372536731197,11.03515625
1,9.321495721480787,11.23046875
1,9.415618906230376,11.23046875
1,9.509742090979966,11.42578125
1,9.603865275729556,11.42578125
1,9.697988460479145,11.42578125
1,9.792111645228735,11.62109375
1,9.886234829978324,11.62109375
1,9.980358014727914,11.81640625
1,10.074481199477503,11.81640625
1,10.168604384227093,11.81640625
1,10.262727568976683,12.01171875
1,10.356850753726272,12.01171875
1,10.434022474536347,12.20703125
1,10.511194195346421,12.20703125
1,10.588365916156496,12.20703125
1,10.66553763696657,12.40234375
1,10.742709357776645,12.40234375
1,10.81988107858672,12.59765625
1,10.897052799396794,12.59765625
1,10.97422452020687,12.59765625
1,11.051396241016944,12.79296875
1,11.128567961827018,12.79296875
1,11.21393622206229,12.79296875
1,11.299304482297563,12.98828125
1,11.384672742532835,12.98828125
1,11.470041002768108,13.18359375
1,11.55540926300338,13.18359375
1,11.640777523238652,13.18359375
1,11.726145783473925,13.37890625
1,11.811514043709197,13.37890625
1,11.89688230394447,13.57421875
1,11.982250564179742,13.57421875
1,12.067618824415014,13.76953125
1,12.152987084650286,13.76953125
1,12.238355344885559,13.76953125
1,12.323723605120831,13.96484375
1,12.409091865356103,13.96484375
1,12.494460125591376,14.16015625
1,12.579828385826648,14.16015625
1,12.66519664606192,14.16015625
1,12.750564906297193,14.35546875
1,12.81696082306545,14.35546875
1,12.871310733252281,14.35546875
1,12.925660643439112,14.55078125
1,12.980010553625943,14.55078125
1,13.034360463812774,14.55078125
1,13.115921631808192,14.74609375
1,13.197482799803609,14.74609375
1,13.279043967799026,14.74609375
1,13.360605135794444,14.94140625
1,13.442166303789861,14.94140625
1,13.523727471785278,15.13671875
1,13.605288639780696,15.13671875
1,13.686849807776113,15.33203125
1,13.76841097577153,15.33203125
1,13.849972143766948,15.33203125
1,13.931533311762365,15.52734375
1,14.013094479757783,15.52734375
1,14.0946556477532,15.72265625
1,14.176216815748617,15.72265625
1,14.257777983744035,15.72265625
1,14.339339151739452,15.91796875
1,14.42090031973487,15.91796875
1,14.502461487730287,16.11328125
1,14.584022655725704,16.11328125
1,14.665583823721121,16.11328125
1,14.747144991716539,16.30859375
1,14.828706159711956,16.30859375
1,14.910267327707373,16.50390625
1,14.99182849570279,16.50390625
1,15.073389663698208,16.50390625
1,15.154950831693625,16.69921875
1,15.236511999689043,16.69921875
1,15.31807316768446,16.89453125
1,15.399634335679877,16.89453125
1,15.481195503675295,16.89453125
1,15.562756671670712,17.08984375
1,15.64431783966613,17.08984375
1,15.725879007661547,17.28515625
1,15.807440175656964,17.28515625
1,15.889001343652382,17.28515625
1,15.970562511647799,17.48046875
1,16.052123679643216,17.48046875
1,16.133684847638634,17.67578125
1,16.21524601563405,17.67578125
1,16.29680718362947,17.67578125
1,16.378368351624886,17.87109375
1,16.459929519620303,17.87109375
1,16.54149068761572,18.06640625
1,16.623051855611138,18.06640625
1,16.704613023606555,18.06640625
1,16.786174191601972,18.26171875
1,16.86773535959739,18.26171875
1,16.949296527592807,18.45703125
1,17.030857695588224,18.45703125
1,17.112418863583642,18.65234375
1,17.19398003157906,18.65234375
1,17.275541199574477,18.65234375
1,17.357102367569894,18.84765625
1,17.43866353556531,18.84765625
1,17.52022470356073,19.04296875
1,17.601785871556146,19.04296875
1,17.683347039551563,19.04296875
1,17.76490820754698,19.23828125
1,17.846469375542398,19.23828125
1,17.928030543537815,19.43359375
1,18.009591711533233,19.43359375
1,18.09115287952865,19.43359375
1,18.172714047524067,19.62890625
1,18.254275215519485,19.62890625
1,18.335836383514902,19.82421875
1,18.41739755151032,19.82421875
1,18.498958719505737,19.82421875
1,18.580519887501154,20.01953125
1,18.66208105549657,20.01953125
1,18.74364222349199,20.21484375
1,18.825203391487406,20.21484375
1,18.906764559482824,20.21484375
1,18.98832572747824,20.41015625
1,19.054298162061183,20.41015625
1,19.107038301220154,20.41015625
1,19.159778440379124,20.60546875
1,19.212518579538095,20.60546875
1,19.265258718697066,20.60546875
1,19.34530565494624,20.80078125
1,19.425352591195416,20.80078125
1,19.50539952744459,20.80078125
1,19.585446463693767,20.99609375
1,19.665493399942942,20.99609375
1,19.745540336192118,21.19140625
1,19.825587272441293,21.19140625
1,19.90563420869047,21.19140625
1,19.985681144939644,21.38671875
1,20.06572808118882,21.38671875
1,20.145775017437995,21.58203125
1,20.22582195368717,21.58203125
1,20.305868889936345,21.58203125
1,20.38591582618552,21.77734375
1,20.447771247131552,21.77734375
1,20.457785404889204,21.77734375
1,20.467799562646857,21.77734375
1,20.47781372040451,21.77734375
1,20.497842035919813,21.77734375
1,20.517870351435118,21.77734375
1,20.537898666950422,21.97265625
1,20.58747842559684,21.97265625
1,20.637058184243255,21.97265625
1,20.68663794288967,21.97265625
1,20.74731604344025,22.16796875
1,20.80799414399083,22.16796875
1,20.868672244541408,22.16796875
1,20.929350345091986,22.16796875
1,21.01618878228945,22.36328125
1,21.103027219486915,22.36328125
1,21.18986565668438,22.55859375
1,21.2622303411419,22.55859375
1,21.334595025599423,22.75390625
1,21.406959710056945,22.75390625
1,21.479324394514467,22.75390625
1,21.55168907897199,22.94921875
1,21.62405376342951,22.94921875
1,21.696418447887034,22.94921875
1,21.777953159624428,23.14453125
1,21.85948787136182,23.14453125
1,21.941022583099215,23.33984375
1,22.02255729483661,23.33984375
1,22.104092006574003,23.33984375
1,22.185626718311397,23.53515625
1,22.26716143004879,23.53515625
1,22.348696141786185,23.73046875
1,22.36014724905128,23.73046875
1,22.371598356316376,23.73046875
1,22.38304946358147,23.73046875
1,22.397810137504813,23.73046875
1,22.412570811428154,23.73046875
1,22.427331485351495,23.73046875
1,22.455409534753795,23.73046875
1,22.483487584156094,23.73046875
1,22.511565633558394,23.73046875
1,22.560684347055965,23.92578125
1,22.609803060553535,23.92578125
1,22.658921774051105,23.92578125
1,22.72002328833679,23.92578125
1,22.781124802622475,24.12109375
1,22.84222631690816,24.12109375
1,22.903327831193845,24.12109375
1,22.989270830882884,24.31640625
1,23.075213830571922,24.31640625
1,23.16115683026096,24.51171875
1,23.24709982995,24.51171875
1,23.333042829639037,24.51171875
1,23.418985829328076,24.70703125
1,23.504928829017114,24.70703125
1,23.569725063914618,24.90234375
1,23.621792000452448,24.90234375
1,23.67385893699028,24.90234375
1,23.72592587352811,24.90234375
1,23.77799281006594,25.09765625
1,23.845903693672923,25.09765625
1,23.913814577279908,25.09765625
1,23.981725460886892,25.29296875
1,24.049636344493877,25.29296875
1,24.129914225524345,25.29296875
1,24.210192106554814,25.48828125
1,24.290469987585283,25.48828125
1,24.37074786861575,25.68359375
1,24.45102574964622,25.68359375
1,24.53130363067669,25.68359375
1,24.611581511707158,25.87890625
1,24.691859392737626,25.87890625
1,24.772137273768095,26.07421875
1,24.852415154798564,26.07421875
1,24.932693035829033,26.07421875
1,25.0129709168595,26.26953125
1,25.09324879788997,26.26953125
1,25.17352667892044,26.46484375
1,25.253804559950908,26.46484375
1,25.334082440981376,26.46484375
1,25.414360322011845,26.66015625
1,25.494638203042314,26.66015625
1,25.574916084072782,26.85546875
1,25.65519396510325,26.85546875
1,25.73547184613372,26.85546875
1,25.81574972716419,27.05078125
1,25.896027608194657,27.05078125
1,25.976305489225126,27.24609375
1,26.056583370255595,27.24609375
1,26.136861251286064,27.24609375
1,26.217139132316532,27.44140625
1,26.297417013347,27.44140625
1,26.389483761799784,27.63671875
1,26.481550510252568,27.63671875
1,26.57361725870535,27.83203125
1,26.665684007158134,27.83203125
1,26.757750755610918,27.83203125
1,26.8498175040637,28.02734375
1,26.941884252516484,28.02734375
1,27.033951000969267,28.22265625
1,27.12601774942205,28.22265625
1,27.218084497874834,28.41796875
1,27.310151246327617,28.41796875
1,27.4022179947804,28.61328125
1,27.494284743233184,28.61328125
1,27.586351491685967,28.80859375
1,27.67841824013875,28.80859375
1,27.770484988591534,29.00390625
1,27.862551737044317,29.00390625
1,27.9546184854971,29.00390625
1,28.046685233949884,29.19921875
1,28.138751982402667,29.19921875
1,28.23081873085545,29.39453125
1,28.322885479308233,29.39453125
1,28.336714872316414,29.39453125
1,28.350544265324594,29.39453125
1,28.364373658332774,29.39453125
1,28.378203051340954,29.58984375
1,28.4023459641255,29.58984375
1,28.42648887691005,29.58984375
1,28.450631789694597,29.58984375
1,28.474774702479145,29.58984375
1,28.525026123710443,29.58984375
1,28.57527754494174,29.78515625
1,28.62552896617304,29.78515625
1,28.675780387404338,29.78515625
1,28.752361841737006,29.78515625
1,28.828943296069674,29.98046875
1,28.905524750402343,29.98046875
1,28.98210620473501,30.17578125
1,29.05868765906768,30.17578125
1,29.135269113400348,30.17578125
1,29.211850567733016,30.37109375
1,29.273859135797093,30.37109375
1,29.28380731462017,30.37109375
1,29.293755493443246,30.37109375
1,29.303703672266323,30.37109375
1,29.323600029912477,30.37109375
1,29.34349638755863,30.37109375
1,29.363392745204784,30.37109375
1,29.412558020888284,30.56640625
1,29.461723296571783,30.56640625
1,29.510888572255283,30.56640625
1,29.571908487151138,30.56640625
1,29.632928402046993,30.76171875
1,29.693948316942848,30.76171875
1,29.754968231838703,30.76171875
1,29.840797677756456,30.95703125
1,29.92662712367421,30.95703125
1,30.01245656959196,31.15234375
1,30.098286015509714,31.15234375
1,30.184115461427467,31.34765625
1,30.26994490734522,31.34765625
1,30.282389482942214,31.34765625
1,30.29483405853921,31.34765625
1,30.307278634136203,31.34765625
1,30.319723209733198,31.34765625
1,30.33616952492056,31.34765625
1,30.352615840107923,31.34765625
1,30.369062155295286,31.34765625
1,30.385508470482648,31.54296875
1,30.4407413347779,31.54296875
1,30.495974199073153,31.54296875
1,30.551207063368405,31.54296875
1,30.605630138726934,31.73828125
1,30.660053214085462,31.73828125
1,30.71447628944399,31.73828125
1,30.768899364802518,31.73828125
1,30.853780193485292,31.93359375
1,30.938661022168066,31.93359375
1,31.02354185085084,32.12890625
1,31.108422679533614,32.12890625
1,31.19330350821639,32.32421875
1,31.278184336899162,32.32421875
1,31.363065165581936,32.32421875
1,31.44794599426471,32.51953125
1,31.532826822947484,32.51953125
1,31.61770765163026,32.71484375
1,31.702588480313032,32.71484375
1,31.787469308995806,32.71484375
1,31.87235013767858,32.91015625
1,31.957230966361355,32.91015625
1,32.04211179504413,33.10546875
1,32.1269926237269,33.10546875
1,32.21187345240967,33.30078125
1,32.29675428109244,33.30078125
1,32.38163510977521,33.30078125
1,32.46651593845798,33.49609375
1,32.55139676714075,33.49609375
1,32.63627759582352,33.69140625
1,32.72115842450629,33.69140625
1,32.80603925318906,33.88671875
1,32.89092008187183,33.88671875
1,32.975800910554604,33.88671875
1,33.0464586802059,34.08203125
1,33.1171164498572,34.08203125
1,33.1877742195085,34.08203125
1,33.258431989159796,34.27734375
1,33.33865776058393,34.27734375
1,33.41888353200806,34.47265625
1,33.49910930343219,34.47265625
1,33.579335074856324,34.47265625
1,33.66890667183833,34.66796875
1,33.75847826882033,34.66796875
1,33.84804986580234,34.86328125
1,33.93762146278434,34.86328125
1,34.02719305976635,35.05859375
1,34.11676465674835,35.05859375
1,34.206336253730356,35.25390625
1,34.29590785071236,35.25390625
1,34.385479447694365,35.25390625
1,34.47505104467637,35.44921875
1,34.564622641658374,35.44921875
1,34.65419423864038,35.64453125
1,34.74376583562238,35.64453125
1,34.83333743260439,35.83984375
1,34.92290902958639,35.83984375
1,35.0124806265684,36.03515625
1,35.1020522235504,36.03515625
1,35.191623820532406,36.03515625
1,35.28119541751441,36.23046875
1,35.370767014496415,36.23046875
1,35.46033861147842,36.42578125
1,35.549910208460425,36.42578125
1,35.63948180544243,36.62109375
1,35.729053402424434,36.62109375
1,35.81862499940644,36.81640625
1,35.90819659638844,36.81640625
1,35.99776819337045,36.81640625
1,36.08733979035245,37.01171875
1,36.17691138733446,37.01171875
1,36.26648298431646,37.20703125
1,36.356054581298466,37.20703125
1,36.44562617828047,37.40234375
1,36.535197775262475,37.40234375
1,36.609089537288725,37.40234375
1,36.682981299314974,37.59765625
1,36.756873061341224,37.59765625
1,36.830764823367474,37.79296875
1,36.904656585393724,37.79296875
1,36.978548347419974,37.79296875
1,37.05244010944622,37.98828125
1,37.12633187147247,37.98828125
1,37.18690385751655,37.98828125
1,37.24747584356062,38.18359375
1,37.308047829604696,38.18359375
1,37.36861981564877,38.18359375
1,37.44295022394509,38.37890625
1,37.51728063224141,38.37890625
1,37.59161104053773,38.37890625
1,37.66594144883405,38.57421875
1,37.727716134384934,38.57421875
1,37.73646107969067,38.57421875
1,37.745206024996406,38.57421875
1,37.75395097030214,38.57421875
1,37.77144086091361,38.57421875
1,37.78893075152507,38.57421875
1,37.80642064213654,38.57421875
1,37.85744758659273,38.76953125
1,37.90847453104892,38.76953125
1,37.95950147550511,38.76953125
1,38.0105284199613,38.76953125
1,38.06155536441749,38.96484375
1,38.11258230887368,38.96484375
1,38.18043494797609,38.96484375
1,38.2482875870785,39.16015625
1,38.3044714627613,39.16015625
1,38.3606553384441,39.16015625
1,38.416839214126895,39.16015625
1,38.47302308980969,39.35546875
1,38.53640802425583,39.35546875
1,38.59979295870196,39.35546875
1,38.663177893148095,39.55078125
1,38.72656282759423,39.55078125
1,38.803841563018366,39.55078125
1,38.881120298442504,39.74609375
1,38.95839903386664,39.74609375
1,39.02211910987751,39.74609375
1,39.085839185888375,39.94140625
1,39.14955926189924,39.94140625
1,39.21327933791011,39.94140625
1,39.293571011143925,40.13671875
1,39.37386268437774,40.13671875
1,39.45415435761156,40.33203125
1,39.53444603084537,40.33203125
1,39.61473770407919,40.33203125
1,39.695029377313006,40.52734375
1,39.77532105054682,40.52734375
1,39.85561272378064,40.72265625
1,39.935904397014454,40.72265625
1,40.01619607024827,40.72265625
1,40.096487743482086,40.91796875
1,40.1767794167159,40.91796875
1,40.25707108994972,41.11328125
1,40.337362763183535,41.11328125
1,40.41765443641735,41.11328125
1,40.49794610965117,41.30859375
1,40.57823778288498,41.30859375
1,40.6585294561188,41.50390625
1,40.738821129352615,41.50390625
1,40.81911280258643,41.50390625
1,40.89940447582025,41.69921875
1,40.979696149054064,41.69921875
1,41.05998782228788,41.89453125
1,41.140279495521696,41.89453125
1,41.22057116875551,41.89453125
1,41.30086284198933,42.08984375
1,41.381154515223145,42.08984375
1,41.46144618845696,42.28515625
1,41.47326043986752,42.28515625
1,41.475414815950465,42.28515625
1,41.47756919203341,42.28515625
1,41.47972356811635,42.28515625
1,41.48403232028223,42.28515625
1,41.488341072448115,42.28515625
1,41.50547084667487,42.28515625
1,41.52260062090162,42.28515625
1,41.53973039512837,42.28515625
1,41.58235832768824,42.28515625
1,41.62498626024811,42.28515625
1,41.667614192807974,42.48046875
1,41.72866050197594,42.48046875
1,41.7897068111439,42.48046875
1,41.850753120311865,42.67578125
1,41.91179942947983,42.67578125
1,41.98285463079722,42.67578125
1,42.05390983211461,42.87109375
1,42.124965033432005,42.87109375
1,42.1960202347494,42.87109375
1,42.26707543606679,43.06640625
1,42.33813063738418,43.06640625
1,42.409185838701575,43.06640625
1,42.48928380845341,43.26171875
1,42.56938177820524,43.26171875
1,42.64947974795707,43.45703125
1,42.72957771770891,43.45703125
1,42.80967568746074,43.45703125
1,42.88977365721257,43.65234375
1,42.969871626964405,43.65234375
1,42.98195336273704,43.65234375
1,42.99403509850967,43.65234375
1,43.0061168342823,43.65234375
1,43.018198570054935,43.65234375
1,43.03646874007886,43.65234375
1,43.054738910102785,43.84765625
1,43.07300908012671,43.84765625
1,43.12676885127651,43.84765625
1,43.18052862242631,43.84765625
1,43.23428839357611,43.84765625
1,43.29746880947915,44.04296875
1,43.36064922538219,44.04296875
1,43.42382964128523,44.04296875
1,43.48701005718827,44.23828125
1,43.57288520733317,44.23828125
1,43.65876035747807,44.43359375
1,43.744635507622974,44.43359375
1,43.81456689165271,44.43359375
1,43.884498275682446,44.62890625
1,43.95442965971218,44.62890625
1,44.02436104374192,44.62890625
1,44.10440668225187,44.82421875
1,44.18445232076182,44.82421875
1,44.26449795927177,45.01953125
1,44.34454359778172,45.01953125
1,44.42458923629167,45.01953125
1,44.504634874801624,45.21484375
1,44.584680513311575,45.21484375
1,44.664726151821526,45.41015625
1,44.676383300120186,45.41015625
1,44.688040448418846,45.41015625
1,44.699697596717506,45.41015625
1,44.711354745016166,45.41015625
1,44.730927253834246,45.41015625
1,44.750499762652325,45.41015625
1,44.770072271470404,45.41015625
1,44.825301419332305,45.41015625
1,44.88053056719421,45.60546875
1,44.93575971505611,45.60546875
1,44.99032771715093,45.60546875
1,45.04489571924576,45.60546875
1,45.099463721340584,45.80078125
1,45.15403172343541,45.80078125
1,45.24194753028551,45.80078125
1,45.313008521178155,45.99609375
1,45.3840695120708,45.99609375
1,45.45513050296345,45.99609375
1,45.526191493856096,46.19140625
1,45.59725248474874,46.19140625
1,45.66831347564139,46.38671875
1,45.73937446653404,46.38671875
1,45.810435457426685,46.38671875
1,45.88149644831933,46.58203125
1,45.89283370173825,46.58203125
1,45.894740313925716,46.58203125
1,45.896646926113185,46.58203125
1,45.89855353830065,46.58203125
1,45.90236676267559,46.58203125
1,45.90617998705053,46.58203125
1,45.9206314720193,46.58203125
1,45.935082956988076,46.58203125
1,45.962362803196164,46.58203125
1,45.98964264940425,46.58203125
1,46.01692249561234,46.58203125
1,46.05372794084206,46.58203125
1,46.090533386071776,46.77734375
1,46.12733883130149,46.77734375
1,46.17525093957154,46.77734375
1,46.22316304784159,46.77734375
1,46.271075156111635,46.97265625
1,46.32696676339392,46.97265625
1,46.3828583706762,46.97265625
1,46.43874997795849,46.97265625
1,46.48466288055861,47.16796875
1,46.49256908025396,47.16796875
1,46.500475279949306,47.16796875
1,46.508381479644655,47.16796875
1,46.52419387903535,47.16796875
1,46.54000627842605,47.16796875
1,46.555818677816745,47.16796875
1,46.60733978710072,47.16796875
1,46.658860896384695,47.16796875
1,46.71038200566867,47.36328125
1,46.761903114952645,47.36328125
1,46.81342422423662,47.36328125
1,46.864945333520595,47.36328125
1,46.93269259580788,47.55859375
1,47.00043985809516,47.55859375
1,47.06818712038245,47.55859375
1,47.13593438266973,47.75390625
1,47.203681644957015,47.75390625
1,47.2714289072443,47.94921875
1,47.339176169531584,47.94921875
1,47.41570979470791,47.94921875
1,47.49224341988423,48.14453125
1,47.56877704506056,48.14453125
1,47.64531067023688,48.14453125
1,47.721844295413206,48.33984375
1,47.79837792058953,48.33984375
1,47.874911545765855,48.53515625
1,47.95144517094218,48.53515625
1,48.027978796118504,48.53515625
1,48.10451242129483,48.73046875
1,48.16735139770454,48.73046875
1,48.23019037411426,48.73046875
1,48.29302935052397,48.92578125
1,48.35586832693369,48.92578125
1,48.43880994247412,48.92578125
1,48.52175155801456,49.12109375
1,48.60469317355499,49.12109375
1,48.67332800712648,49.12109375
1,48.741962840697965,49.31640625
1,48.81059767426945,49.31640625
1,48.86766087451433,49.31640625
1,48.924724074759204,49.51171875
1,48.98178727500408,49.51171875
1,49.03885047524896,49.51171875
1,49.09591367549383,49.70703125
1,49.15297687573871,49.70703125
1,49.210040075983585,49.70703125
1,49.26710327622846,49.70703125
1,49.32416647647334,49.90234375
1,49.38122967671821,49.90234375
1,49.446792612476976,49.90234375
1,49.51235554823574,50.09765625
1,49.5779184839945,50.09765625
1,49.643481419753265,50.09765625
1,49.7196108825152,50.29296875
1,49.79574034527713,50.29296875
1,49.871869808039065,50.29296875
1,49.947999270801,50.48828125
1,50.02412873356293,50.48828125
1,50.100258196324866,50.68359375
1,50.1763876590868,50.68359375
1,50.18849157598595,50.68359375
1,50.190658134691034,50.68359375
1,50.19282469339612,50.68359375
1,50.194991252101204,50.68359375
1,50.19932436951138,50.68359375
1,50.20365748692156,50.68359375
1,50.21846292035904,50.68359375
1,50.23326835379652,50.68359375
1,50.248073787234,50.68359375
1,50.29509678709753,50.87890625
1,50.34211978696106,50.87890625
1,50.389142786824586,50.87890625
1,50.45047534762552,50.87890625
1,50.511807908426455,51.07421875
1,50.57314046922739,51.07421875
1,50.634473030028325,51.07421875
1,50.71908114644589,51.26953125
1,50.80368926286345,51.26953125
1,50.88829737928101,51.26953125
1,50.972905495698576,51.46484375
1,51.05751361211614,51.46484375
1,51.1421217285337,51.66015625
1,51.226729844951265,51.66015625
1,51.294524718839085,51.85546875
1,51.34685312326479,51.85546875
1,51.3991815276905,51.85546875
1,51.45150993211621,51.85546875
1,51.50383833654192,52.05078125
1,51.57173440430778,52.05078125
1,51.63963047207365,52.05078125
1,51.70752653983951,52.24609375
1,51.77542260760538,52.24609375
1,51.84331867537124,52.24609375
1,51.91121474313711,52.44140625
1,51.979110810902974,52.44140625
1,52.05919975188185,52.44140625
1,52.139288692860724,52.63671875
1,52.15100118881679,52.63671875
1,52.16271368477286,52.63671875
1,52.17442618072893,52.63671875
1,52.186138676685,52.63671875
1,52.20207974480124,52.63671875
1,52.21802081291748,52.63671875
1,52.23396188103372,52.63671875
1,52.28051969606107,52.63671875
1,52.32707751108842,52.83203125
1,52.37363532611577,52.83203125
1,52.43618957081504,52.83203125
1,52.49874381551431,53.02734375
1,52.56129806021358,53.02734375
1,52.62385230491285,53.02734375
1,52.709197359782046,53.22265625
1,52.79454241465124,53.22265625
1,52.87988746952043,53.22265625
1,52.96523252438963,53.41796875
1,53.05057757925882,53.41796875
1,53.135922634128015,53.61328125
1,53.22126768899721,53.61328125
1,53.28668574019876,53.61328125
1,53.336778378737336,53.80859375
1,53.38687101727591,53.80859375
1,53.43696365581448,53.80859375
1,53.48705629435305,53.80859375
1,53.55801485522914,54.00390625
1,53.628973416105225,54.00390625
1,53.69993197698131,54.00390625
1,53.7708905378574,54.19921875
1,53.852087104248334,54.19921875
1,53.93328367063927,54.39453125
1,54.014480237030206,54.39453125
1,54.09567680342114,54.39453125
1,54.17687336981208,54.58984375
1,54.258069936203015,54.58984375
1,54.33926650259395,54.78515625
1,54.42046306898489,54.78515625
1,54.50165963537582,54.78515625
1,54.58285620176676,54.98046875
1,54.664052768157696,54.98046875
1,54.74524933454863,55.17578125
1,54.82644590093957,55.17578125
1,54.907642467330504,55.17578125
1,54.98883903372144,55.37109375
1,55.07003560011238,55.37109375
1,55.15123216650331,55.56640625
1,55.23242873289425,55.56640625
1,55.313625299285185,55.76171875
1,55.39482186567612,55.76171875
1,55.47601843206706,55.76171875
1,55.557214998457994,55.95703125
1,55.63841156484893,55.95703125
1,55.719608131239866,56.15234375
1,55.8008046976308,56.15234375
1,55.88200126402174,56.15234375
1,55.963197830412675,56.34765625
1,56.04439439680361,56.34765625
1,56.12559096319455,56.54296875
1,56.20678752958548,56.54296875
1,56.28798409597642,56.54296875
1,56.369180662367356,56.73828125
1,56.45037722875829,56.73828125
1,56.53157379514923,56.93359375
1,56.59898739510047,56.93359375
1,56.66640099505172,56.93359375
1,56.73381459500296,57.12890625
1,56.801228194954206,57.12890625
1,56.8762779765762,57.12890625
1,56.95132775819819,57.32421875
1,57.02637753982018,57.32421875
1,57.10142732144217,57.32421875
1,57.176477103064165,57.51953125
1,57.25152688468616,57.51953125
1,57.32657666630815,57.71484375
1,57.40162644793014,57.71484375
1,57.47667622955213,57.71484375
1,57.551726011174125,57.91015625
1,57.62677579279612,57.91015625
1,57.70182557441811,57.91015625
1,57.7768753560401,58.10546875
1,57.85192513766209,58.10546875
1,57.926974919284085,58.30078125
1,57.938418734317324,58.30078125
1,57.94986254935056,58.30078125
1,57.9613063643838,58.30078125
1,57.98419399445027,58.30078125
1,58.00081955771776,58.30078125
1,58.01744512098525,58.30078125
1,58.041149721320686,58.30078125
1,58.06485432165612,58.30078125
1,58.088558921991556,58.30078125
1,58.147044429327565,58.49609375
1,58.19558643925711,58.49609375
1,58.24412844918666,58.49609375
1,58.29267045911621,58.49609375
1,58.34798149756034,58.69140625
1,58.40329253600447,58.69140625
1,58.4586035744486,58.69140625
1,58.52408021273435,58.69140625
1,58.58955685102009,58.88671875
1,58.655033489305836,58.88671875
1,58.72051012759158,58.88671875
1,58.785986765877325,59.08203125
1,58.85146340416307,59.08203125
1,58.916940042448815,59.08203125
1,58.99853145511162,59.27734375
1,59.08012286777442,59.27734375
1,59.161714280437224,59.47265625
1,59.229434403226094,59.47265625
1,59.297154526014964,59.47265625
1,59.364874648803834,59.66796875
1,59.432594771592704,59.66796875
1,59.52269557749948,59.66796875
1,59.59336131160114,59.86328125
1,59.6640270457028,59.86328125
1,59.73469277980446,59.86328125
1,59.80535851390612,60.05859375
1,59.87602424800778,60.05859375
1,59.94668998210944,60.25390625
1,60.0173557162111,60.25390625
1,60.09297520340135,60.25390625
1,60.168594690591604,60.44921875
1,60.22809274426674,60.44921875
1,60.287590797941874,60.44921875
1,60.34708885161701,60.64453125
1,60.406586905292144,60.64453125
1,60.46608495896728,60.64453125
1,60.525583012642414,60.64453125
1,60.58508106631755,60.83984375
1,60.656952652941115,60.83984375
1,60.72882423956468,60.83984375
1,60.800695826188246,61.03515625
1,60.87256741281181,61.03515625
1,60.96031145826333,61.23046875
1,61.04805550371484,61.23046875
1,61.13579954916636,61.23046875
1,61.22354359461787,61.42578125
1,61.31128764006939,61.42578125
1,61.3805318182854,61.62109375
1,61.44977599650141,61.62109375
1,61.51902017471742,61.62109375
1,61.58826435293343,61.81640625
1,61.65750853114944,61.81640625
1,61.72675270936545,61.81640625
1,61.79599688758146,62.01171875
1,61.86524106579747,62.01171875
1,61.93448524401348,62.01171875
1,62.00372942222949,62.20703125
1,62.0729736004455,62.20703125
1,62.14221777866151,62.20703125
1,62.21146195687752,62.40234375
1,62.28857556886461,62.40234375
1,62.365689180851696,62.59765625
1,62.44280279283878,62.59765625
1,62.51991640482587,62.59765625
1,62.59703001681296,62.79296875
1,62.674143628800046,62.79296875
1,62.75125724078713,62.79296875
1,62.82837085277422,62.98828125
1,62.90548446476131,62.98828125
1,62.96504495107509,63.18359375
1,63.02460543738888,63.18359375
1,63.08416592370266,63.18359375
1,63.14372641001645,63.18359375
1,63.21399144975287,63.37890625
1,63.28425648948929,63.37890625
1,63.35452152922571,63.37890625
1,63.424786568962126,63.57421875
1,63.495051608698546,63.57421875
1,63.495061828988916,63.57421875
1,63.49507204927929,63.57421875
1,63.49508226956966,63.57421875
1,63.49509248986003,63.57421875
1,63.4951027101504,63.57421875
1,63.49512315073113,63.57421875
1,63.495143591311866,63.57421875
1,63.49528489817549,63.57421875
1,63.49542620503912,63.57421875
1,63.495897985488874,63.57421875
1,63.49636976593863,63.57421875
1,63.49809201711647,63.57421875
1,63.49981426829431,63.57421875
1,63.503293379070136,63.57421875
1,63.506772489845964,63.57421875
1,63.516033308368016,63.57421875
1,63.52529412689007,63.57421875
1,63.54561918071029,63.57421875
1,63.56208681929115,63.76953125
1,63.578554457872016,63.76953125
1,63.60423550793139,63.76953125
1,63.62991655799077,63.76953125
1,63.655597608050144,63.76953125
1,63.69285868596166,63.76953125
1,63.73011976387318,63.76953125
1,63.76738084178469,63.96484375
1,63.81512884686144,63.96484375
1,63.86287685193819,63.96484375
1,63.870630420025854,63.96484375
1,63.87838398811352,63.96484375
1,63.886137556201184,63.96484375
1,63.90040461143944,63.96484375
1,63.9146716666777,63.96484375
1,63.928938721915955,63.96484375
1,63.98516394659511,64.16015625
1,64.04138917127426,64.16015625
1,64.09761439595341,64.16015625
1,64.1534519058434,64.16015625
1,64.20928941573338,64.35546875
1,64.26512692562336,64.35546875
1,64.32096443551335,64.35546875
1,64.40641945902718,64.55078125
1,64.49187448254101,64.55078125
1,64.57732950605484,64.74609375
1,64.66278452956867,64.74609375
1,64.7482395530825,64.74609375
1,64.83369457659633,64.94140625
1,64.91914960011016,64.94140625
1,65.00460462362399,65.13671875
1,65.09005964713782,65.13671875
1,65.17551467065165,65.33203125
1,65.26096969416548,65.33203125
1,65.34642471767931,65.33203125
1,65.43187974119314,65.52734375
1,65.51733476470697,65.52734375
1,65.6027897882208,65.72265625
1,65.68824481173463,65.72265625
1,65.77369983524846,65.91796875
1,65.8591548587623,65.91796875
1,65.94460988227613,65.91796875
1,66.03006490578996,66.11328125
1,66.11551992930379,66.11328125
1,66.18357546475454,66.30859375
1,66.2516310002053,66.30859375
1,66.31968653565605,66.30859375
1,66.3877420711068,66.50390625
1,66.45579760655755,66.50390625
1,66.5238531420083,66.50390625
1,66.59190867745906,66.69921875
1,66.65003151759306,66.69921875
1,66.66084365733144,66.69921875
1,66.67165579706982,66.69921875
1,66.6824679368082,66.69921875
1,66.70409221628495,66.69921875
1,66.7257164957617,66.69921875
1,66.74734077523846,66.69921875
1,66.79804913866172,66.89453125
1,66.848757502085,66.89453125
1,66.89946586550826,66.89453125
1,66.95017422893153,66.89453125
1,67.0313492398218,67.08984375
1,67.11252425071206,67.08984375
1,67.19369926160232,67.28515625
1,67.27487427249258,67.28515625
1,67.35604928338284,67.28515625
1,67.43722429427311,67.48046875
1,67.51839930516337,67.48046875
1,67.60960803302898,67.67578125
1,67.70081676089458,67.67578125
1,67.79202548876019,67.87109375
1,67.8832342166258,67.87109375
1,67.9744429444914,67.87109375
1,68.065651672357,68.06640625
1,68.15686040022261,68.06640625
1,68.24806912808822,68.26171875
1,68.33927785595382,68.26171875
1,68.43048658381943,68.45703125
1,68.52169531168504,68.45703125
1,68.61290403955064,68.65234375
1,68.70411276741625,68.65234375
1,68.79532149528185,68.84765625
1,68.88653022314746,68.84765625
1,68.97773895101307,68.84765625
1,69.06894767887867,69.04296875
1,69.16015640674428,69.04296875
1,69.25136513460988,69.23828125
1,69.34257386247549,69.23828125
1,69.4337825903411,69.43359375
1,69.5249913182067,69.43359375
1,69.61620004607231,69.62890625
1,69.70740877393791,69.62890625
1,69.79861750180352,69.82421875
1,69.88982622966913,69.82421875
1,69.98103495753473,69.82421875
1,70.07224368540034,70.01953125
1,70.16345241326594,70.01953125
1,70.25466114113155,70.21484375
1,70.34586986899716,70.21484375
1,70.43707859686276,70.41015625
1,70.52828732472837,70.41015625
1,70.60277252762641,70.60546875
1,70.67725773052446,70.60546875
1,70.7517429334225,70.60546875
1,70.82622813632055,70.80078125
1,70.9007133392186,70.80078125
1,70.97519854211664,70.80078125
1,71.04968374501469,70.99609375
1,71.12416894791274,70.99609375
1,71.19865415081078,71.19140625
1,71.27313935370883,71.19140625
1,71.35978429757768,71.19140625
1,71.44642924144652,71.38671875
1,71.51827556911762,71.38671875
1,71.59012189678872,71.38671875
1,71.66196822445981,71.58203125
1,71.73381455213091,71.58203125
1,71.805660879802,71.77734375
1,71.8775072074731,71.77734375
1,71.9493535351442,71.77734375
1,72.0211998628153,71.97265625
1,72.09304619048639,71.97265625
1,72.16489251815749,71.97265625
1,72.23673884582858,72.16796875
1,72.29405484512759,72.16796875
1,72.33757283889975,72.16796875
1,72.37380793134338,72.16796875
1,72.41004302378701,72.36328125
1,72.44627811623064,72.36328125
1,72.48251320867428,72.36328125
1,72.53068212117105,72.36328125
1,72.57885103366783,72.36328125
1,72.62701994616461,72.55859375
1,72.67518885866139,72.55859375
1,72.68385341502731,72.55859375
1,72.69251797139324,72.55859375
1,72.70118252775917,72.55859375
1,72.71851164049102,72.55859375
1,72.73584075322286,72.55859375
1,72.75718032559286,72.55859375
1,72.77851989796285,72.55859375
1,72.79985947033285,72.55859375
1,72.83750791875897,72.75390625
1,72.8751563671851,72.75390625
1,72.91280481561122,72.75390625
1,72.96494911617634,72.75390625
1,73.01709341674146,72.94921875
1,73.06923771730658,72.94921875
1,73.1213820178717,72.94921875
1,73.17352631843681,72.94921875
1,73.22567061900193,73.14453125
1,73.29517086195906,73.14453125
1,73.3646711049162,73.14453125
1,73.42185469206198,73.33984375
1,73.47903827920777,73.33984375
1,73.53622186635356,73.33984375
1,73.59340545349934,73.33984375
1,73.66115479872384,73.53515625
1,73.72890414394834,73.53515625
1,73.79665348917284,73.53515625
1,73.86440283439734,73.73046875
1,73.93215217962184,73.73046875
1,73.98810525046657,73.73046875
1,73.99829210334303,73.73046875
1,74.00847895621949,73.73046875
1,74.01866580909595,73.92578125
1,74.03903951484885,73.92578125
1,74.05941322060175,73.92578125
1,74.07978692635466,73.92578125
1,74.12994655229937,73.92578125
1,74.18010617824409,73.92578125
1,74.2302658041888,74.12109375
1,74.28042543013352,74.12109375
1,74.36029972428224,74.12109375
1,74.44017401843097,74.31640625
1,74.52004831257969,74.31640625
1,74.59992260672841,74.31640625
1,74.67979690087714,74.51171875
1,74.75967119502586,74.51171875
1,74.83954548917458,74.70703125
1,74.9194197833233,74.70703125
1,74.99929407747203,74.70703125
1,75.07916837162075,74.90234375
1,75.15904266576948,74.90234375
1,75.2389169599182,75.09765625
1,75.31879125406692,75.09765625
1,75.39866554821565,75.09765625
1,75.47853984236437,75.29296875
1,75.5584141365131,75.29296875
1,75.65058863486422,75.48828125
1,75.74276313321535,75.48828125
1,75.83493763156648,75.68359375
1,75.9271121299176,75.68359375
1,76.01928662826873,75.68359375
1,76.11146112661986,75.87890625
1,76.20363562497099,75.87890625
1,76.29581012332211,76.07421875
1,76.38798462167324,76.07421875
1,76.48015912002437,76.26953125
1,76.5723336183755,76.26953125
1,76.66450811672662,76.46484375
1,76.75668261507775,76.46484375
1,76.84885711342888,76.66015625
1,76.94103161178,76.66015625
1,77.03320611013113,76.85546875
1,77.12538060848226,76.85546875
1,77.21755510683339,76.85546875
1,77.30972960518451,77.05078125
1,77.40190410353564,77.05078125
1,77.49407860188677,77.24609375
1,77.5862531002379,77.24609375
1,77.60008156421327,77.24609375
1,77.61391002818864,77.24609375
1,77.62773849216401,77.24609375
1,77.64156695613939,77.44140625
1,77.6657598670464,77.44140625
1,77.68995277795342,77.44140625
1,77.71414568886044,77.44140625
1,77.73833859976746,77.44140625
1,77.78847960157529,77.44140625
1,77.83862060338312,77.63671875
1,77.88876160519095,77.63671875
1,77.93890260699878,77.63671875
1,78.0153779338658,77.63671875
1,78.09185326073283,77.83203125
1,78.16832858759986,77.83203125
1,78.24480391446689,78.02734375
1,78.32127924133391,78.02734375
1,78.39775456820094,78.02734375
1,78.47422989506796,78.22265625
1,78.53634177471059,78.22265625
1,78.5463008149113,78.22265625
1,78.55625985511202,78.22265625
1,78.56621889531273,78.22265625
1,78.58613697571415,78.22265625
1,78.60605505611558,78.22265625
1,78.625973136517,78.22265625
1,78.67509412185935,78.41796875
1,78.72421510720169,78.41796875
1,78.77333609254403,78.41796875
1,78.83431709617928,78.41796875
1,78.89529809981453,78.61328125
1,78.95627910344977,78.61328125
1,79.01726010708502,78.61328125
1,79.10305309223261,78.80859375
1,79.1888460773802,78.80859375
1,79.2746390625278,79.00390625
1,79.36043204767539,79.00390625
1,79.44622503282298,79.19921875
1,79.53201801797057,79.19921875
1,79.5444747383019,79.19921875
1,79.55693145863323,79.19921875
1,79.56938817896456,79.19921875
1,79.58184489929589,79.19921875
1,79.59831679765706,79.19921875
1,79.61478869601824,79.19921875
1,79.63126059437941,79.19921875
1,79.64773249274059,79.39453125
1,79.7029332442518,79.39453125
1,79.758133995763,79.39453125
1,79.81333474727421,79.39453125
1,79.86769556148549,79.58984375
1,79.92205637569677,79.58984375
1,79.97641718990805,79.58984375
1,80.03077800411933,79.58984375
1,80.11565914829234,79.78515625
1,80.20054029246535,79.78515625
1,80.28542143663836,79.98046875
1,80.37030258081137,79.98046875
1,80.45518372498438,80.17578125
1,80.54006486915739,80.17578125
1,80.6249460133304,80.17578125
1,80.70982715750341,80.37109375
1,80.79470830167642,80.37109375
1,80.87958944584943,80.56640625
1,80.96447059002244,80.56640625
1,81.04935173419545,80.56640625
1,81.13423287836846,80.76171875
1,81.21911402254148,80.76171875
1,81.30399516671449,80.95703125
1,81.3888763108875,80.95703125
1,81.47375745506051,81.15234375
1,81.55863859923352,81.15234375
1,81.64351974340653,81.15234375
1,81.72840088757954,81.34765625
1,81.81328203175255,81.34765625
1,81.89816317592556,81.54296875
1,81.98304432009857,81.54296875
1,82.06792546427158,81.73828125
1,82.15280660844459,81.73828125
1,82.2376877526176,81.73828125
1,82.30836755828888,81.93359375
1,82.37904736396015,81.93359375
1,82.44972716963143,81.93359375
1,82.5204069753027,82.12890625
1,82.60068760631897,82.12890625
1,82.68096823733524,82.32421875
1,82.7612488683515,82.32421875
1,82.84152949936777,82.32421875
1,82.93108092339523,82.51953125
1,83.02063234742269,82.51953125
1,83.11018377145015,82.71484375
1,83.19973519547761,82.71484375
1,83.28928661950508,82.91015625
1,83.37883804353254,82.91015625
1,83.46838946756,83.10546875
1,83.55794089158746,83.10546875
1,83.64749231561493,83.10546875
1,83.73704373964239,83.30078125
1,83.82659516366985,83.30078125
1,83.91614658769731,83.49609375
1,84.00569801172477,83.49609375
1,84.09524943575224,83.69140625
1,84.1848008597797,83.69140625
1,84.27435228380716,83.88671875
1,84.36390370783462,83.88671875
1,84.45345513186209,83.88671875
1,84.54300655588955,84.08203125
1,84.63255797991701,84.08203125
1,84.72210940394447,84.27734375
1,84.81166082797193,84.27734375
1,84.9012122519994,84.47265625
1,84.99076367602686,84.47265625
1,85.08031510005432,84.66796875
1,85.16986652408178,84.66796875
1,85.25941794810925,84.66796875
1,85.34896937213671,84.86328125
1,85.43852079616417,84.86328125
1,85.52807222019163,85.05859375
1,85.6176236442191,85.05859375
1,85.70717506824656,85.25390625
1,85.79672649227402,85.25390625
1,85.87061611245115,85.25390625
1,85.94450573262827,85.44921875
1,86.0183953528054,85.44921875
1,86.09228497298253,85.64453125
1,86.16617459315965,85.64453125
1,86.24006421333678,85.64453125
1,86.3139538335139,85.83984375
1,86.38784345369103,85.83984375
1,86.44841109529627,85.83984375
1,86.5089787369015,86.03515625
1,86.56954637850673,86.03515625
1,86.63011402011196,86.03515625
1,86.70445363329475,86.23046875
1,86.77879324647753,86.23046875
1,86.85313285966032,86.23046875
1,86.9274724728431,86.42578125
1,86.9892709765007,86.42578125
1,86.99801840758302,86.42578125
1,87.00676583866533,86.42578125
1,87.01551326974764,86.42578125
1,87.03300813191227,86.42578125
1,87.0505029940769,86.42578125
1,87.06799785624152,86.42578125
1,87.11901851042319,86.62109375
1,87.17003916460486,86.62109375
1,87.22105981878653,86.62109375
1,87.2720804729682,86.62109375
1,87.32310112714987,86.81640625
1,87.37412178133154,86.81640625
1,87.44196512288626,86.81640625
1,87.50980846444098,87.01171875
1,87.56599519369281,87.01171875
1,87.62218192294465,87.01171875
1,87.67836865219648,87.01171875
1,87.73455538144832,87.20703125
1,87.79793703155765,87.20703125
1,87.86131868166699,87.20703125
1,87.92470033177632,87.40234375
1,87.98808198188566,87.40234375
1,88.06535254359245,87.40234375
1,88.14262310529925,87.59765625
1,88.21989366700605,87.59765625
1,88.28362644414644,87.59765625
1,88.34735922128682,87.79296875
1,88.41109199842721,87.79296875
1,88.4748247755676,87.79296875
1,88.55510772025063,87.98828125
1,88.63539066493367,87.98828125
1,88.7156736096167,88.18359375
1,88.79595655429974,88.18359375
1,88.87623949898277,88.18359375
1,88.9565224436658,88.37890625
1,89.03680538834884,88.37890625
1,89.11708833303187,88.57421875
1,89.19737127771491,88.57421875
1,89.27765422239794,88.57421875
1,89.35793716708098,88.76953125
1,89.43822011176401,88.76953125
1,89.51850305644705,88.96484375
1,89.59878600113008,88.96484375
1,89.67906894581311,88.96484375
1,89.75935189049615,89.16015625
1,89.83963483517918,89.16015625
1,89.91991777986222,89.35546875
1,90.00020072454525,89.35546875
1,90.08048366922829,89.35546875
1,90.16076661391132,89.55078125
1,90.24104955859436,89.55078125
1,90.32133250327739,89.74609375
1,90.40161544796042,89.74609375
1,90.48189839264346,89.74609375
1,90.56218133732649,89.94140625
1,90.64246428200953,89.94140625
1,90.72274722669256,90.13671875
1,90.73456265996307,90.13671875
1,90.73671785829862,90.13671875
1,90.73887305663416,90.13671875
1,90.7410282549697,90.13671875
1,90.7453386516408,90.13671875
1,90.74964904831188,90.13671875
1,90.76678993828124,90.13671875
1,90.78393082825059,90.13671875
1,90.80107171821994,90.13671875
1,90.84372510216453,90.13671875
1,90.88637848610911,90.13671875
1,90.92903187005369,90.33203125
1,90.99008214095613,90.33203125
1,91.05113241185857,90.33203125
1,91.11218268276102,90.52734375
1,91.17323295366346,90.52734375
1,91.24432646994487,90.52734375
1,91.31541998622627,90.72265625
1,91.38651350250768,90.72265625
1,91.45760701878909,90.72265625
1,91.5287005350705,90.91796875
1,91.5997940513519,90.91796875
1,91.67088756763332,90.91796875
1,91.7510035385655,91.11328125
1,91.83111950949768,91.11328125
1,91.91123548042987,91.30859375
1,91.99135145136205,91.30859375
1,92.07146742229423,91.30859375
1,92.15158339322642,91.50390625
1,92.2316993641586,91.50390625
1,92.24379895205696,91.50390625
1,92.25589853995533,91.50390625
1,92.26799812785369,91.50390625
1,92.28009771575205,91.50390625
1,92.29840574424078,91.50390625
1,92.31671377272951,91.69921875
1,92.33502180121825,91.69921875
1,92.38873371964458,91.69921875
1,92.44244563807091,91.69921875
1,92.49615755649724,91.69921875
1,92.55928648716579,91.89453125
1,92.62241541783435,91.89453125
1,92.6855443485029,91.89453125
1,92.74867327917146,92.08984375
1,92.83456689332812,92.08984375
1,92.92046050748478,92.28515625
1,93.00635412164144,92.28515625
1,93.0762773297936,92.28515625
1,93.14620053794576,92.48046875
1,93.21612374609792,92.48046875
1,93.28604695425008,92.48046875
1,93.36608008909093,92.67578125
1,93.44611322393177,92.67578125
1,93.52614635877262,92.87109375
1,93.60617949361347,92.87109375
1,93.68621262845431,92.87109375
1,93.76624576329516,93.06640625
1,93.846278898136,93.06640625
1,93.92631203297685,93.26171875
1,93.93796895475482,93.26171875
1,93.94962587653279,93.26171875
1,93.96128279831076,93.26171875
1,93.97293972008873,93.26171875
1,93.99251636075833,93.26171875
1,94.01209300142793,93.26171875
1,94.03166964209753,93.26171875
1,94.0868800742433,93.26171875
1,94.14209050638907,93.45703125
1,94.19730093853484,93.45703125
1,94.2519009743997,93.45703125
1,94.30650101026457,93.45703125
1,94.36110104612943,93.65234375
1,94.4157010819943,93.65234375
1,94.5035677566689,93.65234375
1,94.57458255888328,93.84765625
1,94.64559736109766,93.84765625
1,94.71661216331204,93.84765625
1,94.78762696552641,94.04296875
1,94.85864176774079,94.04296875
1,94.92965656995517,94.23828125
1,95.00067137216955,94.23828125
1,95.07168617438393,94.23828125
1,95.1427009765983,94.43359375
1,95.15404484338652,94.43359375
1,95.15595426582223,94.43359375
1,95.15786368825795,94.43359375
1,95.15977311069366,94.43359375
1,95.1635919555651,94.43359375
1,95.16741080043653,94.43359375
1,95.18189383113747,94.43359375
1,95.19637686183842,94.43359375
1,95.22360719827981,94.43359375
1,95.2508375347212,94.43359375
1,95.27806787116259,94.43359375
1,95.31522403420803,94.43359375
1,95.35238019725347,94.62890625
1,95.3895363602989,94.62890625
1,95.43746104044445,94.62890625
1,95.48538572058999,94.62890625
1,95.53331040073553,94.82421875
1,95.58885335575663,94.82421875
1,95.64439631077772,94.82421875
1,95.69993926579882,94.82421875
1,95.75548222081991,95.01953125
1,95.81102517584101,95.01953125
1,95.8665681308621,95.01953125
1,95.9221110858832,95.01953125
1,95.98979139823984,95.21484375
1,96.05747171059649,95.21484375
1,96.11163244334962,95.21484375
1,96.16579317610275,95.41015625
1,96.21995390885589,95.41015625
1,96.27411464160902,95.41015625
1,96.32827537436215,95.41015625
1,96.38243610711528,95.60546875
1,96.43659683986841,95.60546875
1,96.49075757262155,95.60546875
1,96.54491830537468,95.80078125
1,96.59907903812781,95.80078125
1,96.66082414129771,95.80078125
1,96.71033070419165,95.80078125
1,96.75983726708559,95.99609375
1,96.80934382997953,95.99609375
1,96.85885039287346,95.99609375
1,96.91616652238207,95.99609375
1,96.97348265189068,96.19140625
1,97.03079878139928,96.19140625
1,97.08811491090789,96.19140625
1,97.15620582854177,96.38671875
1,97.20998458453147,96.38671875
1,97.26376334052117,96.38671875
1,97.31754209651086,96.38671875
1,97.37132085250056,96.58203125
1,97.4469425996913,96.58203125
1,97.52256434688204,96.58203125
1,97.59818609407277,96.77734375
1,97.67380784126351,96.77734375
1,97.74942958845425,96.97265625
1,97.80965172808175,96.97265625
1,97.86987386770925,96.97265625
1,97.93009600733674,96.97265625
1,97.99031814696424,97.16796875
1,98.05054028659174,97.16796875
1,98.11076242621924,97.16796875
1,98.17098456584674,97.36328125
1,98.2492829142621,97.36328125
1,98.32758126267746,97.36328125
1,98.40587961109281,97.55859375
1,98.48417795950817,97.55859375
1,98.56247630792353,97.75390625
1,98.64077465633889,97.75390625
1,98.71907300475425,97.75390625
1,98.80880982148155,97.94921875
1,98.89854663820884,97.94921875
1,98.98828345493614,98.14453125
1,99.07802027166343,98.14453125
1,99.16775708839073,98.33984375
1,99.25749390511803,98.33984375
1,99.34723072184532,98.33984375
1,99.43696753857262,98.53515625
1,99.52670435529991,98.53515625
1,99.61644117202721,98.73046875
1,99.7061779887545,98.73046875
1,99.7959148054818,98.92578125
1,99.8856516222091,98.92578125
1,99.97538843893639,99.12109375
1,100.06512525566369,99.12109375
1,100.15486207239098,99.31640625
1,100.24459888911828,99.31640625
1,100.33433570584558,99.31640625
1,100.42407252257287,99.51171875
1,100.51380933930017,99.51171875
1,100.60354615602746,99.70703125
1,100.69328297275476,99.70703125
1,100.78301978948205,99.90234375
1,100.87275660620935,99.90234375
1,100.96249342293665,100.09765625
1,101.05223023966394,100.09765625
1,101.14196705639124,100.09765625
1,101.23170387311853,100.29296875
1,101.32144068984583,100.29296875
1,101.41117750657313,100.48828125
1,101.50091432330042,100.48828125
1,101.59065114002772,100.68359375
1,101.68038795675501,100.68359375
1,101.77012477348231,100.87890625
1,101.8598615902096,100.87890625
1,101.9495984069369,100.87890625
1,102.0393352236642,101.07421875
1,102.12907204039149,101.07421875
1,102.21880885711879,101.26953125
1,102.30854567384608,101.26953125
1,102.39828249057338,101.46484375
1,102.48801930730068,101.46484375
1,102.57775612402797,101.66015625
1,102.66749294075527,101.66015625
1,102.75722975748256,101.66015625
1,102.84696657420986,101.85546875
1,102.93670339093715,101.85546875
1,103.02644020766445,102.05078125
1,103.11617702439175,102.05078125
1,103.20591384111904,102.24609375
1,103.29565065784634,102.24609375
1,103.38538747457363,102.44140625
1,103.47512429130093,102.44140625
1,103.56486110802823,102.44140625
1,103.65459792475552,102.63671875
1,103.74433474148282,102.63671875
1,103.83407155821011,102.83203125
1,103.92380837493741,102.83203125
1,104.0135451916647,103.02734375
1,104.103282008392,103.02734375
1,104.1930188251193,103.22265625
1,104.28275564184659,103.22265625
1,104.37249245857389,103.22265625
1,104.46222927530118,103.41796875
1,104.55196609202848,103.41796875
1,104.64170290875578,103.61328125
1,104.73143972548307,103.61328125
1,104.82117654221037,103.80859375
1,104.91091335893766,103.80859375
1,105.00065017566496,104.00390625
1,105.07218040422813,104.00390625
1,105.14371063279131,104.00390625
1,105.21524086135449,104.19921875
1,105.28677108991766,104.19921875
1,105.3702258981239,104.19921875
1,105.45368070633015,104.39453125
1,105.51920777660793,104.39453125
1,105.58473484688571,104.58984375
1,105.65026191716349,104.58984375
1,105.71578898744127,104.58984375
1,105.78131605771905,104.58984375
1,105.84684312799683,104.78515625
1,105.91237019827462,104.78515625
1,105.99348522127192,104.98046875
1,106.07460024426923,104.98046875
1,106.15571526726654,104.98046875
1,106.23683029026385,105.17578125
1,106.31794531326116,105.17578125
1,106.39906033625847,105.37109375
1,106.48017535925578,105.37109375
1,106.56129038225309,105.37109375
1,106.6424054052504,105.56640625
1,106.70654333944618,105.56640625
1,106.75823113590185,105.56640625
1,106.80991893235752,105.76171875
1,106.86160672881319,105.76171875
1,106.91329452526885,105.76171875
1,106.99178321627615,105.95703125
1,107.07027190728344,105.95703125
1,107.14876059829074,105.95703125
1,107.22724928929803,106.15234375
1,107.30573798030532,106.15234375
1,107.38422667131262,106.15234375
1,107.46271536231991,106.34765625
1,107.5412040533272,106.34765625
1,107.6196927443345,106.54296875
1,107.6981814353418,106.54296875
1,107.77667012634909,106.54296875
1,107.85515881735638,106.73828125
1,107.93364750836368,106.73828125
1,108.01213619937097,106.93359375
1,108.09062489037827,106.93359375
1,108.16911358138556,106.93359375
1,108.24760227239285,107.12890625
1,108.32609096340015,107.12890625
1,108.40457965440744,107.32421875
1,108.48306834541474,107.32421875
1,108.56155703642203,107.32421875
1,108.64004572742932,107.51953125
1,108.71853441843662,107.51953125
1,108.79702310944391,107.51953125
1,108.85789304932013,107.71484375
1,108.90851417091307,107.71484375
1,108.959135292506,107.71484375
1,109.00975641409894,107.91015625
1,109.06037753569188,107.91015625
1,109.12705646533801,107.91015625
1,109.19373539498415,107.91015625
1,109.26041432463028,108.10546875
1,109.3270932542764,108.10546875
1,109.40757743536548,108.30078125
1,109.48806161645456,108.30078125
1,109.56854579754363,108.30078125
1,109.64902997863271,108.49609375
1,109.72951415972179,108.49609375
1,109.80999834081086,108.69140625
1,109.89048252189994,108.69140625
1,109.97096670298902,108.69140625
1,110.0514508840781,108.88671875
1,110.0630172424425,108.88671875
1,110.0745836008069,108.88671875
1,110.08614995917131,108.88671875
1,110.09771631753571,108.88671875
1,110.11646538801863,108.88671875
1,110.13521445850154,108.88671875
1,110.15396352898445,108.88671875
1,110.20949597038206,109.08203125
1,110.26502841177968,109.08203125
1,110.3205608531773,109.08203125
1,110.37929893168364,109.08203125
1,110.43803701018997,109.27734375
1,110.49677508869631,109.27734375
1,110.55551316720265,109.27734375
1,110.64011519969822,109.47265625
1,110.72471723219378,109.47265625
1,110.80931926468935,109.66796875
1,110.89392129718492,109.66796875
1,110.97852332968048,109.66796875
1,111.06312536217605,109.86328125
1,111.14772739467162,109.86328125
1,111.23232942716719,110.05859375
1,111.24432702754773,110.05859375
1,111.25632462792827,110.05859375
1,111.2683222283088,110.05859375
1,111.28031982868934,110.05859375
1,111.29846772678906,110.05859375
1,111.31661562488877,110.05859375
1,111.33476352298848,110.05859375
1,111.38917403038836,110.05859375
1,111.44358453778824,110.25390625
1,111.49799504518812,110.25390625
1,111.55417248538055,110.25390625
1,111.61034992557298,110.25390625
1,111.6665273657654,110.44921875
1,111.72270480595783,110.44921875
1,111.80857243570865,110.44921875
1,111.89444006545948,110.64453125
1,111.9803076952103,110.64453125
1,112.06617532496112,110.83984375
1,112.15204295471194,110.83984375
1,112.23791058446277,111.03515625
1,112.32377821421359,111.03515625
1,112.40964584396441,111.03515625
1,112.49551347371523,111.23046875
1,112.58138110346606,111.23046875
1,112.66724873321688,111.42578125
1,112.7531163629677,111.42578125
1,112.83898399271852,111.62109375
1,112.92485162246935,111.62109375
1,113.01071925222017,111.62109375
1,113.09658688197099,111.81640625
1,113.18245451172182,111.81640625
1,113.26832214147264,112.01171875
1,113.35418977122346,112.01171875
1,113.42368017404702,112.20703125
1,113.49317057687058,112.20703125
1,113.56266097969414,112.20703125
1,113.6321513825177,112.40234375
1,113.70164178534127,112.40234375
1,113.77113218816483,112.40234375
1,113.84062259098839,112.59765625
1,113.91011299381195,112.59765625
1,113.97960339663551,112.59765625
1,114.04909379945907,112.79296875
1,114.12768630190214,112.79296875
1,114.20627880434522,112.79296875
1,114.28487130678829,112.98828125
1,114.34535203733117,112.98828125
1,114.39538444825939,112.98828125
1,114.44541685918762,113.18359375
1,114.49544927011584,113.18359375
1,114.54548168104407,113.18359375
1,114.61003938068264,113.18359375
1,114.6745970803212,113.37890625
1,114.73915477995978,113.37890625
1,114.80371247959835,113.37890625
1,114.86827017923692,113.57421875
1,114.93282787887549,113.57421875
1,114.99738557851406,113.57421875
1,115.06194327815263,113.76953125
1,115.1265009777912,113.76953125
1,115.19105867742977,113.76953125
1,115.27204771598002,113.96484375
1,115.33522452202635,113.96484375
1,115.34446447462874,113.96484375
1,115.35370442723112,113.96484375
1,115.36294437983351,113.96484375
1,115.3748683972738,113.96484375
1,115.3867924147141,113.96484375
1,115.39871643215439,113.96484375
1,115.41933440780222,113.96484375
1,115.43995238345006,114.16015625
1,115.4605703590979,114.16015625
1,115.51133067784238,114.16015625
1,115.56209099658686,114.16015625
1,115.61285131533134,114.16015625
1,115.66361163407582,114.35546875
1,115.7143719528203,114.35546875
1,115.76513227156478,114.35546875
1,115.8253715877388,114.35546875
1,115.88561090391282,114.55078125
1,115.94585022008684,114.55078125
1,116.00608953626086,114.55078125
1,116.06632885243488,114.74609375
1,116.1265681686089,114.74609375
1,116.18680748478292,114.74609375
1,116.25504475179017,114.94140625
1,116.32328201879741,114.94140625
1,116.39151928580466,114.94140625
1,116.45975655281191,115.13671875
1,116.53678104605612,115.13671875
1,116.60059800593328,115.13671875
1,116.65356184645862,115.33203125
1,116.70652568698395,115.33203125
1,116.75948952750929,115.33203125
1,116.81245336803462,115.33203125
1,116.8877353848798,115.52734375
1,116.96301740172498,115.52734375
1,117.03829941857016,115.52734375
1,117.11358143541534,115.72265625
1,117.18886345226052,115.72265625
1,117.2641454691057,115.91796875
1,117.33942748595088,115.91796875
1,117.41470950279606,115.91796875
1,117.48999151964124,116.11328125
1,117.56527353648642,116.11328125
1,117.6405555533316,116.11328125
1,117.71583757017677,116.30859375
1,117.79111958702195,116.30859375
1,117.86640160386713,116.50390625
1,117.8773691353063,116.50390625
1,117.88833666674546,116.50390625
1,117.89930419818462,116.50390625
1,117.91555795904696,116.50390625
1,117.9318117199093,116.50390625
1,117.94806548077165,116.50390625
1,118.00276775899428,116.50390625
1,118.05747003721692,116.69921875
1,118.11217231543955,116.69921875
1,118.16549154931714,116.69921875
1,118.21881078319473,116.69921875
1,118.27213001707231,116.89453125
1,118.3254492509499,116.89453125
1,118.41443121560303,116.89453125
1,118.48754383754871,117.08984375
1,118.5606564594944,117.08984375
1,118.63376908144008,117.08984375
1,118.70688170338576,117.28515625
1,118.78737748359315,117.28515625
1,118.86787326380053,117.48046875
1,118.94836904400792,117.48046875
1,119.0288648242153,117.48046875
1,119.09550252731849,117.67578125
1,119.16214023042167,117.67578125
1,119.22877793352485,117.67578125
1,119.29541563662804,117.87109375
1,119.36205333973122,117.87109375
1,119.4286910428344,117.87109375
1,119.49532874593758,118.06640625
1,119.5713754297522,118.06640625
1,119.6474221135668,118.06640625
1,119.72346879738141,118.26171875
1,119.79951548119602,118.26171875
1,119.87556216501063,118.45703125
1,119.95160884882524,118.45703125
1,120.02765553263986,118.45703125
1,120.10370221645447,118.65234375
1,120.1887522770285,118.65234375
1,120.27380233760253,118.84765625
1,120.35885239817657,118.84765625
1,120.4439024587506,118.84765625
1,120.52895251932463,119.04296875
1,120.61400257989867,119.04296875
1,120.62841140626436,119.04296875
1,120.63082069661425,119.04296875
1,120.63322998696414,119.04296875
1,120.63563927731403,119.04296875
1,120.6404578580138,119.04296875
1,120.64527643871358,119.04296875
1,120.65009501941336,119.04296875
1,120.66394765982044,119.23828125
1,120.67780030022752,119.23828125
1,120.6916529406346,119.23828125
1,120.74804639347974,119.23828125
1,120.80443984632488,119.23828125
1,120.86083329917003,119.23828125
1,120.92792775899765,119.43359375
1,120.99502221882528,119.43359375
1,121.06211667865291,119.43359375
1,121.12921113848054,119.62890625
1,121.22371746890491,119.62890625
1,121.31822379932927,119.82421875
1,121.41273012975364,119.82421875
1,121.507236460178,120.01953125
1,121.60174279060237,120.01953125
1,121.69624912102674,120.21484375
1,121.7907554514511,120.21484375
1,121.88526178187547,120.41015625
1,121.97976811229984,120.41015625
1,122.0742744427242,120.60546875
1,122.16878077314857,120.60546875
1,122.26328710357294,120.60546875
1,122.3577934339973,120.80078125
1,122.45229976442167,120.80078125
1,122.54680609484603,120.99609375
1,122.6413124252704,120.99609375
1,122.73581875569477,121.19140625
1,122.83032508611913,121.19140625
1,122.9248314165435,121.38671875
1,123.01933774696786,121.38671875
1,123.11384407739223,121.58203125
1,123.19254546885148,121.58203125
1,123.27124686031073,121.58203125
1,123.34994825176997,121.77734375
1,123.42864964322922,121.77734375
1,123.50735103468847,121.97265625
1,123.58605242614772,121.97265625
1,123.66475381760696,121.97265625
1,123.74345520906621,122.16796875
1,123.82215660052546,122.16796875
1,123.90085799198471,122.36328125
1,123.97955938344396,122.36328125
1,124.0582607749032,122.36328125
1,124.13696216636245,122.55859375
1,124.2156635578217,122.55859375
1,124.29436494928095,122.75390625
1,124.3730663407402,122.75390625
1,124.45176773219944,122.75390625
1,124.53046912365869,122.94921875
1,124.60917051511794,122.94921875
1,124.68787190657719,123.14453125
1,124.76657329803643,123.14453125
1,124.84527468949568,123.14453125
1,124.92397608095493,123.33984375
1,125.00267747241418,123.33984375
1,125.08137886387343,123.33984375
1,125.17049634854398,123.53515625
1,125.25961383321453,123.53515625
1,125.34873131788508,123.73046875
1,125.43784880255564,123.73046875
1,125.52696628722619,123.92578125
1,125.61608377189674,123.92578125
1,125.70520125656729,124.12109375
1,125.79431874123784,124.12109375
1,125.8834362259084,124.12109375
1,125.97255371057895,124.31640625
1,126.0616711952495,124.31640625
1,126.15078867992005,124.51171875
1,126.23990616459061,124.51171875
1,126.32902364926116,124.70703125
1,126.41814113393171,124.70703125
1,126.50725861860226,124.90234375
1,126.59637610327282,124.90234375
1,126.68549358794337,124.90234375
1,126.77461107261392,125.09765625
1,126.84700460550181,125.09765625
1,126.90691001946634,125.29296875
1,126.96681543343087,125.29296875
1,127.0267208473954,125.29296875
1,127.08662626135992,125.29296875
1,127.16278639361579,125.48828125
1,127.23894652587165,125.48828125
1,127.31510665812752,125.68359375
1,127.39126679038338,125.68359375
1,127.46742692263925,125.68359375
1,127.52613781458406,125.87890625
1,127.53572911822502,125.87890625
1,127.54532042186598,125.87890625
1,127.55491172550694,125.87890625
1,127.57409433278885,125.87890625
1,127.59327694007075,125.87890625
1,127.61245954735266,125.87890625
1,127.66976274595201,125.87890625
1,127.72706594455137,126.07421875
1,127.78436914315073,126.07421875
1,127.85365278306118,126.07421875
1,127.92293642297163,126.26953125
1,127.99222006288208,126.26953125
1,128.06150370279255,126.26953125
1,128.14631929149763,126.46484375
1,128.23113488020272,126.46484375
1,128.3159504689078,126.66015625
1,128.40076605761288,126.66015625
1,128.48558164631797,126.66015625
1,128.57039723502305,126.85546875
1,128.65521282372814,126.85546875
1,128.74002841243322,127.05078125
1,128.8248440011383,127.05078125
1,128.9096595898434,127.24609375
1,128.99447517854847,127.24609375
1,129.07929076725355,127.24609375
1,129.16410635595864,127.44140625
1,129.24892194466372,127.44140625
1,129.3337375333688,127.63671875
1,129.4185531220739,127.63671875
1,129.50336871077897,127.63671875
1,129.58818429948406,127.83203125
1,129.67299988818914,127.83203125
1,129.75781547689422,128.02734375
1,129.8426310655993,128.02734375
1,129.9117330789249,128.22265625
1,129.9808350922505,128.22265625
1,130.04993710557608,128.22265625
1,130.11903911890167,128.41796875
1,130.18814113222726,128.41796875
1,130.25724314555285,128.41796875
1,130.32634515887844,128.61328125
1,130.39544717220403,128.61328125
1,130.46454918552962,128.61328125
1,130.5336511988552,128.80859375
1,130.61290297774153,128.80859375
1,130.69215475662784,128.80859375
1,130.70377927497444,128.80859375
1,130.71540379332103,129.00390625
1,130.72702831166762,129.00390625
1,130.7502773483608,129.00390625
1,130.7666833684389,129.00390625
1,130.78308938851697,129.00390625
1,130.8066681979504,129.00390625
1,130.8302470073838,129.00390625
1,130.85382581681722,129.00390625
1,130.9103234020244,129.00390625
1,130.96682098723159,129.19921875
1,131.02331857243877,129.19921875
1,131.0940970037051,129.19921875
1,131.1648754349714,129.39453125
1,131.23565386623773,129.39453125
1,131.30643229750405,129.39453125
1,131.38517222022008,129.58984375
1,131.46391214293612,129.58984375
1,131.54265206565216,129.78515625
1,131.6213919883682,129.78515625
1,131.70013191108424,129.78515625
1,131.77887183380028,129.98046875
1,131.85761175651632,129.98046875
1,131.93635167923236,130.17578125
1,132.0150916019484,130.17578125
1,132.09383152466444,130.17578125
1,132.1050861672085,130.17578125
1,132.10699068715618,130.17578125
1,132.10889520710387,130.17578125
1,132.11270424699921,130.17578125
1,132.11651328689456,130.17578125
1,132.1269978834265,130.37109375
1,132.13748247995844,130.37109375
1,132.16410129220074,130.37109375
1,132.19072010444305,130.37109375
1,132.21733891668535,130.37109375
1,132.27919395266238,130.37109375
1,132.32922659198132,130.56640625
1,132.36893636290398,130.56640625
1,132.40864613382664,130.56640625
1,132.4483559047493,130.56640625
1,132.49700242412717,130.56640625
1,132.54564894350506,130.76171875
1,132.59429546288294,130.76171875
1,132.65660396990612,130.76171875
1,132.7189124769293,130.76171875
1,132.78122098395247,130.95703125
1,132.84352949097564,130.95703125
1,132.90583799799882,130.95703125
1,132.968146505022,131.15234375
1,133.03045501204517,131.15234375
1,133.1031277968769,131.15234375
1,133.17580058170861,131.34765625
1,133.24847336654034,131.34765625
1,133.32114615137206,131.34765625
1,133.3938189362038,131.54296875
1,133.4664917210355,131.54296875
1,133.53916450586723,131.73828125
1,133.61183729069896,131.73828125
1,133.68451007553068,131.73828125
1,133.7571828603624,131.93359375
1,133.82985564519413,131.93359375
1,133.90252843002585,131.93359375
1,133.97520121485758,132.12890625
1,134.0478739996893,132.12890625
1,134.12054678452103,132.12890625
1,134.19321956935275,132.32421875
1,134.26589235418447,132.32421875
1,134.3385651390162,132.51953125
1,134.41123792384792,132.51953125
1,134.48391070867964,132.51953125
1,134.55658349351137,132.71484375
1,134.5673066245752,132.71484375
1,134.57802975563902,132.71484375
1,134.58875288670285,132.71484375
1,134.61019914883053,132.71484375
1,134.626826761708,132.71484375
1,134.64345437458547,132.71484375
1,134.66800749895717,132.71484375
1,134.69256062332886,132.71484375
1,134.71711374770055,132.71484375
1,134.75068994233212,132.91015625
1,134.78426613696368,132.91015625
1,134.81784233159524,132.91015625
1,134.86353449068886,132.91015625
1,134.90922664978248,132.91015625
1,134.9549188088761,133.10546875
1,135.00061096796972,133.10546875
1,135.05408176629817,133.10546875
1,135.10755256462662,133.10546875
1,135.16102336295506,133.30078125
1,135.20452017204505,133.30078125
1,135.24801698113504,133.30078125
1,135.29151379022503,133.30078125
1,135.335010599315,133.30078125
1,135.378507408405,133.49609375
1,135.422004217495,133.49609375
1,135.47969063737509,133.49609375
1,135.53737705725518,133.49609375
1,135.59506347713528,133.69140625
1,135.65274989701538,133.69140625
1,135.72028867767446,133.69140625
1,135.78782745833354,133.88671875
1,135.85536623899262,133.88671875
1,135.9229050196517,133.88671875
1,136.00120647296967,134.08203125
1,136.07950792628765,134.08203125
1,136.15780937960562,134.27734375
1,136.2361108329236,134.27734375
1,136.31441228624158,134.27734375
1,136.39271373955955,134.47265625
1,136.47101519287753,134.47265625
1,136.5493166461955,134.66796875
1,136.60939866207215,134.66796875
1,136.65837217213448,134.66796875
1,136.7073456821968,134.66796875
1,136.75631919225913,134.86328125
1,136.80529270232145,134.86328125
1,136.8711791408273,134.86328125
1,136.93706557933317,134.86328125
1,137.00295201783902,135.05859375
1,137.06883845634488,135.05859375
1,137.1498240775858,135.25390625
1,137.23080969882673,135.25390625
1,137.31179532006766,135.25390625
1,137.3927809413086,135.44921875
1,137.4737665625495,135.44921875
1,137.55475218379044,135.64453125
1,137.63573780503137,135.64453125
1,137.7167234262723,135.64453125
1,137.79770904751322,135.83984375
1,137.80921579898094,135.83984375
1,137.82072255044866,135.83984375
1,137.83222930191639,135.83984375
1,137.8437360533841,135.83984375
1,137.86197053232615,135.83984375
1,137.8802050112682,135.83984375
1,137.89843949021025,135.83984375
1,137.95460885528905,136.03515625
1,138.01077822036785,136.03515625
1,138.06694758544666,136.03515625
1,138.13473386889046,136.03515625
1,138.20252015233427,136.23046875
1,138.27030643577808,136.23046875
1,138.3380927192219,136.23046875
1,138.42606822496325,136.42578125
1,138.5140437307046,136.42578125
1,138.60201923644595,136.62109375
1,138.6899947421873,136.62109375
1,138.77797024792866,136.81640625
1,138.86594575367002,136.81640625
1,138.95392125941137,136.81640625
1,139.04189676515273,137.01171875
1,139.12987227089408,137.01171875
1,139.200067021857,137.20703125
1,139.2702617728199,137.20703125
1,139.34045652378282,137.20703125
1,139.41065127474573,137.40234375
1,139.49308926279807,137.40234375
1,139.5598899414173,137.40234375
1,139.62669062003656,137.59765625
1,139.6934912986558,137.59765625
1,139.76029197727505,137.59765625
1,139.8270926558943,137.79296875
1,139.89389333451354,137.79296875
1,139.96069401313278,137.79296875
1,140.03594213524678,137.98828125
1,140.1111902573608,137.98828125
1,140.12248227576802,137.98828125
1,140.12418442396498,137.98828125
1,140.12588657216193,137.98828125
1,140.12929086855584,137.98828125
1,140.13269516494975,137.98828125
1,140.14402749756348,137.98828125
1,140.15535983017722,137.98828125
1,140.18579198028795,138.18359375
1,140.21622413039867,138.18359375
1,140.2466562805094,138.18359375
1,140.3022287891296,138.18359375
1,140.3578012977498,138.18359375
1,140.41337380637,138.37890625
1,140.4843616080047,138.37890625
1,140.55534940963938,138.37890625
1,140.62633721127406,138.57421875
1,140.69732501290875,138.57421875
1,140.7827186212625,138.76953125
1,140.86811222961623,138.76953125
1,140.95350583796997,138.76953125
1,141.0388994463237,138.96484375
1,141.12429305467745,138.96484375
1,141.2096866630312,139.16015625
1,141.22172498589322,139.16015625
1,141.23376330875524,139.16015625
1,141.24580163161727,139.16015625
1,141.2578399544793,139.16015625
1,141.27393617043484,139.16015625
1,141.29003238639038,139.16015625
1,141.30612860234592,139.16015625
1,141.3610627246579,139.16015625
1,141.41599684696988,139.35546875
1,141.47093096928185,139.35546875
1,141.52932109142188,139.35546875
1,141.5877112135619,139.55078125
1,141.64610133570193,139.55078125
1,141.70449145784195,139.55078125
1,141.78939038871042,139.74609375
1,141.87428931957888,139.74609375
1,141.95918825044734,139.74609375
1,142.0440871813158,139.94140625
1,142.12898611218426,139.94140625
1,142.21388504305273,140.13671875
1,142.2987839739212,140.13671875
1,142.38368290478965,140.33203125
1,142.39574611457527,140.33203125
1,142.4078093243609,140.33203125
1,142.41987253414652,140.33203125
1,142.43193574393214,140.33203125
1,142.44970473484787,140.33203125
1,142.4674737257636,140.33203125
1,142.48524271667932,140.33203125
1,142.5389799941932,140.33203125
1,142.59271727170707,140.52734375
1,142.64645454922095,140.52734375
1,142.7008827265548,140.52734375
1,142.75531090388864,140.52734375
1,142.8097390812225,140.72265625
1,142.86416725855634,140.72265625
1,142.95129934258443,140.72265625
1,143.022691710917,140.91796875
1,143.09408407924957,140.91796875
1,143.16547644758214,140.91796875
1,143.2368688159147,141.11328125
1,143.31598972220473,141.11328125
1,143.39511062849476,141.30859375
1,143.4742315347848,141.30859375
1,143.55335244107482,141.30859375
1,143.6186710573726,141.50390625
1,143.6839896736704,141.50390625
1,143.74930828996818,141.50390625
1,143.81462690626597,141.69921875
1,143.87994552256376,141.69921875
1,143.94526413886155,141.69921875
1,143.9549332800348,141.69921875
1,143.96460242120804,141.69921875
1,143.9742715623813,141.69921875
1,143.9907747164834,141.89453125
1,144.0072778705855,141.89453125
1,144.02378102468762,141.89453125
1,144.07485538240752,141.89453125
1,144.12592974012742,141.89453125
1,144.17700409784732,141.89453125
1,144.2280784555672,142.08984375
1,144.2791528132871,142.08984375
1,144.330227171007,142.08984375
1,144.3901464213632,142.28515625
1,144.4500656717194,142.28515625
1,144.50998492207557,142.28515625
1,144.56990417243176,142.28515625
1,144.62982342278795,142.48046875
1,144.68974267314414,142.48046875
1,144.74966192350033,142.48046875
1,144.83108369525587,142.67578125
1,144.9125054670114,142.67578125
1,144.99392723876696,142.87109375
1,145.0753490105225,142.87109375
1,145.15677078227804,142.87109375
1,145.2381925540336,143.06640625
1,145.31961432578913,143.06640625
1,145.40103609754468,143.26171875
1,145.41342680500858,143.26171875
1,145.4156060820683,143.26171875
1,145.41778535912803,143.26171875
1,145.41996463618776,143.26171875
1,145.4243231903072,143.26171875
1,145.42868174442665,143.26171875
1,145.44639015618952,143.26171875
1,145.4640985679524,143.26171875
1,145.48907068608287,143.26171875
1,145.51404280421335,143.26171875
1,145.53901492234382,143.26171875
1,145.5869380172514,143.26171875
1,145.634861112159,143.45703125
1,145.6827842070666,143.45703125
1,145.74445114642194,143.45703125
1,145.80611808577729,143.65234375
1,145.86778502513263,143.65234375
1,145.92945196448798,143.65234375
1,146.00626962226443,143.84765625
1,146.08308728004087,143.84765625
1,146.15990493781732,143.84765625
1,146.23672259559376,144.04296875
1,146.3135402533702,144.04296875
1,146.39035791114665,144.04296875
1,146.4671755689231,144.23828125
1,146.54399322669954,144.23828125
1,146.620810884476,144.43359375
1,146.69762854225243,144.43359375
1,146.77444620002888,144.43359375
1,146.85126385780532,144.62890625
1,146.92808151558177,144.62890625
1,147.0048991733582,144.82421875
1,147.06566806135964,144.82421875
1,147.11302892407488,144.82421875
1,147.16038978679012,144.82421875
1,147.20775064950536,145.01953125
1,147.2551115122206,145.01953125
1,147.32529312668808,145.01953125
1,147.39547474115557,145.01953125
1,147.46565635562305,145.21484375
1,147.53583797009054,145.21484375
1,147.61522343737408,145.41015625
1,147.69460890465763,145.41015625
1,147.77399437194117,145.41015625
1,147.85337983922471,145.60546875
1,147.93276530650826,145.60546875
1,148.0121507737918,145.80078125
1,148.09153624107535,145.80078125
1,148.1709217083589,145.80078125
1,148.25030717564243,145.99609375
1,148.32969264292598,145.99609375
1,148.40907811020952,146.19140625
1,148.48846357749306,146.19140625
1,148.5678490447766,146.19140625
1,148.64723451206015,146.38671875
1,148.7266199793437,146.38671875
1,148.80600544662724,146.38671875
1,148.88539091391078,146.58203125
1,148.96477638119433,146.58203125
1,149.04416184847787,146.77734375
1,149.1235473157614,146.77734375
1,149.20293278304496,146.77734375
1,149.26796400058433,146.97265625
1,149.3329952181237,146.97265625
1,149.39802643566307,146.97265625
1,149.46305765320244,147.16796875
1,149.5280888707418,147.16796875
1,149.59312008828118,147.16796875
1,149.65815130582055,147.36328125
1,149.72318252335992,147.36328125
1,149.7882137408993,147.36328125
1,149.85324495843867,147.55859375
1,149.91827617597804,147.55859375
1,149.9833073935174,147.55859375
1,150.04833861105678,147.75390625
1,150.12454479076422,147.75390625
1,150.20075097047166,147.75390625
1,150.2769571501791,147.94921875
1,150.35316332988654,147.94921875
1,150.42936950959398,148.14453125
1,150.50557568930142,148.14453125
1,150.58178186900886,148.14453125
1,150.6579880487163,148.33984375
1,150.73419422842375,148.33984375
1,150.8104004081312,148.33984375
1,150.88660658783863,148.53515625
1,150.96281276754607,148.53515625
1,151.0390189472535,148.73046875
1,151.0504216640302,148.73046875
1,151.0618243808069,148.73046875
1,151.0732270975836,148.73046875
1,151.0846298143603,148.73046875
1,151.10563345019648,148.73046875
1,151.12663708603264,148.73046875
1,151.1476407218688,148.73046875
1,151.20301547714263,148.73046875
1,151.25839023241645,148.92578125
1,151.31376498769026,148.92578125
1,151.36995316771362,148.92578125
1,151.42614134773697,149.12109375
1,151.48232952776033,149.12109375
1,151.53851770778368,149.12109375
1,151.6249014407899,149.31640625
1,151.7112851737961,149.31640625
1,151.79766890680233,149.31640625
1,151.88405263980854,149.51171875
1,151.97043637281476,149.51171875
1,152.05682010582098,149.70703125
1,152.1432038388272,149.70703125
1,152.2295875718334,149.90234375
1,152.31597130483962,149.90234375
1,152.40235503784584,149.90234375
1,152.48873877085205,150.09765625
1,152.57512250385827,150.09765625
1,152.66150623686448,150.29296875
1,152.7478899698707,150.29296875
1,152.8342737028769,150.48828125
1,152.92065743588313,150.48828125
1,153.00704116888934,150.48828125
1,153.09342490189556,150.68359375
1,153.17980863490178,150.68359375
1,153.2492158918964,150.87890625
1,153.31862314889102,150.87890625
1,153.38803040588564,150.87890625
1,153.45743766288027,151.07421875
1,153.5268449198749,151.07421875
1,153.5962521768695,151.07421875
1,153.66565943386414,151.26953125
1,153.73506669085876,151.26953125
1,153.80447394785338,151.26953125
1,153.873881204848,151.46484375
1,153.94328846184263,151.46484375
1,154.01269571883725,151.46484375
1,154.08210297583187,151.66015625
1,154.1515102328265,151.66015625
1,154.22091748982112,151.66015625
1,154.29032474681574,151.85546875
1,154.35973200381036,151.85546875
1,154.429139260805,151.85546875
1,154.4985465177996,152.05078125
1,154.56795377479423,152.05078125
1,154.63736103178886,152.05078125
1,154.70676828878348,152.24609375
1,154.7761755457781,152.24609375
1,154.83318619698565,152.24609375
1,154.8901968481932,152.44140625
1,154.94720749940075,152.44140625
1,155.0042181506083,152.44140625
1,155.06122880181584,152.63671875
1,155.1182394530234,152.63671875
1,155.17525010423094,152.63671875
1,155.2322607554385,152.63671875
1,155.28927140664604,152.83203125
1,155.29749167207171,152.83203125
1,155.30387002648237,152.83203125
1,155.31024838089303,152.83203125
1,155.3166267353037,152.83203125
1,155.329383444125,152.83203125
1,155.3421401529463,152.83203125
1,155.35985099109755,152.83203125
1,155.37756182924878,152.83203125
1,155.41620971823136,152.83203125
1,155.45485760721394,153.02734375
1,155.49350549619652,153.02734375
1,155.545264960235,153.02734375
1,155.59702442427346,153.02734375
1,155.64878388831193,153.22265625
1,155.7005433523504,153.22265625
1,155.75230281638886,153.22265625
1,155.80406228042733,153.22265625
1,155.87065798562838,153.41796875
1,155.93725369082944,153.41796875
1,156.0038493960305,153.41796875
1,156.07044510123154,153.61328125
1,156.1370408064326,153.61328125
1,156.20363651163365,153.61328125
1,156.2702322168347,153.80859375
1,156.34964312438368,153.80859375
1,156.42905403193265,153.80859375
1,156.50846493948163,154.00390625
1,156.5878758470306,154.00390625
1,156.66728675457958,154.19921875
1,156.74669766212855,154.19921875
1,156.82610856967753,154.19921875
1,156.91362022369862,154.39453125
1,157.0011318777197,154.39453125
1,157.0886435317408,154.58984375
1,157.17615518576187,154.58984375
1,157.26366683978296,154.78515625
1,157.35117849380404,154.78515625
1,157.43869014782513,154.78515625
1,157.5262018018462,154.98046875
1,157.6137134558673,154.98046875
1,157.6830608742614,155.17578125
1,157.7524082926555,155.17578125
1,157.8217557110496,155.17578125
1,157.8911031294437,155.37109375
1,157.9604505478378,155.37109375
1,158.0297979662319,155.37109375
1,158.099145384626,155.56640625
1,158.16115656086023,155.56640625
1,158.21249584125349,155.56640625
1,158.26383512164674,155.76171875
1,158.31517440204,155.76171875
1,158.36651368243324,155.76171875
1,158.446753416804,155.76171875
1,158.52699315117476,155.95703125
1,158.60723288554553,155.95703125
1,158.6874726199163,156.15234375
1,158.76771235428706,156.15234375
1,158.84795208865782,156.15234375
1,158.92819182302858,156.34765625
1,159.00843155739935,156.34765625
1,159.0886712917701,156.54296875
1,159.16891102614088,156.54296875
1,159.24915076051164,156.54296875
1,159.3293904948824,156.73828125
1,159.40963022925317,156.73828125
1,159.48986996362393,156.93359375
1,159.50185796234186,156.93359375
1,159.5138459610598,156.93359375
1,159.5258339597777,156.93359375
1,159.53782195849564,156.93359375
1,159.55879996322628,156.93359375
1,159.57977796795691,156.93359375
1,159.60075597268755,156.93359375
1,159.65459600885552,156.93359375
1,159.7084360450235,157.12890625
1,159.76227608119146,157.12890625
1,159.81978983412796,157.12890625
1,159.87730358706446,157.32421875
1,159.93481734000096,157.32421875
1,159.99233109293746,157.32421875
1,160.0772134381516,157.51953125
1,160.16209578336574,157.51953125
1,160.24697812857988,157.51953125
1,160.33186047379402,157.71484375
1,160.41674281900816,157.71484375
1,160.5016251642223,157.91015625
1,160.58650750943644,157.91015625
1,160.67138985465058,157.91015625
1,160.68368012139652,158.10546875
1,160.69597038814246,158.10546875
1,160.7082606548884,158.10546875
1,160.72055092163433,158.10546875
1,160.73848898805767,158.10546875
1,160.756427054481,158.10546875
1,160.77436512090435,158.10546875
1,160.82753755726262,158.10546875
1,160.88070999362088,158.30078125
1,160.93388242997915,158.30078125
1,160.99780942858695,158.30078125
1,161.06173642719475,158.30078125
1,161.12566342580254,158.49609375
1,161.18959042441034,158.49609375
1,161.27591072217186,158.49609375
1,161.3466361579845,158.69140625
1,161.41736159379715,158.69140625
1,161.4880870296098,158.88671875
1,161.55881246542245,158.88671875
1,161.64043136632782,158.88671875
1,161.7220502672332,159.08203125
1,161.80366916813855,159.08203125
1,161.88528806904392,159.27734375
1,161.9494121380823,159.27734375
1,162.00222080968686,159.27734375
1,162.05502948129143,159.27734375
1,162.107838152896,159.47265625
1,162.16064682450056,159.47265625
1,162.231652387597,159.47265625
1,162.30265795069343,159.66796875
1,162.37366351378986,159.66796875
1,162.4446690768863,159.66796875
1,162.51567463998273,159.86328125
1,162.58668020307917,159.86328125
1,162.6576857661756,159.86328125
1,162.73624678833116,160.05859375
1,162.8148078104867,160.05859375
1,162.89336883264227,160.25390625
1,162.97192985479782,160.25390625
1,163.05049087695338,160.25390625
1,163.12905189910893,160.44921875
1,163.20761292126448,160.44921875
1,163.28617394342004,160.44921875
1,163.3647349655756,160.64453125
1,163.44329598773115,160.64453125
1,163.5218570098867,160.83984375
1,163.60041803204226,160.83984375
1,163.6789790541978,160.83984375
1,163.75754007635337,161.03515625
1,163.83610109850892,161.03515625
1,163.91466212066447,161.23046875
1,163.97472048974572,161.23046875
1,164.02402377910076,161.23046875
1,164.0733270684558,161.23046875
1,164.12263035781083,161.42578125
1,164.17193364716587,161.42578125
1,164.24400791542666,161.42578125
1,164.31608218368746,161.62109375
1,164.38815645194825,161.62109375
1,164.46023072020904,161.62109375
1,164.53230498846983,161.81640625
1,164.60437925673062,161.81640625
1,164.67645352499142,161.81640625
1,164.7561776322181,162.01171875
1,164.8359017394448,162.01171875
1,164.9156258466715,162.20703125
1,164.9953499538982,162.20703125
1,165.0750740611249,162.20703125
1,165.1547981683516,162.40234375
1,165.1668709495478,162.40234375
1,165.1691231816844,162.40234375
1,165.17137541382098,162.40234375
1,165.17362764595757,162.40234375
1,165.17813211023073,162.40234375
1,165.1826365745039,162.40234375
1,165.20127640512777,162.40234375
1,165.21991623575164,162.40234375
1,165.2385560663755,162.40234375
1,165.2972820978761,162.40234375
1,165.35600812937668,162.59765625
1,165.41473416087726,162.59765625
1,165.4827287070791,162.59765625
1,165.55072325328095,162.79296875
1,165.6187177994828,162.79296875
1,165.68671234568464,162.79296875
1,165.76737733039724,162.98828125
1,165.84804231510984,162.98828125
1,165.92870729982243,163.18359375
1,166.00937228453503,163.18359375
1,166.09973936582335,163.18359375
1,166.19010644711167,163.37890625
1,166.2804735284,163.37890625
1,166.37084060968832,163.57421875
1,166.46120769097664,163.57421875
1,166.55157477226496,163.76953125
1,166.64194185355328,163.76953125
1,166.7323089348416,163.96484375
1,166.82267601612992,163.96484375
1,166.91304309741824,163.96484375
1,167.00341017870656,164.16015625
1,167.01501186909346,164.16015625
1,167.01679535427164,164.16015625
1,167.01857883944982,164.16015625
1,167.0221458098062,164.16015625
1,167.0257127801626,164.16015625
1,167.03774237429013,164.16015625
1,167.04977196841767,164.16015625
1,167.08466850775855,164.16015625
1,167.11956504709943,164.35546875
1,167.1544615864403,164.35546875
1,167.206895345725,164.35546875
1,167.2593291050097,164.35546875
1,167.3117628642944,164.35546875
1,167.3641966235791,164.55078125
1,167.4166303828638,164.55078125
1,167.46906414214848,164.55078125
1,167.52919390538042,164.74609375
1,167.58932366861237,164.74609375
1,167.6494534318443,164.74609375
1,167.70958319507625,164.74609375
1,167.7697129583082,164.94140625
1,167.82984272154013,164.94140625
1,167.88997248477207,164.94140625
1,167.96095910531034,165.13671875
1,168.0319457258486,165.13671875
1,168.10293234638686,165.13671875
1,168.17391896692513,165.33203125
1,168.25282497614333,165.33203125
1,168.33173098536153,165.52734375
1,168.41063699457973,165.52734375
1,168.48954300379793,165.52734375
1,168.56844901301614,165.72265625
1,168.64735502223434,165.72265625
1,168.72626103145254,165.72265625
1,168.80516704067074,165.91796875
1,168.88407304988894,165.91796875
1,168.96297905910714,166.11328125
1,169.04188506832534,166.11328125
1,169.12079107754354,166.11328125
1,169.19969708676174,166.30859375
1,169.27860309597995,166.30859375
1,169.35750910519815,166.50390625
1,169.43641511441635,166.50390625
1,169.51532112363455,166.50390625
1,169.59422713285275,166.69921875
1,169.67313314207095,166.69921875
1,169.75203915128915,166.89453125
1,169.83094516050735,166.89453125
1,169.90985116972556,166.89453125
1,169.98875717894376,167.08984375
1,170.06766318816196,167.08984375
1,170.14656919738016,167.08984375
1,170.22547520659836,167.28515625
1,170.28596628863934,167.28515625
1,170.33577551989526,167.28515625
1,170.38558475115119,167.48046875
1,170.4353939824071,167.48046875
1,170.48520321366303,167.48046875
1,170.55753150628857,167.67578125
1,170.6298597989141,167.67578125
1,170.70218809153965,167.67578125
1,170.7745163841652,167.87109375
1,170.84684467679074,167.87109375
1,170.91917296941628,167.87109375
1,170.99150126204182,168.06640625
1,171.07130505205583,168.06640625
1,171.13768902755166,168.06640625
1,171.20407300304748,168.26171875
1,171.2704569785433,168.26171875
1,171.33684095403913,168.26171875
1,171.41581966648096,168.45703125
1,171.49479837892278,168.45703125
1,171.5737770913646,168.65234375
1,171.63696060996952,168.65234375
1,171.68726402256698,168.65234375
1,171.73756743516444,168.65234375
1,171.7878708477619,168.84765625
1,171.83817426035935,168.84765625
1,171.91137035424504,168.84765625
1,171.98456644813072,169.04296875
1,172.0577625420164,169.04296875
1,172.1309586359021,169.04296875
1,172.20415472978777,169.23828125
1,172.27735082367346,169.23828125
1,172.35054691755914,169.23828125
1,172.42374301144483,169.43359375
1,172.4969391053305,169.43359375
1,172.5701351992162,169.43359375
1,172.64333129310188,169.62890625
1,172.71652738698756,169.62890625
1,172.78972348087325,169.82421875
1,172.86291957475893,169.82421875
1,172.92059463259832,169.82421875
1,172.9782696904377,169.82421875
1,173.0359447482771,170.01953125
1,173.0936198061165,170.01953125
1,173.15725879482667,170.01953125
1,173.22089778353686,170.21484375
1,173.28453677224704,170.21484375
1,173.34817576095722,170.21484375
1,173.4118147496674,170.41015625
1,173.47545373837758,170.41015625
1,173.483415840806,170.41015625
1,173.4895031052196,170.41015625
1,173.4955903696332,170.41015625
1,173.50167763404679,170.41015625
1,173.5110898320296,170.41015625
1,173.5205020300124,170.41015625
1,173.53634319226813,170.41015625
1,173.55218435452386,170.41015625
1,173.58072570428376,170.41015625
1,173.60926705404367,170.60546875
1,173.63780840380358,170.60546875
1,173.68107442185988,170.60546875
1,173.72434043991618,170.60546875
1,173.76760645797248,170.60546875
1,173.82605042878347,170.80078125
1,173.88449439959447,170.80078125
1,173.94293837040547,170.80078125
1,174.00138234121647,170.80078125
1,174.05982631202747,170.99609375
1,174.11827028283847,170.99609375
1,174.17671425364946,170.99609375
1,174.24771958138192,171.19140625
1,174.31872490911437,171.19140625
1,174.38973023684682,171.19140625
1,174.46073556457927,171.38671875
1,174.53174089231172,171.38671875
1,174.60274622004417,171.38671875
1,174.67375154777662,171.58203125
1,174.74475687550907,171.58203125
1,174.81576220324152,171.58203125
1,174.8741471824968,171.77734375
1,174.9325321617521,171.77734375
1,174.9909171410074,171.77734375
1,175.0493021202627,171.97265625
1,175.1162083877374,171.97265625
1,175.1831146552121,171.97265625
1,175.25002092268682,172.16796875
1,175.2606648179684,172.16796875
1,175.27130871325,172.16796875
1,175.28195260853158,172.16796875
1,175.30324039909476,172.16796875
1,175.32029099284208,172.16796875
1,175.3373415865894,172.16796875
1,175.3626963810817,172.16796875
1,175.388051175574,172.16796875
1,175.4134059700663,172.16796875
1,175.44889013057323,172.36328125
1,175.48437429108017,172.36328125
1,175.5198584515871,172.36328125
1,175.56651797651392,172.36328125
1,175.61317750144073,172.36328125
1,175.65983702636754,172.55859375
1,175.70649655129435,172.55859375
1,175.7614599437996,172.55859375
1,175.80712662709539,172.55859375
1,175.85279331039118,172.75390625
1,175.89845999368697,172.75390625
1,175.94903605300848,172.75390625
1,175.99961211233,172.75390625
1,176.0501881716515,172.94921875
1,176.10076423097303,172.94921875
1,176.15640835408246,172.94921875
1,176.2120524771919,172.94921875
1,176.2120636060165,172.94921875
1,176.2120747348411,172.94921875
1,176.21208586366572,172.94921875
1,176.21209699249033,172.94921875
1,176.21210812131494,172.94921875
1,176.2121303789642,172.94921875
1,176.21215263661344,172.94921875
1,176.21231015314316,172.94921875
1,176.2124676696729,172.94921875
1,176.21293233932516,172.94921875
1,176.21339700897744,172.94921875
1,176.21478501328016,172.94921875
1,176.2161730175829,172.94921875
1,176.22074003309913,172.94921875
1,176.22530704861538,172.94921875
1,176.24593199022658,172.94921875
1,176.26175232548624,173.14453125
1,176.2775726607459,173.14453125
1,176.2976524485944,173.14453125
1,176.31773223644288,173.14453125
1,176.33781202429137,173.14453125
1,176.37752170392548,173.14453125
1,176.4172313835596,173.14453125
1,176.4569410631937,173.33984375
1,176.5089315854608,173.33984375
1,176.5609221077279,173.33984375
1,176.61291262999498,173.33984375
1,176.66490315226207,173.53515625
1,176.71689367452916,173.53515625
1,176.76888419679625,173.53515625
1,176.83807700606138,173.53515625
1,176.90726981532652,173.73046875
1,176.96445200735454,173.73046875
1,177.02163419938256,173.73046875
1,177.07881639141058,173.92578125
1,177.1359985834386,173.92578125
1,177.20003106807889,173.92578125
1,177.26406355271916,173.92578125
1,177.32809603735944,174.12109375
1,177.39212852199972,174.12109375
1,177.47089647127294,174.12109375
1,177.54966442054615,174.31640625
1,177.62843236981936,174.31640625
1,177.69306304459184,174.51171875
1,177.7576937193643,174.51171875
1,177.82232439413679,174.51171875
1,177.88695506890926,174.51171875
1,177.9690590282339,174.70703125
1,178.0511629875585,174.70703125
1,178.13326694688314,174.90234375
1,178.21537090620777,174.90234375
1,178.2974748655324,174.90234375
1,178.37957882485702,175.09765625
1,178.46168278418165,175.09765625
1,178.54378674350627,175.29296875
1,178.6258907028309,175.29296875
1,178.70799466215553,175.29296875
1,178.79009862148015,175.48828125
1,178.87220258080478,175.48828125
1,178.9543065401294,175.68359375
1,179.03641049945404,175.68359375
1,179.11851445877866,175.68359375
1,179.2006184181033,175.87890625
1,179.28272237742792,175.87890625
1,179.36482633675254,176.07421875
1,179.44693029607717,176.07421875
1,179.5290342554018,176.07421875
1,179.61113821472642,176.26953125
1,179.69324217405105,176.26953125
1,179.77534613337568,176.46484375
1,179.8574500927003,176.46484375
1,179.93955405202493,176.46484375
1,180.03132365306345,176.66015625
1,180.12309325410197,176.66015625
1,180.2148628551405,176.85546875
1,180.30663245617902,176.85546875
1,180.39840205721754,177.05078125
1,180.49017165825606,177.05078125
1,180.58194125929458,177.05078125
1,180.6737108603331,177.24609375
1,180.76548046137162,177.24609375
1,180.8417711468598,177.44140625
1,180.91806183234797,177.44140625
1,180.99435251783615,177.44140625
1,181.07064320332432,177.63671875
1,181.1469338888125,177.63671875
1,181.22322457430067,177.63671875
1,181.29951525978885,177.83203125
1,181.37580594527702,177.83203125
1,181.4520966307652,178.02734375
1,181.52838731625337,178.02734375
1,181.60467800174155,178.02734375
1,181.68096868722972,178.22265625
1,181.7572593727179,178.22265625
1,181.84720564695502,178.22265625
1,181.93715192119214,178.41796875
1,182.02709819542926,178.41796875
1,182.11704446966638,178.61328125
1,182.2069907439035,178.61328125
1,182.29693701814062,178.80859375
1,182.38688329237775,178.80859375
1,182.47682956661487,178.80859375
1,182.566775840852,179.00390625
1,182.5790313489357,179.00390625
1,182.5912868570194,179.00390625
1,182.60354236510312,179.00390625
1,182.61819881176174,179.00390625
1,182.63285525842036,179.00390625
1,182.6578538403615,179.00390625
1,182.68285242230263,179.00390625
1,182.70785100424376,179.19921875
1,182.75930271608044,179.19921875
1,182.81075442791712,179.19921875
1,182.8622061397538,179.19921875
1,182.9270748854758,179.39453125
1,182.9919436311978,179.39453125
1,183.05681237691982,179.39453125
1,183.12168112264183,179.39453125
1,183.21132159798995,179.58984375
1,183.30096207333807,179.58984375
1,183.3906025486862,179.78515625
1,183.4802430240343,179.78515625
1,183.56988349938243,179.98046875
1,183.65952397473055,179.98046875
1,183.74916445007867,179.98046875
1,183.81577909968627,180.17578125
1,183.8673064998084,180.17578125
1,183.91883389993052,180.17578125
1,183.97036130005264,180.17578125
1,184.02188870017477,180.37109375
1,184.09035945868268,180.37109375
1,184.1588302171906,180.37109375
1,184.2273009756985,180.56640625
1,184.29577173420643,180.56640625
1,184.37726932721694,180.56640625
1,184.45876692022745,180.76171875
1,184.54026451323796,180.76171875
1,184.62176210624847,180.95703125
1,184.70325969925898,180.95703125
1,184.7847572922695,180.95703125
1,184.86625488528,181.15234375
1,184.9477524782905,181.15234375
1,185.02925007130102,181.15234375
1,185.11074766431153,181.34765625
1,185.17533848985818,181.34765625
1,185.23992931540482,181.34765625
1,185.30452014095147,181.54296875
1,185.3691109664981,181.54296875
1,185.43370179204476,181.54296875
1,185.4982926175914,181.73828125
1,185.56288344313805,181.73828125
1,185.6274742686847,181.73828125
1,185.69206509423134,181.73828125
1,185.75665591977798,181.93359375
1,185.83639121575317,181.93359375
1,185.91612651172835,182.12890625
1,185.99586180770353,182.12890625
1,186.07559710367872,182.12890625
1,186.1553323996539,182.32421875
1,186.23506769562908,182.32421875
1,186.31480299160427,182.32421875
1,186.39453828757945,182.51953125
1,186.45534634993382,182.51953125
1,186.50551432071873,182.51953125
1,186.55568229150364,182.51953125
1,186.60585026228856,182.71484375
1,186.65601823307347,182.71484375
1,186.72998711561016,182.71484375
1,186.80395599814685,182.91015625
1,186.87792488068354,182.91015625
1,186.95189376322023,182.91015625
1,187.03737626247295,183.10546875
1,187.12285876172567,183.10546875
1,187.2083412609784,183.10546875
1,187.2938237602311,183.30078125
1,187.37930625948383,183.30078125
1,187.46478875873655,183.49609375
1,187.55027125798927,183.49609375
1,187.635753757242,183.49609375
1,187.7212362564947,183.69140625
1,187.80671875574743,183.69140625
1,187.89220125500015,183.88671875
1,187.97768375425287,183.88671875
1,188.06316625350559,183.88671875
1,188.1486487527583,184.08203125
1,188.23413125201103,184.08203125
1,188.31961375126374,184.08203125
1,188.40509625051646,184.27734375
1,188.47208005075015,184.27734375
1,188.5278427040551,184.27734375
1,188.58360535736006,184.47265625
1,188.639368010665,184.47265625
1,188.69513066396996,184.47265625
1,188.77626575801648,184.66796875
1,188.857400852063,184.66796875
1,188.9385359461095,184.66796875
1,189.01967104015603,184.86328125
1,189.10080613420254,184.86328125
1,189.18194122824906,184.86328125
1,189.26307632229557,185.05859375
1,189.32921753341304,185.05859375
1,189.38361783587786,185.05859375
1,189.43801813834267,185.25390625
1,189.49241844080748,185.25390625
1,189.5468187432723,185.25390625
1,189.62065933015558,185.25390625
1,189.69449991703885,185.44921875
1,189.76834050392213,185.44921875
1,189.8421810908054,185.44921875
1,189.9160216776887,185.64453125
1,189.98986226457197,185.64453125
1,190.06370285145525,185.64453125
1,190.14844499700834,185.83984375
1,190.23318714256143,185.83984375
1,190.31792928811453,185.83984375
1,190.38481290367062,186.03515625
1,190.39549461097857,186.03515625
1,190.40617631828653,186.03515625
1,190.41685802559448,186.03515625
1,190.43822144021036,186.03515625
1,190.45958485482623,186.03515625
1,190.4809482694421,186.03515625
1,190.53993897526618,186.03515625
1,190.59892968109025,186.23046875
1,190.65792038691433,186.23046875
1,190.72401438071904,186.23046875
1,190.79010837452375,186.42578125
1,190.85620236832847,186.42578125
1,190.92229636213318,186.42578125
1,191.02030577847788,186.62109375
1,191.1011520671321,186.62109375
1,191.1819983557863,186.62109375
1,191.26284464444052,186.81640625
1,191.34369093309473,186.81640625
1,191.42453722174895,186.81640625
1,191.50538351040316,187.01171875
1,191.58622979905738,187.01171875
1,191.6670760877116,187.01171875
1,191.7479223763658,187.20703125
1,191.75955695834574,187.20703125
1,191.76792927762742,187.20703125
1,191.7763015969091,187.20703125
1,191.78467391619077,187.20703125
1,191.79508046902947,187.20703125
1,191.80548702186817,187.20703125
1,191.81589357470688,187.20703125
1,191.83460768851833,187.20703125
1,191.8533218023298,187.20703125
1,191.87203591614124,187.20703125
1,191.94352208873016,187.40234375
1,191.99963617380516,187.40234375
1,192.04310260706328,187.40234375
1,192.0865690403214,187.40234375
1,192.1300354735795,187.40234375
1,192.18349155042995,187.59765625
1,192.2369476272804,187.59765625
1,192.29040370413082,187.59765625
1,192.35879211091356,187.59765625
1,192.42718051769629,187.79296875
1,192.49556892447902,187.79296875
1,192.56395733126175,187.79296875
1,192.63234573804448,187.98828125
1,192.7007341448272,187.98828125
1,192.76912255160994,187.98828125
1,192.84446613660077,188.18359375
1,192.9198097215916,188.18359375
1,192.99515330658244,188.18359375
1,193.07049689157327,188.37890625
1,193.1594945445607,188.37890625
1,193.2484921975481,188.37890625
1,193.33748985053552,188.57421875
1,193.42648750352294,188.57421875
1,193.51548515651035,188.57421875
1,193.60448280949777,188.76953125
1,193.69348046248518,188.76953125
1,193.7824781154726,188.96484375
1,193.87147576846002,188.96484375
1,193.96047342144743,188.96484375
1,194.04947107443485,189.16015625
1,194.13846872742226,189.16015625
1,194.22746638040968,189.35546875
1,194.3164640333971,189.35546875
1,194.4054616863845,189.35546875
1,194.49445933937193,189.55078125
1,194.5621613983996,189.55078125
1,194.6298634574273,189.55078125
1,194.69756551645497,189.74609375
1,194.76526757548265,189.74609375
1,194.83296963451033,189.74609375
1,194.90067169353802,189.74609375
1,194.9683737525657,189.94140625
1,195.04929375579408,189.94140625
1,195.13021375902247,189.94140625
1,195.21113376225085,190.13671875
1,195.29205376547924,190.13671875
1,195.37297376870762,190.13671875
1,195.453893771936,190.33203125
1,195.5348137751644,190.33203125
1,195.61573377839278,190.33203125
1,195.69665378162117,190.52734375
1,195.77757378484955,190.52734375
1,195.85849378807794,190.52734375
1,195.93941379130632,190.72265625
1,196.0203337945347,190.72265625
1,196.1012537977631,190.91796875
1,196.18217380099148,190.91796875
1,196.26309380421986,190.91796875
1,196.34401380744825,191.11328125
1,196.42493381067663,191.11328125
1,196.50585381390502,191.11328125
1,196.5867738171334,191.30859375
1,196.6676938203618,191.30859375
1,196.74861382359018,191.30859375
1,196.82953382681856,191.50390625
1,196.91045383004695,191.50390625
1,196.99137383327533,191.50390625
1,197.07229383650372,191.69921875
1,197.1532138397321,191.69921875
1,197.2341338429605,191.69921875
1,197.31505384618887,191.89453125
1,197.32738474085383,191.89453125
1,197.3294522543499,191.89453125
1,197.33151976784595,191.89453125
1,197.3356547948381,191.89453125
1,197.33978982183024,191.89453125
1,197.354130539239,191.89453125
1,197.36847125664778,191.89453125
1,197.40358986003255,191.89453125
1,197.43870846341733,191.89453125
1,197.4738270668021,191.89453125
1,197.5356136536305,192.08984375
1,197.59740024045888,192.08984375
1,197.65918682728727,192.08984375
1,197.72097341411566,192.08984375
1,197.78276000094405,192.28515625
1,197.84454658777244,192.28515625
1,197.9126045605381,192.28515625
1,197.98066253330379,192.28515625
1,198.04872050606946,192.48046875
1,198.11677847883513,192.48046875
1,198.1848364516008,192.48046875
1,198.25289442436647,192.48046875
1,198.32095239713215,192.67578125
1,198.38901036989782,192.67578125
1,198.4570683426635,192.67578125
1,198.52512631542916,192.87109375
1,198.6091968065979,192.87109375
1,198.69326729776665,192.87109375
1,198.7773377889354,193.06640625
1,198.84159329745967,193.06640625
1,198.90584880598394,193.06640625
1,198.9701043145082,193.06640625
1,199.03435982303247,193.26171875
1,199.12549438193795,193.26171875
1,199.21662894084344,193.26171875
1,199.30776349974892,193.45703125
1,199.3988980586544,193.45703125
1,199.49003261755988,193.65234375
1,199.58116717646536,193.65234375
1,199.67230173537084,193.65234375
1,199.76343629427632,193.84765625
1,199.8545708531818,193.84765625
1,199.94570541208728,193.84765625
1,200.03683997099276,194.04296875
1,200.12797452989824,194.04296875
1,200.21910908880372,194.23828125
1,200.3102436477092,194.23828125
1,200.40137820661468,194.23828125
1,200.49251276552016,194.43359375
1,200.56210888791534,194.43359375
1,200.57349345085154,194.43359375
1,200.58487801378774,194.43359375
1,200.59626257672394,194.43359375
1,200.6144666193419,194.43359375
1,200.63267066195985,194.43359375
1,200.65795662291254,194.43359375
1,200.68324258386522,194.43359375
1,200.7085285448179,194.62890625
1,200.7591338983833,194.62890625
1,200.8097392519487,194.62890625
1,200.86034460551411,194.62890625
1,200.93312709267545,194.62890625
1,201.00590957983678,194.82421875
1,201.07869206699812,194.82421875
1,201.15147455415945,194.82421875
1,201.24751457548518,195.01953125
1,201.34355459681092,195.01953125
1,201.43959461813665,195.01953125
1,201.5356346394624,195.21484375
1,201.63167466078812,195.21484375
1,201.72771468211386,195.41015625
1,201.8237547034396,195.41015625
1,201.83664771977598,195.41015625
1,201.83900163606356,195.41015625
1,201.84135555235113,195.41015625
1,201.8460633849263,195.41015625
1,201.8507712175015,195.41015625
1,201.8667849332125,195.41015625
1,201.8827986489235,195.41015625
1,201.91553183575903,195.41015625
1,201.94826502259454,195.41015625
1,201.98099820943006,195.60546875
1,202.04850593236134,195.60546875
1,202.11601365529262,195.60546875
1,202.1835213782239,195.60546875
1,202.26691273238467,195.80078125
1,202.35030408654544,195.80078125
1,202.4336954407062,195.80078125
1,202.51708679486697,195.99609375
1,202.61865441919196,195.99609375
1,202.72022204351694,196.19140625
1,202.82178966784193,196.19140625
1,202.9233572921669,196.19140625
1,203.0249249164919,196.38671875
1,203.12649254081688,196.38671875
1,203.20948893380864,196.38671875
1,203.2924853268004,196.58203125
1,203.37548171979216,196.58203125
1,203.45847811278392,196.58203125
1,203.54147450577568,196.77734375
1,203.62447089876744,196.77734375
1,203.7074672917592,196.77734375
1,203.82334688228107,196.97265625
1,203.93922647280294,196.97265625
1,204.03572293489856,197.16796875
1,204.13221939699417,197.16796875
1,204.2287158590898,197.16796875
1,204.3252123211854,197.36328125
1,204.42170878328102,197.36328125
1,204.4347252701201,197.36328125
1,204.43689198927476,197.36328125
1,204.4390587084294,197.36328125
1,204.44339214673872,197.36328125
1,204.44772558504803,197.36328125
1,204.46904129475365,197.36328125
1,204.49035700445927,197.36328125
1,204.5116727141649,197.55859375
1,204.57952861486393,197.55859375
1,204.64738451556298,197.55859375
1,204.71524041626202,197.55859375
1,204.79899697050325,197.75390625
1,204.8827535247445,197.75390625
1,204.96651007898572,197.75390625
1,205.05026663322695,197.94921875
1,205.06107886496932,197.94921875
1,205.07189109671168,197.94921875
1,205.08270332845404,197.94921875
1,205.10432779193877,197.94921875
1,205.1259522554235,197.94921875
1,205.14757671890823,197.94921875
1,205.18287086653314,197.94921875
1,205.21816501415805,197.94921875
1,205.25345916178296,197.94921875
1,205.28875330940787,198.14453125
1,205.3392822441877,198.14453125
1,205.38150968198514,198.14453125
1,205.41288280611218,198.14453125
1,205.44425593023922,198.14453125
1,205.46973526318516,198.14453125
1,205.4952145961311,198.14453125
1,205.51383688103334,198.14453125
1,205.5324591659356,198.14453125
1,205.5475397146718,198.14453125
1,205.56262026340804,198.14453125
1,205.57770081214426,198.14453125
1,205.59278136088048,198.14453125
1,205.59497964542217,198.14453125
1,205.59717792996386,198.14453125
1,205.59937621450555,198.14453125
1,205.60377278358897,198.14453125
1,205.60816935267238,198.14453125
1,205.6125659217558,198.14453125
1,205.62088421735325,198.14453125
1,205.6292025129507,198.14453125
1,205.63752080854817,198.14453125
1,205.64583910414564,198.14453125
1,205.6561326324872,198.14453125
1,205.6664261608288,198.14453125
1,205.67671968917037,198.33984375
1,205.6913204571974,198.33984375
1,205.70592122522444,198.33984375
1,205.72052199325148,198.33984375
1,205.73512276127852,198.53515625
1,205.74972352930556,198.53515625
1,205.7643242973326,198.53515625
1,205.77892506535963,198.73046875
1,205.79663570237796,198.73046875
1,205.81434633939628,198.73046875
1,205.8320569764146,198.92578125
1,205.84976761343293,198.92578125
1,205.88422142692687,199.12109375
1,205.9186752404208,199.12109375
1,205.95312905391475,199.31640625
1,205.9875828674087,199.51171875
1,206.0471444086212,199.90234375
1,206.1067059498337,199.90234375
1,206.1662674910462,199.90234375
1,206.2258290322587,199.90234375
1,206.33193964377068,199.90234375
1,206.43805025528266,199.90234375
1,206.51596808245455,199.90234375
1,206.57578653398133,199.90234375
1,206.6356049855081,199.90234375
1,206.6954234370349,199.90234375
1,206.70392294304736,199.90234375
1,206.71242244905983,199.90234375
1,206.7209219550723,199.90234375
1,206.73792096709724,199.90234375
1,206.75491997912218,199.90234375
1,206.7755535395764,199.90234375
1,206.79231005301202,199.90234375
1,206.80906656644763,199.90234375
1,206.83617721274868,199.90234375
1,206.86328785904973,199.90234375
1,206.8903985053508,199.90234375
1,206.93682004321272,199.90234375
1,206.98324158107465,199.90234375
1,207.02966311893658,199.90234375
1,207.0912569079025,199.90234375
1,207.15285069686843,199.90234375
1,207.21444448583435,199.90234375
1,207.27603827480027,199.90234375
1,207.35427875332928,199.90234375
1,207.4325192318583,199.90234375
1,207.5107597103873,199.90234375
1,207.58900018891632,199.90234375
1,207.66724066744533,199.90234375
1,207.74548114597434,199.90234375
1,207.82372162450335,199.90234375
1,207.91002289602787,199.90234375
1,207.9963241675524,199.90234375
1,208.0826254390769,199.90234375
1,208.18332898621532,199.90234375
1,208.28403253335372,199.90234375
1,208.38473608049213,199.90234375
1,208.48543962763054,199.90234375
1,208.58614317476895,199.90234375
1,208.68684672190736,199.90234375
1,208.78755026904577,199.90234375
1,208.93396165951003,199.90234375
1,209.0803730499743,199.90234375
1,209.22678444043856,199.90234375
1,209.48482706433447,199.90234375
1,209.74286968823037,199.90234375
1,210.00091231212627,199.90234375
1,210.25895493602218,199.90234375
1,210.57812375569657,199.90234375
1,210.89729257537095,199.90234375
1,211.21646139504534,199.90234375
1,211.53563021471973,199.90234375
1,212.02120731806946,199.90234375
1,212.50678442141918,199.90234375
1,212.9923615247689,199.90234375
1,213.47793862811864,199.90234375
1,214.1810497491024,199.90234375
1,214.8841608700862,199.90234375
1,215.58727199106997,199.90234375
1,216.29038311205375,199.90234375
1,217.58431643574895,199.90234375
1,218.87824975944415,199.90234375
1,220.17218308313934,199.90234375
1,225.07610387754414,199.90234375
1,229.98002467194894,199.90234375
1,234.88394546635374,199.90234375
1,239.78786626075853,199.90234375
1,248.92748914071294,199.90234375
1,258.0671120206673,199.90234375
1,267.2067349006217,199.90234375
1,351.6401314403307,199.90234375
1,436.0735279800397,199.90234375
1,1280.4074933771299,199.90234375
1,2000.0,199.90234375
