g,t,width
0.005,0.0,1.952171791117621
0.005,0.000816292012273488,1.952171791117621
0.005,0.00102036501534186,1.952171791117621
0.005,0.0010331195780336332,1.952171791117621
0.005,0.0010458741407254064,1.952171791117621
0.005,0.0010489334472986438,1.952171791117621
0.005,0.0010519927538718812,1.952171791117621
0.005,0.0010550520604451186,1.952171791117621
0.005,0.001058111367018356,1.952171791117621
0.005,0.0010611706735915935,1.952171791117621
0.005,0.001064229980164831,1.952171791117621
0.005,0.0010672892867380683,1.952171791117621
0.005,0.0010703485933113057,1.952171791117621
0.005,0.0010734078998845431,1.952171791117621
0.005,0.0010764672064577806,1.952171791117621
0.005,0.001079526513031018,1.952171791117621
0.005,0.0010825858196042554,1.952171791117621
0.005,0.0010856451261774928,1.952171791117621
0.005,0.0010887044327507302,1.952171791117621
0.005,0.0010917637393239676,1.952171791117621
0.005,0.001094823045897205,1.952171791117621
0.005,0.0010978823524704425,1.952171791117621
0.005,0.0011040009656169173,1.952171791117621
0.005,0.0011101195787633922,1.952171791117621
0.005,0.0011713057102281403,1.952171791117621
0.005,0.0012324918416928884,1.952171791117621
0.005,0.0018443531563403699,1.952171791117621
0.005,0.002456214470987851,1.952171791117621
0.005,0.004109187859595029,1.952171791117621
0.005,0.005762161248202207,1.952171791117621
0.005,0.00835339031944761,1.7569546120058561
0.005,0.010944619390693012,1.7569546120058561
0.005,0.013535848461938414,1.7569546120058561
0.005,0.01777073164114723,1.7569546120058561
0.005,0.022005614820356047,1.7569546120058561
0.005,0.026240497999564863,1.5617374328940912
0.005,0.03047538117877368,1.5617374328940912
0.005,0.03527703747940669,1.5617374328940912
0.005,0.040078693780039705,1.3665202537823404
0.005,0.04488035008067272,1.3665202537823404
0.005,0.04968200638130573,1.1713030746705755
0.005,0.055053804394853474,1.1713030746705755
0.005,0.06042560240840122,0.9760858955588105
0.005,0.06579740042194897,0.7808687164470456
0.005,0.07116919843549671,0.5856515373352806
0.005,0.07654099644904445,0.19521717911176495
0.005,0.0819127944625922,0.0
0.005,0.08728459247613994,0.0
0.005,0.09265639048968768,0.0
0.005,0.09668275423114063,0.0
0.005,0.10005834696523194,0.0
0.005,0.10343393969932325,0.0
0.005,0.10680953243341457,0.0
0.005,0.11212730132536648,0.0
0.005,0.1174450702173184,0.0
0.005,0.12276283910927031,0.0
0.005,0.12998734211170826,0.0
0.005,0.1372118451141462,0.0
0.005,0.14443634811658412,0.0
0.005,0.15166085111902206,0.0
0.005,0.1606944086359865,0.0
0.005,0.16972796615295094,0.0
0.005,0.17876152366991538,0.0
0.005,0.18779508118687982,0.0
0.005,0.19889645631159486,0.0
0.005,0.2099978314363099,0.0
0.005,0.22109920656102494,0.0
0.005,0.23706250969013629,0.0
0.005,0.25302581281924763,0.0
0.005,0.268989115948359,0.0
0.005,0.2918199261466172,0.0
0.005,0.31465073634487545,0.0
0.005,0.33748154654313367,0.0
0.005,0.37065444371894785,0.0
0.005,0.403827340894762,0.0
0.005,0.4370002380705762,0.0
0.005,0.48676766777952796,0.0
0.005,0.5365350974884797,3.709126403123477
0.005,0.5863025271974315,3.904343582235242
0.005,0.663681117826061,3.904343582235242
0.005,0.7410597084546905,4.099560761346993
0.005,0.81843829908332,4.099560761346993
0.005,0.9304720315808531,4.099560761346993
0.005,1.0425057640783864,4.099560761346993
0.005,1.1545394965759195,4.099560761346993
0.005,1.2665732290734526,4.099560761346993
0.005,1.407015534667773,4.099560761346993
0.005,1.5474578402620935,4.294777940458758
0.005,1.687900145856414,4.294777940458758
0.005,1.8957151072115357,4.294777940458758
0.005,2.1035300685666574,4.294777940458758
0.005,2.311345029921779,4.294777940458758
0.005,2.623048197903025,4.294777940458758
0.005,2.9347513658842708,4.294777940458758
0.005,3.2464545338655166,4.294777940458758
0.005,3.5581577018467625,4.294777940458758
0.005,4.0095077576789055,4.294777940458758
0.005,4.4608578135110495,4.294777940458758
0.005,4.912207869343193,4.294777940458758
0.005,5.820894714874515,4.489995119570523
0.005,6.729581560405837,4.489995119570523
0.005,7.638268405937159,4.489995119570523
0.005,9.289470588864052,4.489995119570523
0.005,10.940672771790945,4.489995119570523
0.005,12.591874954717838,4.685212298682288
0.005,14.535784313118635,4.685212298682288
0.005,16.47969367151943,4.685212298682288
0.005,18.42360302992023,4.880429477794053
0.005,20.659404682652543,4.880429477794053
0.005,22.895206335384856,4.880429477794053
0.005,25.13100798811717,5.075646656905803
0.005,27.366809640849482,5.075646656905803
0.005,29.602611293581795,5.075646656905803
0.005,31.838412946314108,5.075646656905803
0.005,34.44192685057083,5.270863836017568
0.005,37.04544075482755,5.270863836017568
0.005,39.648954659084275,5.466081015129333
0.005,42.252468563341,5.466081015129333
0.005,44.85598246759772,5.466081015129333
0.005,47.45949637185444,5.661298194241098
0.005,50.063010276111164,5.661298194241098
0.005,52.955087959150895,5.661298194241098
0.005,55.847165642190625,5.856515373352863
0.005,58.739243325230355,5.856515373352863
0.005,61.631321008270085,6.051732552464614
0.005,64.52339869130982,6.051732552464614
0.005,67.41547637434955,6.051732552464614
0.005,70.30755405738928,6.246949731576379
0.005,73.19963174042901,6.246949731576379
0.005,76.09170942346874,6.442166910688144
0.005,78.98378710650847,6.442166910688144
0.005,81.8758647895482,6.442166910688144
0.005,84.76794247258793,6.637384089799895
0.005,87.66002015562766,6.637384089799895
0.005,90.5520978386674,6.8326012689116595
0.005,93.44417552170712,6.8326012689116595
0.005,96.33625320474685,6.8326012689116595
0.005,99.22833088778658,7.0278184480234245
0.005,102.12040857082631,7.0278184480234245
0.005,105.01248625386604,7.223035627135189
0.005,107.90456393690577,7.223035627135189
0.005,108.46393283690048,7.223035627135189
0.005,109.02330173689519,7.223035627135189
0.005,109.5826706368899,7.223035627135189
0.005,110.14203953688461,7.223035627135189
0.005,111.25270704637282,7.223035627135189
0.005,112.36337455586103,7.418252806246954
0.005,113.47404206534924,7.418252806246954
0.005,115.60355589278616,7.418252806246954
0.005,117.73306972022309,7.418252806246954
0.005,119.86258354766001,7.613469985358705
0.005,121.99209737509693,7.613469985358705
0.005,124.12161120253386,7.613469985358705
0.005,126.25112502997078,7.80868716447047
0.005,128.38063885740772,7.80868716447047
0.005,130.51015268484466,7.80868716447047
0.005,132.6396665122816,7.80868716447047
0.005,134.9868070314688,8.003904343582235
0.005,137.333947550656,8.003904343582235
0.005,139.6810880698432,8.003904343582235
0.005,142.02822858903042,8.199121522694
0.005,145.28919843749026,8.199121522694
0.005,148.5501682859501,8.394338701805765
0.005,151.81113813440993,8.394338701805765
0.005,155.07210798286977,8.589555880917516
0.005,158.3330778313296,8.589555880917516
0.005,161.59404767978944,8.78477306002928
0.005,164.85501752824928,8.78477306002928
0.005,168.1159873767091,8.78477306002928
0.005,171.37695722516895,8.979990239141046
0.005,174.6379270736288,8.979990239141046
0.005,177.89889692208862,9.17520741825281
0.005,181.15986677054846,9.17520741825281
0.005,184.4208366190083,9.370424597364575
0.005,187.68180646746814,9.370424597364575
0.005,190.94277631592797,9.565641776476326
0.005,194.2037461643878,9.565641776476326
0.005,197.46471601284765,9.760858955588091
0.005,200.72568586130748,9.760858955588091
0.005,203.98665570976732,9.956076134699856
0.005,207.24762555822716,9.956076134699856
0.005,210.508595406687,10.151293313811621
0.005,213.76956525514683,10.151293313811621
0.005,217.03053510360667,10.151293313811621
0.005,220.2915049520665,10.346510492923386
0.005,223.55247480052634,10.346510492923386
0.005,226.81344464898618,10.541727672035137
0.005,230.074414497446,10.541727672035137
0.005,233.33538434590585,10.736944851146902
0.005,236.5963541943657,10.736944851146902
0.005,239.85732404282552,10.932162030258667
0.005,243.11829389128536,10.932162030258667
0.005,246.3792637397452,11.127379209370417
0.005,249.64023358820504,11.127379209370417
0.005,252.90120343666487,11.322596388482182
0.005,256.1621732851247,11.322596388482182
0.005,258.8390123510519,11.517813567593947
0.005,261.5158514169791,11.517813567593947
0.005,264.1926904829063,11.517813567593947
0.005,266.8695295488335,11.713030746705712
0.005,269.5463686147607,11.713030746705712
0.005,272.2232076806879,11.908247925817477
0.005,274.9000467466151,11.908247925817477
0.005,277.5768858125423,11.908247925817477
0.005,280.2537248784695,12.103465104929228
0.005,282.9305639443967,12.103465104929228
0.005,285.13919638963574,12.103465104929228
0.005,287.3478288348748,12.298682284040993
0.005,289.55646128011387,12.298682284040993
0.005,291.7650937253529,12.298682284040993
0.005,293.973726170592,12.493899463152758
0.005,296.18235861583105,12.493899463152758
0.005,298.3909910610701,12.493899463152758
0.005,301.0087238800315,12.689116642264523
0.005,303.62645669899285,12.689116642264523
0.005,306.2441895179542,12.884333821376288
0.005,308.8619223369156,12.884333821376288
0.005,311.47965515587697,12.884333821376288
0.005,314.09738797483834,13.079551000488038
0.005,316.7151207937997,13.079551000488038
0.005,319.3328536127611,13.274768179599803
0.005,321.95058643172246,13.274768179599803
0.005,324.5683192506838,13.274768179599803
0.005,327.1860520696452,13.469985358711568
0.005,329.8037848886066,13.469985358711568
0.005,332.42151770756794,13.665202537823333
0.005,335.0392505265293,13.665202537823333
0.005,337.6569833454907,13.665202537823333
0.005,340.27471616445206,13.860419716935098
0.005,342.89244898341343,13.860419716935098
0.005,345.5101818023748,14.055636896046849
0.005,348.1279146213362,14.055636896046849
0.005,351.11747891474727,14.055636896046849
0.005,354.10704320815836,14.250854075158614
0.005,357.09660750156945,14.250854075158614
0.005,360.08617179498054,14.446071254270379
0.005,363.07573608839164,14.446071254270379
0.005,366.06530038180273,14.64128843338213
0.005,369.0548646752138,14.64128843338213
0.005,372.0444289686249,14.836505612493895
0.005,375.033993262036,14.836505612493895
0.005,378.0235575554471,15.03172279160566
0.005,381.0131218488582,15.03172279160566
0.005,384.0026861422693,15.03172279160566
0.005,386.9922504356804,15.226939970717424
0.005,389.98181472909147,15.226939970717424
0.005,392.97137902250256,15.42215714982919
0.005,395.96094331591365,15.42215714982919
0.005,398.3841634085525,15.61737432894094
0.005,400.8073835011914,15.61737432894094
0.005,403.23060359383027,15.61737432894094
0.005,405.65382368646914,15.812591508052705
0.005,408.077043779108,15.812591508052705
0.005,410.5002638717469,16.00780868716447
0.005,412.92348396438575,16.00780868716447
0.005,415.6508665209509,16.00780868716447
0.005,418.37824907751605,16.203025866276235
0.005,421.1056316340812,16.203025866276235
0.005,423.83301419064634,16.398243045388
0.005,426.5603967472115,16.398243045388
0.005,429.28777930377663,16.59346022449975
0.005,432.0151618603418,16.59346022449975
0.005,434.7425444169069,16.59346022449975
0.005,437.46992697347207,16.788677403611516
0.005,440.1973095300372,16.788677403611516
0.005,442.92469208660236,16.98389458272328
0.005,445.6520746431675,16.98389458272328
0.005,448.37945719973266,17.179111761835046
0.005,451.1068397562978,17.179111761835046
0.005,453.83422231286295,17.179111761835046
0.005,456.5616048694281,17.37432894094681
0.005,459.28898742599324,17.37432894094681
0.005,462.0163699825584,17.56954612005856
0.005,464.74375253912353,17.56954612005856
0.005,467.4711350956887,17.764763299170326
0.005,470.1985176522538,17.764763299170326
0.005,472.925900208819,17.95998047828209
0.005,475.6532827653841,17.95998047828209
0.005,478.38066532194927,17.95998047828209
0.005,481.1080478785144,18.155197657393856
0.005,483.83543043507956,18.155197657393856
0.005,486.5628129916447,18.35041483650562
0.005,488.83450617410296,18.35041483650562
0.005,491.1061993565612,18.35041483650562
0.005,493.37789253901946,18.54563201561737
0.005,495.6495857214777,18.54563201561737
0.005,498.25655010293275,18.740849194729137
0.005,500.8635144843878,18.740849194729137
0.005,503.47047886584284,18.740849194729137
0.005,506.0774432472979,18.9360663738409
0.005,508.6844076287529,18.9360663738409
0.005,511.29137201020797,19.131283552952652
0.005,513.8983363916631,19.131283552952652
0.005,516.5053007731182,19.326500732064417
0.005,519.1122651545733,19.326500732064417
0.005,521.7192295360284,19.326500732064417
0.005,524.3261939174835,19.521717911176182
0.005,526.9331582989386,19.521717911176182
0.005,529.5401226803937,19.716935090287947
0.005,532.1470870618488,19.716935090287947
0.005,534.7540514433039,19.912152269399712
0.005,537.361015824759,19.912152269399712
0.005,539.9679802062141,19.912152269399712
0.005,542.5749445876692,20.107369448511463
0.005,545.1819089691243,20.107369448511463
0.005,548.1699413602654,20.302586627623228
0.005,551.1579737514065,20.302586627623228
0.005,554.1460061425477,20.497803806734993
0.005,557.1340385336888,20.497803806734993
0.005,560.1220709248299,20.693020985846758
0.005,563.1101033159711,20.693020985846758
0.005,566.0981357071122,20.888238164958523
0.005,569.0861680982533,20.888238164958523
0.005,572.0742004893945,21.083455344070273
0.005,575.0622328805356,21.083455344070273
0.005,578.0502652716767,21.27867252318204
0.005,581.0382976628179,21.27867252318204
0.005,584.026330053959,21.473889702293803
0.005,587.0143624451001,21.473889702293803
0.005,590.0023948362413,21.66910688140557
0.005,592.9904272273824,21.66910688140557
0.005,595.9784596185235,21.864324060517333
0.005,598.9664920096646,21.864324060517333
0.005,601.9545244008058,22.059541239629084
0.005,604.9425567919469,22.059541239629084
0.005,607.930589183088,22.25475841874085
0.005,610.9186215742292,22.25475841874085
0.005,613.9066539653703,22.449975597852614
0.005,616.8946863565114,22.449975597852614
0.005,619.8827187476526,22.64519277696438
0.005,622.8707511387937,22.64519277696438
0.005,625.8587835299348,22.840409956076144
0.005,628.846815921076,22.840409956076144
0.005,631.8348483122171,23.035627135187895
0.005,634.8228807033582,23.035627135187895
0.005,637.8109130944994,23.23084431429966
0.005,640.7989454856405,23.426061493411424
0.005,643.7869778767816,23.426061493411424
0.005,646.7750102679228,23.621278672523175
0.005,649.7630426590639,23.621278672523175
0.005,652.751075050205,23.81649585163494
0.005,655.7391074413462,23.81649585163494
0.005,658.7271398324873,24.011713030746705
0.005,661.7151722236284,24.011713030746705
0.005,664.7032046147696,24.20693020985847
0.005,667.6912370059107,24.20693020985847
0.005,670.6792693970518,24.402147388970235
0.005,673.667301788193,24.402147388970235
0.005,676.6553341793341,24.597364568081986
0.005,679.6433665704752,24.597364568081986
0.005,682.6313989616164,24.79258174719375
0.005,685.6194313527575,24.79258174719375
0.005,688.6074637438986,24.987798926305516
0.005,691.5954961350398,24.987798926305516
0.005,694.5835285261809,25.18301610541728
0.005,697.571560917322,25.18301610541728
0.005,700.5595933084631,25.378233284529045
0.005,703.5476256996043,25.378233284529045
0.005,706.5356580907454,25.573450463640796
0.005,709.5236904818865,25.76866764275256
0.005,712.5117228730277,25.76866764275256
0.005,715.4997552641688,25.963884821864326
0.005,718.48778765531,25.963884821864326
0.005,721.4758200464511,26.15910200097609
0.005,724.4638524375922,26.15910200097609
0.005,727.4518848287333,26.354319180087856
0.005,730.4399172198745,26.354319180087856
0.005,733.4279496110156,26.549536359199607
0.005,736.4159820021567,26.549536359199607
0.005,739.4040143932979,26.74475353831137
0.005,742.392046784439,26.74475353831137
0.005,745.3800791755801,26.939970717423137
0.005,748.3681115667213,27.135187896534887
0.005,751.3561439578624,27.135187896534887
0.005,754.3441763490035,27.330405075646652
0.005,757.3322087401447,27.330405075646652
0.005,760.3202411312858,27.525622254758417
0.005,763.3082735224269,27.525622254758417
0.005,766.2963059135681,27.720839433870182
0.005,769.2843383047092,27.720839433870182
0.005,772.2723706958503,27.916056612981947
0.005,775.2604030869915,27.916056612981947
0.005,778.2484354781326,28.111273792093698
0.005,781.2364678692737,28.111273792093698
0.005,784.2245002604149,28.306490971205463
0.005,787.212532651556,28.501708150317228
0.005,790.2005650426971,28.501708150317228
0.005,793.1885974338383,28.696925329428993
0.005,796.1766298249794,28.696925329428993
0.005,799.1646622161205,28.892142508540758
0.005,802.1526946072617,28.892142508540758
0.005,805.1407269984028,29.08735968765251
0.005,808.1287593895439,29.08735968765251
0.005,811.116791780685,29.282576866764273
0.005,814.1048241718262,29.47779404587604
0.005,817.0928565629673,29.47779404587604
0.005,820.0808889541084,29.673011224987803
0.005,822.5608999940353,29.673011224987803
0.005,825.0409110339621,29.86822840409957
0.005,827.5209220738889,29.86822840409957
0.005,830.0009331138157,30.06344558321132
0.005,832.4809441537425,30.06344558321132
0.005,834.9609551936693,30.06344558321132
0.005,837.4409662335961,30.258662762323084
0.005,839.9209772735229,30.258662762323084
0.005,842.4009883134497,30.45387994143485
0.005,844.8809993533765,30.45387994143485
0.005,847.3610103933033,30.649097120546614
0.005,849.8410214332301,30.649097120546614
0.005,852.321032473157,30.84431429965838
0.005,854.8010435130838,30.84431429965838
0.005,857.2810545530106,31.03953147877013
0.005,859.7610655929374,31.03953147877013
0.005,862.2410766328642,31.234748657881894
0.005,864.721087672791,31.234748657881894
0.005,867.2010987127178,31.42996583699366
0.005,869.6811097526446,31.42996583699366
0.005,872.1611207925714,31.42996583699366
0.005,874.6411318324982,31.62518301610541
0.005,877.121142872425,31.62518301610541
0.005,879.6011539123518,31.820400195217175
0.005,882.0811649522786,31.820400195217175
0.005,884.5611759922054,32.01561737432894
0.005,887.0411870321323,32.01561737432894
0.005,889.5211980720591,32.210834553440705
0.005,892.0012091119859,32.210834553440705
0.005,894.4812201519127,32.40605173255247
0.005,896.9612311918395,32.40605173255247
0.005,899.4412422317663,32.60126891166422
0.005,901.9212532716931,32.60126891166422
0.005,904.4012643116199,32.796486090775986
0.005,906.8812753515467,32.796486090775986
0.005,909.3612863914735,32.99170326988775
0.005,911.8412974314003,32.99170326988775
0.005,914.3213084713271,33.186920448999516
0.005,916.801319511254,33.186920448999516
0.005,919.2813305511808,33.186920448999516
0.005,921.7613415911076,33.38213762811128
0.005,924.2413526310344,33.38213762811128
0.005,926.7213636709612,33.57735480722303
0.005,929.201374710888,33.57735480722303
0.005,931.6813857508148,33.772571986334796
0.005,934.1613967907416,33.772571986334796
0.005,936.6414078306684,33.96778916544656
0.005,939.1214188705952,33.96778916544656
0.005,941.601429910522,34.163006344558326
0.005,944.0814409504488,34.163006344558326
0.005,946.5614519903756,34.35822352367009
0.005,949.0414630303025,34.35822352367009
0.005,951.5214740702293,34.55344070278184
0.005,954.0014851101561,34.55344070278184
0.005,956.4814961500829,34.74865788189361
0.005,958.9615071900097,34.74865788189361
0.005,961.4415182299365,34.94387506100537
0.005,963.9215292698633,34.94387506100537
0.005,966.4015403097901,35.13909224011714
0.005,968.4279823467913,35.13909224011714
0.005,970.4544243837925,35.3343094192289
0.005,972.4808664207936,35.3343094192289
0.005,974.5073084577948,35.3343094192289
0.005,976.8295531455835,35.52952659834065
0.005,979.1517978333723,35.52952659834065
0.005,981.474042521161,35.72474377745242
0.005,983.7962872089497,35.72474377745242
0.005,984.1970995934838,35.72474377745242
0.005,984.2716938095494,35.72474377745242
0.005,984.3462880256151,35.72474377745242
0.005,984.4954764577465,35.72474377745242
0.005,984.6446648898778,35.72474377745242
0.005,985.202711701419,35.72474377745242
0.005,985.7607585129603,35.91996095656418
0.005,986.3188053245015,35.91996095656418
0.005,987.8396369471283,35.91996095656418
0.005,989.3604685697551,35.91996095656418
0.005,990.8813001923819,36.11517813567593
0.005,992.8324710884398,36.11517813567593
0.005,994.7836419844976,36.11517813567593
0.005,996.7348128805555,36.3103953147877
0.005,998.6859837766134,36.3103953147877
0.005,1000.954798309635,36.50561249389946
0.005,1003.2236128426565,36.50561249389946
0.005,1005.0446637479396,36.50561249389946
0.005,1006.8657146532227,36.70082967301123
0.005,1008.6867655585057,36.70082967301123
0.005,1010.5078164637888,36.89604685212299
0.005,1012.3288673690719,36.89604685212299
0.005,1013.7446672178963,36.89604685212299
0.005,1013.9682330343232,36.89604685212299
0.005,1014.1917988507502,36.89604685212299
0.005,1014.4153646671771,36.89604685212299
0.005,1014.8624963000309,36.89604685212299
0.005,1015.3096279328847,36.89604685212299
0.005,1015.7567595657385,37.09126403123474
0.005,1017.1781307472521,37.09126403123474
0.005,1018.5995019287657,37.09126403123474
0.005,1020.0208731102792,37.09126403123474
0.005,1021.4422442917928,37.28648121034651
0.005,1022.8636154733064,37.28648121034651
0.005,1024.28498665482,37.28648121034651
0.005,1026.2043298506524,37.48169838945827
0.005,1028.1236730464848,37.48169838945827
0.005,1030.0430162423172,37.48169838945827
0.005,1031.9623594381496,37.67691556857004
0.005,1034.0805388702574,37.67691556857004
0.005,1036.1987183023653,37.8721327476818
0.005,1038.316897734473,37.8721327476818
0.005,1040.4350771665809,38.067349926793554
0.005,1042.5532565986887,38.067349926793554
0.005,1044.6714360307965,38.067349926793554
0.005,1046.7896154629043,38.26256710590532
0.005,1048.907794895012,38.26256710590532
0.005,1051.02597432712,38.457784285017084
0.005,1053.1441537592277,38.457784285017084
0.005,1055.2623331913355,38.65300146412885
0.005,1057.3805126234433,38.65300146412885
0.005,1059.4986920555511,38.65300146412885
0.005,1061.616871487659,38.848218643240614
0.005,1063.7350509197668,38.848218643240614
0.005,1065.481610393049,39.043435822352365
0.005,1067.2281698663314,39.043435822352365
0.005,1068.9747293396138,39.043435822352365
0.005,1070.721288812896,39.23865300146413
0.005,1072.9785220512915,39.23865300146413
0.005,1075.235755289687,39.433870180575894
0.005,1077.4929885280824,39.433870180575894
0.005,1079.7502217664778,39.629087359687645
0.005,1082.0074550048732,39.629087359687645
0.005,1084.2646882432687,39.82430453879941
0.005,1086.521921481664,39.82430453879941
0.005,1088.7791547200595,40.019521717911175
0.005,1091.036387958455,40.019521717911175
0.005,1093.2936211968504,40.019521717911175
0.005,1095.5508544352458,40.21473889702294
0.005,1097.8080876736412,40.21473889702294
0.005,1100.0653209120367,40.409956076134705
0.005,1102.322554150432,40.409956076134705
0.005,1104.5797873888275,40.605173255246456
0.005,1106.837020627223,40.605173255246456
0.005,1109.0942538656184,40.80039043435822
0.005,1111.3514871040138,40.80039043435822
0.005,1113.6087203424092,40.995607613469986
0.005,1115.8659535808047,40.995607613469986
0.005,1118.1231868192,41.19082479258175
0.005,1120.3804200575955,41.19082479258175
0.005,1122.2455083816217,41.386041971693516
0.005,1124.1105967056478,41.386041971693516
0.005,1125.975685029674,41.386041971693516
0.005,1127.8407733537001,41.581259150805266
0.005,1129.7058616777263,41.581259150805266
0.005,1131.5709500017524,41.77647632991703
0.005,1133.4360383257786,41.77647632991703
0.005,1135.3011266498047,41.77647632991703
0.005,1137.1662149738308,41.971693509028796
0.005,1139.031303297857,41.971693509028796
0.005,1141.1331141610483,42.16691068814056
0.005,1143.2349250242396,42.16691068814056
0.005,1145.336735887431,42.16691068814056
0.005,1147.4385467506222,42.362127867252326
0.005,1149.5403576138135,42.362127867252326
0.005,1151.6421684770048,42.55734504636408
0.005,1153.7439793401961,42.55734504636408
0.005,1155.8457902033874,42.75256222547584
0.005,1157.9476010665787,42.75256222547584
0.005,1160.04941192977,42.94777940458761
0.005,1162.1512227929613,42.94777940458761
0.005,1164.2530336561526,42.94777940458761
0.005,1166.354844519344,43.14299658369937
0.005,1168.0989020193758,43.14299658369937
0.005,1169.8429595194077,43.33821376281114
0.005,1171.5870170194396,43.33821376281114
0.005,1173.3310745194715,43.33821376281114
0.005,1175.3117512381657,43.53343094192289
0.005,1177.29242795686,43.53343094192289
0.005,1179.2731046755541,43.72864812103465
0.005,1181.2537813942483,43.72864812103465
0.005,1183.2344581129425,43.92386530014642
0.005,1184.8187163978346,43.92386530014642
0.005,1186.4029746827266,43.92386530014642
0.005,1187.9872329676186,44.11908247925817
0.005,1189.5714912525107,44.11908247925817
0.005,1191.1557495374027,44.11908247925817
0.005,1192.4368266510949,44.31429965836993
0.005,1193.717903764787,44.31429965836993
0.005,1194.9989808784792,44.31429965836993
0.005,1196.2800579921714,44.31429965836993
0.005,1198.0752996568467,44.5095168374817
0.005,1199.870541321522,44.5095168374817
0.005,1201.6657829861974,44.70473401659346
0.005,1203.4610246508728,44.70473401659346
0.005,1205.2562663155481,44.70473401659346
0.005,1207.0515079802235,44.89995119570523
0.005,1208.8467496448989,44.89995119570523
0.005,1210.8741535779025,45.09516837481698
0.005,1212.901557510906,45.09516837481698
0.005,1214.9289614439097,45.09516837481698
0.005,1216.9563653769133,45.29038555392874
0.005,1218.9837693099169,45.29038555392874
0.005,1221.0111732429204,45.48560273304051
0.005,1223.038577175924,45.48560273304051
0.005,1225.0659811089276,45.68081991215227
0.005,1227.0933850419312,45.68081991215227
0.005,1229.1207889749348,45.87603709126404
0.005,1231.1481929079384,45.87603709126404
0.005,1233.175596840942,45.973645680819914
0.005,1235.2030007739456,46.07125427037579
0.005,1237.2304047069492,46.07125427037579
0.005,1239.2578086399528,46.266471449487554
0.005,1241.2852125729564,46.266471449487554
0.005,1243.31261650596,46.46168862859932
0.005,1245.3400204389636,46.46168862859932
0.005,1247.3674243719672,46.656905807711084
0.005,1249.3948283049708,46.656905807711084
0.005,1251.4222322379744,46.85212298682285
0.005,1253.449636170978,46.85212298682285
0.005,1255.4770401039816,46.85212298682285
0.005,1257.5044440369852,47.0473401659346
0.005,1259.5318479699888,47.0473401659346
0.005,1261.5592519029924,47.242557345046365
0.005,1263.586655835996,47.242557345046365
0.005,1265.6140597689996,47.43777452415813
0.005,1267.6414637020032,47.43777452415813
0.005,1269.6688676350068,47.632991703269894
0.005,1271.6962715680104,47.632991703269894
0.005,1273.723675501014,47.82820888238166
0.005,1275.7510794340176,47.82820888238166
0.005,1277.7784833670212,47.82820888238166
0.005,1279.8058873000248,48.02342606149341
0.005,1281.8332912330284,48.02342606149341
0.005,1283.860695166032,48.218643240605175
0.005,1285.8880990990356,48.218643240605175
0.005,1287.9155030320392,48.41386041971694
0.005,1289.9429069650428,48.41386041971694
0.005,1291.9703108980464,48.60907759882869
0.005,1293.99771483105,48.60907759882869
0.005,1296.0251187640536,48.804294777940456
0.005,1298.0525226970572,48.804294777940456
0.005,1300.0799266300608,48.99951195705222
0.005,1302.1073305630644,48.99951195705222
0.005,1304.134734496068,48.99951195705222
0.005,1305.739431680982,49.194729136163986
0.005,1307.3441288658962,49.194729136163986
0.005,1308.9488260508103,49.38994631527575
0.005,1310.5535232357245,49.38994631527575
0.005,1312.4170607615997,49.38994631527575
0.005,1314.280598287475,49.5851634943875
0.005,1316.1441358133502,49.5851634943875
0.005,1318.0076733392254,49.780380673499266
0.005,1319.8712108651007,49.780380673499266
0.005,1321.734748390976,49.780380673499266
0.005,1323.5982859168512,49.97559785261103
0.005,1325.4618234427264,49.97559785261103
0.005,1327.3253609686017,50.170815031722796
0.005,1329.188898494477,50.170815031722796
0.005,1331.0524360203522,50.36603221083456
0.005,1332.9159735462274,50.36603221083456
0.005,1334.7795110721027,50.36603221083456
0.005,1336.643048597978,50.56124938994631
0.005,1338.5065861238531,50.56124938994631
0.005,1340.3701236497284,50.75646656905808
0.005,1342.2336611756036,50.75646656905808
0.005,1342.5646188662236,50.75646656905808
0.005,1342.8955765568435,50.75646656905808
0.005,1343.2265342474634,50.75646656905808
0.005,1343.5574919380833,50.75646656905808
0.005,1344.219407319323,50.95168374816984
0.005,1344.8813227005626,50.95168374816984
0.005,1345.5432380818022,50.95168374816984
0.005,1346.759777887536,50.95168374816984
0.005,1347.97631769327,51.14690092728161
0.005,1349.1928574990038,51.14690092728161
0.005,1350.4093973047377,51.14690092728161
0.005,1351.6259371104716,51.14690092728161
0.005,1352.8424769162054,51.34211810639337
0.005,1354.4938932627654,51.34211810639337
0.005,1356.1453096093253,51.34211810639337
0.005,1357.5136846329242,51.53733528550512
0.005,1358.882059656523,51.53733528550512
0.005,1360.250434680122,51.53733528550512
0.005,1361.618809703721,51.73255246461689
0.005,1363.4249246248612,51.73255246461689
0.005,1365.2310395460015,51.92776964372865
0.005,1366.6685101623773,51.92776964372865
0.005,1367.8375034001788,51.92776964372865
0.005,1369.0064966379803,51.92776964372865
0.005,1370.1754898757818,52.1229868228404
0.005,1371.3444831135832,52.1229868228404
0.005,1372.5134763513847,52.1229868228404
0.005,1373.6824695891862,52.31820400195217
0.005,1374.8514628269877,52.31820400195217
0.005,1376.2647275290694,52.31820400195217
0.005,1377.6779922311512,52.31820400195217
0.005,1379.091256933233,52.51342118106393
0.005,1380.5045216353146,52.51342118106393
0.005,1381.9177863373964,52.51342118106393
0.005,1383.331051039478,52.7086383601757
0.005,1384.7443157415598,52.7086383601757
0.005,1386.1575804436416,52.7086383601757
0.005,1387.5708451457233,52.90385553928746
0.005,1388.984109847805,52.90385553928746
0.005,1390.6768173031523,53.09907271839921
0.005,1392.3695247584997,53.09907271839921
0.005,1394.062232213847,53.09907271839921
0.005,1395.7549396691943,53.29428989751098
0.005,1397.4476471245416,53.29428989751098
0.005,1399.140354579889,53.48950707662274
0.005,1400.8330620352363,53.48950707662274
0.005,1402.5257694905836,53.48950707662274
0.005,1404.218476945931,53.68472425573451
0.005,1405.9111844012782,53.68472425573451
0.005,1407.6038918566255,53.87994143484627
0.005,1409.2965993119728,53.87994143484627
0.005,1410.9893067673202,53.87994143484627
0.005,1412.6820142226675,54.075158613958024
0.005,1414.3747216780148,54.075158613958024
0.005,1416.067429133362,54.27037579306979
0.005,1417.7601365887094,54.27037579306979
0.005,1419.4528440440567,54.27037579306979
0.005,1421.145551499404,54.465592972181554
0.005,1422.8382589547514,54.465592972181554
0.005,1424.5309664100987,54.66081015129332
0.005,1426.223673865446,54.66081015129332
0.005,1427.62685032536,54.66081015129332
0.005,1428.7563876839426,54.856027330405084
0.005,1429.8859250425253,54.856027330405084
0.005,1431.015462401108,54.856027330405084
0.005,1432.1449997596906,54.856027330405084
0.005,1433.5919747537014,55.051244509516835
0.005,1435.0389497477122,55.051244509516835
0.005,1436.485924741723,55.051244509516835
0.005,1437.9328997357338,55.2464616886286
0.005,1439.3798747297446,55.2464616886286
0.005,1440.8268497237555,55.2464616886286
0.005,1442.2738247177663,55.441678867740364
0.005,1443.720799711777,55.441678867740364
0.005,1445.167774705788,55.63689604685213
0.005,1446.6147496997987,55.63689604685213
0.005,1448.0617246938095,55.63689604685213
0.005,1449.5086996878204,55.832113225963894
0.005,1450.9556746818312,55.832113225963894
0.005,1452.402649675842,55.832113225963894
0.005,1453.8496246698528,56.027330405075645
0.005,1455.2965996638636,56.027330405075645
0.005,1456.7435746578744,56.027330405075645
0.005,1458.1905496518852,56.222547584187396
0.005,1459.637524645896,56.222547584187396
0.005,1461.0844996399069,56.222547584187396
0.005,1462.5314746339177,56.41776476329919
0.005,1463.9784496279285,56.41776476329919
0.005,1465.4254246219393,56.41776476329919
0.005,1466.8723996159501,56.61298194241094
0.005,1468.319374609961,56.61298194241094
0.005,1469.7663496039718,56.80819912152269
0.005,1471.2133245979826,56.80819912152269
0.005,1472.6602995919934,56.80819912152269
0.005,1474.1072745860042,57.003416300634456
0.005,1475.554249580015,57.003416300634456
0.005,1477.0012245740259,57.003416300634456
0.005,1478.7654859254633,57.198633479746206
0.005,1480.5297472769007,57.198633479746206
0.005,1482.2940086283381,57.393850658858
0.005,1484.0582699797756,57.393850658858
0.005,1485.822531331213,57.393850658858
0.005,1487.5867926826504,57.58906783796975
0.005,1489.3510540340878,57.58906783796975
0.005,1490.790779531363,57.7842850170815
0.005,1492.230505028638,57.7842850170815
0.005,1493.670230525913,57.7842850170815
0.005,1495.109956023188,57.979502196193266
0.005,1496.549681520463,57.979502196193266
0.005,1497.9894070177381,57.979502196193266
0.005,1499.4291325150132,58.17471937530502
0.005,1500.8688580122882,58.17471937530502
0.005,1502.3085835095633,58.36993655441678
0.005,1503.7483090068383,58.36993655441678
0.005,1505.3345974821943,58.36993655441678
0.005,1506.9208859575504,58.56515373352856
0.005,1508.5071744329064,58.56515373352856
0.005,1510.0934629082624,58.56515373352856
0.005,1511.6797513836184,58.76037091264031
0.005,1513.2660398589744,58.76037091264031
0.005,1514.8523283343304,58.95558809175208
0.005,1516.4386168096864,58.95558809175208
0.005,1518.0249052850425,58.95558809175208
0.005,1519.6111937603985,59.15080527086383
0.005,1521.1974822357545,59.15080527086383
0.005,1522.7837707111105,59.34602244997559
0.005,1524.3700591864665,59.34602244997559
0.005,1525.9563476618225,59.34602244997559
0.005,1527.5426361371785,59.54123962908737
0.005,1529.1289246125345,59.54123962908737
0.005,1530.9133823432958,59.73645680819912
0.005,1532.697840074057,59.73645680819912
0.005,1534.4822978048182,59.93167398731089
0.005,1536.2667555355795,59.93167398731089
0.005,1538.0512132663407,59.93167398731089
0.005,1539.835670997102,60.12689116642264
0.005,1541.6201287278632,60.12689116642264
0.005,1543.4045864586244,60.3221083455344
0.005,1545.1890441893856,60.3221083455344
0.005,1546.9735019201469,60.51732552464618
0.005,1548.757959650908,60.51732552464618
0.005,1550.5424173816693,60.71254270375793
0.005,1552.3268751124306,60.71254270375793
0.005,1553.7993926119032,60.71254270375793
0.005,1555.2719101113757,60.9077598828697
0.005,1556.7444276108483,60.9077598828697
0.005,1558.216945110321,61.10297706198145
0.005,1559.6894626097935,61.10297706198145
0.005,1561.161980109266,61.10297706198145
0.005,1562.6344976087387,61.2981942410932
0.005,1564.1070151082113,61.2981942410932
0.005,1565.5795326076839,61.2981942410932
0.005,1567.0520501071564,61.49341142020499
0.005,1568.524567606629,61.49341142020499
0.005,1569.9970851061016,61.68862859931674
0.005,1571.4696026055742,61.68862859931674
0.005,1573.215541345487,61.68862859931674
0.005,1574.9614800854,61.88384577842851
0.005,1576.7074188253127,61.88384577842851
0.005,1578.4533575652256,62.07906295754026
0.005,1580.1992963051384,62.07906295754026
0.005,1581.9452350450513,62.27428013665201
0.005,1583.6911737849641,62.27428013665201
0.005,1585.6251382168082,62.4694973157638
0.005,1587.5591026486522,62.4694973157638
0.005,1589.4930670804963,62.664714494875554
0.005,1591.4270315123404,62.664714494875554
0.005,1593.3609959441844,62.85993167398732
0.005,1595.2949603760285,62.85993167398732
0.005,1597.2289248078725,63.05514885309907
0.005,1599.1628892397166,63.05514885309907
0.005,1601.0968536715607,63.25036603221082
0.005,1603.0308181034047,63.25036603221082
0.005,1604.9647825352488,63.445583211322614
0.005,1606.8987469670928,63.445583211322614
0.005,1608.832711398937,63.640800390434364
0.005,1610.766675830781,63.640800390434364
0.005,1612.700640262625,63.83601756954613
0.005,1614.634604694469,63.83601756954613
0.005,1616.5685691263132,64.03123474865788
0.005,1618.5025335581572,64.03123474865788
0.005,1620.4364979900013,64.22645192776963
0.005,1622.3704624218453,64.22645192776963
0.005,1624.3044268536894,64.42166910688142
0.005,1626.2383912855335,64.42166910688142
0.005,1628.1723557173775,64.61688628599317
0.005,1630.1063201492216,64.61688628599317
0.005,1632.0402845810656,64.81210346510493
0.005,1633.9742490129097,64.81210346510493
0.005,1635.9082134447538,65.00732064421669
0.005,1637.8421778765978,65.00732064421669
0.005,1639.7761423084419,65.20253782332844
0.005,1641.710106740286,65.20253782332844
0.005,1643.64407117213,65.39775500244023
0.005,1645.578035603974,65.39775500244023
0.005,1647.5120000358181,65.59297218155199
0.005,1649.4459644676622,65.59297218155199
0.005,1651.3799288995062,65.78818936066374
0.005,1653.3138933313503,65.78818936066374
0.005,1655.2478577631944,65.9834065397755
0.005,1657.1818221950384,65.9834065397755
0.005,1659.1157866268825,66.17862371888725
0.005,1661.0497510587265,66.17862371888725
0.005,1662.9837154905706,66.37384089799905
0.005,1664.9176799224147,66.37384089799905
0.005,1666.8516443542587,66.5690580771108
0.005,1668.7856087861028,66.5690580771108
0.005,1670.7195732179468,66.76427525622255
0.005,1672.653537649791,66.76427525622255
0.005,1674.587502081635,66.95949243533431
0.005,1676.521466513479,66.95949243533431
0.005,1678.455430945323,67.15470961444606
0.005,1680.3893953771671,67.15470961444606
0.005,1682.3233598090112,67.34992679355783
0.005,1684.2573242408553,67.34992679355783
0.005,1686.1912886726993,67.5451439726696
0.005,1688.1252531045434,67.74036115178136
0.005,1690.0592175363875,67.74036115178136
0.005,1691.9931819682315,67.93557833089312
0.005,1693.9271464000756,67.93557833089312
0.005,1695.8611108319196,68.13079551000487
0.005,1697.7950752637637,68.13079551000487
0.005,1699.7290396956078,68.32601268911664
0.005,1701.6630041274518,68.32601268911664
0.005,1703.5969685592959,68.52122986822842
0.005,1705.53093299114,68.52122986822842
0.005,1707.464897422984,68.71644704734017
0.005,1709.398861854828,68.71644704734017
0.005,1711.3328262866721,68.91166422645193
0.005,1713.2667907185162,68.91166422645193
0.005,1715.2007551503602,69.10688140556368
0.005,1717.1347195822043,69.10688140556368
0.005,1719.0686840140484,69.30209858467543
0.005,1721.0026484458924,69.30209858467543
0.005,1722.9366128777365,69.49731576378723
0.005,1724.8705773095805,69.49731576378723
0.005,1726.8045417414246,69.69253294289898
0.005,1728.7385061732687,69.88775012201074
0.005,1730.6724706051127,69.88775012201074
0.005,1732.6064350369568,70.0829673011225
0.005,1734.5403994688008,70.0829673011225
0.005,1736.474363900645,70.27818448023424
0.005,1738.408328332489,70.27818448023424
0.005,1740.342292764333,70.47340165934604
0.005,1742.276257196177,70.47340165934604
0.005,1744.2102216280211,70.66861883845779
0.005,1746.1441860598652,70.66861883845779
0.005,1748.0781504917093,70.86383601756955
0.005,1750.0121149235533,70.86383601756955
0.005,1751.9460793553974,71.0590531966813
0.005,1753.8800437872414,71.0590531966813
0.005,1755.8140082190855,71.25427037579306
0.005,1757.7479726509296,71.44948755490485
0.005,1759.6819370827736,71.44948755490485
0.005,1761.6159015146177,71.6447047340166
0.005,1763.5498659464618,71.6447047340166
0.005,1765.4838303783058,71.83992191312836
0.005,1767.4177948101499,71.83992191312836
0.005,1769.351759241994,72.03513909224012
0.005,1771.285723673838,72.03513909224012
0.005,1773.219688105682,72.23035627135187
0.005,1775.153652537526,72.23035627135187
0.005,1777.0876169693702,72.42557345046365
0.005,1779.0215814012142,72.42557345046365
0.005,1780.9555458330583,72.62079062957541
0.005,1782.8895102649024,72.81600780868717
0.005,1784.8234746967464,72.81600780868717
0.005,1786.7574391285905,73.01122498779893
0.005,1788.6914035604345,73.01122498779893
0.005,1790.6253679922786,73.20644216691068
0.005,1792.5593324241227,73.20644216691068
0.005,1794.4932968559667,73.40165934602246
0.005,1796.4272612878108,73.40165934602246
0.005,1798.3612257196548,73.59687652513422
0.005,1800.295190151499,73.59687652513422
0.005,1802.229154583343,73.79209370424599
0.005,1804.163119015187,73.98731088335774
0.005,1806.097083447031,73.98731088335774
0.005,1808.0310478788751,74.18252806246949
0.005,1809.9650123107192,74.18252806246949
0.005,1811.8989767425633,74.37774524158127
0.005,1813.8329411744073,74.37774524158127
0.005,1815.7669056062514,74.57296242069303
0.005,1817.3702891357802,74.57296242069303
0.005,1818.973672665309,74.7681795998048
0.005,1820.577056194838,74.7681795998048
0.005,1822.1804397243668,74.96339677891655
0.005,1823.7838232538957,74.96339677891655
0.005,1825.3872067834245,75.1586139580283
0.005,1826.9905903129534,75.1586139580283
0.005,1828.5939738424822,75.1586139580283
0.005,1830.197357372011,75.35383113714005
0.005,1831.80074090154,75.35383113714005
0.005,1833.4041244310688,75.54904831625184
0.005,1835.0075079605976,75.54904831625184
0.005,1836.6108914901265,75.7442654953636
0.005,1838.2142750196554,75.7442654953636
0.005,1839.8176585491842,75.93948267447536
0.005,1841.421042078713,75.93948267447536
0.005,1843.024425608242,76.13469985358711
0.005,1844.6278091377708,76.13469985358711
0.005,1846.2311926672996,76.32991703269886
0.005,1847.8345761968285,76.32991703269886
0.005,1849.4379597263573,76.32991703269886
0.005,1851.0413432558862,76.52513421181065
0.005,1852.644726785415,76.52513421181065
0.005,1854.248110314944,76.72035139092242
0.005,1855.8514938444728,76.72035139092242
0.005,1857.4548773740016,76.91556857003417
0.005,1859.0582609035305,76.91556857003417
0.005,1860.6616444330593,77.11078574914592
0.005,1862.2650279625882,77.11078574914592
0.005,1863.868411492117,77.30600292825767
0.005,1865.471795021646,77.30600292825767
0.005,1867.0751785511748,77.50122010736946
0.005,1868.6785620807036,77.50122010736946
0.005,1870.2819456102325,77.50122010736946
0.005,1871.8853291397613,77.69643728648123
0.005,1873.4887126692902,77.69643728648123
0.005,1874.7826439695177,77.89165446559298
0.005,1876.0765752697453,77.89165446559298
0.005,1877.3705065699728,78.08687164470473
0.005,1878.6644378702003,78.08687164470473
0.005,1880.1636763849262,78.08687164470473
0.005,1881.6629148996522,78.28208882381648
0.005,1883.162153414378,78.28208882381648
0.005,1884.661391929104,78.47730600292827
0.005,1886.1606304438299,78.47730600292827
0.005,1887.6598689585558,78.67252318204002
0.005,1889.1591074732817,78.67252318204002
0.005,1890.6583459880076,78.67252318204002
0.005,1892.1575845027335,78.86774036115179
0.005,1893.6568230174594,78.86774036115179
0.005,1895.1560615321853,79.06295754026354
0.005,1896.6553000469112,79.06295754026354
0.005,1898.154538561637,79.25817471937529
0.005,1899.653777076363,79.25817471937529
0.005,1899.9299790489897,79.25817471937529
0.005,1900.2061810216164,79.25817471937529
0.005,1900.4823829942432,79.25817471937529
0.005,1900.7585849668699,79.25817471937529
0.005,1901.2262684039351,79.45339189848708
0.005,1901.6939518410004,79.45339189848708
0.005,1902.1616352780657,79.45339189848708
0.005,1903.185104010447,79.45339189848708
0.005,1904.2085727428284,79.45339189848708
0.005,1905.2320414752098,79.64860907759883
0.005,1906.5417690500774,79.64860907759883
0.005,1907.851496624945,79.8438262567106
0.005,1909.1612241998125,79.8438262567106
0.005,1910.47095177468,79.8438262567106
0.005,1912.0396890265083,80.03904343582235
0.005,1913.6084262783365,80.03904343582235
0.005,1915.1771635301648,80.2342606149341
0.005,1916.745900781993,80.2342606149341
0.005,1918.3146380338212,80.42947779404588
0.005,1919.8833752856494,80.42947779404588
0.005,1921.4521125374777,80.62469497315764
0.005,1923.0208497893059,80.62469497315764
0.005,1924.589587041134,80.62469497315764
0.005,1926.1583242929623,80.81991215226941
0.005,1927.7270615447906,80.81991215226941
0.005,1929.2957987966188,81.01512933138116
0.005,1930.864536048447,81.01512933138116
0.005,1932.4332733002752,81.21034651049291
0.005,1934.0020105521035,81.21034651049291
0.005,1935.5707478039317,81.40556368960469
0.005,1937.13948505576,81.40556368960469
0.005,1938.7082223075881,81.60078086871646
0.005,1940.2769595594164,81.60078086871646
0.005,1941.8456968112446,81.79599804782822
0.005,1943.4144340630728,81.79599804782822
0.005,1944.983171314901,81.99121522693997
0.005,1946.5519085667293,81.99121522693997
0.005,1948.1206458185575,82.18643240605172
0.005,1949.6893830703857,82.18643240605172
0.005,1951.258120322214,82.18643240605172
0.005,1952.8268575740422,82.3816495851635
0.005,1954.3955948258704,82.3816495851635
0.005,1955.9643320776986,82.57686676427527
0.005,1957.5330693295268,82.57686676427527
0.005,1959.101806581355,82.77208394338703
0.005,1960.6705438331833,82.77208394338703
0.005,1962.2392810850115,82.96730112249878
0.005,1963.8080183368397,82.96730112249878
0.005,1965.376755588668,83.16251830161053
0.005,1966.9454928404962,83.16251830161053
0.005,1968.5142300923244,83.35773548072228
0.005,1970.0829673441526,83.35773548072228
0.005,1971.6517045959808,83.55295265983408
0.005,1973.220441847809,83.55295265983408
0.005,1974.7891790996373,83.74816983894584
0.005,1976.3579163514655,83.74816983894584
0.005,1977.9266536032937,83.94338701805759
0.005,1979.495390855122,83.94338701805759
0.005,1981.0641281069502,84.13860419716934
0.005,1982.6328653587784,84.13860419716934
0.005,1984.2016026106066,84.13860419716934
0.005,1985.7703398624349,84.3338213762811
0.005,1987.339077114263,84.3338213762811
0.005,1988.9078143660913,84.52903855539289
0.005,1990.4765516179195,84.52903855539289
0.005,1992.0452888697478,84.72425573450465
0.005,1993.614026121576,84.72425573450465
0.005,1995.1827633734042,84.9194729136164
0.005,1996.4270726205816,84.9194729136164
0.005,1997.45262075314,85.11469009272815
0.005,1998.4781688856986,85.11469009272815
0.005,1999.503717018257,85.11469009272815
0.005,2000.5292651508155,85.11469009272815
0.005,2001.9071239070386,85.3099072718399
0.005,2003.2849826632616,85.3099072718399
0.005,2004.6628414194847,85.5051244509517
0.005,2006.0407001757078,85.5051244509517
0.005,2007.4185589319309,85.70034163006346
0.005,2008.796417688154,85.70034163006346
0.005,2010.174276444377,85.70034163006346
0.005,2011.7588452448078,85.89555880917521
0.005,2013.3434140452387,85.89555880917521
0.005,2014.9279828456695,86.09077598828696
0.005,2016.5125516461003,86.09077598828696
0.005,2018.097120446531,86.28599316739871
0.005,2019.681689246962,86.28599316739871
0.005,2021.2662580473927,86.48121034651051
0.005,2022.8508268478236,86.48121034651051
0.005,2024.4353956482544,86.67642752562226
0.005,2026.0199644486852,86.67642752562226
0.005,2027.604533249116,86.87164470473402
0.005,2029.1891020495468,86.87164470473402
0.005,2030.7736708499776,87.06686188384577
0.005,2032.3582396504084,87.06686188384577
0.005,2033.9428084508393,87.26207906295753
0.005,2035.52737725127,87.26207906295753
0.005,2037.111946051701,87.45729624206932
0.005,2038.6965148521317,87.45729624206932
0.005,2040.2810836525625,87.65251342118107
0.005,2041.8656524529933,87.65251342118107
0.005,2043.4502212534242,87.84773060029283
0.005,2045.034790053855,87.84773060029283
0.005,2046.6193588542858,88.04294777940459
0.005,2048.2039276547166,88.04294777940459
0.005,2049.7884964551477,88.23816495851634
0.005,2051.3730652555787,88.23816495851634
0.005,2052.9576340560097,88.43338213762813
0.005,2054.542202856441,88.43338213762813
0.005,2056.126771656872,88.62859931673988
0.005,2057.711340457303,88.62859931673988
0.005,2059.295909257734,88.82381649585164
0.005,2060.880478058165,88.82381649585164
0.005,2062.465046858596,89.0190336749634
0.005,2064.049615659027,89.0190336749634
0.005,2065.634184459458,89.21425085407515
0.005,2067.218753259889,89.21425085407515
0.005,2068.80332206032,89.40946803318693
0.005,2070.387890860751,89.40946803318693
0.005,2071.9724596611823,89.60468521229869
0.005,2073.5570284616133,89.60468521229869
0.005,2075.1415972620443,89.79990239141046
0.005,2076.7261660624754,89.79990239141046
0.005,2078.3107348629064,89.9951195705222
0.005,2079.8953036633375,89.9951195705222
0.005,2081.4798724637685,90.19033674963396
0.005,2083.0644412641996,90.19033674963396
0.005,2084.6490100646306,90.38555392874574
0.005,2086.2335788650616,90.38555392874574
0.005,2087.8181476654927,90.5807711078575
0.005,2089.4027164659237,90.5807711078575
0.005,2090.987285266355,90.77598828696927
0.005,2092.571854066786,90.77598828696927
0.005,2094.156422867217,90.97120546608102
0.005,2095.740991667648,90.97120546608102
0.005,2097.325560468079,91.16642264519277
0.005,2098.91012926851,91.16642264519277
0.005,2100.494698068941,91.36163982430455
0.005,2102.079266869372,91.36163982430455
0.005,2103.663835669803,91.55685700341631
0.005,2105.248404470234,91.55685700341631
0.005,2106.832973270665,91.75207418252808
0.005,2108.4175420710962,91.75207418252808
0.005,2110.0021108715273,91.94729136163983
0.005,2111.5866796719583,91.94729136163983
0.005,2113.1712484723894,92.14250854075158
0.005,2114.7558172728204,92.14250854075158
0.005,2116.3403860732515,92.33772571986333
0.005,2117.9249548736825,92.53294289897512
0.005,2119.5095236741136,92.53294289897512
0.005,2121.0940924745446,92.72816007808689
0.005,2122.6786612749756,92.72816007808689
0.005,2124.2632300754067,92.92337725719864
0.005,2125.8477988758377,92.92337725719864
0.005,2127.4323676762688,93.11859443631039
0.005,2129.0169364767,93.11859443631039
0.005,2130.601505277131,93.31381161542214
0.005,2132.186074077562,93.31381161542214
0.005,2133.770642877993,93.50902879453393
0.005,2135.355211678424,93.50902879453393
0.005,2136.939780478855,93.7042459736457
0.005,2138.524349279286,93.7042459736457
0.005,2140.108918079717,93.89946315275745
0.005,2141.693486880148,93.89946315275745
0.005,2143.278055680579,94.0946803318692
0.005,2144.8626244810102,94.0946803318692
0.005,2146.4471932814413,94.28989751098095
0.005,2148.0317620818723,94.28989751098095
0.005,2149.6163308823034,94.48511469009274
0.005,2151.2008996827344,94.48511469009274
0.005,2152.7854684831655,94.68033186920451
0.005,2154.3700372835965,94.68033186920451
0.005,2155.9546060840275,94.87554904831626
0.005,2157.5391748844586,94.87554904831626
0.005,2159.1237436848896,95.07076622742801
0.005,2160.7083124853207,95.07076622742801
0.005,2162.2928812857517,95.26598340653976
0.005,2163.8774500861828,95.26598340653976
0.005,2165.462018886614,95.46120058565155
0.005,2167.046587687045,95.6564177647633
0.005,2168.631156487476,95.6564177647633
0.005,2170.215725287907,95.85163494387507
0.005,2171.800294088338,95.85163494387507
0.005,2173.384862888769,96.04685212298682
0.005,2174.9694316892,96.04685212298682
0.005,2176.554000489631,96.24206930209857
0.005,2178.138569290062,96.24206930209857
0.005,2179.723138090493,96.43728648121036
0.005,2181.3077068909242,96.43728648121036
0.005,2182.8922756913553,96.63250366032212
0.005,2184.4768444917863,96.63250366032212
0.005,2186.0614132922174,96.82772083943388
0.005,2187.6459820926484,96.82772083943388
0.005,2189.2305508930795,97.02293801854563
0.005,2190.8151196935105,97.02293801854563
0.005,2192.3996884939415,97.21815519765738
0.005,2193.9842572943726,97.21815519765738
0.005,2195.5688260948036,97.41337237676916
0.005,2197.1533948952347,97.41337237676916
0.005,2198.7379636956657,97.60858955588093
0.005,2200.3225324960968,97.80380673499269
0.005,2201.907101296528,97.80380673499269
0.005,2203.491670096959,97.99902391410444
0.005,2205.07623889739,97.99902391410444
0.005,2206.660807697821,98.19424109321619
0.005,2208.245376498252,98.19424109321619
0.005,2209.829945298683,98.38945827232797
0.005,2211.414514099114,98.38945827232797
0.005,2212.999082899545,98.58467545143974
0.005,2214.583651699976,98.58467545143974
0.005,2216.168220500407,98.7798926305515
0.005,2217.7527893008382,98.7798926305515
0.005,2219.3373581012693,98.97510980966325
0.005,2220.9219269017003,98.97510980966325
0.005,2222.5064957021314,99.170326988775
0.005,2224.0910645025624,99.170326988775
0.005,2225.6756333029934,99.36554416788678
0.005,2227.2602021034245,99.56076134699855
0.005,2228.8447709038555,99.56076134699855
0.005,2230.4293397042866,99.75597852611031
0.005,2232.0139085047176,99.75597852611031
0.005,2233.5984773051487,99.95119570522206
0.005,2235.1830461055797,99.95119570522206
0.005,2236.7676149060107,100.0
0.005,2238.352183706442,100.0
0.005,2239.936752506873,100.0
0.005,2241.521321307304,100.0
0.005,2243.105890107735,100.0
0.005,2244.690458908166,100.0
0.005,2246.275027708597,100.0
0.005,2247.859596509028,100.0
0.005,2249.444165309459,100.0
0.005,2251.02873410989,100.0
0.005,2252.613302910321,100.0
0.005,2254.197871710752,100.0
0.005,2255.7824405111833,100.0
0.005,2257.3670093116143,100.0
0.005,2258.9515781120454,100.0
0.005,2260.5361469124764,100.0
0.005,2262.1207157129074,100.0
0.005,2263.7052845133385,100.0
0.005,2265.2898533137695,100.0
0.005,2266.8744221142006,100.0
0.005,2268.4589909146316,100.0
0.005,2270.0435597150627,100.0
0.005,2271.6281285154937,100.0
0.005,2273.2126973159247,100.0
0.005,2274.797266116356,100.0
0.005,2276.381834916787,100.0
0.005,2277.966403717218,100.0
0.005,2279.550972517649,100.0
0.005,2281.13554131808,100.0
0.005,2282.720110118511,100.0
0.005,2284.304678918942,100.0
0.005,2285.889247719373,100.0
0.005,2287.473816519804,100.0
0.005,2289.058385320235,100.0
0.005,2290.642954120666,100.0
0.005,2292.2275229210973,100.0
0.005,2293.8120917215283,100.0
0.005,2295.3966605219593,100.0
0.005,2296.9812293223904,100.0
0.005,2298.5657981228214,100.0
0.005,2300.1503669232525,100.0
0.005,2301.7349357236835,100.0
0.005,2303.3195045241146,100.0
0.005,2304.9040733245456,100.0
0.005,2306.4886421249766,100.0
0.005,2308.0732109254077,100.0
0.005,2309.6577797258387,100.0
0.005,2311.24234852627,100.0
0.005,2312.826917326701,100.0
0.005,2314.411486127132,100.0
0.005,2315.996054927563,100.0
0.005,2317.580623727994,100.0
0.005,2319.165192528425,100.0
0.005,2320.749761328856,100.0
0.005,2322.334330129287,100.0
0.005,2323.918898929718,100.0
0.005,2325.503467730149,100.0
0.005,2327.08803653058,100.0
0.005,2328.6726053310113,100.0
0.005,2330.2571741314423,100.0
0.005,2331.8417429318733,100.0
0.005,2333.0164287545213,100.0
0.005,2333.1691261988194,100.0
0.005,2333.3218236431176,100.0
0.005,2333.4745210874157,100.0
0.005,2333.776545523669,100.0
0.005,2334.0785699599223,100.0
0.005,2334.3805943961756,100.0
0.005,2334.7638669591047,100.0
0.005,2335.0620363235535,100.0
0.005,2335.360205688002,100.0
0.005,2335.599567934464,100.0
0.005,2335.639122434311,100.0
0.005,2335.678676934158,100.0
0.005,2335.718231434005,100.0
0.005,2335.797340433698,100.0
0.005,2335.8764494333914,100.0
0.005,2335.9555584330847,100.0
0.005,2336.1136217694843,100.0
0.005,2336.271685105884,100.0
0.005,2336.4297484422837,100.0
0.005,2336.5878117786833,100.0
0.005,2336.8069612163945,100.0
0.005,2337.0261106541057,100.0
0.005,2337.245260091817,100.0
0.005,2337.464409529528,100.0
0.005,2337.787644874671,100.0
0.005,2338.110880219814,100.0
0.005,2338.434115564957,100.0
0.005,2338.7573509101003,100.0
0.005,2339.2591215494394,100.0
0.005,2339.7608921887786,100.0
0.005,2340.2626628281178,100.0
0.005,2340.764433467457,100.0
0.005,2341.458708752951,100.0
0.005,2342.1529840384455,100.0
0.005,2342.84725932394,100.0
0.005,2343.541534609434,100.0
0.005,2344.339007942296,100.0
0.005,2345.136481275158,100.0
0.005,2345.93395460802,100.0
0.005,2346.731427940882,100.0
0.005,2347.6270585048474,100.0
0.005,2348.5226890688127,100.0
0.005,2349.418319632778,100.0
0.005,2350.3139501967435,100.0
0.005,2351.5983239184325,100.0
0.005,2352.8826976401215,100.0
0.005,2354.1670713618105,100.0
0.005,2355.4514450834995,100.0
0.005,2356.7358188051885,100.0
0.005,2358.0201925268775,100.0
0.005,2359.3045662485665,100.0
0.005,2360.5889399702555,100.0
0.005,2361.8733136919445,100.0
0.005,2363.1576874136335,100.0
0.005,2364.4420611353225,100.0
0.005,2365.7264348570116,100.0
0.005,2367.0108085787006,100.0
0.005,2368.062079509419,100.0
0.005,2369.1133504401378,100.0
0.005,2370.1646213708564,100.0
0.005,2371.215892301575,100.0
0.005,2372.462563540738,100.0
0.005,2373.7092347799007,100.0
0.005,2374.9559060190636,100.0
0.005,2376.2025772582265,100.0
0.005,2377.4492484973894,100.0
0.005,2378.6959197365522,100.0
0.005,2379.942590975715,100.0
0.005,2381.189262214878,100.0
0.005,2382.435933454041,100.0
0.005,2383.6826046932038,100.0
0.005,2385.098958208466,100.0
0.005,2386.2553726833676,100.0
0.005,2387.4117871582694,100.0
0.005,2388.568201633171,100.0
0.005,2389.724616108073,100.0
0.005,2390.8810305829747,100.0
0.005,2392.0374450578765,100.0
0.005,2393.1938595327783,100.0
0.005,2394.4881557467734,100.0
0.005,2395.7824519607684,100.0
0.005,2397.0767481747635,100.0
0.005,2398.3710443887585,100.0
0.005,2399.6653406027535,100.0
0.005,2400.9596368167486,100.0
0.005,2402.2539330307436,100.0
0.005,2403.7358416149045,100.0
0.005,2405.2177501990654,100.0
0.005,2406.6996587832264,100.0
0.005,2408.1815673673873,100.0
0.005,2409.916548627648,100.0
0.005,2411.2724218315097,100.0
0.005,2412.3739143106677,100.0
0.005,2413.4754067898257,100.0
0.005,2414.5768992689837,100.0
0.005,2415.6783917481416,100.0
0.005,2417.073224518556,100.0
0.005,2418.46805728897,100.0
0.005,2419.8628900593844,100.0
0.005,2421.2577228297987,100.0
0.005,2422.983656561971,100.0
0.005,2424.7095902941437,100.0
0.005,2426.435524026316,100.0
0.005,2428.1614577584887,100.0
0.005,2429.8873914906612,100.0
0.005,2431.6133252228337,100.0
0.005,2433.3392589550062,100.0
0.005,2435.0651926871788,100.0
0.005,2436.7911264193513,100.0
0.005,2438.5170601515238,100.0
0.005,2440.2429938836963,100.0
0.005,2441.968927615869,100.0
0.005,2443.6948613480413,100.0
0.005,2445.420795080214,100.0
0.005,2447.1467288123863,100.0
0.005,2448.872662544559,100.0
0.005,2450.5985962767313,100.0
0.005,2452.324530008904,100.0
0.005,2454.0504637410763,100.0
0.005,2456.120086946519,100.0
0.005,2458.189710151962,100.0
0.005,2460.259333357405,100.0
0.005,2462.328956562848,100.0
0.005,2464.398579768291,100.0
0.005,2466.4682029737337,100.0
0.005,2468.5378261791766,100.0
0.005,2470.6074493846195,100.0
0.005,2472.6770725900624,100.0
0.005,2474.7466957955053,100.0
0.005,2476.816319000948,100.0
0.005,2478.885942206391,100.0
0.005,2480.955565411834,100.0
0.005,2483.025188617277,100.0
0.005,2485.0948118227197,100.0
0.005,2487.1644350281626,100.0
0.005,2489.2340582336055,100.0
0.005,2491.3036814390484,100.0
0.005,2493.3733046444913,100.0
0.005,2495.738891641761,100.0
0.005,2498.1044786390303,100.0
0.005,2500.0,100.0
0.01,0.0,1.952171791117621
0.01,0.0008161702207030545,1.952171791117621
0.01,0.0010202127758788182,1.952171791117621
0.01,0.0010329654355773034,1.952171791117621
0.01,0.0010457180952757887,1.952171791117621
0.01,0.0010487772533989336,1.952171791117621
0.01,0.0010518364115220786,1.952171791117621
0.01,0.0010548955696452235,1.952171791117621
0.01,0.0010579547277683684,1.952171791117621
0.01,0.0010610138858915133,1.952171791117621
0.01,0.0010640730440146583,1.952171791117621
0.01,0.0010671322021378032,1.952171791117621
0.01,0.001070191360260948,1.952171791117621
0.01,0.001073250518384093,1.952171791117621
0.01,0.001076309676507238,1.952171791117621
0.01,0.0010793688346303829,1.952171791117621
0.01,0.0010824279927535278,1.952171791117621
0.01,0.0010854871508766727,1.952171791117621
0.01,0.0010885463089998176,1.952171791117621
0.01,0.0010916054671229625,1.952171791117621
0.01,0.0010946646252461075,1.952171791117621
0.01,0.0010977237833692524,1.952171791117621
0.01,0.0011038420996155424,1.952171791117621
0.01,0.0011099604158618325,1.952171791117621
0.01,0.0011711435783247322,1.952171791117621
0.01,0.001232326740787632,1.952171791117621
0.01,0.001844158365416628,1.952171791117621
0.01,0.002455989990045624,1.952171791117621
0.01,0.004108917545278618,1.952171791117621
0.01,0.005761845100511613,1.952171791117621
0.01,0.008352969954610451,1.7569546120058561
0.01,0.010944094808709292,1.7569546120058561
0.01,0.013535219662808132,1.7569546120058561
0.01,0.017770133760418142,1.7569546120058561
0.01,0.022005047858028152,1.7569546120058561
0.01,0.02623996195563816,1.5617374328940912
0.01,0.03047487605324817,1.5617374328940912
0.01,0.03527643845371463,1.5617374328940912
0.01,0.04007800085418109,1.3665202537823404
0.01,0.04487956325464755,1.3665202537823404
0.01,0.04968112565511401,1.1713030746705755
0.01,0.05505286412049365,1.1713030746705755
0.01,0.06042460258587329,0.9760858955588105
0.01,0.06579634105125293,0.7808687164470456
0.01,0.07116807951663257,0.5856515373352806
0.01,0.0765398179820122,0.19521717911176495
0.01,0.08191155644739184,0.0
0.01,0.08728329491277148,0.0
0.01,0.09265503337815112,0.0
0.01,0.09668092372803905,0.0
0.01,0.10005606809360132,0.0
0.01,0.10343121245916359,0.0
0.01,0.10680635682472586,0.0
0.01,0.11212432578827469,0.0
0.01,0.11744229475182352,0.0
0.01,0.12276026371537235,0.0
0.01,0.12998308647239867,0.0
0.01,0.137205909229425,0.0
0.01,0.14442873198645131,0.0
0.01,0.15165155474347763,0.0
0.01,0.15970267699478946,0.0
0.01,0.1677537992461013,0.0
0.01,0.1758049214974131,0.0
0.01,0.18385604374872494,0.0
0.01,0.1941509429153538,0.0
0.01,0.2044458420819827,0.0
0.01,0.21474074124861156,0.0
0.01,0.23015951226431156,0.0
0.01,0.24557828328001155,0.0
0.01,0.2609970542957116,0.0
0.01,0.2827955746943159,0.0
0.01,0.3045940950929202,0.0
0.01,0.3263926154915245,0.0
0.01,0.3578242560644027,0.0
0.01,0.38925589663728094,0.0
0.01,0.42068753721015917,0.0
0.01,0.4676266793320998,0.0
0.01,0.5145658214540404,3.709126403123477
0.01,0.561504963575981,3.904343582235242
0.01,0.6341328278921614,3.904343582235242
0.01,0.7067606922083418,3.904343582235242
0.01,0.7793885565245222,4.099560761346993
0.01,0.8887149928955012,4.099560761346993
0.01,0.9980414292664801,4.099560761346993
0.01,1.107367865637459,4.099560761346993
0.01,1.255623012505413,4.099560761346993
0.01,1.4038781593733671,4.099560761346993
0.01,1.5521333062413212,4.294777940458758
0.01,1.7003884531092752,4.294777940458758
0.01,1.8928966053685123,4.294777940458758
0.01,2.0854047576277495,4.294777940458758
0.01,2.2779129098869864,4.294777940458758
0.01,2.4704210621462233,4.294777940458758
0.01,2.66292921440546,4.294777940458758
0.01,2.855437366664697,4.294777940458758
0.01,3.047945518923934,4.294777940458758
0.01,3.240453671183171,4.294777940458758
0.01,3.4329618234424077,4.294777940458758
0.01,3.6254699757016446,4.294777940458758
0.01,3.8179781279608815,4.294777940458758
0.01,4.010486280220118,4.294777940458758
0.01,4.202994432479356,4.294777940458758
0.01,4.395502584738593,4.294777940458758
0.01,4.647201169106768,4.489995119570523
0.01,4.898899753474942,4.489995119570523
0.01,5.150598337843117,4.489995119570523
0.01,5.402296922211291,4.489995119570523
0.01,6.250156433810896,4.489995119570523
0.01,7.098015945410501,4.489995119570523
0.01,7.945875457010106,4.489995119570523
0.01,9.191294508089069,4.685212298682288
0.01,10.43671355916803,4.685212298682288
0.01,11.682132610246992,4.685212298682288
0.01,13.269200086607974,4.685212298682288
0.01,14.856267562968956,4.880429477794053
0.01,16.443335039329938,4.880429477794053
0.01,18.03040251569092,4.880429477794053
0.01,19.617469992051902,5.075646656905803
0.01,21.204537468412884,5.075646656905803
0.01,22.791604944773866,5.075646656905803
0.01,24.378672421134848,5.270863836017568
0.01,25.96573989749583,5.270863836017568
0.01,27.552807373856812,5.466081015129333
0.01,29.396014249993094,5.466081015129333
0.01,31.239221126129376,5.466081015129333
0.01,33.08242800226566,5.661298194241098
0.01,34.92563487840194,5.661298194241098
0.01,36.768841754538215,5.856515373352863
0.01,38.612048630674494,5.856515373352863
0.01,40.45525550681077,6.051732552464614
0.01,42.29846238294705,6.051732552464614
0.01,44.14166925908333,6.051732552464614
0.01,45.98487613521961,6.246949731576379
0.01,47.828083011355886,6.246949731576379
0.01,49.671289887492165,6.442166910688144
0.01,51.51449676362844,6.442166910688144
0.01,53.35770363976472,6.637384089799895
0.01,55.200910515901,6.637384089799895
0.01,57.04411739203728,6.637384089799895
0.01,58.88732426817356,6.8326012689116595
0.01,60.730531144309836,6.8326012689116595
0.01,62.573738020446115,7.0278184480234245
0.01,64.4169448965824,7.0278184480234245
0.01,66.26015177271867,7.223035627135189
0.01,68.10335864885495,7.223035627135189
0.01,69.94656552499123,7.418252806246954
0.01,71.78977240112751,7.418252806246954
0.01,73.63297927726379,7.613469985358705
0.01,75.47618615340006,7.613469985358705
0.01,77.31939302953634,7.80868716447047
0.01,79.16259990567262,7.80868716447047
0.01,81.0058067818089,7.80868716447047
0.01,82.84901365794518,8.003904343582235
0.01,84.69222053408146,8.003904343582235
0.01,86.53542741021774,8.199121522694
0.01,88.37863428635401,8.199121522694
0.01,90.22184116249029,8.394338701805765
0.01,92.06504803862657,8.394338701805765
0.01,93.90825491476285,8.589555880917516
0.01,95.75146179089913,8.589555880917516
0.01,97.5946686670354,8.78477306002928
0.01,99.43787554317169,8.78477306002928
0.01,101.28108241930796,8.979990239141046
0.01,103.12428929544424,8.979990239141046
0.01,104.96749617158052,9.17520741825281
0.01,106.8107030477168,9.17520741825281
0.01,108.65390992385308,9.370424597364575
0.01,110.49711679998936,9.370424597364575
0.01,112.34032367612564,9.565641776476326
0.01,114.18353055226191,9.565641776476326
0.01,116.02673742839819,9.760858955588091
0.01,117.86994430453447,9.760858955588091
0.01,119.71315118067075,9.956076134699856
0.01,121.55635805680703,9.956076134699856
0.01,123.3995649329433,10.151293313811621
0.01,125.24277180907958,10.151293313811621
0.01,127.08597868521586,10.346510492923386
0.01,128.92918556135214,10.346510492923386
0.01,130.77239243748843,10.541727672035137
0.01,132.61559931362473,10.541727672035137
0.01,134.45880618976102,10.736944851146902
0.01,136.3020130658973,10.736944851146902
0.01,138.1452199420336,10.932162030258667
0.01,139.9884268181699,10.932162030258667
0.01,141.8316336943062,11.127379209370417
0.01,143.67484057044248,11.127379209370417
0.01,145.51804744657878,11.322596388482182
0.01,147.36125432271507,11.322596388482182
0.01,149.20446119885136,11.517813567593947
0.01,151.04766807498766,11.517813567593947
0.01,152.89087495112395,11.713030746705712
0.01,154.73408182726024,11.713030746705712
0.01,156.57728870339653,11.908247925817477
0.01,158.42049557953283,11.908247925817477
0.01,160.26370245566912,12.103465104929228
0.01,162.1069093318054,12.103465104929228
0.01,163.9501162079417,12.298682284040993
0.01,165.793323084078,12.298682284040993
0.01,167.6365299602143,12.493899463152758
0.01,169.47973683635058,12.493899463152758
0.01,171.32294371248688,12.689116642264523
0.01,173.16615058862317,12.689116642264523
0.01,175.00935746475946,12.884333821376288
0.01,176.85256434089575,12.884333821376288
0.01,178.69577121703205,13.079551000488038
0.01,180.53897809316834,13.079551000488038
0.01,182.38218496930463,13.274768179599803
0.01,184.22539184544092,13.274768179599803
0.01,186.06859872157722,13.469985358711568
0.01,187.9118055977135,13.469985358711568
0.01,189.7550124738498,13.665202537823333
0.01,191.5982193499861,13.665202537823333
0.01,193.4414262261224,13.860419716935098
0.01,195.28463310225868,14.055636896046849
0.01,197.12783997839497,14.055636896046849
0.01,198.97104685453127,14.250854075158614
0.01,200.81425373066756,14.250854075158614
0.01,202.65746060680385,14.446071254270379
0.01,204.50066748294014,14.446071254270379
0.01,206.34387435907644,14.64128843338213
0.01,208.18708123521273,14.64128843338213
0.01,210.03028811134902,14.836505612493895
0.01,211.87349498748532,14.836505612493895
0.01,213.7167018636216,15.03172279160566
0.01,215.5599087397579,15.03172279160566
0.01,217.4031156158942,15.226939970717424
0.01,219.2463224920305,15.226939970717424
0.01,221.08952936816678,15.42215714982919
0.01,222.93273624430307,15.61737432894094
0.01,224.77594312043936,15.61737432894094
0.01,226.61914999657566,15.812591508052705
0.01,228.46235687271195,15.812591508052705
0.01,230.30556374884824,16.00780868716447
0.01,232.14877062498454,16.00780868716447
0.01,233.99197750112083,16.203025866276235
0.01,235.83518437725712,16.203025866276235
0.01,237.67839125339341,16.398243045388
0.01,239.5215981295297,16.398243045388
0.01,241.364805005666,16.59346022449975
0.01,243.2080118818023,16.788677403611516
0.01,244.74264062702127,16.788677403611516
0.01,246.27726937224026,16.788677403611516
0.01,247.81189811745924,16.98389458272328
0.01,249.34652686267822,16.98389458272328
0.01,250.8811556078972,17.179111761835046
0.01,252.41578435311618,17.179111761835046
0.01,253.95041309833516,17.37432894094681
0.01,255.48504184355414,17.37432894094681
0.01,257.0196705887731,17.56954612005856
0.01,258.5542993339921,17.56954612005856
0.01,260.0889280792111,17.764763299170326
0.01,261.62355682443007,17.764763299170326
0.01,263.15818556964905,17.95998047828209
0.01,264.69281431486803,17.95998047828209
0.01,266.227443060087,18.155197657393856
0.01,267.762071805306,18.155197657393856
0.01,269.296700550525,18.155197657393856
0.01,270.83132929574396,18.35041483650562
0.01,272.36595804096294,18.35041483650562
0.01,273.9005867861819,18.54563201561737
0.01,275.4352155314009,18.54563201561737
0.01,276.9698442766199,18.740849194729137
0.01,278.50447302183886,18.740849194729137
0.01,280.03910176705784,18.9360663738409
0.01,281.5737305122768,18.9360663738409
0.01,283.1083592574958,19.131283552952652
0.01,284.6429880027148,19.131283552952652
0.01,286.17761674793377,19.326500732064417
0.01,287.71224549315275,19.326500732064417
0.01,289.24687423837173,19.521717911176182
0.01,290.7815029835907,19.521717911176182
0.01,292.3161317288097,19.716935090287947
0.01,293.8507604740287,19.716935090287947
0.01,295.38538921924766,19.912152269399712
0.01,296.92001796446664,19.912152269399712
0.01,298.4546467096856,20.107369448511463
0.01,299.9892754549046,20.107369448511463
0.01,301.5239042001236,20.107369448511463
0.01,303.05853294534256,20.302586627623228
0.01,304.59316169056154,20.302586627623228
0.01,306.1277904357805,20.497803806734993
0.01,307.6624191809995,20.497803806734993
0.01,309.1970479262185,20.693020985846758
0.01,310.73167667143747,20.693020985846758
0.01,312.26630541665645,20.888238164958523
0.01,313.80093416187543,20.888238164958523
0.01,315.05846473137973,21.083455344070273
0.01,316.09391549279576,21.083455344070273
0.01,317.1293662542118,21.083455344070273
0.01,318.1648170156278,21.27867252318204
0.01,319.20026777704385,21.27867252318204
0.01,320.2357185384599,21.27867252318204
0.01,321.2711692998759,21.473889702293803
0.01,322.30662006129194,21.473889702293803
0.01,323.47732047583105,21.473889702293803
0.01,324.64802089037016,21.66910688140557
0.01,325.8187213049093,21.66910688140557
0.01,326.9894217194484,21.864324060517333
0.01,328.40638086525985,21.864324060517333
0.01,329.55748576263403,21.864324060517333
0.01,330.7085906600082,22.059541239629084
0.01,331.8596955573824,22.059541239629084
0.01,333.0108004547566,22.25475841874085
0.01,334.16190535213076,22.25475841874085
0.01,335.51985569615925,22.25475841874085
0.01,336.87780604018775,22.449975597852614
0.01,338.23575638421624,22.449975597852614
0.01,339.59370672824474,22.64519277696438
0.01,339.81360800884073,22.64519277696438
0.01,340.0335092894367,22.64519277696438
0.01,340.2534105700327,22.64519277696438
0.01,340.4733118506287,22.64519277696438
0.01,340.9131144118207,22.64519277696438
0.01,341.35291697301267,22.64519277696438
0.01,341.79271953420465,22.64519277696438
0.01,342.6317358785283,22.840409956076144
0.01,343.4707522228519,22.840409956076144
0.01,344.3097685671755,22.840409956076144
0.01,345.34405750485536,23.035627135187895
0.01,346.3783464425352,23.035627135187895
0.01,347.412635380215,23.035627135187895
0.01,348.44692431789485,23.23084431429966
0.01,349.4812132555747,23.23084431429966
0.01,350.5155021932545,23.23084431429966
0.01,351.54979113093435,23.426061493411424
0.01,352.81248130779124,23.426061493411424
0.01,354.07517148464814,23.426061493411424
0.01,355.33786166150503,23.621278672523175
0.01,356.6005518383619,23.621278672523175
0.01,357.8632420152188,23.81649585163494
0.01,358.8543720301928,23.81649585163494
0.01,359.84550204516677,23.81649585163494
0.01,360.83663206014074,24.011713030746705
0.01,361.8277620751147,24.011713030746705
0.01,362.947996259436,24.011713030746705
0.01,364.06823044375733,24.20693020985847
0.01,365.18846462807863,24.20693020985847
0.01,366.30869881239994,24.20693020985847
0.01,367.55597941121664,24.402147388970235
0.01,368.80326001003334,24.402147388970235
0.01,370.05054060885004,24.597364568081986
0.01,371.05542852894456,24.597364568081986
0.01,372.0603164490391,24.597364568081986
0.01,373.0652043691336,24.79258174719375
0.01,374.0700922892281,24.79258174719375
0.01,375.24129382541406,24.79258174719375
0.01,376.4124953616,24.987798926305516
0.01,377.58369689778596,24.987798926305516
0.01,378.7548984339719,25.18301610541728
0.01,379.92609997015785,25.18301610541728
0.01,381.0973015063438,25.18301610541728
0.01,382.26850304252974,25.378233284529045
0.01,383.4397045787157,25.378233284529045
0.01,384.61090611490164,25.573450463640796
0.01,385.7821076510876,25.573450463640796
0.01,386.95330918727353,25.573450463640796
0.01,388.1245107234595,25.76866764275256
0.01,389.2957122596454,25.76866764275256
0.01,390.4669137958314,25.963884821864326
0.01,391.6381153320173,25.963884821864326
0.01,392.80931686820327,25.963884821864326
0.01,393.9805184043892,26.15910200097609
0.01,395.15171994057516,26.15910200097609
0.01,396.3229214767611,26.354319180087856
0.01,397.49412301294706,26.354319180087856
0.01,398.665324549133,26.354319180087856
0.01,399.83652608531895,26.549536359199607
0.01,401.0077276215049,26.549536359199607
0.01,402.17892915769085,26.74475353831137
0.01,403.3501306938768,26.74475353831137
0.01,404.52133223006274,26.74475353831137
0.01,405.6925337662487,26.939970717423137
0.01,406.86373530243463,26.939970717423137
0.01,408.0349368386206,27.135187896534887
0.01,409.2061383748065,27.135187896534887
0.01,410.3773399109925,27.135187896534887
0.01,411.6718391892339,27.330405075646652
0.01,412.9663384674753,27.330405075646652
0.01,414.2608377457167,27.525622254758417
0.01,415.5553370239581,27.525622254758417
0.01,416.8498363021995,27.720839433870182
0.01,418.1443355804409,27.720839433870182
0.01,419.4388348586823,27.916056612981947
0.01,420.7333341369237,27.916056612981947
0.01,422.0278334151651,28.111273792093698
0.01,423.3223326934065,28.111273792093698
0.01,424.6168319716479,28.111273792093698
0.01,425.9113312498893,28.306490971205463
0.01,427.2058305281307,28.306490971205463
0.01,428.5003298063721,28.501708150317228
0.01,429.7948290846135,28.501708150317228
0.01,431.0893283628549,28.696925329428993
0.01,432.38382764109633,28.696925329428993
0.01,433.67832691933774,28.892142508540758
0.01,434.97282619757914,28.892142508540758
0.01,436.0512584244477,28.892142508540758
0.01,437.1296906513163,29.08735968765251
0.01,438.2081228781849,29.08735968765251
0.01,439.2865551050535,29.282576866764273
0.01,440.52449877549617,29.282576866764273
0.01,441.76244244593886,29.47779404587604
0.01,443.00038611638155,29.47779404587604
0.01,444.23832978682424,29.47779404587604
0.01,445.4762734572669,29.673011224987803
0.01,446.7142171277096,29.673011224987803
0.01,447.9521607981523,29.86822840409957
0.01,449.190104468595,29.86822840409957
0.01,450.4280481390377,30.06344558321132
0.01,451.6659918094804,30.06344558321132
0.01,452.90393547992306,30.06344558321132
0.01,454.14187915036575,30.258662762323084
0.01,455.37982282080844,30.258662762323084
0.01,456.61776649125113,30.45387994143485
0.01,457.8557101616938,30.45387994143485
0.01,459.0936538321365,30.649097120546614
0.01,460.3315975025792,30.649097120546614
0.01,461.5695411730219,30.84431429965838
0.01,462.8074848434646,30.84431429965838
0.01,464.04542851390727,31.03953147877013
0.01,465.28337218434996,31.03953147877013
0.01,466.52131585479265,31.03953147877013
0.01,467.75925952523534,31.234748657881894
0.01,468.997203195678,31.234748657881894
0.01,470.2351468661207,31.42996583699366
0.01,471.4730905365634,31.42996583699366
0.01,472.7110342070061,31.62518301610541
0.01,473.9489778774488,31.62518301610541
0.01,475.1869215478915,31.820400195217175
0.01,476.42486521833416,31.820400195217175
0.01,477.66280888877685,32.01561737432894
0.01,478.90075255921954,32.01561737432894
0.01,480.13869622966223,32.01561737432894
0.01,481.3766399001049,32.210834553440705
0.01,482.6145835705476,32.210834553440705
0.01,483.8525272409903,32.40605173255247
0.01,485.090470911433,32.40605173255247
0.01,486.3284145818757,32.60126891166422
0.01,487.56635825231837,32.60126891166422
0.01,488.80430192276106,32.796486090775986
0.01,490.04224559320375,32.796486090775986
0.01,491.28018926364643,32.99170326988775
0.01,492.5181329340891,32.99170326988775
0.01,493.7560766045318,32.99170326988775
0.01,494.9940202749745,33.186920448999516
0.01,496.2319639454172,33.186920448999516
0.01,497.4699076158599,33.38213762811128
0.01,498.70785128630257,33.38213762811128
0.01,499.94579495674526,33.57735480722303
0.01,501.18373862718795,33.57735480722303
0.01,502.42168229763064,33.772571986334796
0.01,503.6596259680733,33.772571986334796
0.01,504.897569638516,33.96778916544656
0.01,506.1355133089587,33.96778916544656
0.01,507.3734569794014,34.163006344558326
0.01,508.6114006498441,34.163006344558326
0.01,509.8493443202868,34.35822352367009
0.01,511.08728799072946,34.35822352367009
0.01,512.3252316611722,34.35822352367009
0.01,513.563175331615,34.55344070278184
0.01,514.8011190020577,34.55344070278184
0.01,516.0390626725004,34.74865788189361
0.01,517.2770063429432,34.74865788189361
0.01,518.5149500133859,34.94387506100537
0.01,519.7528936838287,34.94387506100537
0.01,520.9908373542714,35.13909224011714
0.01,522.2287810247142,35.13909224011714
0.01,523.4667246951569,35.3343094192289
0.01,524.7046683655997,35.3343094192289
0.01,525.9426120360424,35.52952659834065
0.01,527.1805557064852,35.52952659834065
0.01,528.4184993769279,35.72474377745242
0.01,529.6564430473707,35.72474377745242
0.01,530.8943867178134,35.91996095656418
0.01,532.1323303882562,35.91996095656418
0.01,533.3702740586989,35.91996095656418
0.01,534.6082177291416,36.11517813567593
0.01,535.8461613995844,36.11517813567593
0.01,537.0841050700271,36.3103953147877
0.01,538.3220487404699,36.3103953147877
0.01,539.5599924109126,36.50561249389946
0.01,540.7979360813554,36.50561249389946
0.01,542.0358797517981,36.70082967301123
0.01,543.2738234222409,36.70082967301123
0.01,544.5117670926836,36.89604685212299
0.01,545.7497107631264,36.89604685212299
0.01,546.9876544335691,37.09126403123474
0.01,548.2255981040119,37.09126403123474
0.01,549.4635417744546,37.28648121034651
0.01,550.7014854448973,37.28648121034651
0.01,551.9394291153401,37.48169838945827
0.01,553.1773727857828,37.48169838945827
0.01,554.4153164562256,37.67691556857004
0.01,555.6532601266683,37.67691556857004
0.01,556.8912037971111,37.8721327476818
0.01,558.1291474675538,37.8721327476818
0.01,559.3670911379966,38.067349926793554
0.01,560.6050348084393,38.067349926793554
0.01,561.8429784788821,38.26256710590532
0.01,563.0809221493248,38.26256710590532
0.01,564.3188658197676,38.457784285017084
0.01,565.5568094902103,38.457784285017084
0.01,566.794753160653,38.65300146412885
0.01,568.0326968310958,38.65300146412885
0.01,569.2706405015385,38.848218643240614
0.01,570.5085841719813,38.848218643240614
0.01,571.746527842424,39.043435822352365
0.01,572.9844715128668,39.043435822352365
0.01,574.2224151833095,39.23865300146413
0.01,575.4603588537523,39.23865300146413
0.01,576.698302524195,39.433870180575894
0.01,577.9362461946378,39.433870180575894
0.01,579.1741898650805,39.629087359687645
0.01,580.4121335355233,39.629087359687645
0.01,581.650077205966,39.82430453879941
0.01,582.8880208764087,39.82430453879941
0.01,584.1259645468515,40.019521717911175
0.01,585.3639082172942,40.019521717911175
0.01,586.601851887737,40.21473889702294
0.01,587.8397955581797,40.21473889702294
0.01,589.0777392286225,40.409956076134705
0.01,590.3156828990652,40.409956076134705
0.01,591.553626569508,40.605173255246456
0.01,592.7915702399507,40.605173255246456
0.01,594.0295139103935,40.80039043435822
0.01,595.2674575808362,40.80039043435822
0.01,596.505401251279,40.995607613469986
0.01,597.7433449217217,40.995607613469986
0.01,598.9812885921644,41.19082479258175
0.01,600.2192322626072,41.19082479258175
0.01,601.4571759330499,41.386041971693516
0.01,602.4827503884992,41.386041971693516
0.01,603.5083248439485,41.386041971693516
0.01,604.5338992993977,41.581259150805266
0.01,605.559473754847,41.581259150805266
0.01,606.5850482102962,41.77647632991703
0.01,607.6106226657455,41.77647632991703
0.01,608.6361971211948,41.971693509028796
0.01,609.8075780722238,41.971693509028796
0.01,610.9789590232529,42.16691068814056
0.01,612.1503399742819,42.16691068814056
0.01,613.321720925311,42.16691068814056
0.01,614.49310187634,42.362127867252326
0.01,615.664482827369,42.362127867252326
0.01,616.8358637783981,42.55734504636408
0.01,618.0072447294272,42.55734504636408
0.01,619.1786256804562,42.75256222547584
0.01,620.3500066314853,42.75256222547584
0.01,621.5213875825143,42.94777940458761
0.01,622.6927685335434,42.94777940458761
0.01,623.8641494845724,43.14299658369937
0.01,625.0355304356015,43.14299658369937
0.01,626.2069113866305,43.33821376281114
0.01,627.3782923376596,43.33821376281114
0.01,628.5496732886886,43.53343094192289
0.01,629.7210542397177,43.53343094192289
0.01,630.8924351907467,43.72864812103465
0.01,632.0638161417758,43.72864812103465
0.01,633.2351970928048,43.92386530014642
0.01,634.4065780438339,43.92386530014642
0.01,635.5779589948629,44.11908247925817
0.01,636.749339945892,44.11908247925817
0.01,637.920720896921,44.31429965836993
0.01,639.0921018479501,44.31429965836993
0.01,640.2634827989791,44.5095168374817
0.01,641.4348637500082,44.5095168374817
0.01,642.6062447010372,44.70473401659346
0.01,643.7776256520663,44.70473401659346
0.01,644.9490066030953,44.89995119570523
0.01,646.1203875541244,44.89995119570523
0.01,647.2917685051534,45.09516837481698
0.01,648.4631494561825,45.09516837481698
0.01,649.6345304072115,45.29038555392874
0.01,650.8059113582406,45.29038555392874
0.01,651.9772923092696,45.48560273304051
0.01,653.1486732602987,45.48560273304051
0.01,654.3200542113277,45.68081991215227
0.01,655.4914351623568,45.68081991215227
0.01,656.6628161133858,45.87603709126404
0.01,657.8341970644149,45.87603709126404
0.01,659.0055780154439,46.07125427037579
0.01,660.176958966473,46.07125427037579
0.01,661.348339917502,46.266471449487554
0.01,662.5197208685311,46.266471449487554
0.01,663.6911018195601,46.46168862859932
0.01,664.8624827705892,46.46168862859932
0.01,666.0338637216182,46.656905807711084
0.01,667.2052446726473,46.656905807711084
0.01,668.3766256236763,46.85212298682285
0.01,669.5480065747054,46.85212298682285
0.01,670.7193875257344,47.0473401659346
0.01,671.8907684767635,47.0473401659346
0.01,673.0621494277925,47.242557345046365
0.01,674.2335303788216,47.242557345046365
0.01,675.4049113298506,47.43777452415813
0.01,676.5762922808797,47.43777452415813
0.01,677.7476732319087,47.632991703269894
0.01,678.9190541829378,47.632991703269894
0.01,680.0904351339668,47.82820888238166
0.01,681.2618160849959,47.82820888238166
0.01,682.4331970360249,48.02342606149341
0.01,683.604577987054,48.218643240605175
0.01,684.775958938083,48.218643240605175
0.01,685.9473398891121,48.41386041971694
0.01,687.1187208401411,48.41386041971694
0.01,688.2901017911702,48.60907759882869
0.01,689.4614827421992,48.60907759882869
0.01,690.6328636932283,48.804294777940456
0.01,691.8042446442573,48.804294777940456
0.01,692.9756255952864,48.99951195705222
0.01,694.1470065463154,48.99951195705222
0.01,695.3183874973445,49.194729136163986
0.01,696.4897684483735,49.194729136163986
0.01,697.6611493994026,49.38994631527575
0.01,698.8325303504316,49.38994631527575
0.01,700.0039113014607,49.5851634943875
0.01,701.1752922524897,49.5851634943875
0.01,702.3466732035188,49.780380673499266
0.01,703.5180541545478,49.780380673499266
0.01,704.6894351055769,49.97559785261103
0.01,705.8608160566059,49.97559785261103
0.01,707.032197007635,50.170815031722796
0.01,708.203577958664,50.170815031722796
0.01,709.3749589096931,50.36603221083456
0.01,710.5463398607221,50.56124938994631
0.01,711.7177208117512,50.56124938994631
0.01,712.8891017627802,50.75646656905808
0.01,714.0604827138093,50.75646656905808
0.01,715.2318636648383,50.95168374816984
0.01,716.4032446158674,50.95168374816984
0.01,717.5746255668964,51.14690092728161
0.01,718.7460065179255,51.14690092728161
0.01,719.9173874689545,51.34211810639337
0.01,721.0887684199836,51.34211810639337
0.01,722.2601493710126,51.53733528550512
0.01,723.4315303220417,51.53733528550512
0.01,724.6029112730707,51.73255246461689
0.01,725.7742922240998,51.73255246461689
0.01,726.9456731751288,51.92776964372865
0.01,728.1170541261579,52.1229868228404
0.01,729.2884350771869,52.1229868228404
0.01,730.459816028216,52.31820400195217
0.01,731.631196979245,52.31820400195217
0.01,732.8025779302741,52.51342118106393
0.01,733.9739588813031,52.51342118106393
0.01,735.1453398323322,52.7086383601757
0.01,736.3167207833612,52.7086383601757
0.01,737.4881017343903,52.90385553928746
0.01,738.6594826854193,52.90385553928746
0.01,739.8308636364484,53.09907271839921
0.01,741.0022445874774,53.09907271839921
0.01,742.1736255385065,53.29428989751098
0.01,743.3450064895355,53.48950707662274
0.01,744.5163874405646,53.48950707662274
0.01,745.6877683915936,53.68472425573451
0.01,746.8591493426227,53.68472425573451
0.01,748.0305302936517,53.87994143484627
0.01,749.2019112446808,53.87994143484627
0.01,750.3732921957098,54.075158613958024
0.01,751.5446731467389,54.075158613958024
0.01,752.7160540977679,54.27037579306979
0.01,753.887435048797,54.27037579306979
0.01,755.058815999826,54.465592972181554
0.01,756.0338890513549,54.465592972181554
0.01,757.0089621028837,54.66081015129332
0.01,757.9840351544126,54.66081015129332
0.01,758.9591082059414,54.856027330405084
0.01,759.9341812574703,54.856027330405084
0.01,760.9092543089992,55.051244509516835
0.01,761.884327360528,55.051244509516835
0.01,762.8594004120569,55.2464616886286
0.01,763.8344734635857,55.2464616886286
0.01,764.8095465151146,55.441678867740364
0.01,765.7846195666434,55.441678867740364
0.01,766.7596926181723,55.441678867740364
0.01,767.7347656697011,55.63689604685213
0.01,768.70983872123,55.63689604685213
0.01,769.6849117727588,55.832113225963894
0.01,770.6599848242877,55.832113225963894
0.01,771.6350578758165,56.027330405075645
0.01,772.6101309273454,56.027330405075645
0.01,773.5852039788742,56.222547584187396
0.01,774.5602770304031,56.222547584187396
0.01,775.5353500819319,56.41776476329919
0.01,776.5104231334608,56.41776476329919
0.01,777.4854961849896,56.61298194241094
0.01,778.4605692365185,56.61298194241094
0.01,779.4356422880473,56.80819912152269
0.01,780.4107153395762,56.80819912152269
0.01,781.385788391105,56.80819912152269
0.01,782.3608614426339,57.003416300634456
0.01,783.3359344941628,57.003416300634456
0.01,784.3110075456916,57.198633479746206
0.01,785.2860805972205,57.198633479746206
0.01,786.2611536487493,57.393850658858
0.01,787.2362267002782,57.393850658858
0.01,788.211299751807,57.58906783796975
0.01,789.1863728033359,57.58906783796975
0.01,790.1614458548647,57.7842850170815
0.01,791.1365189063936,57.7842850170815
0.01,792.1115919579224,57.979502196193266
0.01,793.0866650094513,57.979502196193266
0.01,794.0617380609801,58.17471937530502
0.01,795.036811112509,58.17471937530502
0.01,796.0118841640378,58.36993655441678
0.01,796.9869572155667,58.36993655441678
0.01,797.9620302670955,58.36993655441678
0.01,798.9371033186244,58.56515373352856
0.01,799.9121763701532,58.56515373352856
0.01,800.8872494216821,58.76037091264031
0.01,801.862322473211,58.76037091264031
0.01,802.8373955247398,58.95558809175208
0.01,803.8124685762687,58.95558809175208
0.01,804.7875416277975,59.15080527086383
0.01,805.7626146793264,59.15080527086383
0.01,806.7376877308552,59.34602244997559
0.01,807.7127607823841,59.34602244997559
0.01,808.6878338339129,59.54123962908737
0.01,809.6629068854418,59.54123962908737
0.01,810.6379799369706,59.73645680819912
0.01,811.6130529884995,59.73645680819912
0.01,812.5881260400283,59.93167398731089
0.01,813.5631990915572,59.93167398731089
0.01,814.538272143086,60.12689116642264
0.01,815.5133451946149,60.12689116642264
0.01,816.4884182461437,60.3221083455344
0.01,817.4634912976726,60.3221083455344
0.01,818.4385643492014,60.3221083455344
0.01,819.4136374007303,60.51732552464618
0.01,820.3887104522591,60.51732552464618
0.01,821.363783503788,60.71254270375793
0.01,822.3388565553169,60.71254270375793
0.01,823.3139296068457,60.9077598828697
0.01,824.2890026583746,60.9077598828697
0.01,825.2640757099034,61.10297706198145
0.01,826.2391487614323,61.10297706198145
0.01,827.2142218129611,61.2981942410932
0.01,827.9959094154384,61.2981942410932
0.01,828.6351455707489,61.49341142020499
0.01,829.2743817260595,61.49341142020499
0.01,829.91361788137,61.49341142020499
0.01,830.5528540366805,61.68862859931674
0.01,831.3069530188639,61.68862859931674
0.01,832.0610520010472,61.68862859931674
0.01,832.8151509832305,61.88384577842851
0.01,833.5692499654139,61.88384577842851
0.01,834.3233489475972,61.88384577842851
0.01,835.0774479297805,62.07906295754026
0.01,835.8315469119639,62.07906295754026
0.01,836.6646736933085,62.27428013665201
0.01,837.4978004746531,62.27428013665201
0.01,838.3309272559977,62.27428013665201
0.01,839.1640540373423,62.4694973157638
0.01,840.0859194936152,62.4694973157638
0.01,841.007784949888,62.664714494875554
0.01,841.9296504061608,62.664714494875554
0.01,842.8515158624336,62.85993167398732
0.01,843.7733813187065,62.85993167398732
0.01,844.6952467749793,63.05514885309907
0.01,845.6171122312521,63.05514885309907
0.01,846.538977687525,63.25036603221082
0.01,847.4608431437978,63.25036603221082
0.01,848.3827086000706,63.25036603221082
0.01,849.3045740563434,63.445583211322614
0.01,850.2264395126163,63.445583211322614
0.01,851.1483049688891,63.640800390434364
0.01,852.0701704251619,63.640800390434364
0.01,852.9920358814347,63.83601756954613
0.01,853.9139013377076,63.83601756954613
0.01,854.8357667939804,64.03123474865788
0.01,855.7576322502532,64.03123474865788
0.01,856.679497706526,64.22645192776963
0.01,857.6013631627989,64.22645192776963
0.01,858.5232286190717,64.42166910688142
0.01,859.4450940753445,64.42166910688142
0.01,860.3669595316173,64.61688628599317
0.01,861.2888249878902,64.61688628599317
0.01,862.210690444163,64.81210346510493
0.01,863.1325559004358,64.81210346510493
0.01,864.0544213567086,64.81210346510493
0.01,864.9762868129815,65.00732064421669
0.01,865.8981522692543,65.00732064421669
0.01,866.8200177255271,65.20253782332844
0.01,867.7418831818,65.20253782332844
0.01,868.6637486380728,65.39775500244023
0.01,869.5856140943456,65.39775500244023
0.01,870.5074795506184,65.59297218155199
0.01,871.4293450068913,65.59297218155199
0.01,872.3512104631641,65.78818936066374
0.01,873.2730759194369,65.78818936066374
0.01,874.1949413757097,65.9834065397755
0.01,875.1168068319826,65.9834065397755
0.01,876.0386722882554,66.17862371888725
0.01,876.9605377445282,66.17862371888725
0.01,877.882403200801,66.37384089799905
0.01,878.8042686570739,66.37384089799905
0.01,879.7261341133467,66.5690580771108
0.01,880.6479995696195,66.5690580771108
0.01,881.5698650258923,66.5690580771108
0.01,882.4917304821652,66.76427525622255
0.01,883.413595938438,66.76427525622255
0.01,884.3354613947108,66.95949243533431
0.01,885.2573268509836,66.95949243533431
0.01,886.1791923072565,67.15470961444606
0.01,887.1010577635293,67.15470961444606
0.01,888.0229232198021,67.34992679355783
0.01,888.944788676075,67.34992679355783
0.01,889.8666541323478,67.5451439726696
0.01,890.7885195886206,67.5451439726696
0.01,891.7103850448934,67.74036115178136
0.01,892.6322505011663,67.74036115178136
0.01,893.5541159574391,67.93557833089312
0.01,894.4759814137119,67.93557833089312
0.01,895.3978468699847,68.13079551000487
0.01,896.3197123262576,68.13079551000487
0.01,897.2415777825304,68.32601268911664
0.01,898.1634432388032,68.32601268911664
0.01,899.085308695076,68.52122986822842
0.01,900.0071741513489,68.52122986822842
0.01,900.9290396076217,68.71644704734017
0.01,901.8509050638945,68.71644704734017
0.01,902.7727705201673,68.91166422645193
0.01,903.6946359764402,68.91166422645193
0.01,904.616501432713,69.10688140556368
0.01,905.5383668889858,69.10688140556368
0.01,906.4602323452586,69.30209858467543
0.01,907.3820978015315,69.30209858467543
0.01,908.3039632578043,69.49731576378723
0.01,909.2258287140771,69.49731576378723
0.01,910.14769417035,69.49731576378723
0.01,911.0695596266228,69.69253294289898
0.01,911.9914250828956,69.69253294289898
0.01,912.9132905391684,69.88775012201074
0.01,913.8351559954413,69.88775012201074
0.01,914.7570214517141,70.0829673011225
0.01,915.6788869079869,70.0829673011225
0.01,916.6007523642597,70.27818448023424
0.01,917.5226178205326,70.27818448023424
0.01,918.4444832768054,70.47340165934604
0.01,919.3663487330782,70.47340165934604
0.01,920.288214189351,70.66861883845779
0.01,921.2100796456239,70.66861883845779
0.01,922.1319451018967,70.86383601756955
0.01,923.0538105581695,70.86383601756955
0.01,923.9756760144423,71.0590531966813
0.01,924.8975414707152,71.0590531966813
0.01,925.819406926988,71.25427037579306
0.01,926.7412723832608,71.25427037579306
0.01,927.6631378395336,71.44948755490485
0.01,928.5850032958065,71.44948755490485
0.01,929.5068687520793,71.6447047340166
0.01,930.4287342083521,71.6447047340166
0.01,931.350599664625,71.83992191312836
0.01,932.2724651208978,71.83992191312836
0.01,933.1943305771706,72.03513909224012
0.01,934.1161960334434,72.03513909224012
0.01,935.0380614897163,72.23035627135187
0.01,935.9599269459891,72.23035627135187
0.01,936.8817924022619,72.42557345046365
0.01,937.8036578585347,72.42557345046365
0.01,938.7255233148076,72.62079062957541
0.01,939.6473887710804,72.62079062957541
0.01,940.5692542273532,72.81600780868717
0.01,941.491119683626,72.81600780868717
0.01,942.4129851398989,73.01122498779893
0.01,943.3348505961717,73.01122498779893
0.01,944.2567160524445,73.20644216691068
0.01,945.1785815087173,73.20644216691068
0.01,946.1004469649902,73.40165934602246
0.01,947.022312421263,73.40165934602246
0.01,947.9441778775358,73.59687652513422
0.01,948.8660433338086,73.59687652513422
0.01,949.7879087900815,73.79209370424599
0.01,950.7097742463543,73.79209370424599
0.01,951.6316397026271,73.98731088335774
0.01,952.5535051589,73.98731088335774
0.01,953.4753706151728,74.18252806246949
0.01,954.3972360714456,74.18252806246949
0.01,955.3191015277184,74.37774524158127
0.01,956.2409669839913,74.37774524158127
0.01,957.1628324402641,74.57296242069303
0.01,958.0846978965369,74.57296242069303
0.01,959.0065633528097,74.7681795998048
0.01,959.9284288090826,74.7681795998048
0.01,960.8502942653554,74.96339677891655
0.01,961.7721597216282,74.96339677891655
0.01,962.694025177901,75.1586139580283
0.01,963.6158906341739,75.1586139580283
0.01,964.3829868435142,75.35383113714005
0.01,965.1500830528546,75.35383113714005
0.01,965.917179262195,75.35383113714005
0.01,966.6842754715353,75.54904831625184
0.01,967.3130306437923,75.54904831625184
0.01,967.9417858160493,75.7442654953636
0.01,968.5705409883063,75.7442654953636
0.01,969.1992961605633,75.7442654953636
0.01,970.0445653598676,75.93948267447536
0.01,970.889834559172,75.93948267447536
0.01,971.7351037584763,76.13469985358711
0.01,972.5803729577806,76.13469985358711
0.01,973.4256421570849,76.32991703269886
0.01,974.2709113563892,76.32991703269886
0.01,975.1161805556935,76.52513421181065
0.01,975.9614497549978,76.52513421181065
0.01,976.8067189543021,76.52513421181065
0.01,977.6519881536065,76.72035139092242
0.01,978.4972573529108,76.72035139092242
0.01,979.3425265522151,76.91556857003417
0.01,980.1877957515194,76.91556857003417
0.01,981.0330649508237,77.11078574914592
0.01,981.878334150128,77.11078574914592
0.01,982.7236033494323,77.30600292825767
0.01,983.5688725487366,77.30600292825767
0.01,984.0653913394908,77.30600292825767
0.01,984.4456193464158,77.50122010736946
0.01,984.7370281408715,77.50122010736946
0.01,985.0284369353272,77.50122010736946
0.01,985.270139244433,77.50122010736946
0.01,985.3082840883878,77.50122010736946
0.01,985.3464289323426,77.50122010736946
0.01,985.3845737762974,77.50122010736946
0.01,985.460863464207,77.50122010736946
0.01,985.5371531521166,77.50122010736946
0.01,985.6134428400262,77.50122010736946
0.01,985.7417544860018,77.50122010736946
0.01,985.8700661319774,77.50122010736946
0.01,985.998377777953,77.50122010736946
0.01,986.1615958730305,77.69643728648123
0.01,986.324813968108,77.69643728648123
0.01,986.4880320631854,77.69643728648123
0.01,986.6512501582629,77.69643728648123
0.01,986.8144682533404,77.69643728648123
0.01,986.9776863484178,77.69643728648123
0.01,987.1409044434953,77.69643728648123
0.01,987.3041225385728,77.69643728648123
0.01,987.4673406336502,77.69643728648123
0.01,987.8199482103629,77.69643728648123
0.01,988.1725557870756,77.89165446559298
0.01,988.5251633637882,77.89165446559298
0.01,988.9962480667189,77.89165446559298
0.01,989.4673327696495,77.89165446559298
0.01,989.9384174725801,78.08687164470473
0.01,990.4886507425605,78.08687164470473
0.01,991.0388840125408,78.08687164470473
0.01,991.5891172825212,78.28208882381648
0.01,992.1393505525016,78.28208882381648
0.01,992.689583822482,78.28208882381648
0.01,993.2398170924623,78.28208882381648
0.01,993.7900503624427,78.47730600292827
0.01,994.340283632423,78.47730600292827
0.01,994.8905169024034,78.47730600292827
0.01,995.4407501723838,78.67252318204002
0.01,995.9909834423642,78.67252318204002
0.01,996.5412167123445,78.67252318204002
0.01,997.0914499823249,78.86774036115179
0.01,997.6416832523053,78.86774036115179
0.01,998.1919165222856,78.86774036115179
0.01,998.742149792266,78.86774036115179
0.01,999.4285861612875,79.06295754026354
0.01,1000.115022530309,79.06295754026354
0.01,1000.8014588993306,79.25817471937529
0.01,1001.4878952683521,79.25817471937529
0.01,1002.1743316373736,79.25817471937529
0.01,1002.8607680063951,79.45339189848708
0.01,1003.5472043754166,79.45339189848708
0.01,1004.2336407444382,79.64860907759883
0.01,1004.9200771134597,79.64860907759883
0.01,1005.6065134824812,79.64860907759883
0.01,1006.2929498515027,79.8438262567106
0.01,1006.9793862205242,79.8438262567106
0.01,1007.6658225895458,79.8438262567106
0.01,1008.4517084237248,80.03904343582235
0.01,1009.2375942579038,80.03904343582235
0.01,1010.0234800920828,80.2342606149341
0.01,1010.8093659262618,80.2342606149341
0.01,1011.5952517604408,80.2342606149341
0.01,1012.3811375946198,80.42947779404588
0.01,1013.1670234287988,80.42947779404588
0.01,1013.9529092629778,80.62469497315764
0.01,1014.7387950971568,80.62469497315764
0.01,1015.5246809313358,80.62469497315764
0.01,1016.4308259086652,80.81991215226941
0.01,1017.3369708859946,80.81991215226941
0.01,1018.243115863324,81.01512933138116
0.01,1019.1492608406534,81.01512933138116
0.01,1020.0554058179828,81.21034651049291
0.01,1020.7941940263606,81.21034651049291
0.01,1021.5329822347385,81.21034651049291
0.01,1022.2717704431163,81.40556368960469
0.01,1023.0105586514942,81.40556368960469
0.01,1023.851271512956,81.40556368960469
0.01,1024.6919843744179,81.60078086871646
0.01,1025.5326972358796,81.60078086871646
0.01,1026.3734100973413,81.79599804782822
0.01,1027.3512627152115,81.79599804782822
0.01,1028.3291153330817,81.79599804782822
0.01,1029.306967950952,81.99121522693997
0.01,1030.2848205688222,81.99121522693997
0.01,1031.2626731866924,82.18643240605172
0.01,1032.2405258045626,82.18643240605172
0.01,1033.2183784224328,82.3816495851635
0.01,1034.196231040303,82.3816495851635
0.01,1035.1740836581732,82.3816495851635
0.01,1036.1519362760434,82.57686676427527
0.01,1036.9190669803836,82.57686676427527
0.01,1037.0443075956937,82.57686676427527
0.01,1037.1695482110038,82.57686676427527
0.01,1037.2947888263138,82.57686676427527
0.01,1037.5452700569338,82.57686676427527
0.01,1037.7957512875537,82.57686676427527
0.01,1038.0462325181736,82.57686676427527
0.01,1038.756303584704,82.77208394338703
0.01,1039.4663746512344,82.77208394338703
0.01,1040.1764457177649,82.77208394338703
0.01,1040.8865167842953,82.96730112249878
0.01,1042.0570305355202,82.96730112249878
0.01,1043.2275442867451,82.96730112249878
0.01,1044.39805803797,83.16251830161053
0.01,1045.568571789195,83.16251830161053
0.01,1046.7390855404199,83.35773548072228
0.01,1047.9095992916448,83.35773548072228
0.01,1049.0801130428697,83.55295265983408
0.01,1050.2506267940946,83.55295265983408
0.01,1051.4211405453195,83.74816983894584
0.01,1052.5916542965444,83.74816983894584
0.01,1053.7621680477694,83.74816983894584
0.01,1054.9326817989943,83.94338701805759
0.01,1056.1031955502192,83.94338701805759
0.01,1057.2737093014441,84.13860419716934
0.01,1058.444223052669,84.13860419716934
0.01,1059.614736803894,84.13860419716934
0.01,1060.7852505551189,84.3338213762811
0.01,1061.9557643063438,84.3338213762811
0.01,1063.1262780575687,84.52903855539289
0.01,1064.2967918087936,84.52903855539289
0.01,1065.4673055600185,84.52903855539289
0.01,1066.6378193112434,84.72425573450465
0.01,1067.8083330624684,84.72425573450465
0.01,1068.9788468136933,84.72425573450465
0.01,1070.1493605649182,84.9194729136164
0.01,1071.3198743161431,84.9194729136164
0.01,1072.490388067368,85.11469009272815
0.01,1073.660901818593,85.11469009272815
0.01,1074.8314155698179,85.11469009272815
0.01,1076.0019293210428,85.3099072718399
0.01,1077.1724430722677,85.3099072718399
0.01,1078.3429568234926,85.3099072718399
0.01,1079.5134705747175,85.5051244509517
0.01,1080.6839843259424,85.5051244509517
0.01,1081.8544980771674,85.70034163006346
0.01,1083.0250118283923,85.70034163006346
0.01,1084.1955255796172,85.70034163006346
0.01,1085.366039330842,85.89555880917521
0.01,1086.536553082067,85.89555880917521
0.01,1087.707066833292,85.89555880917521
0.01,1088.8775805845169,86.09077598828696
0.01,1090.0480943357418,86.09077598828696
0.01,1091.2186080869667,86.09077598828696
0.01,1092.3891218381916,86.28599316739871
0.01,1093.5596355894165,86.28599316739871
0.01,1094.7301493406414,86.28599316739871
0.01,1096.0459295815717,86.48121034651051
0.01,1097.361709822502,86.48121034651051
0.01,1098.6774900634323,86.67642752562226
0.01,1099.9932703043626,86.67642752562226
0.01,1101.3090505452928,86.67642752562226
0.01,1102.6248307862231,86.87164470473402
0.01,1103.9406110271534,86.87164470473402
0.01,1105.2563912680837,87.06686188384577
0.01,1106.572171509014,87.06686188384577
0.01,1107.8879517499442,87.06686188384577
0.01,1109.2037319908745,87.26207906295753
0.01,1110.5195122318048,87.26207906295753
0.01,1111.835292472735,87.26207906295753
0.01,1113.1510727136654,87.45729624206932
0.01,1114.4668529545957,87.45729624206932
0.01,1115.782633195526,87.65251342118107
0.01,1117.0984134364562,87.65251342118107
0.01,1118.4141936773865,87.65251342118107
0.01,1119.7299739183168,87.84773060029283
0.01,1121.045754159247,87.84773060029283
0.01,1122.3615344001773,87.84773060029283
0.01,1123.6773146411076,88.04294777940459
0.01,1124.993094882038,88.04294777940459
0.01,1126.3088751229682,88.23816495851634
0.01,1127.6246553638985,88.23816495851634
0.01,1128.9404356048287,88.23816495851634
0.01,1130.256215845759,88.43338213762813
0.01,1131.5719960866893,88.43338213762813
0.01,1133.074081665877,88.43338213762813
0.01,1134.5761672450647,88.62859931673988
0.01,1136.0782528242523,88.62859931673988
0.01,1137.58033840344,88.82381649585164
0.01,1139.0789692520584,88.82381649585164
0.01,1140.5776001006768,88.82381649585164
0.01,1142.0762309492952,89.0190336749634
0.01,1143.5748617979136,89.0190336749634
0.01,1145.073492646532,89.21425085407515
0.01,1146.5721234951504,89.21425085407515
0.01,1148.0707543437688,89.40946803318693
0.01,1149.5693851923872,89.40946803318693
0.01,1151.0680160410056,89.40946803318693
0.01,1152.1884086567088,89.60468521229869
0.01,1153.308801272412,89.60468521229869
0.01,1154.4291938881152,89.60468521229869
0.01,1155.5495865038183,89.79990239141046
0.01,1156.6699791195215,89.79990239141046
0.01,1157.7903717352247,89.79990239141046
0.01,1158.9107643509278,89.79990239141046
0.01,1160.345709890091,89.9951195705222
0.01,1161.5315334635168,89.9951195705222
0.01,1162.4464710948869,89.9951195705222
0.01,1163.361408726257,90.19033674963396
0.01,1164.276346357627,90.19033674963396
0.01,1165.1912839889972,90.19033674963396
0.01,1166.560588930308,90.19033674963396
0.01,1167.929893871619,90.38555392874574
0.01,1169.29919881293,90.38555392874574
0.01,1170.6685037542409,90.38555392874574
0.01,1172.0378086955518,90.5807711078575
0.01,1173.4071136368627,90.5807711078575
0.01,1174.7764185781737,90.77598828696927
0.01,1176.3282932094776,90.77598828696927
0.01,1177.8801678407815,90.77598828696927
0.01,1179.4320424720854,90.97120546608102
0.01,1180.9839171033893,90.97120546608102
0.01,1182.5357917346932,91.16642264519277
0.01,1184.0876663659972,91.16642264519277
0.01,1185.639540997301,91.16642264519277
0.01,1187.191415628605,91.36163982430455
0.01,1188.743290259909,91.36163982430455
0.01,1190.2951648912128,91.36163982430455
0.01,1192.0875565092354,91.55685700341631
0.01,1193.8799481272579,91.55685700341631
0.01,1195.6723397452804,91.75207418252808
0.01,1197.464731363303,91.75207418252808
0.01,1199.2571229813254,91.94729136163983
0.01,1201.049514599348,91.94729136163983
0.01,1202.8419062173705,92.14250854075158
0.01,1204.634297835393,92.14250854075158
0.01,1206.101294002407,92.14250854075158
0.01,1207.568290169421,92.33772571986333
0.01,1209.035286336435,92.33772571986333
0.01,1210.5022825034491,92.53294289897512
0.01,1211.9692786704632,92.53294289897512
0.01,1213.4362748374772,92.53294289897512
0.01,1214.9032710044912,92.72816007808689
0.01,1216.7144427651651,92.72816007808689
0.01,1218.525614525839,92.92337725719864
0.01,1220.336786286513,92.92337725719864
0.01,1222.1479580471869,92.92337725719864
0.01,1223.9591298078608,93.11859443631039
0.01,1225.7703015685347,93.11859443631039
0.01,1227.5814733292086,93.31381161542214
0.01,1229.3926450898825,93.31381161542214
0.01,1231.2038168505564,93.50902879453393
0.01,1233.0149886112304,93.50902879453393
0.01,1234.8261603719043,93.7042459736457
0.01,1236.6373321325782,93.7042459736457
0.01,1238.448503893252,93.7042459736457
0.01,1240.259675653926,93.89946315275745
0.01,1242.0708474146,93.89946315275745
0.01,1243.8820191752739,94.0946803318692
0.01,1245.6931909359478,94.0946803318692
0.01,1247.6974252750297,94.28989751098095
0.01,1249.7016596141116,94.28989751098095
0.01,1251.7058939531935,94.48511469009274
0.01,1253.7101282922754,94.48511469009274
0.01,1255.7143626313573,94.68033186920451
0.01,1257.7185969704392,94.68033186920451
0.01,1259.722831309521,94.87554904831626
0.01,1261.727065648603,94.87554904831626
0.01,1263.731299987685,94.87554904831626
0.01,1265.7355343267668,95.07076622742801
0.01,1267.7397686658487,95.07076622742801
0.01,1269.7440030049306,95.26598340653976
0.01,1271.7482373440125,95.26598340653976
0.01,1273.4272508236468,95.46120058565155
0.01,1275.106264303281,95.46120058565155
0.01,1276.4984658784203,95.6564177647633
0.01,1277.8906674535597,95.6564177647633
0.01,1279.282869028699,95.6564177647633
0.01,1280.6750706038383,95.85163494387507
0.01,1282.2779941067583,95.85163494387507
0.01,1283.8809176096784,95.85163494387507
0.01,1285.4838411125984,96.04685212298682
0.01,1287.0867646155184,96.04685212298682
0.01,1288.6896881184384,96.04685212298682
0.01,1290.2926116213584,96.24206930209857
0.01,1291.8955351242785,96.24206930209857
0.01,1293.4984586271985,96.43728648121036
0.01,1295.1013821301185,96.43728648121036
0.01,1296.7043056330385,96.43728648121036
0.01,1298.6328142450227,96.63250366032212
0.01,1300.5613228570069,96.63250366032212
0.01,1302.489831468991,96.82772083943388
0.01,1304.4183400809752,96.82772083943388
0.01,1306.3468486929594,97.02293801854563
0.01,1308.2753573049436,97.02293801854563
0.01,1310.2038659169277,97.02293801854563
0.01,1312.132374528912,97.21815519765738
0.01,1313.7300365192316,97.21815519765738
0.01,1315.3276985095513,97.41337237676916
0.01,1316.925360499871,97.41337237676916
0.01,1318.5230224901907,97.41337237676916
0.01,1320.3530523922852,97.60858955588093
0.01,1322.1830822943798,97.60858955588093
0.01,1324.0131121964744,97.80380673499269
0.01,1325.843142098569,97.80380673499269
0.01,1327.6731720006635,97.99902391410444
0.01,1329.503201902758,97.99902391410444
0.01,1331.3332318048526,97.99902391410444
0.01,1333.1632617069472,98.19424109321619
0.01,1334.9932916090418,98.19424109321619
0.01,1336.8233215111363,98.38945827232797
0.01,1338.9628905669872,98.38945827232797
0.01,1341.102459622838,98.58467545143974
0.01,1343.242028678689,98.58467545143974
0.01,1345.3815977345398,98.7798926305515
0.01,1347.5211667903907,98.7798926305515
0.01,1349.6607358462416,98.97510980966325
0.01,1351.8003049020924,98.97510980966325
0.01,1353.9398739579433,99.170326988775
0.01,1356.0794430137942,99.170326988775
0.01,1358.219012069645,99.36554416788678
0.01,1360.358581125496,99.36554416788678
0.01,1362.4981501813468,99.56076134699855
0.01,1364.6377192371976,99.56076134699855
0.01,1366.7772882930485,99.75597852611031
0.01,1368.9168573488994,99.75597852611031
0.01,1371.0564264047503,99.95119570522206
0.01,1373.1959954606011,99.95119570522206
0.01,1375.335564516452,100.0
0.01,1377.4751335723029,100.0
0.01,1379.6147026281537,100.0
0.01,1381.7542716840046,100.0
0.01,1383.8938407398555,100.0
0.01,1385.587939809098,100.0
0.01,1387.2820388783407,100.0
0.01,1388.9761379475833,100.0
0.01,1390.670237016826,100.0
0.01,1392.577366637754,100.0
0.01,1394.4844962586822,100.0
0.01,1396.3916258796103,100.0
0.01,1398.2987555005384,100.0
0.01,1400.2058851214665,100.0
0.01,1402.1130147423946,100.0
0.01,1404.0201443633227,100.0
0.01,1405.9272739842509,100.0
0.01,1407.834403605179,100.0
0.01,1409.741533226107,100.0
0.01,1411.6486628470352,100.0
0.01,1413.8643013509397,100.0
0.01,1416.0799398548443,100.0
0.01,1416.436395647526,100.0
0.01,1416.7928514402079,100.0
0.01,1417.1493072328897,100.0
0.01,1417.5057630255715,100.0
0.01,1418.2186746109353,100.0
0.01,1418.9315861962991,100.0
0.01,1419.644497781663,100.0
0.01,1420.9621492058798,100.0
0.01,1422.2798006300966,100.0
0.01,1423.5974520543134,100.0
0.01,1424.9151034785302,100.0
0.01,1426.232754902747,100.0
0.01,1427.5504063269639,100.0
0.01,1429.316314437164,100.0
0.01,1431.0822225473642,100.0
0.01,1432.8481306575643,100.0
0.01,1434.6140387677644,100.0
0.01,1436.3799468779646,100.0
0.01,1438.1458549881647,100.0
0.01,1439.9117630983649,100.0
0.01,1441.677671208565,100.0
0.01,1443.1051744281467,100.0
0.01,1444.5326776477284,100.0
0.01,1445.96018086731,100.0
0.01,1447.3876840868918,100.0
0.01,1449.1826259042296,100.0
0.01,1450.9775677215673,100.0
0.01,1452.772509538905,100.0
0.01,1454.5674513562428,100.0
0.01,1456.3623931735806,100.0
0.01,1458.1573349909183,100.0
0.01,1459.952276808256,100.0
0.01,1461.4073724275906,100.0
0.01,1462.8624680469252,100.0
0.01,1464.3175636662597,100.0
0.01,1465.7726592855943,100.0
0.01,1467.7977634462095,100.0
0.01,1469.8228676068247,100.0
0.01,1471.84797176744,100.0
0.01,1473.8730759280552,100.0
0.01,1475.8981800886704,100.0
0.01,1477.9232842492856,100.0
0.01,1479.9483884099009,100.0
0.01,1481.973492570516,100.0
0.01,1483.9985967311313,100.0
0.01,1486.0237008917466,100.0
0.01,1488.0488050523618,100.0
0.01,1490.073909212977,100.0
0.01,1492.0990133735922,100.0
0.01,1494.1241175342075,100.0
0.01,1496.1492216948227,100.0
0.01,1498.174325855438,100.0
0.01,1500.1994300160532,100.0
0.01,1502.2245341766684,100.0
0.01,1504.2496383372836,100.0
0.01,1506.2747424978988,100.0
0.01,1508.299846658514,100.0
0.01,1510.3249508191293,100.0
0.01,1512.3500549797445,100.0
0.01,1514.3751591403598,100.0
0.01,1516.014436293206,100.0
0.01,1517.6537134460523,100.0
0.01,1519.2929905988985,100.0
0.01,1520.9322677517448,100.0
0.01,1523.0571947120193,100.0
0.01,1525.1821216722938,100.0
0.01,1527.3070486325682,100.0
0.01,1529.4319755928427,100.0
0.01,1531.5569025531172,100.0
0.01,1533.6818295133917,100.0
0.01,1535.8067564736662,100.0
0.01,1537.9316834339406,100.0
0.01,1540.056610394215,100.0
0.01,1542.1815373544896,100.0
0.01,1544.306464314764,100.0
0.01,1546.4313912750385,100.0
0.01,1548.556318235313,100.0
0.01,1550.6812451955875,100.0
0.01,1552.806172155862,100.0
0.01,1554.9310991161365,100.0
0.01,1557.056026076411,100.0
0.01,1559.1809530366854,100.0
0.01,1561.30587999696,100.0
0.01,1563.4308069572344,100.0
0.01,1565.5557339175089,100.0
0.01,1567.6806608777833,100.0
0.01,1569.8055878380578,100.0
0.01,1571.9305147983323,100.0
0.01,1574.0554417586068,100.0
0.01,1576.1803687188813,100.0
0.01,1578.3052956791557,100.0
0.01,1580.4302226394302,100.0
0.01,1582.8318679499432,100.0
0.01,1585.2335132604562,100.0
0.01,1587.6351585709692,100.0
0.01,1590.0368038814822,100.0
0.01,1592.4384491919952,100.0
0.01,1594.8400945025082,100.0
0.01,1597.2417398130212,100.0
0.01,1599.6433851235342,100.0
0.01,1602.0450304340472,100.0
0.01,1604.4466757445603,100.0
0.01,1606.8483210550733,100.0
0.01,1608.824949985869,100.0
0.01,1610.8015789166645,100.0
0.01,1612.7782078474602,100.0
0.01,1614.7548367782558,100.0
0.01,1617.0369065971668,100.0
0.01,1619.3189764160777,100.0
0.01,1621.6010462349886,100.0
0.01,1623.8831160538996,100.0
0.01,1624.2836157353686,100.0
0.01,1624.3594931454568,100.0
0.01,1624.435370555545,100.0
0.01,1624.5871253757211,100.0
0.01,1624.7388801958973,100.0
0.01,1625.2990735758808,100.0
0.01,1625.8592669558643,100.0
0.01,1626.4194603358478,100.0
0.01,1627.9473229303496,100.0
0.01,1629.4751855248514,100.0
0.01,1631.0030481193533,100.0
0.01,1632.9720659769418,100.0
0.01,1634.9410838345304,100.0
0.01,1636.910101692119,100.0
0.01,1638.8791195497076,100.0
0.01,1641.1695574208788,100.0
0.01,1643.45999529205,100.0
0.01,1645.3307061227279,100.0
0.01,1647.2014169534057,100.0
0.01,1649.0721277840835,100.0
0.01,1650.9428386147613,100.0
0.01,1652.813549445439,100.0
0.01,1654.684260276117,100.0
0.01,1656.5549711067947,100.0
0.01,1658.4256819374725,100.0
0.01,1660.2963927681503,100.0
0.01,1662.1671035988281,100.0
0.01,1664.2753026641867,100.0
0.01,1666.3835017295453,100.0
0.01,1668.4917007949039,100.0
0.01,1670.2136829024166,100.0
0.01,1671.9356650099294,100.0
0.01,1673.6576471174421,100.0
0.01,1675.379629224955,100.0
0.01,1677.1016113324677,100.0
0.01,1678.8235934399804,100.0
0.01,1680.5455755474932,100.0
0.01,1682.4420565645821,100.0
0.01,1684.338537581671,100.0
0.01,1686.23501859876,100.0
0.01,1688.131499615849,100.0
0.01,1690.2625957057292,100.0
0.01,1692.3936917956094,100.0
0.01,1694.5247878854896,100.0
0.01,1696.6558839753698,100.0
0.01,1698.78698006525,100.0
0.01,1700.9180761551302,100.0
0.01,1703.0491722450104,100.0
0.01,1705.1802683348906,100.0
0.01,1706.9474957544055,100.0
0.01,1708.7147231739204,100.0
0.01,1710.4819505934354,100.0
0.01,1712.2491780129503,100.0
0.01,1714.275075093452,100.0
0.01,1715.9190141616118,100.0
0.01,1717.5629532297717,100.0
0.01,1719.2068922979315,100.0
0.01,1720.8508313660914,100.0
0.01,1722.840158019013,100.0
0.01,1724.8294846719346,100.0
0.01,1726.8188113248561,100.0
0.01,1727.123716834147,100.0
0.01,1727.1684163710968,100.0
0.01,1727.2131159080466,100.0
0.01,1727.302514981946,100.0
0.01,1727.3919140558453,100.0
0.01,1727.8409085756334,100.0
0.01,1728.2899030954216,100.0
0.01,1728.9268495441966,100.0
0.01,1729.5637959929716,100.0
0.01,1730.2007424417466,100.0
0.01,1731.2567306485237,100.0
0.01,1732.3127188553008,100.0
0.01,1733.3687070620779,100.0
0.01,1734.9032558828824,100.0
0.01,1736.4378047036869,100.0
0.01,1737.9723535244914,100.0
0.01,1739.5069023452959,100.0
0.01,1741.0414511661004,100.0
0.01,1742.575999986905,100.0
0.01,1744.6265523264392,100.0
0.01,1746.2972661996423,100.0
0.01,1747.9679800728454,100.0
0.01,1749.6386939460485,100.0
0.01,1751.3094078192516,100.0
0.01,1753.31122251793,100.0
0.01,1755.3130372166083,100.0
0.01,1757.3148519152867,100.0
0.01,1759.316666613965,100.0
0.01,1761.3184813126434,100.0
0.01,1763.3202960113217,100.0
0.01,1765.32211071,100.0
0.01,1767.3239254086784,100.0
0.01,1769.3257401073568,100.0
0.01,1771.327554806035,100.0
0.01,1773.671475381111,100.0
0.01,1776.0153959561867,100.0
0.01,1778.3593165312625,100.0
0.01,1780.7032371063383,100.0
0.01,1783.047157681414,100.0
0.01,1785.39107825649,100.0
0.01,1787.7349988315657,100.0
0.01,1790.3905500712906,100.0
0.01,1793.0461013110155,100.0
0.01,1795.7016525507404,100.0
0.01,1798.3572037904653,100.0
0.01,1801.0127550301902,100.0
0.01,1803.668306269915,100.0
0.01,1806.32385750964,100.0
0.01,1808.979408749365,100.0
0.01,1811.6349599890898,100.0
0.01,1814.2905112288147,100.0
0.01,1816.9460624685396,100.0
0.01,1819.6016137082645,100.0
0.01,1822.2571649479894,100.0
0.01,1824.9127161877143,100.0
0.01,1827.5682674274392,100.0
0.01,1830.223818667164,100.0
0.01,1832.879369906889,100.0
0.01,1835.534921146614,100.0
0.01,1838.1904723863388,100.0
0.01,1840.8460236260637,100.0
0.01,1843.5015748657886,100.0
0.01,1846.1571261055135,100.0
0.01,1848.8126773452384,100.0
0.01,1851.4682285849633,100.0
0.01,1854.1237798246882,100.0
0.01,1856.779331064413,100.0
0.01,1859.434882304138,100.0
0.01,1862.090433543863,100.0
0.01,1864.7459847835878,100.0
0.01,1867.4015360233127,100.0
0.01,1870.0570872630376,100.0
0.01,1872.7126385027625,100.0
0.01,1875.3681897424874,100.0
0.01,1878.0237409822123,100.0
0.01,1880.6792922219372,100.0
0.01,1883.334843461662,100.0
0.01,1885.990394701387,100.0
0.01,1888.645945941112,100.0
0.01,1891.3014971808368,100.0
0.01,1893.9570484205617,100.0
0.01,1896.6125996602866,100.0
0.01,1899.2681509000115,100.0
0.01,1901.9237021397364,100.0
0.01,1904.5792533794613,100.0
0.01,1907.2348046191862,100.0
0.01,1909.890355858911,100.0
0.01,1912.545907098636,100.0
0.01,1915.201458338361,100.0
0.01,1917.8570095780858,100.0
0.01,1920.5125608178107,100.0
0.01,1923.1681120575356,100.0
0.01,1925.8236632972605,100.0
0.01,1928.4792145369854,100.0
0.01,1931.1347657767103,100.0
0.01,1933.7903170164352,100.0
0.01,1936.44586825616,100.0
0.01,1939.101419495885,100.0
0.01,1941.75697073561,100.0
0.01,1944.4125219753348,100.0
0.01,1947.0680732150597,100.0
0.01,1949.7236244547846,100.0
0.01,1952.3791756945095,100.0
0.01,1955.0347269342344,100.0
0.01,1957.6902781739593,100.0
0.01,1960.3458294136842,100.0
0.01,1963.0013806534091,100.0
0.01,1965.656931893134,100.0
0.01,1968.312483132859,100.0
0.01,1970.9680343725838,100.0
0.01,1973.6235856123087,100.0
0.01,1976.2791368520336,100.0
0.01,1978.9346880917585,100.0
0.01,1981.5902393314834,100.0
0.01,1984.2457905712083,100.0
0.01,1986.9013418109332,100.0
0.01,1989.5568930506581,100.0
0.01,1992.212444290383,100.0
0.01,1994.867995530108,100.0
0.01,1997.5235467698328,100.0
0.01,2000.1790980095577,100.0
0.01,2002.8346492492826,100.0
0.01,2005.4902004890075,100.0
0.01,2008.1457517287324,100.0
0.01,2010.8013029684573,100.0
0.01,2013.4568542081822,100.0
0.01,2016.1124054479071,100.0
0.01,2018.767956687632,100.0
0.01,2021.423507927357,100.0
0.01,2024.0790591670818,100.0
0.01,2026.7346104068067,100.0
0.01,2029.3901616465316,100.0
0.01,2032.0457128862565,100.0
0.01,2034.7012641259814,100.0
0.01,2037.3568153657063,100.0
0.01,2040.0123666054312,100.0
0.01,2042.6679178451561,100.0
0.01,2045.323469084881,100.0
0.01,2047.5157216037844,100.0
0.01,2049.7079741226876,100.0
0.01,2051.900226641591,100.0
0.01,2054.0924791604943,100.0
0.01,2056.8712424783967,100.0
0.01,2059.1812007875196,100.0
0.01,2061.4911590966426,100.0
0.01,2063.8011174057656,100.0
0.01,2066.1110757148886,100.0
0.01,2068.4210340240115,100.0
0.01,2070.7309923331345,100.0
0.01,2073.0409506422575,100.0
0.01,2075.3509089513805,100.0
0.01,2077.6608672605034,100.0
0.01,2079.9708255696264,100.0
0.01,2082.5985005838074,100.0
0.01,2085.2261755979885,100.0
0.01,2087.8538506121695,100.0
0.01,2090.4815256263505,100.0
0.01,2093.1092006405315,100.0
0.01,2095.7368756547125,100.0
0.01,2098.3645506688936,100.0
0.01,2100.9922256830746,100.0
0.01,2103.6199006972556,100.0
0.01,2106.2475757114366,100.0
0.01,2109.2193063835975,100.0
0.01,2112.1910370557584,100.0
0.01,2115.1627677279193,100.0
0.01,2118.1344984000802,100.0
0.01,2121.106229072241,100.0
0.01,2124.077959744402,100.0
0.01,2127.049690416563,100.0
0.01,2130.021421088724,100.0
0.01,2132.9931517608848,100.0
0.01,2135.9648824330457,100.0
0.01,2138.9366131052066,100.0
0.01,2141.9083437773675,100.0
0.01,2144.8800744495284,100.0
0.01,2147.8518051216893,100.0
0.01,2150.82353579385,100.0
0.01,2153.795266466011,100.0
0.01,2156.766997138172,100.0
0.01,2159.738727810333,100.0
0.01,2162.710458482494,100.0
0.01,2165.6821891546547,100.0
0.01,2168.6539198268156,100.0
0.01,2171.6256504989765,100.0
0.01,2174.5973811711374,100.0
0.01,2177.5691118432983,100.0
0.01,2180.540842515459,100.0
0.01,2183.51257318762,100.0
0.01,2185.951189867982,100.0
0.01,2188.389806548344,100.0
0.01,2190.828423228706,100.0
0.01,2193.267039909068,100.0
0.01,2196.0144935930807,100.0
0.01,2198.7619472770934,100.0
0.01,2201.509400961106,100.0
0.01,2204.256854645119,100.0
0.01,2207.0043083291316,100.0
0.01,2209.7517620131443,100.0
0.01,2212.499215697157,100.0
0.01,2215.24666938117,100.0
0.01,2217.9941230651825,100.0
0.01,2220.7415767491952,100.0
0.01,2223.489030433208,100.0
0.01,2226.2364841172207,100.0
0.01,2228.9839378012334,100.0
0.01,2231.731391485246,100.0
0.01,2234.478845169259,100.0
0.01,2237.2262988532716,100.0
0.01,2239.9737525372843,100.0
0.01,2242.721206221297,100.0
0.01,2245.46865990531,100.0
0.01,2248.4947564782246,100.0
0.01,2251.5208530511395,100.0
0.01,2253.966700965776,100.0
0.01,2256.4125488804125,100.0
0.01,2258.858396795049,100.0
0.01,2261.3042447096855,100.0
0.01,2264.4882276363246,100.0
0.01,2267.6722105629638,100.0
0.01,2270.856193489603,100.0
0.01,2274.040176416242,100.0
0.01,2276.600185237664,100.0
0.01,2279.160194059086,100.0
0.01,2281.7202028805077,100.0
0.01,2284.2802117019296,100.0
0.01,2286.8402205233515,100.0
0.01,2289.4002293447734,100.0
0.01,2291.9602381661953,100.0
0.01,2294.520246987617,100.0
0.01,2297.080255809039,100.0
0.01,2299.640264630461,100.0
0.01,2302.494668497261,100.0
0.01,2305.349072364061,100.0
0.01,2308.2034762308613,100.0
0.01,2311.0578800976614,100.0
0.01,2313.9122839644615,100.0
0.01,2316.7666878312616,100.0
0.01,2319.6210916980617,100.0
0.01,2322.475495564862,100.0
0.01,2325.329899431662,100.0
0.01,2328.184303298462,100.0
0.01,2331.540947347481,100.0
0.01,2334.8975913965,100.0
0.01,2338.254235445519,100.0
0.01,2341.610879494538,100.0
0.01,2344.967523543557,100.0
0.01,2348.324167592576,100.0
0.01,2351.680811641595,100.0
0.01,2355.037455690614,100.0
0.01,2358.394099739633,100.0
0.01,2361.750743788652,100.0
0.01,2365.107387837671,100.0
0.01,2368.46403188669,100.0
0.01,2371.820675935709,100.0
0.01,2375.177319984728,100.0
0.01,2378.533964033747,100.0
0.01,2381.890608082766,100.0
0.01,2385.247252131785,100.0
0.01,2388.603896180804,100.0
0.01,2391.960540229823,100.0
0.01,2395.317184278842,100.0
0.01,2398.673828327861,100.0
0.01,2401.34748581473,100.0
0.01,2404.0211433015993,100.0
0.01,2406.6948007884685,100.0
0.01,2409.3684582753376,100.0
0.01,2411.954939157277,100.0
0.01,2414.541420039216,100.0
0.01,2417.1279009211553,100.0
0.01,2419.7143818030945,100.0
0.01,2422.589205192663,100.0
0.01,2425.4640285822315,100.0
0.01,2427.8415579026064,100.0
0.01,2430.219087222981,100.0
0.01,2432.596616543356,100.0
0.01,2433.011934504355,100.0
0.01,2433.427252465354,100.0
0.01,2433.8425704263527,100.0
0.01,2434.609911334335,100.0
0.01,2435.377252242317,100.0
0.01,2436.3942483487695,100.0
0.01,2437.411244455222,100.0
0.01,2438.4282405616746,100.0
0.01,2439.9670561773623,100.0
0.01,2441.50587179305,100.0
0.01,2443.044687408738,100.0
0.01,2445.1580552237533,100.0
0.01,2447.2714230387687,100.0
0.01,2449.384790853784,100.0
0.01,2451.931275773855,100.0
0.01,2454.4777606939256,100.0
0.01,2457.0242456139963,100.0
0.01,2459.570730534067,100.0
0.01,2462.1172154541377,100.0
0.01,2464.6637003742085,100.0
0.01,2467.210185294279,100.0
0.01,2469.75667021435,100.0
0.01,2472.3031551344206,100.0
0.01,2474.8496400544914,100.0
0.01,2477.396124974562,100.0
0.01,2479.942609894633,100.0
0.01,2482.4890948147035,100.0
0.01,2485.0355797347743,100.0
0.01,2487.582064654845,100.0
0.01,2490.1285495749157,100.0
0.01,2492.6750344949864,100.0
0.01,2495.221519415057,100.0
0.01,2497.768004335128,100.0
0.01,2500.0,100.0
0.05,0.0,1.952171791117621
0.05,0.0008151971949221841,1.952171791117621
0.05,0.0010189964936527301,1.952171791117621
0.05,0.0010317339498233892,1.952171791117621
0.05,0.0010444714059940482,1.952171791117621
0.05,0.001047530617138789,1.952171791117621
0.05,0.0010505898282835296,1.952171791117621
0.05,0.0010536490394282704,1.952171791117621
0.05,0.001056708250573011,1.952171791117621
0.05,0.0010597674617177518,1.952171791117621
0.05,0.0010628266728624925,1.952171791117621
0.05,0.0010658858840072332,1.952171791117621
0.05,0.001068945095151974,1.952171791117621
0.05,0.0010720043062967147,1.952171791117621
0.05,0.0010750635174414554,1.952171791117621
0.05,0.001078122728586196,1.952171791117621
0.05,0.0010811819397309368,1.952171791117621
0.05,0.0010842411508756775,1.952171791117621
0.05,0.0010873003620204182,1.952171791117621
0.05,0.001090359573165159,1.952171791117621
0.05,0.0010934187843098997,1.952171791117621
0.05,0.0010964779954546404,1.952171791117621
0.05,0.0011025964177441216,1.952171791117621
0.05,0.0011087148400336028,1.952171791117621
0.05,0.0011698990629284152,1.952171791117621
0.05,0.0012310832858232275,1.952171791117621
0.05,0.0018429255147713504,1.952171791117621
0.05,0.0024547677437194732,1.952171791117621
0.05,0.004107507135368155,1.952171791117621
0.05,0.0057602465270168365,1.952171791117621
0.05,0.008350765265788419,1.7569546120058561
0.05,0.01094128400456,1.7569546120058561
0.05,0.013531802743331583,1.7569546120058561
0.05,0.017767131864703967,1.7569546120058561
0.05,0.02200246098607635,1.7569546120058561
0.05,0.026237790107448734,1.5617374328940912
0.05,0.030473119228821118,1.5617374328940912
0.05,0.03527391390655286,1.5617374328940912
0.05,0.040074708584284593,1.3665202537823404
0.05,0.04487550326201633,1.3665202537823404
0.05,0.049676297939748065,1.1713030746705755
0.05,0.05504791437723268,1.1713030746705755
0.05,0.06041953081471729,0.9760858955588105
0.05,0.0657911472522019,0.7808687164470456
0.05,0.07116276368968652,0.5856515373352806
0.05,0.07653438012717113,0.19521717911176495
0.05,0.08190599656465575,0.0
0.05,0.08727761300214036,0.0
0.05,0.09264922943962497,0.0
0.05,0.09667110949141487,0.0
0.05,0.10004222325833487,0.0
0.05,0.10341333702525486,0.0
0.05,0.10678445079217486,0.0
0.05,0.11210443438562334,0.0
0.05,0.11742441797907183,0.0
0.05,0.12274440157252031,0.0
0.05,0.12995203166644517,0.0
0.05,0.13715966176037003,0.0
0.05,0.1443672918542949,0.0
0.05,0.15157492194821975,0.0
0.05,0.15963162274817438,0.0
0.05,0.16768832354812901,0.0
0.05,0.17574502434808364,0.0
0.05,0.18380172514803828,0.0
0.05,0.19410973782885607,0.0
0.05,0.20441775050967387,0.0
0.05,0.21472576319049166,0.0
0.05,0.23016817189358954,0.0
0.05,0.24561058059668742,0.0
0.05,0.26105298929978527,0.0
0.05,0.28286627015651405,0.0
0.05,0.30467955101324284,0.0
0.05,0.32649283186997163,0.0
0.05,0.3579516214459117,0.0
0.05,0.38941041102185175,0.0
0.05,0.4208692005977918,0.0
0.05,0.4678639768137263,0.0
0.05,0.5148587530296609,3.709126403123477
0.05,0.5618535292455954,3.904343582235242
0.05,0.6346241053522873,3.904343582235242
0.05,0.7073946814589792,4.099560761346993
0.05,0.7801652575656711,4.099560761346993
0.05,0.8907821525689021,4.099560761346993
0.05,1.0013990475721333,4.099560761346993
0.05,1.1120159425753644,4.099560761346993
0.05,1.2694294984698251,4.294777940458758
0.05,1.4268430543642858,4.294777940458758
0.05,1.5842566102587465,4.294777940458758
0.05,1.7416701661532072,4.294777940458758
0.05,1.9560408907728124,4.294777940458758
0.05,2.1704116153924176,4.294777940458758
0.05,2.384782340012023,4.294777940458758
0.05,2.5991530646316283,4.489995119570523
0.05,2.971180133302691,4.489995119570523
0.05,3.3432072019737538,4.489995119570523
0.05,3.7152342706448165,4.489995119570523
0.05,4.259680431651407,4.489995119570523
0.05,4.804126592657998,4.685212298682288
0.05,5.348572753664589,4.685212298682288
0.05,5.89301891467118,4.685212298682288
0.05,6.437465075677771,4.880429477794053
0.05,6.981911236684362,4.880429477794053
0.05,7.526357397690953,4.880429477794053
0.05,8.290183150059157,5.075646656905803
0.05,9.054008902427361,5.075646656905803
0.05,9.817834654795565,5.270863836017568
0.05,10.581660407163769,5.270863836017568
0.05,11.345486159531973,5.466081015129333
0.05,12.109311911900177,5.466081015129333
0.05,12.87313766426838,5.661298194241098
0.05,13.636963416636585,5.661298194241098
0.05,14.400789169004788,5.856515373352863
0.05,15.164614921372992,5.856515373352863
0.05,15.928440673741196,6.051732552464614
0.05,16.692266426109402,6.051732552464614
0.05,17.456092178477608,6.246949731576379
0.05,18.219917930845813,6.246949731576379
0.05,18.98374368321402,6.442166910688144
0.05,19.747569435582225,6.442166910688144
0.05,20.51139518795043,6.637384089799895
0.05,21.275220940318636,6.637384089799895
0.05,22.039046692686842,6.8326012689116595
0.05,22.802872445055048,6.8326012689116595
0.05,23.43346114547718,7.0278184480234245
0.05,24.064049845899316,7.0278184480234245
0.05,24.69463854632145,7.223035627135189
0.05,25.325227246743584,7.223035627135189
0.05,25.955815947165718,7.418252806246954
0.05,26.58640464758785,7.418252806246954
0.05,27.216993348009986,7.613469985358705
0.05,27.84758204843212,7.613469985358705
0.05,28.478170748854254,7.80868716447047
0.05,29.108759449276388,7.80868716447047
0.05,29.73934814969852,8.003904343582235
0.05,30.369936850120656,8.003904343582235
0.05,31.00052555054279,8.199121522694
0.05,31.631114250964924,8.199121522694
0.05,32.26170295138706,8.394338701805765
0.05,32.892291651809195,8.394338701805765
0.05,33.52288035223133,8.589555880917516
0.05,34.15346905265347,8.589555880917516
0.05,34.78405775307561,8.78477306002928
0.05,35.414646453497745,8.78477306002928
0.05,36.04523515391988,8.979990239141046
0.05,36.67582385434202,8.979990239141046
0.05,37.30641255476416,9.17520741825281
0.05,37.937001255186296,9.17520741825281
0.05,38.56758995560843,9.370424597364575
0.05,39.19817865603057,9.370424597364575
0.05,39.82876735645271,9.565641776476326
0.05,40.459356056874846,9.565641776476326
0.05,41.08994475729698,9.760858955588091
0.05,41.72053345771912,9.760858955588091
0.05,42.35112215814126,9.956076134699856
0.05,42.981710858563396,9.956076134699856
0.05,43.612299558985534,10.151293313811621
0.05,44.24288825940767,10.151293313811621
0.05,44.87347695982981,10.346510492923386
0.05,45.504065660251946,10.346510492923386
0.05,46.134654360674084,10.541727672035137
0.05,46.76524306109622,10.541727672035137
0.05,47.39583176151836,10.736944851146902
0.05,48.026420461940496,10.932162030258667
0.05,48.657009162362634,10.932162030258667
0.05,49.28759786278477,11.127379209370417
0.05,49.91818656320691,11.127379209370417
0.05,50.54877526362905,11.322596388482182
0.05,51.179363964051184,11.322596388482182
0.05,51.80995266447332,11.517813567593947
0.05,52.44054136489546,11.517813567593947
0.05,53.0711300653176,11.713030746705712
0.05,53.701718765739734,11.908247925817477
0.05,54.22396768297919,11.908247925817477
0.05,54.74621660021865,11.908247925817477
0.05,55.26846551745811,12.103465104929228
0.05,55.79071443469757,12.103465104929228
0.05,56.31296335193703,12.298682284040993
0.05,56.83521226917649,12.298682284040993
0.05,57.35746118641595,12.493899463152758
0.05,57.879710103655405,12.493899463152758
0.05,58.401959020894864,12.689116642264523
0.05,58.92420793813432,12.689116642264523
0.05,59.44645685537378,12.884333821376288
0.05,59.96870577261324,12.884333821376288
0.05,60.4909546898527,13.079551000488038
0.05,61.01320360709216,13.079551000488038
0.05,61.53545252433162,13.274768179599803
0.05,62.057701441571076,13.274768179599803
0.05,62.579950358810535,13.469985358711568
0.05,63.102199276049994,13.469985358711568
0.05,63.62444819328945,13.665202537823333
0.05,64.1466971105289,13.665202537823333
0.05,64.66894602776836,13.860419716935098
0.05,65.19119494500781,13.860419716935098
0.05,65.71344386224726,14.055636896046849
0.05,66.23569277948671,14.055636896046849
0.05,66.75794169672616,14.250854075158614
0.05,67.28019061396562,14.250854075158614
0.05,67.80243953120507,14.446071254270379
0.05,68.32468844844452,14.446071254270379
0.05,68.84693736568397,14.64128843338213
0.05,69.36918628292342,14.64128843338213
0.05,69.89143520016287,14.836505612493895
0.05,70.41368411740233,14.836505612493895
0.05,70.93593303464178,15.03172279160566
0.05,71.45818195188123,15.03172279160566
0.05,71.98043086912068,15.226939970717424
0.05,72.50267978636013,15.226939970717424
0.05,73.02492870359958,15.42215714982919
0.05,73.54717762083904,15.42215714982919
0.05,74.06942653807849,15.61737432894094
0.05,74.59167545531794,15.61737432894094
0.05,75.11392437255739,15.812591508052705
0.05,75.63617328979684,15.812591508052705
0.05,76.1584222070363,16.00780868716447
0.05,76.68067112427575,16.00780868716447
0.05,77.2029200415152,16.203025866276235
0.05,77.72516895875465,16.203025866276235
0.05,78.2474178759941,16.398243045388
0.05,78.76966679323355,16.398243045388
0.05,79.291915710473,16.59346022449975
0.05,79.81416462771246,16.59346022449975
0.05,80.33641354495191,16.788677403611516
0.05,80.85866246219136,16.788677403611516
0.05,81.38091137943081,16.98389458272328
0.05,81.90316029667026,17.179111761835046
0.05,82.42540921390972,17.179111761835046
0.05,82.94765813114917,17.37432894094681
0.05,83.46990704838862,17.37432894094681
0.05,83.99215596562807,17.56954612005856
0.05,84.51440488286752,17.56954612005856
0.05,85.03665380010698,17.764763299170326
0.05,85.55890271734643,17.764763299170326
0.05,86.08115163458588,17.95998047828209
0.05,86.51125843465786,17.95998047828209
0.05,86.94136523472984,18.155197657393856
0.05,87.37147203480183,18.155197657393856
0.05,87.80157883487381,18.35041483650562
0.05,88.27536299920467,18.35041483650562
0.05,88.74914716353554,18.54563201561737
0.05,89.13991601545568,18.54563201561737
0.05,89.53068486737583,18.740849194729137
0.05,89.92145371929597,18.740849194729137
0.05,90.31222257121611,18.740849194729137
0.05,90.70299142313625,18.9360663738409
0.05,91.0937602750564,18.9360663738409
0.05,91.48452912697654,19.131283552952652
0.05,91.87529797889668,19.131283552952652
0.05,92.26606683081683,19.326500732064417
0.05,92.57999394140332,19.326500732064417
0.05,92.8939210519898,19.326500732064417
0.05,93.2078481625763,19.521717911176182
0.05,93.52177527316279,19.521717911176182
0.05,93.88541961632609,19.521717911176182
0.05,94.24906395948939,19.716935090287947
0.05,94.61270830265269,19.716935090287947
0.05,94.976352645816,19.912152269399712
0.05,95.39785037826056,19.912152269399712
0.05,95.81934811070512,19.912152269399712
0.05,96.24084584314969,20.107369448511463
0.05,96.66234357559425,20.107369448511463
0.05,97.08384130803881,20.302586627623228
0.05,97.50533904048338,20.302586627623228
0.05,97.92683677292794,20.497803806734993
0.05,98.3483345053725,20.497803806734993
0.05,98.76983223781707,20.693020985846758
0.05,99.19132997026163,20.693020985846758
0.05,99.6128277027062,20.888238164958523
0.05,100.03432543515076,20.888238164958523
0.05,100.45582316759533,21.083455344070273
0.05,100.87732090003989,21.083455344070273
0.05,101.29881863248445,21.27867252318204
0.05,101.72031636492902,21.27867252318204
0.05,102.14181409737358,21.473889702293803
0.05,102.56331182981815,21.473889702293803
0.05,102.98480956226271,21.66910688140557
0.05,103.40630729470728,21.66910688140557
0.05,103.82780502715184,21.864324060517333
0.05,104.2493027595964,21.864324060517333
0.05,104.67080049204097,22.059541239629084
0.05,105.09229822448553,22.059541239629084
0.05,105.5137959569301,22.059541239629084
0.05,105.93529368937466,22.25475841874085
0.05,106.27123696893116,22.25475841874085
0.05,106.60718024848767,22.449975597852614
0.05,106.94312352804417,22.449975597852614
0.05,107.27906680760067,22.64519277696438
0.05,107.61501008715717,22.64519277696438
0.05,107.95095336671368,22.64519277696438
0.05,108.28689664627018,22.840409956076144
0.05,108.66350429765141,22.840409956076144
0.05,109.04011194903265,23.035627135187895
0.05,109.41671960041388,23.035627135187895
0.05,109.79332725179512,23.23084431429966
0.05,110.16993490317635,23.23084431429966
0.05,110.54654255455759,23.23084431429966
0.05,110.92315020593882,23.426061493411424
0.05,111.29975785732006,23.426061493411424
0.05,111.6763655087013,23.621278672523175
0.05,112.05297316008253,23.621278672523175
0.05,112.42958081146377,23.81649585163494
0.05,112.806188462845,23.81649585163494
0.05,113.18279611422624,24.011713030746705
0.05,113.55940376560747,24.011713030746705
0.05,113.9360114169887,24.20693020985847
0.05,114.31261906836994,24.20693020985847
0.05,114.68922671975118,24.20693020985847
0.05,115.06583437113241,24.402147388970235
0.05,115.44244202251365,24.402147388970235
0.05,115.81904967389488,24.597364568081986
0.05,116.19565732527612,24.597364568081986
0.05,116.57226497665735,24.79258174719375
0.05,116.94887262803859,24.79258174719375
0.05,117.32548027941982,24.987798926305516
0.05,117.70208793080106,24.987798926305516
0.05,118.07869558218229,25.18301610541728
0.05,118.45530323356353,25.18301610541728
0.05,118.83191088494476,25.378233284529045
0.05,119.208518536326,25.378233284529045
0.05,119.58512618770723,25.378233284529045
0.05,119.96173383908847,25.573450463640796
0.05,120.3383414904697,25.573450463640796
0.05,120.71494914185094,25.76866764275256
0.05,121.09155679323217,25.76866764275256
0.05,121.46816444461341,25.963884821864326
0.05,121.84477209599464,25.963884821864326
0.05,122.22137974737588,26.15910200097609
0.05,122.59798739875711,26.15910200097609
0.05,122.97459505013835,26.354319180087856
0.05,123.35120270151958,26.354319180087856
0.05,123.72781035290082,26.549536359199607
0.05,124.10441800428205,26.549536359199607
0.05,124.48102565566329,26.74475353831137
0.05,124.85763330704452,26.74475353831137
0.05,125.23424095842576,26.939970717423137
0.05,125.610848609807,26.939970717423137
0.05,125.98745626118823,27.135187896534887
0.05,126.36406391256946,27.135187896534887
0.05,126.7406715639507,27.330405075646652
0.05,127.11727921533193,27.330405075646652
0.05,127.49388686671317,27.525622254758417
0.05,127.8704945180944,27.525622254758417
0.05,128.24710216947565,27.720839433870182
0.05,128.6237098208569,27.720839433870182
0.05,129.00031747223815,27.916056612981947
0.05,129.3769251236194,27.916056612981947
0.05,129.75353277500065,27.916056612981947
0.05,130.1301404263819,28.111273792093698
0.05,130.50674807776315,28.111273792093698
0.05,130.8833557291444,28.306490971205463
0.05,131.25996338052565,28.306490971205463
0.05,131.6365710319069,28.501708150317228
0.05,132.01317868328815,28.501708150317228
0.05,132.3897863346694,28.696925329428993
0.05,132.76639398605064,28.696925329428993
0.05,133.1430016374319,28.892142508540758
0.05,133.51960928881314,28.892142508540758
0.05,133.8962169401944,29.08735968765251
0.05,134.27282459157564,29.08735968765251
0.05,134.6494322429569,29.282576866764273
0.05,135.02603989433814,29.282576866764273
0.05,135.4026475457194,29.47779404587604
0.05,135.77925519710064,29.47779404587604
0.05,136.1558628484819,29.673011224987803
0.05,136.53247049986314,29.86822840409957
0.05,136.9090781512444,29.86822840409957
0.05,137.28568580262564,30.06344558321132
0.05,137.66229345400689,30.06344558321132
0.05,138.03890110538813,30.258662762323084
0.05,138.41550875676938,30.258662762323084
0.05,138.79211640815063,30.45387994143485
0.05,139.16872405953188,30.45387994143485
0.05,139.54533171091313,30.649097120546614
0.05,139.92193936229438,30.649097120546614
0.05,140.29854701367563,30.84431429965838
0.05,140.67515466505688,30.84431429965838
0.05,141.05176231643813,31.03953147877013
0.05,141.42836996781938,31.03953147877013
0.05,141.80497761920063,31.234748657881894
0.05,142.18158527058188,31.234748657881894
0.05,142.55819292196313,31.42996583699366
0.05,142.93480057334438,31.42996583699366
0.05,143.31140822472562,31.62518301610541
0.05,143.68801587610687,31.62518301610541
0.05,144.06462352748812,31.820400195217175
0.05,144.44123117886937,31.820400195217175
0.05,144.81783883025062,32.01561737432894
0.05,145.19444648163187,32.01561737432894
0.05,145.57105413301312,32.210834553440705
0.05,145.94766178439437,32.210834553440705
0.05,146.32426943577562,32.40605173255247
0.05,146.70087708715687,32.60126891166422
0.05,147.07748473853812,32.60126891166422
0.05,147.45409238991937,32.796486090775986
0.05,147.83070004130062,32.796486090775986
0.05,148.20730769268187,32.99170326988775
0.05,148.58391534406312,32.99170326988775
0.05,148.96052299544436,33.186920448999516
0.05,149.3371306468256,33.186920448999516
0.05,149.71373829820686,33.38213762811128
0.05,150.0903459495881,33.38213762811128
0.05,150.46695360096936,33.57735480722303
0.05,150.8435612523506,33.57735480722303
0.05,151.22016890373186,33.772571986334796
0.05,151.5967765551131,33.772571986334796
0.05,151.97338420649436,33.96778916544656
0.05,152.3499918578756,34.163006344558326
0.05,152.72659950925686,34.163006344558326
0.05,153.1032071606381,34.35822352367009
0.05,153.47981481201936,34.35822352367009
0.05,153.8564224634006,34.55344070278184
0.05,154.23303011478185,34.55344070278184
0.05,154.6096377661631,34.74865788189361
0.05,154.98624541754435,34.74865788189361
0.05,155.3628530689256,34.94387506100537
0.05,155.73946072030685,34.94387506100537
0.05,156.1160683716881,35.13909224011714
0.05,156.49267602306935,35.13909224011714
0.05,156.8692836744506,35.3343094192289
0.05,157.24589132583185,35.52952659834065
0.05,157.6224989772131,35.52952659834065
0.05,157.99910662859435,35.72474377745242
0.05,158.3757142799756,35.72474377745242
0.05,158.75232193135685,35.91996095656418
0.05,159.1289295827381,35.91996095656418
0.05,159.50553723411934,36.11517813567593
0.05,159.8821448855006,36.11517813567593
0.05,160.1422976514862,36.3103953147877
0.05,160.40245041747178,36.3103953147877
0.05,160.66260318345738,36.50561249389946
0.05,160.69765251954996,36.50561249389946
0.05,160.73270185564255,36.50561249389946
0.05,160.76775119173513,36.50561249389946
0.05,160.8378498639203,36.50561249389946
0.05,160.90794853610547,36.50561249389946
0.05,160.97804720829063,36.50561249389946
0.05,161.09919978128517,36.50561249389946
0.05,161.2203523542797,36.50561249389946
0.05,161.34150492727423,36.50561249389946
0.05,161.48857186472287,36.70082967301123
0.05,161.6356388021715,36.70082967301123
0.05,161.78270573962016,36.70082967301123
0.05,161.94959909964504,36.70082967301123
0.05,162.11649245966993,36.89604685212299
0.05,162.28338581969481,36.89604685212299
0.05,162.4708044691442,36.89604685212299
0.05,162.6582231185936,36.89604685212299
0.05,162.845641768043,37.09126403123474
0.05,163.08677770842283,37.09126403123474
0.05,163.32791364880265,37.09126403123474
0.05,163.56904958918247,37.28648121034651
0.05,163.8101855295623,37.28648121034651
0.05,164.1024493649087,37.48169838945827
0.05,164.3947132002551,37.48169838945827
0.05,164.6869770356015,37.48169838945827
0.05,164.9792408709479,37.67691556857004
0.05,165.2715047062943,37.67691556857004
0.05,165.5637685416407,37.8721327476818
0.05,165.85603237698712,37.8721327476818
0.05,166.14829621233352,37.8721327476818
0.05,166.44056004767992,38.067349926793554
0.05,166.73282388302633,38.067349926793554
0.05,166.77436903191892,38.067349926793554
0.05,166.804042936746,38.067349926793554
0.05,166.83371684157305,38.067349926793554
0.05,166.8633907464001,38.067349926793554
0.05,166.9011897653362,38.067349926793554
0.05,166.93898878427228,38.26256710590532
0.05,166.99686469661756,38.26256710590532
0.05,167.05474060896285,38.26256710590532
0.05,167.18266447108527,38.26256710590532
0.05,167.3105883332077,38.26256710590532
0.05,167.43851219533013,38.26256710590532
0.05,167.6737251900751,38.457784285017084
0.05,167.90893818482004,38.457784285017084
0.05,168.144151179565,38.457784285017084
0.05,168.4226413049976,38.457784285017084
0.05,168.7011314304302,38.65300146412885
0.05,168.9796215558628,38.65300146412885
0.05,169.2581116812954,38.848218643240614
0.05,169.61684460408875,38.848218643240614
0.05,169.97557752688212,38.848218643240614
0.05,170.33431044967548,39.043435822352365
0.05,170.69304337246885,39.043435822352365
0.05,171.05177629526221,39.23865300146413
0.05,171.41050921805558,39.23865300146413
0.05,171.76924214084895,39.433870180575894
0.05,172.1279750636423,39.433870180575894
0.05,172.48670798643568,39.433870180575894
0.05,172.84544090922904,39.629087359687645
0.05,173.2041738320224,39.629087359687645
0.05,173.56290675481577,39.82430453879941
0.05,173.92163967760914,39.82430453879941
0.05,174.2803726004025,39.82430453879941
0.05,174.63910552319587,40.019521717911175
0.05,174.99783844598923,40.019521717911175
0.05,175.3565713687826,40.019521717911175
0.05,175.71530429157596,40.21473889702294
0.05,176.07403721436933,40.21473889702294
0.05,176.4327701371627,40.409956076134705
0.05,176.79150305995606,40.409956076134705
0.05,177.15023598274942,40.409956076134705
0.05,177.5089689055428,40.605173255246456
0.05,177.86770182833615,40.605173255246456
0.05,178.22643475112952,40.605173255246456
0.05,178.6346847200038,40.80039043435822
0.05,179.0429346888781,40.80039043435822
0.05,179.45118465775238,40.995607613469986
0.05,179.85943462662667,40.995607613469986
0.05,180.26768459550095,40.995607613469986
0.05,180.67593456437524,41.19082479258175
0.05,181.08418453324953,41.19082479258175
0.05,181.4924345021238,41.386041971693516
0.05,181.9006844709981,41.386041971693516
0.05,182.3089344398724,41.386041971693516
0.05,182.71718440874668,41.581259150805266
0.05,183.12543437762096,41.581259150805266
0.05,183.53368434649525,41.77647632991703
0.05,183.94193431536954,41.77647632991703
0.05,184.35018428424382,41.77647632991703
0.05,184.7584342531181,41.971693509028796
0.05,185.23937492430247,41.971693509028796
0.05,185.72031559548682,42.16691068814056
0.05,186.20125626667118,42.16691068814056
0.05,186.68219693785554,42.16691068814056
0.05,187.1631376090399,42.362127867252326
0.05,187.64407828022425,42.362127867252326
0.05,188.1250189514086,42.55734504636408
0.05,188.60595962259296,42.55734504636408
0.05,189.08690029377732,42.75256222547584
0.05,189.56784096496168,42.75256222547584
0.05,190.04878163614603,42.75256222547584
0.05,190.5297223073304,42.94777940458761
0.05,191.01066297851474,42.94777940458761
0.05,191.55387155756716,43.14299658369937
0.05,192.09708013661958,43.14299658369937
0.05,192.640288715672,43.33821376281114
0.05,193.18349729472442,43.33821376281114
0.05,193.72670587377684,43.53343094192289
0.05,194.26991445282925,43.53343094192289
0.05,194.81312303188167,43.72864812103465
0.05,195.3563316109341,43.72864812103465
0.05,195.8995401899865,43.92386530014642
0.05,196.44274876903893,43.92386530014642
0.05,196.98595734809135,44.11908247925817
0.05,197.52916592714377,44.11908247925817
0.05,198.07237450619618,44.31429965836993
0.05,198.6155830852486,44.31429965836993
0.05,199.15879166430102,44.31429965836993
0.05,199.70200024335344,44.5095168374817
0.05,200.24520882240586,44.5095168374817
0.05,200.78841740145828,44.70473401659346
0.05,201.3316259805107,44.70473401659346
0.05,201.8748345595631,44.89995119570523
0.05,202.41804313861553,44.89995119570523
0.05,202.96125171766795,45.09516837481698
0.05,203.50446029672037,45.09516837481698
0.05,204.04766887577279,45.29038555392874
0.05,204.5908774548252,45.29038555392874
0.05,205.13408603387762,45.48560273304051
0.05,205.67729461293004,45.48560273304051
0.05,206.22050319198246,45.48560273304051
0.05,206.76371177103488,45.68081991215227
0.05,207.3069203500873,45.68081991215227
0.05,207.85012892913971,45.87603709126404
0.05,208.39333750819213,45.87603709126404
0.05,208.93654608724455,46.07125427037579
0.05,209.47975466629697,46.07125427037579
0.05,209.9284325454119,46.266471449487554
0.05,210.37711042452685,46.266471449487554
0.05,210.8257883036418,46.266471449487554
0.05,211.27446618275673,46.46168862859932
0.05,211.77792353851598,46.46168862859932
0.05,212.18147919103268,46.656905807711084
0.05,212.58503484354938,46.656905807711084
0.05,212.98859049606608,46.656905807711084
0.05,213.39214614858278,46.85212298682285
0.05,213.79570180109948,46.85212298682285
0.05,214.19925745361618,46.85212298682285
0.05,214.60281310613288,47.0473401659346
0.05,215.09188485235532,47.0473401659346
0.05,215.48813213595798,47.0473401659346
0.05,215.88437941956064,47.242557345046365
0.05,216.2806267031633,47.242557345046365
0.05,216.67687398676597,47.242557345046365
0.05,217.10250763755604,47.43777452415813
0.05,217.52814128834612,47.43777452415813
0.05,217.9537749391362,47.43777452415813
0.05,218.37940858992627,47.632991703269894
0.05,218.85401825736005,47.632991703269894
0.05,219.32862792479384,47.82820888238166
0.05,219.80323759222762,47.82820888238166
0.05,220.2778472596614,47.82820888238166
0.05,220.75245692709518,48.02342606149341
0.05,221.11526519433554,48.02342606149341
0.05,221.4780734615759,48.02342606149341
0.05,221.84088172881624,48.218643240605175
0.05,222.2036899960566,48.218643240605175
0.05,222.65235212272648,48.218643240605175
0.05,223.10101424939637,48.41386041971694
0.05,223.54967637606626,48.41386041971694
0.05,223.99833850273615,48.60907759882869
0.05,224.44700062940603,48.60907759882869
0.05,224.89566275607592,48.60907759882869
0.05,225.3443248827458,48.804294777940456
0.05,225.86052771908928,48.804294777940456
0.05,226.25616024442976,48.99951195705222
0.05,226.32399260317902,48.99951195705222
0.05,226.39182496192828,48.99951195705222
0.05,226.45965732067754,48.99951195705222
0.05,226.59532203817605,48.99951195705222
0.05,226.73098675567456,48.99951195705222
0.05,226.86665147317308,48.99951195705222
0.05,227.19179998853457,48.99951195705222
0.05,227.51694850389606,49.194729136163986
0.05,227.84209701925755,49.194729136163986
0.05,228.25066893957262,49.194729136163986
0.05,228.6592408598877,49.38994631527575
0.05,229.06781278020276,49.38994631527575
0.05,229.47638470051783,49.38994631527575
0.05,229.9283438677461,49.5851634943875
0.05,230.38030303497436,49.5851634943875
0.05,230.83226220220263,49.5851634943875
0.05,231.2842213694309,49.780380673499266
0.05,231.73618053665916,49.780380673499266
0.05,232.18813970388743,49.97559785261103
0.05,232.6400988711157,49.97559785261103
0.05,233.14469579748746,49.97559785261103
0.05,233.64929272385922,50.170815031722796
0.05,234.15388965023098,50.170815031722796
0.05,234.65848657660274,50.36603221083456
0.05,235.1630835029745,50.36603221083456
0.05,235.66768042934626,50.36603221083456
0.05,236.17227735571802,50.56124938994631
0.05,236.67687428208978,50.56124938994631
0.05,237.18147120846155,50.75646656905808
0.05,237.6860681348333,50.75646656905808
0.05,238.19066506120507,50.95168374816984
0.05,238.69526198757683,50.95168374816984
0.05,239.1998589139486,50.95168374816984
0.05,239.61122350154076,51.14690092728161
0.05,240.02258808913294,51.14690092728161
0.05,240.4339526767251,51.14690092728161
0.05,240.8453172643173,51.34211810639337
0.05,241.3346991220796,51.34211810639337
0.05,241.8240809798419,51.53733528550512
0.05,242.31346283760422,51.53733528550512
0.05,242.80284469536653,51.53733528550512
0.05,243.29222655312884,51.73255246461689
0.05,243.78160841089115,51.73255246461689
0.05,244.27099026865346,51.92776964372865
0.05,244.76037212641577,51.92776964372865
0.05,245.24975398417808,51.92776964372865
0.05,245.7391358419404,52.1229868228404
0.05,246.2285176997027,52.1229868228404
0.05,246.71789955746502,52.31820400195217
0.05,247.20728141522733,52.31820400195217
0.05,247.69666327298964,52.31820400195217
0.05,248.18604513075195,52.51342118106393
0.05,248.67542698851426,52.51342118106393
0.05,249.16480884627657,52.7086383601757
0.05,249.65419070403888,52.7086383601757
0.05,250.1435725618012,52.7086383601757
0.05,250.6329544195635,52.90385553928746
0.05,251.12233627732581,52.90385553928746
0.05,251.61171813508813,53.09907271839921
0.05,252.10109999285044,53.09907271839921
0.05,252.59048185061275,53.09907271839921
0.05,253.07986370837506,53.29428989751098
0.05,253.56924556613737,53.29428989751098
0.05,254.05862742389968,53.48950707662274
0.05,254.548009281662,53.48950707662274
0.05,255.08786055767467,53.48950707662274
0.05,255.62771183368736,53.68472425573451
0.05,256.16756310970004,53.68472425573451
0.05,256.7074143857127,53.87994143484627
0.05,257.24726566172535,53.87994143484627
0.05,257.6752067930332,54.075158613958024
0.05,258.1031479243411,54.075158613958024
0.05,258.531089055649,54.075158613958024
0.05,258.95903018695685,54.27037579306979
0.05,259.4514058660341,54.27037579306979
0.05,259.9437815451114,54.27037579306979
0.05,260.43615722418866,54.465592972181554
0.05,260.92853290326593,54.465592972181554
0.05,261.4209085823432,54.66081015129332
0.05,261.9132842614205,54.66081015129332
0.05,262.40565994049774,54.66081015129332
0.05,262.898035619575,54.856027330405084
0.05,263.3904112986523,54.856027330405084
0.05,263.4660094367448,54.856027330405084
0.05,263.5416075748373,54.856027330405084
0.05,263.61720571292983,54.856027330405084
0.05,263.7136116775013,54.856027330405084
0.05,263.8100176420728,55.051244509516835
0.05,263.9064236066443,55.051244509516835
0.05,264.09783646173554,55.051244509516835
0.05,264.2892493168268,55.051244509516835
0.05,264.480662171918,55.051244509516835
0.05,264.87095747499984,55.051244509516835
0.05,265.26125277808165,55.2464616886286
0.05,265.65154808116347,55.2464616886286
0.05,266.0418433842453,55.2464616886286
0.05,266.6175785926756,55.441678867740364
0.05,267.19331380110594,55.441678867740364
0.05,267.7690490095363,55.63689604685213
0.05,268.3447842179666,55.63689604685213
0.05,268.92051942639694,55.832113225963894
0.05,269.49625463482727,55.832113225963894
0.05,270.0719898432576,56.027330405075645
0.05,270.6477250516879,56.027330405075645
0.05,271.22346026011826,56.027330405075645
0.05,271.7991954685486,56.222547584187396
0.05,272.3749306769789,56.222547584187396
0.05,272.95066588540925,56.41776476329919
0.05,273.5264010938396,56.41776476329919
0.05,274.1021363022699,56.61298194241094
0.05,274.67787151070024,56.61298194241094
0.05,275.2536067191306,56.80819912152269
0.05,275.8293419275609,56.80819912152269
0.05,276.40507713599123,57.003416300634456
0.05,276.98081234442157,57.003416300634456
0.05,277.5565475528519,57.198633479746206
0.05,278.1322827612822,57.198633479746206
0.05,278.70801796971256,57.198633479746206
0.05,279.2837531781429,57.393850658858
0.05,279.8594883865732,57.393850658858
0.05,280.43522359500355,57.58906783796975
0.05,281.0109588034339,57.58906783796975
0.05,281.5866940118642,57.7842850170815
0.05,282.16242922029454,57.7842850170815
0.05,282.7381644287249,57.979502196193266
0.05,283.3138996371552,57.979502196193266
0.05,283.88963484558553,58.17471937530502
0.05,284.46537005401586,58.17471937530502
0.05,285.0411052624462,58.17471937530502
0.05,285.6168404708765,58.36993655441678
0.05,286.19257567930686,58.36993655441678
0.05,286.7683108877372,58.56515373352856
0.05,287.3440460961675,58.56515373352856
0.05,287.91978130459785,58.76037091264031
0.05,288.4955165130282,58.76037091264031
0.05,289.0712517214585,58.95558809175208
0.05,289.64698692988884,58.95558809175208
0.05,290.22272213831917,59.15080527086383
0.05,290.7984573467495,59.15080527086383
0.05,291.37419255517983,59.15080527086383
0.05,291.94992776361016,59.34602244997559
0.05,292.5256629720405,59.34602244997559
0.05,293.1599641683433,59.54123962908737
0.05,293.79426536464615,59.54123962908737
0.05,294.428566560949,59.73645680819912
0.05,295.0628677572518,59.73645680819912
0.05,295.69716895355464,59.93167398731089
0.05,296.33147014985747,59.93167398731089
0.05,296.9657713461603,60.12689116642264
0.05,297.6000725424631,60.12689116642264
0.05,298.23437373876595,60.3221083455344
0.05,298.8686749350688,60.3221083455344
0.05,299.5029761313716,60.51732552464618
0.05,300.13727732767444,60.51732552464618
0.05,300.77157852397727,60.71254270375793
0.05,301.4058797202801,60.71254270375793
0.05,302.0401809165829,60.9077598828697
0.05,302.67448211288576,60.9077598828697
0.05,303.3087833091886,61.10297706198145
0.05,303.9430845054914,61.10297706198145
0.05,304.57738570179424,61.2981942410932
0.05,305.21168689809707,61.2981942410932
0.05,305.8459880943999,61.49341142020499
0.05,306.48028929070273,61.49341142020499
0.05,307.11459048700556,61.68862859931674
0.05,307.7488916833084,61.68862859931674
0.05,308.3831928796112,61.88384577842851
0.05,309.01749407591404,61.88384577842851
0.05,309.6517952722169,62.07906295754026
0.05,310.2860964685197,62.07906295754026
0.05,310.92039766482253,62.27428013665201
0.05,311.55469886112536,62.27428013665201
0.05,312.1890000574282,62.4694973157638
0.05,312.823301253731,62.4694973157638
0.05,313.45760245003385,62.664714494875554
0.05,313.9712890576551,62.664714494875554
0.05,314.3942998683213,62.664714494875554
0.05,314.8173106789875,62.85993167398732
0.05,315.2403214896537,62.85993167398732
0.05,315.6633323003199,62.85993167398732
0.05,316.19729640953034,63.05514885309907
0.05,316.7312605187408,63.05514885309907
0.05,317.2652246279512,63.25036603221082
0.05,317.79918873716167,63.25036603221082
0.05,318.4247562634341,63.445583211322614
0.05,319.05032378970657,63.445583211322614
0.05,319.675891315979,63.640800390434364
0.05,320.30145884225146,63.640800390434364
0.05,320.9270263685239,63.83601756954613
0.05,321.55259389479636,63.83601756954613
0.05,322.1781614210688,64.03123474865788
0.05,322.80372894734126,64.03123474865788
0.05,323.4292964736137,64.03123474865788
0.05,324.05486399988615,64.22645192776963
0.05,324.6804315261586,64.22645192776963
0.05,325.30599905243105,64.42166910688142
0.05,325.9315665787035,64.42166910688142
0.05,326.55713410497594,64.61688628599317
0.05,327.1827016312484,64.61688628599317
0.05,327.80826915752084,64.81210346510493
0.05,328.4338366837933,64.81210346510493
0.05,329.05940421006574,65.00732064421669
0.05,329.6849717363382,65.00732064421669
0.05,330.31053926261063,65.20253782332844
0.05,330.9361067888831,65.20253782332844
0.05,331.5616743151555,65.39775500244023
0.05,332.187241841428,65.39775500244023
0.05,332.8128093677004,65.59297218155199
0.05,333.4383768939729,65.59297218155199
0.05,334.0639444202453,65.78818936066374
0.05,334.68951194651777,65.78818936066374
0.05,335.3150794727902,65.9834065397755
0.05,335.94064699906266,65.9834065397755
0.05,336.5662145253351,66.17862371888725
0.05,337.19178205160756,66.17862371888725
0.05,337.81734957788,66.37384089799905
0.05,338.44291710415246,66.37384089799905
0.05,339.0684846304249,66.5690580771108
0.05,339.69405215669735,66.5690580771108
0.05,340.3196196829698,66.5690580771108
0.05,340.94518720924225,66.76427525622255
0.05,341.5707547355147,66.76427525622255
0.05,342.19632226178715,66.95949243533431
0.05,342.8218897880596,66.95949243533431
0.05,343.44745731433204,67.15470961444606
0.05,344.0730248406045,67.15470961444606
0.05,344.69859236687694,67.34992679355783
0.05,345.3241598931494,67.34992679355783
0.05,345.94972741942183,67.5451439726696
0.05,346.5752949456943,67.5451439726696
0.05,347.20086247196673,67.74036115178136
0.05,347.8264299982392,67.74036115178136
0.05,348.4519975245116,67.93557833089312
0.05,349.0775650507841,67.93557833089312
0.05,349.7031325770565,68.13079551000487
0.05,350.32870010332897,68.13079551000487
0.05,350.9542676296014,68.32601268911664
0.05,351.57983515587387,68.32601268911664
0.05,352.2054026821463,68.52122986822842
0.05,352.83097020841876,68.52122986822842
0.05,353.4565377346912,68.52122986822842
0.05,354.08210526096366,68.71644704734017
0.05,354.7076727872361,68.71644704734017
0.05,355.33324031350855,68.91166422645193
0.05,355.958807839781,68.91166422645193
0.05,356.58437536605345,69.10688140556368
0.05,357.2099428923259,69.10688140556368
0.05,357.83551041859835,69.30209858467543
0.05,358.4610779448708,69.30209858467543
0.05,359.08664547114324,69.49731576378723
0.05,359.7122129974157,69.49731576378723
0.05,360.33778052368814,69.69253294289898
0.05,360.9633480499606,69.69253294289898
0.05,361.58891557623303,69.88775012201074
0.05,362.2144831025055,69.88775012201074
0.05,362.84005062877793,70.0829673011225
0.05,363.4656181550504,70.0829673011225
0.05,364.0911856813228,70.0829673011225
0.05,364.7167532075953,70.27818448023424
0.05,365.3423207338677,70.27818448023424
0.05,365.96788826014017,70.47340165934604
0.05,366.5934557864126,70.47340165934604
0.05,367.21902331268507,70.66861883845779
0.05,367.8445908389575,70.66861883845779
0.05,368.47015836522996,70.86383601756955
0.05,369.0957258915024,70.86383601756955
0.05,369.72129341777486,71.0590531966813
0.05,370.3468609440473,71.0590531966813
0.05,370.97242847031976,71.25427037579306
0.05,371.5979959965922,71.25427037579306
0.05,372.22356352286465,71.44948755490485
0.05,372.8491310491371,71.44948755490485
0.05,373.47469857540955,71.44948755490485
0.05,374.100266101682,71.6447047340166
0.05,374.72583362795444,71.6447047340166
0.05,375.3514011542269,71.83992191312836
0.05,375.97696868049934,71.83992191312836
0.05,376.6025362067718,72.03513909224012
0.05,377.22810373304424,72.03513909224012
0.05,377.8536712593167,72.23035627135187
0.05,378.47923878558913,72.23035627135187
0.05,379.1048063118616,72.42557345046365
0.05,379.730373838134,72.42557345046365
0.05,380.3559413644065,72.62079062957541
0.05,380.9815088906789,72.62079062957541
0.05,381.6070764169514,72.81600780868717
0.05,382.2326439432238,72.81600780868717
0.05,382.85821146949627,72.81600780868717
0.05,383.4837789957687,73.01122498779893
0.05,384.10934652204116,73.01122498779893
0.05,384.7349140483136,73.20644216691068
0.05,385.36048157458606,73.20644216691068
0.05,385.9860491008585,73.40165934602246
0.05,386.61161662713096,73.40165934602246
0.05,387.2371841534034,73.59687652513422
0.05,387.86275167967585,73.59687652513422
0.05,388.4883192059483,73.79209370424599
0.05,389.11388673222075,73.79209370424599
0.05,389.7394542584932,73.98731088335774
0.05,390.36502178476564,73.98731088335774
0.05,390.9905893110381,73.98731088335774
0.05,391.61615683731054,74.18252806246949
0.05,392.241724363583,74.18252806246949
0.05,392.86729188985544,74.37774524158127
0.05,393.4928594161279,74.37774524158127
0.05,394.11842694240033,74.57296242069303
0.05,394.7439944686728,74.57296242069303
0.05,395.36956199494523,74.7681795998048
0.05,395.9951295212177,74.7681795998048
0.05,396.51419841914986,74.7681795998048
0.05,397.03326731708205,74.96339677891655
0.05,397.55233621501424,74.96339677891655
0.05,398.0714051129464,75.1586139580283
0.05,398.66326692044373,75.1586139580283
0.05,399.1315679495601,75.1586139580283
0.05,399.5998689786765,75.35383113714005
0.05,400.0681700077929,75.35383113714005
0.05,400.5364710369093,75.35383113714005
0.05,401.0047720660257,75.54904831625184
0.05,401.47307309514207,75.54904831625184
0.05,401.94137412425846,75.54904831625184
0.05,402.4957653050227,75.7442654953636
0.05,402.948143284517,75.7442654953636
0.05,403.40052126401133,75.7442654953636
0.05,403.85289924350565,75.93948267447536
0.05,404.30527722299996,75.93948267447536
0.05,404.8492007117514,76.13469985358711
0.05,405.3931242005028,76.13469985358711
0.05,405.93704768925426,76.13469985358711
0.05,406.4809711780057,76.32991703269886
0.05,407.0248946667571,76.32991703269886
0.05,407.56881815550855,76.52513421181065
0.05,408.11274164426,76.52513421181065
0.05,408.7197255533381,76.52513421181065
0.05,409.3267094624162,76.72035139092242
0.05,409.9336933714943,76.72035139092242
0.05,410.5406772805724,76.91556857003417
0.05,411.14766118965053,76.91556857003417
0.05,411.75464509872864,77.11078574914592
0.05,412.36162900780675,77.11078574914592
0.05,412.96861291688487,77.11078574914592
0.05,413.575596825963,77.30600292825767
0.05,414.1825807350411,77.30600292825767
0.05,414.7895646441192,77.50122010736946
0.05,415.3965485531973,77.50122010736946
0.05,416.0035324622754,77.69643728648123
0.05,416.6105163713535,77.69643728648123
0.05,417.21750028043164,77.69643728648123
0.05,417.82448418950975,77.89165446559298
0.05,418.43146809858786,77.89165446559298
0.05,419.03845200766597,78.08687164470473
0.05,419.6454359167441,78.08687164470473
0.05,420.37044313324157,78.28208882381648
0.05,421.09545034973905,78.28208882381648
0.05,421.82045756623654,78.47730600292827
0.05,422.54546478273403,78.47730600292827
0.05,423.2704719992315,78.67252318204002
0.05,423.995479215729,78.67252318204002
0.05,424.7204864322265,78.86774036115179
0.05,425.445493648724,78.86774036115179
0.05,426.17050086522147,79.06295754026354
0.05,426.89550808171896,79.06295754026354
0.05,427.62051529821645,79.25817471937529
0.05,428.34552251471393,79.25817471937529
0.05,429.0705297312114,79.45339189848708
0.05,429.7955369477089,79.45339189848708
0.05,430.5205441642064,79.64860907759883
0.05,431.2455513807039,79.64860907759883
0.05,431.9705585972014,79.8438262567106
0.05,432.69556581369886,79.8438262567106
0.05,433.42057303019635,80.03904343582235
0.05,434.0230541874413,80.03904343582235
0.05,434.6255353446862,80.2342606149341
0.05,435.22801650193117,80.2342606149341
0.05,435.8304976591761,80.42947779404588
0.05,436.43297881642104,80.42947779404588
0.05,437.035459973666,80.42947779404588
0.05,437.6379411309109,80.62469497315764
0.05,438.24042228815586,80.62469497315764
0.05,438.8429034454008,80.81991215226941
0.05,439.44538460264573,80.81991215226941
0.05,440.04786575989067,81.01512933138116
0.05,440.6503469171356,81.01512933138116
0.05,441.25282807438055,81.01512933138116
0.05,441.8553092316255,81.21034651049291
0.05,442.4577903888704,81.21034651049291
0.05,443.06027154611536,81.40556368960469
0.05,443.7360587731128,81.40556368960469
0.05,444.41184600011024,81.60078086871646
0.05,445.0876332271077,81.60078086871646
0.05,445.76342045410513,81.79599804782822
0.05,446.4392076811026,81.79599804782822
0.05,447.1149949081,81.79599804782822
0.05,447.79078213509746,81.99121522693997
0.05,448.4665693620949,81.99121522693997
0.05,449.14235658909234,82.18643240605172
0.05,449.8181438160898,82.18643240605172
0.05,450.49393104308723,82.3816495851635
0.05,451.1697182700847,82.3816495851635
0.05,451.8455054970821,82.57686676427527
0.05,452.52129272407956,82.57686676427527
0.05,453.197079951077,82.77208394338703
0.05,453.87286717807444,82.77208394338703
0.05,454.5486544050719,82.96730112249878
0.05,455.22444163206933,82.96730112249878
0.05,455.9002288590668,83.16251830161053
0.05,456.5760160860642,83.16251830161053
0.05,457.25180331306166,83.16251830161053
0.05,457.9275905400591,83.35773548072228
0.05,458.60337776705654,83.35773548072228
0.05,459.279164994054,83.55295265983408
0.05,459.9549522210514,83.55295265983408
0.05,460.63073944804887,83.74816983894584
0.05,461.3065266750463,83.74816983894584
0.05,461.98231390204376,83.94338701805759
0.05,462.6581011290412,83.94338701805759
0.05,463.33388835603864,84.13860419716934
0.05,464.0096755830361,84.13860419716934
0.05,464.6854628100335,84.13860419716934
0.05,465.36125003703097,84.3338213762811
0.05,466.0370372640284,84.3338213762811
0.05,466.71282449102586,84.52903855539289
0.05,467.3886117180233,84.52903855539289
0.05,468.06439894502074,84.72425573450465
0.05,468.7401861720182,84.72425573450465
0.05,469.4159733990156,84.9194729136164
0.05,470.09176062601307,84.9194729136164
0.05,470.7675478530105,85.11469009272815
0.05,471.44333508000796,85.11469009272815
0.05,472.1191223070054,85.11469009272815
0.05,472.8851539938785,85.3099072718399
0.05,473.65118568075155,85.3099072718399
0.05,474.41721736762463,85.5051244509517
0.05,475.1832490544977,85.5051244509517
0.05,475.9492807413708,85.70034163006346
0.05,476.71531242824386,85.89555880917521
0.05,477.48134411511694,85.89555880917521
0.05,478.24737580199,86.09077598828696
0.05,479.0134074888631,86.09077598828696
0.05,479.7794391757362,86.28599316739871
0.05,480.54547086260925,86.28599316739871
0.05,481.3115025494823,86.48121034651051
0.05,482.0775342363554,86.48121034651051
0.05,482.8435659232285,86.67642752562226
0.05,483.60959761010156,86.67642752562226
0.05,484.37562929697464,86.87164470473402
0.05,485.1416609838477,86.87164470473402
0.05,485.9076926707208,87.06686188384577
0.05,486.67372435759387,87.06686188384577
0.05,487.43975604446695,87.26207906295753
0.05,488.20578773134,87.26207906295753
0.05,488.9718194182131,87.45729624206932
0.05,489.7378511050862,87.45729624206932
0.05,490.50388279195926,87.65251342118107
0.05,491.26991447883233,87.65251342118107
0.05,492.0359461657054,87.84773060029283
0.05,492.8019778525785,87.84773060029283
0.05,493.56800953945157,88.04294777940459
0.05,494.33404122632464,88.04294777940459
0.05,495.1000729131977,88.23816495851634
0.05,495.8661046000708,88.23816495851634
0.05,496.6321362869439,88.23816495851634
0.05,497.39816797381695,88.43338213762813
0.05,498.16419966069003,88.43338213762813
0.05,498.9302313475631,88.62859931673988
0.05,499.6962630344362,88.62859931673988
0.05,500.46229472130926,88.82381649585164
0.05,501.22832640818234,88.82381649585164
0.05,501.9943580950554,89.0190336749634
0.05,502.7603897819285,89.0190336749634
0.05,503.5264214688016,89.21425085407515
0.05,504.29245315567465,89.21425085407515
0.05,505.0584848425477,89.40946803318693
0.05,505.8245165294208,89.40946803318693
0.05,506.5905482162939,89.60468521229869
0.05,507.35657990316696,89.60468521229869
0.05,508.12261159004004,89.79990239141046
0.05,508.8886432769131,89.79990239141046
0.05,509.6546749637862,89.9951195705222
0.05,510.42070665065927,89.9951195705222
0.05,511.18673833753235,90.19033674963396
0.05,511.9527700244054,90.19033674963396
0.05,512.7188017112785,90.38555392874574
0.05,513.4848333981515,90.38555392874574
0.05,514.2508650850245,90.5807711078575
0.05,515.0168967718976,90.5807711078575
0.05,515.7829284587706,90.77598828696927
0.05,516.5489601456436,90.77598828696927
0.05,517.3149918325166,90.97120546608102
0.05,518.0810235193896,90.97120546608102
0.05,518.8470552062627,90.97120546608102
0.05,519.6130868931357,91.16642264519277
0.05,520.3791185800087,91.16642264519277
0.05,521.1451502668817,91.36163982430455
0.05,521.9111819537547,91.36163982430455
0.05,522.6772136406278,91.55685700341631
0.05,523.4432453275008,91.55685700341631
0.05,524.2092770143738,91.75207418252808
0.05,524.9753087012468,91.75207418252808
0.05,525.7413403881199,91.94729136163983
0.05,526.5073720749929,91.94729136163983
0.05,527.2734037618659,92.14250854075158
0.05,528.0394354487389,92.14250854075158
0.05,528.8054671356119,92.14250854075158
0.05,529.571498822485,92.33772571986333
0.05,530.337530509358,92.33772571986333
0.05,531.103562196231,92.53294289897512
0.05,531.869593883104,92.53294289897512
0.05,532.635625569977,92.72816007808689
0.05,533.4016572568501,92.72816007808689
0.05,534.1676889437231,92.92337725719864
0.05,534.9337206305961,92.92337725719864
0.05,535.6997523174691,93.11859443631039
0.05,536.4657840043421,93.11859443631039
0.05,537.2318156912152,93.31381161542214
0.05,537.9978473780882,93.31381161542214
0.05,538.7638790649612,93.31381161542214
0.05,539.5299107518342,93.50902879453393
0.05,540.2959424387072,93.50902879453393
0.05,541.0619741255803,93.7042459736457
0.05,541.8280058124533,93.7042459736457
0.05,542.5940374993263,93.89946315275745
0.05,543.3600691861993,93.89946315275745
0.05,544.1261008730723,94.0946803318692
0.05,544.8921325599454,94.0946803318692
0.05,545.6581642468184,94.0946803318692
0.05,546.4241959336914,94.28989751098095
0.05,547.1902276205644,94.28989751098095
0.05,547.9562593074374,94.48511469009274
0.05,548.7222909943105,94.48511469009274
0.05,549.4883226811835,94.68033186920451
0.05,550.2543543680565,94.68033186920451
0.05,551.0203860549295,94.68033186920451
0.05,551.7864177418026,94.87554904831626
0.05,552.5524494286756,94.87554904831626
0.05,553.3184811155486,95.07076622742801
0.05,554.0845128024216,95.07076622742801
0.05,554.8505444892946,95.26598340653976
0.05,555.4485933992714,95.26598340653976
0.05,555.9267222030351,95.26598340653976
0.05,556.4048510067987,95.46120058565155
0.05,556.8829798105623,95.46120058565155
0.05,557.361108614326,95.46120058565155
0.05,557.9625724321951,95.46120058565155
0.05,558.5640362500642,95.6564177647633
0.05,559.1655000679333,95.6564177647633
0.05,559.7669638858024,95.6564177647633
0.05,560.3684277036715,95.85163494387507
0.05,560.9698915215406,95.85163494387507
0.05,561.5713553394097,95.85163494387507
0.05,562.3080277642831,96.04685212298682
0.05,563.0447001891565,96.04685212298682
0.05,563.7813726140299,96.24206930209857
0.05,564.5180450389033,96.24206930209857
0.05,565.2547174637767,96.24206930209857
0.05,565.9913898886501,96.43728648121036
0.05,566.7280623135235,96.43728648121036
0.05,567.4647347383969,96.63250366032212
0.05,568.2014071632703,96.63250366032212
0.05,568.9380795881438,96.63250366032212
0.05,569.6747520130172,96.82772083943388
0.05,570.4114244378906,96.82772083943388
0.05,571.148096862764,97.02293801854563
0.05,571.9636788119396,97.02293801854563
0.05,572.7792607611153,97.02293801854563
0.05,573.594842710291,97.21815519765738
0.05,574.4104246594667,97.21815519765738
0.05,575.2260066086424,97.41337237676916
0.05,575.3438645743504,97.41337237676916
0.05,575.4617225400584,97.41337237676916
0.05,575.5795805057664,97.41337237676916
0.05,575.6974384714745,97.41337237676916
0.05,575.9331544028905,97.41337237676916
0.05,576.1688703343066,97.41337237676916
0.05,576.4045862657226,97.41337237676916
0.05,576.9284945813713,97.60858955588093
0.05,577.45240289702,97.60858955588093
0.05,577.9763112126686,97.60858955588093
0.05,578.6467937722391,97.80380673499269
0.05,579.3172763318096,97.80380673499269
0.05,579.98775889138,97.80380673499269
0.05,580.6582414509505,97.99902391410444
0.05,581.328724010521,97.99902391410444
0.05,581.9992065700915,97.99902391410444
0.05,582.669689129662,98.19424109321619
0.05,582.7903747862008,98.19424109321619
0.05,582.9110604427397,98.19424109321619
0.05,583.0317460992785,98.19424109321619
0.05,583.2731174123563,98.19424109321619
0.05,583.5144887254341,98.19424109321619
0.05,583.755860038512,98.19424109321619
0.05,584.4428717885086,98.38945827232797
0.05,585.1298835385052,98.38945827232797
0.05,585.8168952885018,98.38945827232797
0.05,586.5039070384984,98.58467545143974
0.05,587.4139269357634,98.58467545143974
0.05,588.3239468330283,98.7798926305515
0.05,589.2339667302933,98.7798926305515
0.05,590.1439866275583,98.7798926305515
0.05,591.0540065248233,98.97510980966325
0.05,591.9640264220883,98.97510980966325
0.05,592.8740463193533,99.170326988775
0.05,593.7840662166183,99.170326988775
0.05,594.6940861138833,99.36554416788678
0.05,595.6041060111482,99.36554416788678
0.05,596.5141259084132,99.56076134699855
0.05,597.4241458056782,99.56076134699855
0.05,598.3341657029432,99.56076134699855
0.05,599.2441856002082,99.75597852611031
0.05,600.1542054974732,99.75597852611031
0.05,601.0642253947382,99.95119570522206
0.05,601.9742452920032,99.95119570522206
0.05,602.8842651892681,100.0
0.05,603.7942850865331,100.0
0.05,604.7043049837981,100.0
0.05,605.4535653330349,100.0
0.05,606.2028256822717,100.0
0.05,606.9520860315085,100.0
0.05,607.7013463807453,100.0
0.05,608.5393338354902,100.0
0.05,609.377321290235,100.0
0.05,610.2153087449799,100.0
0.05,611.0532961997247,100.0
0.05,612.0206856498847,100.0
0.05,612.9880751000447,100.0
0.05,613.9554645502047,100.0
0.05,614.9228540003647,100.0
0.05,615.8902434505247,100.0
0.05,616.8576329006847,100.0
0.05,617.8250223508447,100.0
0.05,618.7924118010047,100.0
0.05,619.7598012511647,100.0
0.05,620.7271907013247,100.0
0.05,621.6945801514847,100.0
0.05,622.6619696016447,100.0
0.05,623.6293590518047,100.0
0.05,624.5967485019647,100.0
0.05,625.5641379521247,100.0
0.05,626.5315274022847,100.0
0.05,627.4989168524447,100.0
0.05,628.4663063026047,100.0
0.05,629.4336957527647,100.0
0.05,630.4010852029247,100.0
0.05,631.3684746530847,100.0
0.05,632.3358641032447,100.0
0.05,633.4039696626086,100.0
0.05,634.4720752219724,100.0
0.05,635.5401807813363,100.0
0.05,636.6082863407001,100.0
0.05,637.9070886411749,100.0
0.05,639.2058909416497,100.0
0.05,640.5046932421245,100.0
0.05,641.8034955425993,100.0
0.05,643.1022978430741,100.0
0.05,644.4011001435489,100.0
0.05,645.6999024440237,100.0
0.05,646.9987047444985,100.0
0.05,648.2975070449733,100.0
0.05,649.596309345448,100.0
0.05,650.8951116459228,100.0
0.05,652.1939139463976,100.0
0.05,653.4927162468724,100.0
0.05,654.7915185473472,100.0
0.05,656.090320847822,100.0
0.05,657.3891231482968,100.0
0.05,658.6879254487716,100.0
0.05,659.9867277492464,100.0
0.05,661.2855300497212,100.0
0.05,662.584332350196,100.0
0.05,663.8831346506707,100.0
0.05,665.1819369511455,100.0
0.05,666.6417714276931,100.0
0.05,668.1016059042407,100.0
0.05,669.5614403807883,100.0
0.05,671.0212748573359,100.0
0.05,672.4811093338835,100.0
0.05,673.9409438104311,100.0
0.05,675.4007782869787,100.0
0.05,676.8606127635263,100.0
0.05,678.3204472400739,100.0
0.05,679.7802817166215,100.0
0.05,681.2401161931691,100.0
0.05,682.6999506697167,100.0
0.05,684.1597851462643,100.0
0.05,685.6196196228119,100.0
0.05,687.0794540993595,100.0
0.05,688.5392885759071,100.0
0.05,689.9991230524547,100.0
0.05,691.4589575290023,100.0
0.05,692.9187920055499,100.0
0.05,694.3786264820975,100.0
0.05,695.8384609586451,100.0
0.05,697.2982954351927,100.0
0.05,698.7581299117403,100.0
0.05,700.2179643882879,100.0
0.05,701.6777988648355,100.0
0.05,703.1376333413831,100.0
0.05,704.5974678179307,100.0
0.05,706.0573022944783,100.0
0.05,707.5171367710259,100.0
0.05,708.9769712475735,100.0
0.05,710.1834204759913,100.0
0.05,711.3898697044091,100.0
0.05,712.5963189328269,100.0
0.05,713.8027681612447,100.0
0.05,715.0092173896625,100.0
0.05,716.2156666180803,100.0
0.05,717.1683635808781,100.0
0.05,718.121060543676,100.0
0.05,718.8924938418298,100.0
0.05,719.6639271399837,100.0
0.05,720.4353604381375,100.0
0.05,721.0725035646673,100.0
0.05,721.709646691197,100.0
0.05,722.3467898177267,100.0
0.05,722.9839329442565,100.0
0.05,723.7578540839019,100.0
0.05,724.5317752235472,100.0
0.05,725.3056963631926,100.0
0.05,726.079617502838,100.0
0.05,726.8535386424834,100.0
0.05,727.7246138534566,100.0
0.05,727.8741989635924,100.0
0.05,728.0237840737283,100.0
0.05,728.1733691838641,100.0
0.05,728.3229542939999,100.0
0.05,728.6221245142716,100.0
0.05,728.9212947345433,100.0
0.05,729.2204649548149,100.0
0.05,729.5196351750866,100.0
0.05,730.247558189069,100.0
0.05,730.9754812030513,100.0
0.05,731.7034042170337,100.0
0.05,732.6071424593767,100.0
0.05,733.5108807017198,100.0
0.05,734.4146189440628,100.0
0.05,735.3183571864058,100.0
0.05,736.2220954287488,100.0
0.05,737.1258336710919,100.0
0.05,737.8776014702776,100.0
0.05,737.990503615076,100.0
0.05,738.1034057598745,100.0
0.05,738.2163079046729,100.0
0.05,738.4421121942698,100.0
0.05,738.6679164838667,100.0
0.05,738.8937207734637,100.0
0.05,739.5589175603164,100.0
0.05,740.2241143471692,100.0
0.05,740.889311134022,100.0
0.05,741.5545079208748,100.0
0.05,742.2197047077276,100.0
0.05,742.8849014945804,100.0
0.05,743.6167630222945,100.0
0.05,744.3486245500087,100.0
0.05,745.0804860777229,100.0
0.05,745.812347605437,100.0
0.05,746.5442091331512,100.0
0.05,747.2760706608653,100.0
0.05,748.0079321885795,100.0
0.05,748.8837080387118,100.0
0.05,749.7594838888441,100.0
0.05,750.6352597389764,100.0
0.05,751.5110355891087,100.0
0.05,752.386811439241,100.0
0.05,753.2625872893733,100.0
0.05,754.1383631395056,100.0
0.05,755.1020250346853,100.0
0.05,756.065686929865,100.0
0.05,757.0293488250447,100.0
0.05,757.9930107202244,100.0
0.05,758.9566726154042,100.0
0.05,759.9203345105839,100.0
0.05,760.8839964057636,100.0
0.05,761.8476583009433,100.0
0.05,762.811320196123,100.0
0.05,763.7749820913027,100.0
0.05,764.7386439864824,100.0
0.05,765.7023058816621,100.0
0.05,766.6659677768419,100.0
0.05,767.6296296720216,100.0
0.05,768.5932915672013,100.0
0.05,769.556953462381,100.0
0.05,770.5206153575607,100.0
0.05,771.4842772527404,100.0
0.05,772.4479391479201,100.0
0.05,773.4116010430998,100.0
0.05,774.3752629382795,100.0
0.05,775.3389248334593,100.0
0.05,776.302586728639,100.0
0.05,777.2662486238187,100.0
0.05,778.2299105189984,100.0
0.05,779.1935724141781,100.0
0.05,780.1572343093578,100.0
0.05,781.1208962045375,100.0
0.05,782.0845580997172,100.0
0.05,783.048219994897,100.0
0.05,784.0118818900767,100.0
0.05,784.9755437852564,100.0
0.05,785.9392056804361,100.0
0.05,786.9028675756158,100.0
0.05,787.8665294707955,100.0
0.05,788.8301913659752,100.0
0.05,789.7938532611549,100.0
0.05,790.7575151563346,100.0
0.05,791.7211770515144,100.0
0.05,792.6848389466941,100.0
0.05,793.6485008418738,100.0
0.05,794.6121627370535,100.0
0.05,795.5758246322332,100.0
0.05,796.5394865274129,100.0
0.05,797.5031484225926,100.0
0.05,798.4668103177723,100.0
0.05,799.430472212952,100.0
0.05,800.3941341081318,100.0
0.05,801.3577960033115,100.0
0.05,802.3214578984912,100.0
0.05,803.2851197936709,100.0
0.05,804.2487816888506,100.0
0.05,805.2124435840303,100.0
0.05,806.17610547921,100.0
0.05,807.1397673743897,100.0
0.05,808.1034292695695,100.0
0.05,809.0670911647492,100.0
0.05,810.0307530599289,100.0
0.05,810.9944149551086,100.0
0.05,811.9580768502883,100.0
0.05,812.921738745468,100.0
0.05,813.8854006406477,100.0
0.05,814.8490625358274,100.0
0.05,815.8127244310072,100.0
0.05,816.7763863261869,100.0
0.05,817.7400482213666,100.0
0.05,818.7037101165463,100.0
0.05,819.667372011726,100.0
0.05,820.6310339069057,100.0
0.05,821.5946958020854,100.0
0.05,822.5583576972651,100.0
0.05,823.5220195924448,100.0
0.05,824.4856814876246,100.0
0.05,825.4493433828043,100.0
0.05,826.413005277984,100.0
0.05,827.3766671731637,100.0
0.05,828.3403290683434,100.0
0.05,829.3039909635231,100.0
0.05,830.2676528587028,100.0
0.05,831.2313147538825,100.0
0.05,832.1949766490623,100.0
0.05,833.158638544242,100.0
0.05,834.1223004394217,100.0
0.05,835.0859623346014,100.0
0.05,836.0496242297811,100.0
0.05,837.0132861249608,100.0
0.05,837.9769480201405,100.0
0.05,838.9406099153202,100.0
0.05,839.9042718105,100.0
0.05,840.8679337056797,100.0
0.05,841.8315956008594,100.0
0.05,842.7952574960391,100.0
0.05,843.7589193912188,100.0
0.05,844.7225812863985,100.0
0.05,845.6862431815782,100.0
0.05,846.6499050767579,100.0
0.05,847.6135669719376,100.0
0.05,848.5772288671174,100.0
0.05,849.5408907622971,100.0
0.05,850.5045526574768,100.0
0.05,851.4682145526565,100.0
0.05,852.4318764478362,100.0
0.05,853.3955383430159,100.0
0.05,854.3592002381956,100.0
0.05,855.3228621333753,100.0
0.05,856.286524028555,100.0
0.05,857.2501859237348,100.0
0.05,858.2138478189145,100.0
0.05,859.1775097140942,100.0
0.05,860.1411716092739,100.0
0.05,861.1048335044536,100.0
0.05,862.0684953996333,100.0
0.05,863.032157294813,100.0
0.05,863.9958191899927,100.0
0.05,864.9594810851725,100.0
0.05,865.9231429803522,100.0
0.05,866.8868048755319,100.0
0.05,867.8504667707116,100.0
0.05,868.8141286658913,100.0
0.05,869.777790561071,100.0
0.05,870.7414524562507,100.0
0.05,871.7051143514304,100.0
0.05,872.6687762466102,100.0
0.05,873.6324381417899,100.0
0.05,874.5961000369696,100.0
0.05,875.5597619321493,100.0
0.05,876.523423827329,100.0
0.05,877.4870857225087,100.0
0.05,878.4507476176884,100.0
0.05,879.4144095128681,100.0
0.05,880.3780714080478,100.0
0.05,881.3417333032276,100.0
0.05,882.3053951984073,100.0
0.05,883.269057093587,100.0
0.05,884.2327189887667,100.0
0.05,885.1963808839464,100.0
0.05,886.1600427791261,100.0
0.05,887.1237046743058,100.0
0.05,888.0873665694855,100.0
0.05,889.0510284646653,100.0
0.05,890.014690359845,100.0
0.05,890.9783522550247,100.0
0.05,891.9420141502044,100.0
0.05,892.9056760453841,100.0
0.05,893.8693379405638,100.0
0.05,894.8329998357435,100.0
0.05,895.7966617309232,100.0
0.05,896.760323626103,100.0
0.05,897.7239855212827,100.0
0.05,898.6876474164624,100.0
0.05,899.6513093116421,100.0
0.05,900.6149712068218,100.0
0.05,901.5786331020015,100.0
0.05,902.5422949971812,100.0
0.05,903.5059568923609,100.0
0.05,904.4696187875406,100.0
0.05,905.4332806827204,100.0
0.05,906.3969425779001,100.0
0.05,907.3606044730798,100.0
0.05,908.3242663682595,100.0
0.05,909.2879282634392,100.0
0.05,910.2515901586189,100.0
0.05,911.2152520537986,100.0
0.05,912.1789139489783,100.0
0.05,913.142575844158,100.0
0.05,914.1062377393378,100.0
0.05,915.0698996345175,100.0
0.05,916.0335615296972,100.0
0.05,916.9972234248769,100.0
0.05,917.9608853200566,100.0
0.05,918.9245472152363,100.0
0.05,919.888209110416,100.0
0.05,920.8518710055957,100.0
0.05,921.8155329007755,100.0
0.05,922.7791947959552,100.0
0.05,923.7428566911349,100.0
0.05,924.7065185863146,100.0
0.05,925.6701804814943,100.0
0.05,926.633842376674,100.0
0.05,927.5975042718537,100.0
0.05,928.5611661670334,100.0
0.05,929.5248280622131,100.0
0.05,930.4884899573929,100.0
0.05,931.4521518525726,100.0
0.05,932.4158137477523,100.0
0.05,933.379475642932,100.0
0.05,934.3431375381117,100.0
0.05,935.3067994332914,100.0
0.05,936.2704613284711,100.0
0.05,937.2341232236508,100.0
0.05,938.1977851188306,100.0
0.05,939.1614470140103,100.0
0.05,940.12510890919,100.0
0.05,941.0887708043697,100.0
0.05,942.0524326995494,100.0
0.05,943.0160945947291,100.0
0.05,943.9797564899088,100.0
0.05,944.9434183850885,100.0
0.05,945.9070802802682,100.0
0.05,946.870742175448,100.0
0.05,947.8344040706277,100.0
0.05,948.7980659658074,100.0
0.05,949.7617278609871,100.0
0.05,950.7253897561668,100.0
0.05,951.6890516513465,100.0
0.05,952.6527135465262,100.0
0.05,953.6163754417059,100.0
0.05,954.5800373368857,100.0
0.05,955.5436992320654,100.0
0.05,956.5073611272451,100.0
0.05,957.2999562237719,100.0
0.05,958.0925513202988,100.0
0.05,958.8851464168256,100.0
0.05,959.6777415133524,100.0
0.05,960.4703366098793,100.0
0.05,961.2629317064061,100.0
0.05,962.055526802933,100.0
0.05,962.8481218994598,100.0
0.05,963.6407169959866,100.0
0.05,964.4333120925135,100.0
0.05,965.2259071890403,100.0
0.05,966.0185022855671,100.0
0.05,966.811097382094,100.0
0.05,967.6036924786208,100.0
0.05,968.3962875751477,100.0
0.05,969.1888826716745,100.0
0.05,969.9814777682013,100.0
0.05,970.7740728647282,100.0
0.05,971.566667961255,100.0
0.05,972.4883400294752,100.0
0.05,973.4100120976955,100.0
0.05,974.3316841659157,100.0
0.05,975.2533562341359,100.0
0.05,976.1750283023562,100.0
0.05,977.0967003705764,100.0
0.05,978.0183724387966,100.0
0.05,978.7858882617849,100.0
0.05,979.5534040847731,100.0
0.05,980.3209199077613,100.0
0.05,981.0884357307496,100.0
0.05,982.0526651305372,100.0
0.05,983.0168945303249,100.0
0.05,983.9811239301125,100.0
0.05,984.9453533299002,100.0
0.05,985.9095827296878,100.0
0.05,986.8738121294755,100.0
0.05,987.8380415292631,100.0
0.05,988.6395279730496,100.0
0.05,989.441014416836,100.0
0.05,990.2425008606224,100.0
0.05,991.0439873044088,100.0
0.05,991.8454737481952,100.0
0.05,992.6469601919816,100.0
0.05,993.448446635768,100.0
0.05,994.2499330795545,100.0
0.05,995.0514195233409,100.0
0.05,995.8529059671273,100.0
0.05,996.6543924109137,100.0
0.05,997.4558788547001,100.0
0.05,998.2573652984865,100.0
0.05,998.3798875292244,100.0
0.05,998.399275651988,100.0
0.05,998.4186637747515,100.0
0.05,998.4574400202787,100.0
0.05,998.4962162658059,100.0
0.05,998.6750913515542,100.0
0.05,998.8539664373026,100.0
0.05,999.1157208234984,100.0
0.05,999.3774752096941,100.0
0.05,999.6392295958899,100.0
0.05,1000.1295639276389,100.0
0.05,1000.6198982593878,100.0
0.05,1001.1102325911368,100.0
0.05,1001.8354451242111,100.0
0.05,1002.5606576572854,100.0
0.05,1003.2858701903598,100.0
0.05,1004.0110827234341,100.0
0.05,1004.8219159000979,100.0
0.05,1005.6327490767617,100.0
0.05,1006.4435822534255,100.0
0.05,1007.2544154300892,100.0
0.05,1008.1630511468373,100.0
0.05,1009.0716868635855,100.0
0.05,1009.9803225803336,100.0
0.05,1010.8889582970817,100.0
0.05,1011.7975940138298,100.0
0.05,1012.7062297305779,100.0
0.05,1013.614865447326,100.0
0.05,1014.5235011640741,100.0
0.05,1015.4321368808222,100.0
0.05,1016.3407725975703,100.0
0.05,1017.0955971018175,100.0
0.05,1017.2075800451552,100.0
0.05,1017.3195629884929,100.0
0.05,1017.4315459318306,100.0
0.05,1017.6555118185059,100.0
0.05,1017.8794777051813,100.0
0.05,1018.1034435918567,100.0
0.05,1018.6928308344286,100.0
0.05,1019.2822180770005,100.0
0.05,1019.8716053195724,100.0
0.05,1020.4609925621443,100.0
0.05,1021.0503798047162,100.0
0.05,1021.639767047288,100.0
0.05,1022.4413983925034,100.0
0.05,1023.2430297377188,100.0
0.05,1024.044661082934,100.0
0.05,1024.8462924281494,100.0
0.05,1025.6479237733647,100.0
0.05,1026.44955511858,100.0
0.05,1027.2511864637954,100.0
0.05,1028.0528178090108,100.0
0.05,1028.8544491542261,100.0
0.05,1029.6560804994415,100.0
0.05,1030.4577118446568,100.0
0.05,1031.2593431898722,100.0
0.05,1032.0609745350876,100.0
0.05,1032.862605880303,100.0
0.05,1033.6642372255183,100.0
0.05,1034.4658685707336,100.0
0.05,1035.354395293085,100.0
0.05,1036.2429220154363,100.0
0.05,1037.1314487377877,100.0
0.05,1038.019975460139,100.0
0.05,1038.9085021824903,100.0
0.05,1039.7970289048417,100.0
0.05,1040.685555627193,100.0
0.05,1041.4226370962333,100.0
0.05,1042.1597185652736,100.0
0.05,1042.8968000343139,100.0
0.05,1043.6338815033541,100.0
0.05,1044.3709629723944,100.0
0.05,1045.1080444414347,100.0
0.05,1045.845125910475,100.0
0.05,1046.5822073795152,100.0
0.05,1047.3192888485555,100.0
0.05,1048.0563703175958,100.0
0.05,1048.8946128687412,100.0
0.05,1049.7328554198866,100.0
0.05,1050.571097971032,100.0
0.05,1051.4093405221774,100.0
0.05,1052.2475830733229,100.0
0.05,1053.0858256244683,100.0
0.05,1053.9240681756137,100.0
0.05,1054.762310726759,100.0
0.05,1054.9122086487216,100.0
0.05,1055.0621065706841,100.0
0.05,1055.2120044926467,100.0
0.05,1055.3619024146092,100.0
0.05,1055.6616982585342,100.0
0.05,1055.9614941024593,100.0
0.05,1056.2612899463843,100.0
0.05,1056.8859564999925,100.0
0.05,1057.5106230536007,100.0
0.05,1058.135289607209,100.0
0.05,1058.7599561608172,100.0
0.05,1059.7434504981898,100.0
0.05,1060.7269448355623,100.0
0.05,1061.710439172935,100.0
0.05,1062.6939335103075,100.0
0.05,1063.67742784768,100.0
0.05,1064.6609221850526,100.0
0.05,1065.6444165224252,100.0
0.05,1066.6279108597978,100.0
0.05,1067.6114051971704,100.0
0.05,1068.594899534543,100.0
0.05,1069.5783938719155,100.0
0.05,1070.561888209288,100.0
0.05,1071.5453825466607,100.0
0.05,1072.5288768840333,100.0
0.05,1073.5123712214058,100.0
0.05,1074.4958655587784,100.0
0.05,1075.5915860841042,100.0
0.05,1076.68730660943,100.0
0.05,1077.7830271347557,100.0
0.05,1078.8787476600814,100.0
0.05,1079.9744681854072,100.0
0.05,1081.070188710733,100.0
0.05,1082.1659092360587,100.0
0.05,1083.2616297613845,100.0
0.05,1084.3573502867102,100.0
0.05,1085.453070812036,100.0
0.05,1086.5487913373618,100.0
0.05,1087.6445118626875,100.0
0.05,1088.7402323880133,100.0
0.05,1089.835952913339,100.0
0.05,1090.9316734386648,100.0
0.05,1092.0273939639906,100.0
0.05,1093.1231144893163,100.0
0.05,1094.218835014642,100.0
0.05,1095.3145555399678,100.0
0.05,1096.4102760652936,100.0
0.05,1097.5059965906194,100.0
0.05,1098.6017171159451,100.0
0.05,1099.6974376412709,100.0
0.05,1100.7931581665966,100.0
0.05,1101.8888786919224,100.0
0.05,1102.9845992172482,100.0
0.05,1104.080319742574,100.0
0.05,1105.1760402678997,100.0
0.05,1106.2717607932254,100.0
0.05,1107.3674813185512,100.0
0.05,1108.463201843877,100.0
0.05,1109.5589223692027,100.0
0.05,1110.6546428945285,100.0
0.05,1111.7503634198542,100.0
0.05,1112.84608394518,100.0
0.05,1113.9418044705058,100.0
0.05,1115.0375249958315,100.0
0.05,1116.1332455211573,100.0
0.05,1117.228966046483,100.0
0.05,1118.3246865718088,100.0
0.05,1119.4204070971346,100.0
0.05,1120.5161276224603,100.0
0.05,1121.611848147786,100.0
0.05,1122.7075686731118,100.0
0.05,1123.8032891984376,100.0
0.05,1124.8990097237634,100.0
0.05,1125.9947302490891,100.0
0.05,1127.0904507744149,100.0
0.05,1128.1861712997406,100.0
0.05,1129.2818918250664,100.0
0.05,1130.3776123503922,100.0
0.05,1131.473332875718,100.0
0.05,1132.5690534010437,100.0
0.05,1133.6647739263694,100.0
0.05,1134.7604944516952,100.0
0.05,1135.856214977021,100.0
0.05,1136.9519355023467,100.0
0.05,1138.0476560276725,100.0
0.05,1139.1433765529982,100.0
0.05,1140.239097078324,100.0
0.05,1141.3348176036498,100.0
0.05,1142.4305381289755,100.0
0.05,1143.5262586543013,100.0
0.05,1144.621979179627,100.0
0.05,1145.7176997049528,100.0
0.05,1146.8134202302786,100.0
0.05,1147.9091407556043,100.0
0.05,1149.00486128093,100.0
0.05,1150.1005818062558,100.0
0.05,1151.1963023315816,100.0
0.05,1152.2920228569074,100.0
0.05,1153.387743382233,100.0
0.05,1154.4834639075589,100.0
0.05,1155.5791844328846,100.0
0.05,1156.6749049582104,100.0
0.05,1157.7706254835362,100.0
0.05,1158.866346008862,100.0
0.05,1159.9620665341877,100.0
0.05,1161.0577870595134,100.0
0.05,1162.1535075848392,100.0
0.05,1163.249228110165,100.0
0.05,1164.3449486354907,100.0
0.05,1165.4406691608165,100.0
0.05,1166.5363896861422,100.0
0.05,1167.632110211468,100.0
0.05,1168.7278307367937,100.0
0.05,1169.8235512621195,100.0
0.05,1170.9192717874453,100.0
0.05,1172.014992312771,100.0
0.05,1173.1107128380968,100.0
0.05,1174.2064333634225,100.0
0.05,1175.3021538887483,100.0
0.05,1176.397874414074,100.0
0.05,1177.4935949393998,100.0
0.05,1178.5893154647256,100.0
0.05,1179.6850359900513,100.0
0.05,1180.780756515377,100.0
0.05,1181.8764770407029,100.0
0.05,1182.9721975660286,100.0
0.05,1184.0679180913544,100.0
0.05,1185.1636386166801,100.0
0.05,1186.259359142006,100.0
0.05,1187.3550796673317,100.0
0.05,1188.4508001926574,100.0
0.05,1189.5465207179832,100.0
0.05,1190.642241243309,100.0
0.05,1191.7379617686347,100.0
0.05,1192.8336822939605,100.0
0.05,1193.9294028192862,100.0
0.05,1195.025123344612,100.0
0.05,1196.1208438699377,100.0
0.05,1197.2165643952635,100.0
0.05,1198.3122849205893,100.0
0.05,1199.408005445915,100.0
0.05,1200.5037259712408,100.0
0.05,1201.5994464965665,100.0
0.05,1202.6951670218923,100.0
0.05,1203.790887547218,100.0
0.05,1204.8866080725438,100.0
0.05,1205.9823285978696,100.0
0.05,1207.0780491231953,100.0
0.05,1208.173769648521,100.0
0.05,1209.2694901738469,100.0
0.05,1210.3652106991726,100.0
0.05,1211.4609312244984,100.0
0.05,1212.5566517498241,100.0
0.05,1213.65237227515,100.0
0.05,1214.7480928004757,100.0
0.05,1215.8438133258014,100.0
0.05,1216.9395338511272,100.0
0.05,1218.035254376453,100.0
0.05,1219.1309749017787,100.0
0.05,1220.2266954271045,100.0
0.05,1221.3224159524302,100.0
0.05,1222.418136477756,100.0
0.05,1223.2771611945864,100.0
0.05,1223.9800317522074,100.0
0.05,1224.6829023098285,100.0
0.05,1225.3857728674495,100.0
0.05,1226.0886434250706,100.0
0.05,1227.0276812335517,100.0
0.05,1227.9667190420328,100.0
0.05,1228.9057568505139,100.0
0.05,1229.844794658995,100.0
0.05,1230.783832467476,100.0
0.05,1231.7228702759571,100.0
0.05,1232.6619080844382,100.0
0.05,1233.6009458929193,100.0
0.05,1234.5399837014004,100.0
0.05,1235.4790215098815,100.0
0.05,1236.4180593183626,100.0
0.05,1237.3570971268437,100.0
0.05,1238.2961349353247,100.0
0.05,1239.2351727438058,100.0
0.05,1240.174210552287,100.0
0.05,1241.113248360768,100.0
0.05,1242.189454044852,100.0
0.05,1243.265659728936,100.0
0.05,1244.34186541302,100.0
0.05,1245.418071097104,100.0
0.05,1246.494276781188,100.0
0.05,1247.570482465272,100.0
0.05,1248.6466881493561,100.0
0.05,1249.7228938334401,100.0
0.05,1250.7990995175242,100.0
0.05,1251.8753052016082,100.0
0.05,1252.9515108856922,100.0
0.05,1254.0277165697762,100.0
0.05,1255.1039222538602,100.0
0.05,1256.1801279379442,100.0
0.05,1257.2563336220283,100.0
0.05,1258.3325393061123,100.0
0.05,1259.4087449901963,100.0
0.05,1260.4849506742803,100.0
0.05,1261.5611563583643,100.0
0.05,1262.6373620424483,100.0
0.05,1263.7135677265323,100.0
0.05,1264.7897734106164,100.0
0.05,1265.8659790947004,100.0
0.05,1266.9421847787844,100.0
0.05,1268.0183904628684,100.0
0.05,1269.0945961469524,100.0
0.05,1270.1708018310364,100.0
0.05,1271.2470075151205,100.0
0.05,1272.3232131992045,100.0
0.05,1273.3994188832885,100.0
0.05,1274.4756245673725,100.0
0.05,1275.5518302514565,100.0
0.05,1276.6280359355405,100.0
0.05,1277.7042416196246,100.0
0.05,1278.7804473037086,100.0
0.05,1279.8566529877926,100.0
0.05,1280.9328586718766,100.0
0.05,1282.0090643559606,100.0
0.05,1283.0852700400446,100.0
0.05,1284.1614757241286,100.0
0.05,1285.2376814082127,100.0
0.05,1286.3138870922967,100.0
0.05,1287.3900927763807,100.0
0.05,1288.4662984604647,100.0
0.05,1289.5425041445487,100.0
0.05,1290.6187098286327,100.0
0.05,1291.6949155127168,100.0
0.05,1292.7711211968008,100.0
0.05,1293.8473268808848,100.0
0.05,1294.9235325649688,100.0
0.05,1295.9997382490528,100.0
0.05,1297.0759439331368,100.0
0.05,1298.1521496172209,100.0
0.05,1299.2283553013049,100.0
0.05,1300.304560985389,100.0
0.05,1301.380766669473,100.0
0.05,1302.456972353557,100.0
0.05,1303.533178037641,100.0
0.05,1304.609383721725,100.0
0.05,1305.685589405809,100.0
0.05,1306.761795089893,100.0
0.05,1307.838000773977,100.0
0.05,1308.914206458061,100.0
0.05,1309.990412142145,100.0
0.05,1311.066617826229,100.0
0.05,1312.142823510313,100.0
0.05,1313.219029194397,100.0
0.05,1314.295234878481,100.0
0.05,1315.371440562565,100.0
0.05,1316.4476462466491,100.0
0.05,1317.5238519307331,100.0
0.05,1318.6000576148172,100.0
0.05,1319.6762632989012,100.0
0.05,1320.7524689829852,100.0
0.05,1321.8286746670692,100.0
0.05,1322.9048803511532,100.0
0.05,1323.9810860352372,100.0
0.05,1325.0572917193213,100.0
0.05,1326.1334974034053,100.0
0.05,1327.2097030874893,100.0
0.05,1328.2859087715733,100.0
0.05,1329.3621144556573,100.0
0.05,1330.4383201397413,100.0
0.05,1331.5145258238254,100.0
0.05,1332.5907315079094,100.0
0.05,1333.6669371919934,100.0
0.05,1334.7431428760774,100.0
0.05,1335.8193485601614,100.0
0.05,1336.8955542442454,100.0
0.05,1337.9717599283294,100.0
0.05,1339.0479656124135,100.0
0.05,1340.1241712964975,100.0
0.05,1341.2003769805815,100.0
0.05,1342.2765826646655,100.0
0.05,1343.3527883487495,100.0
0.05,1344.4289940328335,100.0
0.05,1345.5051997169176,100.0
0.05,1346.387665149096,100.0
0.05,1347.2701305812743,100.0
0.05,1348.1525960134527,100.0
0.05,1349.035061445631,100.0
0.05,1350.0552475077054,100.0
0.05,1351.0754335697798,100.0
0.05,1352.095619631854,100.0
0.05,1353.1158056939285,100.0
0.05,1354.1359917560028,100.0
0.05,1355.1561778180771,100.0
0.05,1355.9785448234754,100.0
0.05,1356.0993275643268,100.0
0.05,1356.2201103051782,100.0
0.05,1356.3408930460296,100.0
0.05,1356.5824585277321,100.0
0.05,1356.8240240094347,100.0
0.05,1357.0655894911372,100.0
0.05,1357.7322834669758,100.0
0.05,1358.3989774428144,100.0
0.05,1359.065671418653,100.0
0.05,1359.7323653944916,100.0
0.05,1360.3990593703302,100.0
0.05,1361.0657533461688,100.0
0.05,1361.9613442602051,100.0
0.05,1362.8569351742415,100.0
0.05,1363.7525260882778,100.0
0.05,1364.6481170023142,100.0
0.05,1365.5437079163505,100.0
0.05,1366.4392988303869,100.0
0.05,1367.3348897444232,100.0
0.05,1368.2304806584596,100.0
0.05,1369.126071572496,100.0
0.05,1370.0216624865323,100.0
0.05,1370.9172534005686,100.0
0.05,1371.812844314605,100.0
0.05,1372.7084352286413,100.0
0.05,1373.6040261426776,100.0
0.05,1374.499617056714,100.0
0.05,1375.3952079707503,100.0
0.05,1376.2907988847867,100.0
0.05,1377.186389798823,100.0
0.05,1378.0819807128594,100.0
0.05,1378.9775716268957,100.0
0.05,1379.873162540932,100.0
0.05,1380.7687534549684,100.0
0.05,1381.6643443690048,100.0
0.05,1382.559935283041,100.0
0.05,1383.4555261970775,100.0
0.05,1384.3511171111138,100.0
0.05,1385.2467080251502,100.0
0.05,1386.1422989391865,100.0
0.05,1387.0378898532229,100.0
0.05,1387.9334807672592,100.0
0.05,1388.8290716812955,100.0
0.05,1389.8147523139485,100.0
0.05,1390.8004329466014,100.0
0.05,1391.7861135792543,100.0
0.05,1392.7717942119073,100.0
0.05,1393.7574748445602,100.0
0.05,1394.7431554772131,100.0
0.05,1395.728836109866,100.0
0.05,1396.714516742519,100.0
0.05,1397.700197375172,100.0
0.05,1398.5180378320647,100.0
0.05,1399.3358782889575,100.0
0.05,1400.1537187458503,100.0
0.05,1400.971559202743,100.0
0.05,1401.6362760587679,100.0
0.05,1402.3009929147927,100.0
0.05,1402.9657097708175,100.0
0.05,1403.6304266268423,100.0
0.05,1404.5028502310977,100.0
0.05,1405.375273835353,100.0
0.05,1406.2476974396084,100.0
0.05,1407.1201210438637,100.0
0.05,1408.167425005384,100.0
0.05,1409.2147289669044,100.0
0.05,1410.2620329284248,100.0
0.05,1411.3093368899451,100.0
0.05,1412.3566408514655,100.0
0.05,1413.4039448129859,100.0
0.05,1414.4512487745062,100.0
0.05,1415.4985527360266,100.0
0.05,1416.8276250361635,100.0
0.05,1418.1566973363003,100.0
0.05,1419.4857696364372,100.0
0.05,1420.814841936574,100.0
0.05,1422.143914236711,100.0
0.05,1423.4729865368479,100.0
0.05,1424.8020588369848,100.0
0.05,1426.1311311371217,100.0
0.05,1427.4602034372585,100.0
0.05,1428.7892757373954,100.0
0.05,1430.1183480375323,100.0
0.05,1431.4474203376692,100.0
0.05,1432.776492637806,100.0
0.05,1434.105564937943,100.0
0.05,1435.4346372380799,100.0
0.05,1436.7637095382167,100.0
0.05,1438.0927818383536,100.0
0.05,1439.4218541384905,100.0
0.05,1440.7509264386274,100.0
0.05,1442.0799987387643,100.0
0.05,1443.4090710389012,100.0
0.05,1444.738143339038,100.0
0.05,1446.067215639175,100.0
0.05,1447.3962879393118,100.0
0.05,1448.7253602394487,100.0
0.05,1450.0544325395856,100.0
0.05,1451.3835048397225,100.0
0.05,1452.455243767913,100.0
0.05,1453.5269826961037,100.0
0.05,1454.5987216242943,100.0
0.05,1455.6704605524849,100.0
0.05,1456.7421994806755,100.0
0.05,1457.813938408866,100.0
0.05,1458.8856773370567,100.0
0.05,1459.9574162652473,100.0
0.05,1461.0291551934379,100.0
0.05,1462.1008941216285,100.0
0.05,1463.172633049819,100.0
0.05,1464.2443719780097,100.0
0.05,1465.3161109062003,100.0
0.05,1466.3878498343909,100.0
0.05,1467.4595887625815,100.0
0.05,1468.531327690772,100.0
0.05,1469.6030666189627,100.0
0.05,1470.6748055471533,100.0
0.05,1471.7465444753439,100.0
0.05,1472.8182834035345,100.0
0.05,1473.6910269354146,100.0
0.05,1474.5637704672947,100.0
0.05,1475.4365139991748,100.0
0.05,1476.309257531055,100.0
0.05,1477.3054655329972,100.0
0.05,1478.3016735349395,100.0
0.05,1479.2978815368817,100.0
0.05,1480.294089538824,100.0
0.05,1481.2902975407662,100.0
0.05,1482.2865055427085,100.0
0.05,1483.0872576675065,100.0
0.05,1483.8880097923045,100.0
0.05,1484.6887619171025,100.0
0.05,1485.4895140419005,100.0
0.05,1486.3842975605787,100.0
0.05,1487.279081079257,100.0
0.05,1488.173864597935,100.0
0.05,1489.0686481166133,100.0
0.05,1489.9634316352915,100.0
0.05,1490.8582151539697,100.0
0.05,1491.752998672648,100.0
0.05,1492.647782191326,100.0
0.05,1493.5425657100043,100.0
0.05,1494.4373492286825,100.0
0.05,1495.5316434245785,100.0
0.05,1496.6259376204746,100.0
0.05,1497.7202318163706,100.0
0.05,1498.8145260122667,100.0
0.05,1499.9088202081628,100.0
0.05,1501.0031144040588,100.0
0.05,1502.0974085999549,100.0
0.05,1503.191702795851,100.0
0.05,1504.285996991747,100.0
0.05,1505.380291187643,100.0
0.05,1506.474585383539,100.0
0.05,1507.5688795794351,100.0
0.05,1508.6631737753312,100.0
0.05,1509.7574679712272,100.0
0.05,1510.8517621671233,100.0
0.05,1511.9460563630194,100.0
0.05,1512.8465849737668,100.0
0.05,1513.7471135845142,100.0
0.05,1514.6476421952616,100.0
0.05,1515.548170806009,100.0
0.05,1516.4486994167564,100.0
0.05,1517.3492280275038,100.0
0.05,1518.2497566382513,100.0
0.05,1519.2831365519573,100.0
0.05,1520.3165164656634,100.0
0.05,1521.3498963793695,100.0
0.05,1522.3832762930756,100.0
0.05,1523.4166562067817,100.0
0.05,1524.4500361204878,100.0
0.05,1525.4834160341939,100.0
0.05,1526.5167959479,100.0
0.05,1527.550175861606,100.0
0.05,1528.583555775312,100.0
0.05,1529.7266058147916,100.0
0.05,1530.869655854271,100.0
0.05,1532.0127058937505,100.0
0.05,1533.15575593323,100.0
0.05,1534.2988059727095,100.0
0.05,1535.441856012189,100.0
0.05,1536.5849060516684,100.0
0.05,1537.727956091148,100.0
0.05,1538.8710061306274,100.0
0.05,1540.0140561701069,100.0
0.05,1541.1571062095863,100.0
0.05,1542.3001562490658,100.0
0.05,1543.4432062885453,100.0
0.05,1544.5862563280248,100.0
0.05,1545.7293063675043,100.0
0.05,1546.8723564069837,100.0
0.05,1548.0154064464632,100.0
0.05,1549.1584564859427,100.0
0.05,1550.3015065254222,100.0
0.05,1551.4445565649016,100.0
0.05,1552.587606604381,100.0
0.05,1553.7306566438606,100.0
0.05,1554.87370668334,100.0
0.05,1556.0167567228195,100.0
0.05,1557.159806762299,100.0
0.05,1558.3028568017785,100.0
0.05,1559.445906841258,100.0
0.05,1560.5889568807374,100.0
0.05,1561.732006920217,100.0
0.05,1562.8750569596964,100.0
0.05,1564.0181069991759,100.0
0.05,1565.1611570386553,100.0
0.05,1566.3042070781348,100.0
0.05,1567.4472571176143,100.0
0.05,1568.5903071570938,100.0
0.05,1569.7333571965733,100.0
0.05,1570.8764072360527,100.0
0.05,1572.0194572755322,100.0
0.05,1573.1625073150117,100.0
0.05,1574.3055573544912,100.0
0.05,1575.4486073939706,100.0
0.05,1576.59165743345,100.0
0.05,1577.7347074729296,100.0
0.05,1578.877757512409,100.0
0.05,1580.0208075518885,100.0
0.05,1581.163857591368,100.0
0.05,1582.3069076308475,100.0
0.05,1583.449957670327,100.0
0.05,1584.5930077098064,100.0
0.05,1585.736057749286,100.0
0.05,1586.8791077887654,100.0
0.05,1588.0221578282449,100.0
0.05,1589.1652078677243,100.0
0.05,1590.3082579072038,100.0
0.05,1591.4513079466833,100.0
0.05,1592.5943579861628,100.0
0.05,1593.7374080256423,100.0
0.05,1594.8804580651217,100.0
0.05,1596.0235081046012,100.0
0.05,1597.1665581440807,100.0
0.05,1598.3096081835602,100.0
0.05,1599.4526582230396,100.0
0.05,1600.595708262519,100.0
0.05,1601.7387583019986,100.0
0.05,1602.881808341478,100.0
0.05,1604.0248583809575,100.0
0.05,1605.167908420437,100.0
0.05,1606.3109584599165,100.0
0.05,1607.454008499396,100.0
0.05,1608.5970585388754,100.0
0.05,1609.740108578355,100.0
0.05,1610.8831586178344,100.0
0.05,1612.0262086573139,100.0
0.05,1613.1692586967933,100.0
0.05,1614.3123087362728,100.0
0.05,1615.4553587757523,100.0
0.05,1616.5984088152318,100.0
0.05,1617.7414588547113,100.0
0.05,1618.8845088941907,100.0
0.05,1620.0275589336702,100.0
0.05,1621.1706089731497,100.0
0.05,1622.3136590126292,100.0
0.05,1623.4567090521086,100.0
0.05,1624.599759091588,100.0
0.05,1625.7428091310676,100.0
0.05,1626.885859170547,100.0
0.05,1628.0289092100265,100.0
0.05,1629.171959249506,100.0
0.05,1630.3150092889855,100.0
0.05,1631.458059328465,100.0
0.05,1632.6011093679444,100.0
0.05,1633.744159407424,100.0
0.05,1634.8872094469034,100.0
0.05,1635.8058854590024,100.0
0.05,1636.7245614711014,100.0
0.05,1637.6432374832004,100.0
0.05,1638.5619134952995,100.0
0.05,1639.4805895073985,100.0
0.05,1640.3992655194975,100.0
0.05,1641.3179415315965,100.0
0.05,1642.2366175436955,100.0
0.05,1643.1552935557945,100.0
0.05,1644.0739695678935,100.0
0.05,1644.8150588415608,100.0
0.05,1645.556148115228,100.0
0.05,1646.2972373888954,100.0
0.05,1647.0383266625627,100.0
0.05,1647.9437969651826,100.0
0.05,1648.8492672678026,100.0
0.05,1649.7547375704225,100.0
0.05,1650.6602078730425,100.0
0.05,1651.721379779204,100.0
0.05,1652.7825516853654,100.0
0.05,1653.843723591527,100.0
0.05,1654.9048954976884,100.0
0.05,1655.9660674038498,100.0
0.05,1657.0272393100113,100.0
0.05,1658.0884112161727,100.0
0.05,1659.1495831223342,100.0
0.05,1660.2107550284957,100.0
0.05,1661.2719269346571,100.0
0.05,1662.3330988408186,100.0
0.05,1663.39427074698,100.0
0.05,1664.4554426531415,100.0
0.05,1665.516614559303,100.0
0.05,1666.3976694301427,100.0
0.05,1667.2787243009825,100.0
0.05,1668.1597791718223,100.0
0.05,1669.040834042662,100.0
0.05,1670.0499253791559,100.0
0.05,1671.0590167156497,100.0
0.05,1672.0681080521435,100.0
0.05,1673.0771993886374,100.0
0.05,1674.2422762986523,100.0
0.05,1675.4073532086672,100.0
0.05,1676.5724301186822,100.0
0.05,1677.737507028697,100.0
0.05,1678.902583938712,100.0
0.05,1680.067660848727,100.0
0.05,1681.232737758742,100.0
0.05,1682.3978146687568,100.0
0.05,1683.5628915787718,100.0
0.05,1684.7279684887867,100.0
0.05,1685.8930453988016,100.0
0.05,1687.0581223088166,100.0
0.05,1688.2231992188315,100.0
0.05,1689.3882761288464,100.0
0.05,1690.5533530388614,100.0
0.05,1691.7184299488763,100.0
0.05,1692.8835068588912,100.0
0.05,1694.0485837689062,100.0
0.05,1695.213660678921,100.0
0.05,1696.378737588936,100.0
0.05,1697.543814498951,100.0
0.05,1698.7088914089659,100.0
0.05,1699.8739683189808,100.0
0.05,1701.0390452289957,100.0
0.05,1702.2041221390107,100.0
0.05,1703.3691990490256,100.0
0.05,1704.5342759590405,100.0
0.05,1705.6993528690555,100.0
0.05,1706.63128125987,100.0
0.05,1707.5632096506847,100.0
0.05,1708.4951380414993,100.0
0.05,1709.427066432314,100.0
0.05,1710.3589948231286,100.0
0.05,1711.2909232139432,100.0
0.05,1712.2228516047578,100.0
0.05,1713.1547799955724,100.0
0.05,1714.086708386387,100.0
0.05,1715.0186367772017,100.0
0.05,1716.1694706568142,100.0
0.05,1717.3203045364266,100.0
0.05,1718.4711384160391,100.0
0.05,1719.6219722956516,100.0
0.05,1720.7728061752641,100.0
0.05,1721.687445874351,100.0
0.05,1722.6020855734378,100.0
0.05,1723.5167252725246,100.0
0.05,1724.2356664324705,100.0
0.05,1724.7828669073147,100.0
0.05,1725.3300673821589,100.0
0.05,1725.877267857003,100.0
0.05,1726.4244683318473,100.0
0.05,1727.2483525671378,100.0
0.05,1728.0722368024283,100.0
0.05,1728.8961210377188,100.0
0.05,1729.7200052730093,100.0
0.05,1730.7284800592731,100.0
0.05,1731.736954845537,100.0
0.05,1732.7454296318008,100.0
0.05,1733.7539044180646,100.0
0.05,1734.7623792043285,100.0
0.05,1735.7708539905923,100.0
0.05,1736.7793287768561,100.0
0.05,1737.78780356312,100.0
0.05,1738.7962783493838,100.0
0.05,1739.8047531356476,100.0
0.05,1740.8132279219114,100.0
0.05,1741.8217027081753,100.0
0.05,1742.830177494439,100.0
0.05,1743.9719761598692,100.0
0.05,1745.1137748252993,100.0
0.05,1746.2555734907294,100.0
0.05,1747.3973721561595,100.0
0.05,1748.5391708215896,100.0
0.05,1749.6809694870196,100.0
0.05,1750.8227681524497,100.0
0.05,1751.9645668178798,100.0
0.05,1753.10636548331,100.0
0.05,1754.24816414874,100.0
0.05,1755.38996281417,100.0
0.05,1756.5317614796002,100.0
0.05,1757.478552822646,100.0
0.05,1758.4253441656917,100.0
0.05,1759.3721355087375,100.0
0.05,1760.3189268517833,100.0
0.05,1761.265718194829,100.0
0.05,1762.212509537875,100.0
0.05,1763.1593008809207,100.0
0.05,1764.2509612090792,100.0
0.05,1765.3426215372376,100.0
0.05,1766.434281865396,100.0
0.05,1767.5259421935546,100.0
0.05,1768.774063854189,100.0
0.05,1770.0221855148236,100.0
0.05,1771.2703071754581,100.0
0.05,1772.5184288360927,100.0
0.05,1773.5457749398665,100.0
0.05,1774.5731210436404,100.0
0.05,1775.6004671474143,100.0
0.05,1776.6278132511882,100.0
0.05,1777.655159354962,100.0
0.05,1778.682505458736,100.0
0.05,1779.7098515625098,100.0
0.05,1780.7371976662837,100.0
0.05,1781.7645437700576,100.0
0.05,1782.7918898738315,100.0
0.05,1783.8192359776053,100.0
0.05,1784.8465820813792,100.0
0.05,1785.873928185153,100.0
0.05,1786.901274288927,100.0
0.05,1787.9286203927009,100.0
0.05,1788.9559664964747,100.0
0.05,1790.1265107472639,100.0
0.05,1791.297054998053,100.0
0.05,1792.4675992488421,100.0
0.05,1793.6381434996313,100.0
0.05,1794.8086877504204,100.0
0.05,1795.9792320012095,100.0
0.05,1797.1497762519987,100.0
0.05,1798.3203205027878,100.0
0.05,1799.490864753577,100.0
0.05,1800.661409004366,100.0
0.05,1801.8319532551552,100.0
0.05,1803.0024975059443,100.0
0.05,1804.1730417567335,100.0
0.05,1805.3435860075226,100.0
0.05,1806.5141302583118,100.0
0.05,1807.4763152789026,100.0
0.05,1808.4385002994934,100.0
0.05,1809.4006853200842,100.0
0.05,1810.362870340675,100.0
0.05,1811.1383019884724,100.0
0.05,1811.9137336362699,100.0
0.05,1812.6891652840673,100.0
0.05,1813.4645969318647,100.0
0.05,1814.6060292158206,100.0
0.05,1815.7474614997766,100.0
0.05,1816.8888937837326,100.0
0.05,1818.0303260676885,100.0
0.05,1819.1717583516445,100.0
0.05,1820.3131906356004,100.0
0.05,1821.4546229195564,100.0
0.05,1822.7605721661748,100.0
0.05,1824.0665214127932,100.0
0.05,1825.3724706594116,100.0
0.05,1826.67841990603,100.0
0.05,1827.9843691526485,100.0
0.05,1829.2903183992669,100.0
0.05,1830.5962676458853,100.0
0.05,1831.9022168925037,100.0
0.05,1833.208166139122,100.0
0.05,1834.5141153857405,100.0
0.05,1835.820064632359,100.0
0.05,1837.1260138789773,100.0
0.05,1838.4319631255958,100.0
0.05,1839.7379123722142,100.0
0.05,1841.0438616188326,100.0
0.05,1842.349810865451,100.0
0.05,1843.6557601120694,100.0
0.05,1844.9617093586878,100.0
0.05,1846.2676586053062,100.0
0.05,1847.5736078519246,100.0
0.05,1848.879557098543,100.0
0.05,1850.1855063451615,100.0
0.05,1851.4914555917799,100.0
0.05,1852.7974048383983,100.0
0.05,1854.1033540850167,100.0
0.05,1855.409303331635,100.0
0.05,1856.7152525782535,100.0
0.05,1858.021201824872,100.0
0.05,1859.3271510714903,100.0
0.05,1860.6331003181087,100.0
0.05,1861.9390495647272,100.0
0.05,1863.2449988113456,100.0
0.05,1864.550948057964,100.0
0.05,1865.8568973045824,100.0
0.05,1867.1628465512008,100.0
0.05,1868.4687957978192,100.0
0.05,1869.7747450444376,100.0
0.05,1871.080694291056,100.0
0.05,1872.3866435376744,100.0
0.05,1873.6925927842929,100.0
0.05,1874.5704706984657,100.0
0.05,1875.4483486126385,100.0
0.05,1875.5511270819486,100.0
0.05,1875.6539055512587,100.0
0.05,1875.7566840205689,100.0
0.05,1875.962240959189,100.0
0.05,1876.1677978978094,100.0
0.05,1876.3733548364296,100.0
0.05,1876.6551418243864,100.0
0.05,1876.9369288123432,100.0
0.05,1877.2187158003,100.0
0.05,1877.4457859099193,100.0
0.05,1877.6728560195386,100.0
0.05,1877.8377888083448,100.0
0.05,1878.002721597151,100.0
0.05,1878.1150843839546,100.0
0.05,1878.2062901876932,100.0
0.05,1878.2778344673584,100.0
0.05,1878.3493787470236,100.0
0.05,1878.400201804024,100.0
0.05,1878.4413486790702,100.0
0.05,1878.4824955541164,100.0
0.05,1878.5124046716867,100.0
0.05,1878.542313789257,100.0
0.05,1878.5647000801619,100.0
0.05,1878.5870863710668,100.0
0.05,1878.6094726619717,100.0
0.05,1878.6318589528767,100.0
0.05,1878.634894298343,100.0
0.05,1878.6379296438092,100.0
0.05,1878.6409649892755,100.0
0.05,1878.6470356802083,100.0
0.05,1878.6531063711411,100.0
0.05,1878.659177062074,100.0
0.05,1878.670551561718,100.0
0.05,1878.681926061362,100.0
0.05,1878.693300561006,100.0
0.05,1878.70467506065,100.0
0.05,1878.7187959113257,100.0
0.05,1878.7329167620014,100.0
0.05,1878.747037612677,100.0
0.05,1878.7657763415143,100.0
0.05,1878.7845150703515,100.0
0.05,1878.8032537991887,100.0
0.05,1878.821992528026,100.0
0.05,1878.845391415845,100.0
0.05,1878.868790303664,100.0
0.05,1878.8921891914829,100.0
0.05,1878.9274890467789,100.0
0.05,1878.9627889020749,100.0
0.05,1878.9980887573709,100.0
0.05,1879.0490201685868,100.0
0.05,1879.0999515798028,100.0
0.05,1879.1508829910188,100.0
0.05,1879.2018144022347,100.0
0.05,1879.2789082905738,100.0
0.05,1879.3560021789128,100.0
0.05,1879.4330960672519,100.0
0.05,1879.5815058025566,100.0
0.05,1879.7299155378614,100.0
0.05,1879.8783252731662,100.0
0.05,1880.026735008471,100.0
0.05,1880.284933433407,100.0
0.05,1880.5431318583433,100.0
0.05,1880.8013302832794,100.0
0.05,1881.3421717313731,100.0
0.05,1881.8830131794668,100.0
0.05,1882.4238546275606,100.0
0.05,1882.9646960756543,100.0
0.05,1883.7394915452132,100.0
0.05,1884.5142870147722,100.0
0.05,1885.2890824843312,100.0
0.05,1886.0638779538901,100.0
0.05,1887.2343960120138,100.0
0.05,1888.4049140701375,100.0
0.05,1889.5754321282611,100.0
0.05,1890.7459501863848,100.0
0.05,1890.9173507543537,100.0
0.05,1891.0887513223227,100.0
0.05,1891.2601518902916,100.0
0.05,1891.6029530262297,100.0
0.05,1891.9457541621678,100.0
0.05,1892.2885552981058,100.0
0.05,1892.3538577595914,100.0
0.05,1892.419160221077,100.0
0.05,1892.4844626825625,100.0
0.05,1892.6150676055336,100.0
0.05,1892.7456725285047,100.0
0.05,1892.8762774514757,100.0
0.05,1893.0925940171298,100.0
0.05,1893.308910582784,100.0
0.05,1893.525227148438,100.0
0.05,1893.54977750062,100.0
0.05,1893.5743278528018,100.0
0.05,1893.5988782049837,100.0
0.05,1893.6479789093473,100.0
0.05,1893.697079613711,100.0
0.05,1893.7461803180745,100.0
0.05,1893.8439446305576,100.0
0.05,1893.9417089430408,100.0
0.05,1894.039473255524,100.0
0.05,1894.137237568007,100.0
0.05,1894.2705002129492,100.0
0.05,1894.4037628578913,100.0
0.05,1894.5370255028333,100.0
0.05,1894.7237943924194,100.0
0.05,1894.9105632820056,100.0
0.05,1895.0973321715917,100.0
0.05,1895.2841010611778,100.0
0.05,1895.5163944697492,100.0
0.05,1895.7486878783207,100.0
0.05,1895.980981286892,100.0
0.05,1896.3607256689636,100.0
0.05,1896.7404700510351,100.0
0.05,1897.1202144331066,100.0
0.05,1897.7209303822367,100.0
0.05,1898.3216463313668,100.0
0.05,1898.9223622804968,100.0
0.05,1899.9214988836627,100.0
0.05,1900.9206354868286,100.0
0.05,1901.9197720899945,100.0
0.05,1903.2759972604008,100.0
0.05,1904.6322224308071,100.0
0.05,1905.6197276243265,100.0
0.05,1906.408887816347,100.0
0.05,1907.1980480083676,100.0
0.05,1907.3057473994068,100.0
0.05,1907.413446790446,100.0
0.05,1907.5211461814852,100.0
0.05,1907.7365449635636,100.0
0.05,1907.951943745642,100.0
0.05,1908.2605892199324,100.0
0.05,1908.5038845975248,100.0
0.05,1908.7471799751172,100.0
0.05,1909.2337707303018,100.0
0.05,1909.7203614854864,100.0
0.05,1910.206952240671,100.0
0.05,1910.9162522433662,100.0
0.05,1911.6255522460615,100.0
0.05,1912.3348522487568,100.0
0.05,1913.1967755213,100.0
0.05,1914.0586987938432,100.0
0.05,1914.9206220663864,100.0
0.05,1916.3092567187864,100.0
0.05,1917.6978913711864,100.0
0.05,1919.0865260235864,100.0
0.05,1920.4751606759864,100.0
0.05,1922.3524381665954,100.0
0.05,1923.9078956881474,100.0
0.05,1924.2189871924577,100.0
0.05,1924.530078696768,100.0
0.05,1924.8411702010783,100.0
0.05,1925.463353209699,100.0
0.05,1926.08553621832,100.0
0.05,1927.068279741601,100.0
0.05,1928.051023264882,100.0
0.05,1929.033766788163,100.0
0.05,1930.912861183952,100.0
0.05,1932.791955579741,100.0
0.05,1934.67104997553,100.0
0.05,1937.007828578199,100.0
0.05,1939.344607180868,100.0
0.05,1941.681385783537,100.0
0.05,1944.018164386206,100.0
0.05,1947.3786170692608,100.0
0.05,1950.7390697523156,100.0
0.05,1954.0995224353703,100.0
0.05,1957.459975118425,100.0
0.05,1961.92217495759,100.0
0.05,1966.3843747967549,100.0
0.05,1970.8465746359198,100.0
0.05,1975.3087744750846,100.0
0.05,1982.4593120512595,100.0
0.05,1989.6098496274344,100.0
0.05,1996.7603872036093,100.0
0.05,2003.9109247797842,100.0
0.05,2014.2284361650313,100.0
0.05,2024.5459475502785,100.0
0.05,2034.8634589355256,100.0
0.05,2045.1809703207728,100.0
0.05,2062.7562179444108,100.0
0.05,2080.3314655680488,100.0
0.05,2097.906713191687,100.0
0.05,2115.481960815325,100.0
0.05,2159.776535895048,100.0
0.05,2204.071110974771,100.0
0.05,2248.365686054494,100.0
0.05,2500.0,100.0
0.1,0.0,1.952171791117621
0.1,0.0008139841704161641,1.952171791117621
0.1,0.001017480213020205,1.952171791117621
0.1,0.0010301987156829577,1.952171791117621
0.1,0.0010429172183457104,1.952171791117621
0.1,0.0010459763566550047,1.952171791117621
0.1,0.001049035494964299,1.952171791117621
0.1,0.0010520946332735932,1.952171791117621
0.1,0.0010551537715828875,1.952171791117621
0.1,0.0010582129098921818,1.952171791117621
0.1,0.001061272048201476,1.952171791117621
0.1,0.0010643311865107703,1.952171791117621
0.1,0.0010673903248200646,1.952171791117621
0.1,0.0010704494631293589,1.952171791117621
0.1,0.0010735086014386531,1.952171791117621
0.1,0.0010765677397479474,1.952171791117621
0.1,0.0010796268780572417,1.952171791117621
0.1,0.001082686016366536,1.952171791117621
0.1,0.0010857451546758302,1.952171791117621
0.1,0.0010888042929851245,1.952171791117621
0.1,0.0010918634312944188,1.952171791117621
0.1,0.001094922569603713,1.952171791117621
0.1,0.0011010408462223016,1.952171791117621
0.1,0.0011071591228408902,1.952171791117621
0.1,0.001168341889026775,1.952171791117621
0.1,0.0012295246552126598,1.952171791117621
0.1,0.0018413523170715087,1.952171791117621
0.1,0.0024531799789303576,1.952171791117621
0.1,0.004105661396173621,1.952171791117621
0.1,0.005758142813416884,1.952171791117621
0.1,0.008347875641287804,1.7569546120058561
0.1,0.010937608469158724,1.7569546120058561
0.1,0.013527341297029644,1.7569546120058561
0.1,0.017763171486374855,1.7569546120058561
0.1,0.021999001675720064,1.7569546120058561
0.1,0.026234831865065273,1.5617374328940912
0.1,0.030470662054410482,1.5617374328940912
0.1,0.035270497003008806,1.5617374328940912
0.1,0.040070331951607134,1.3665202537823404
0.1,0.04487016690020546,1.3665202537823404
0.1,0.04967000184880379,1.1713030746705755
0.1,0.055041435303029664,1.1713030746705755
0.1,0.06041286875725554,0.9760858955588105
0.1,0.06578430221148142,0.7808687164470456
0.1,0.07115573566570729,0.5856515373352806
0.1,0.07652716911993317,0.19521717911176495
0.1,0.08189860257415904,0.0
0.1,0.08727003602838491,0.0
0.1,0.09264146948261079,0.0
0.1,0.09665838918884292,0.0
0.1,0.10002452894836478,0.0
0.1,0.10339066870788663,0.0
0.1,0.10675680846740848,0.0
0.1,0.11207939848172929,0.0
0.1,0.1174019884960501,0.0
0.1,0.12272457851037091,0.0
0.1,0.12991336059952324,0.0
0.1,0.13710214268867557,0.0
0.1,0.1442909247778279,0.0
0.1,0.15147970686698023,0.0
0.1,0.15954298607486292,0.0
0.1,0.1676062652827456,0.0
0.1,0.1756695444906283,0.0
0.1,0.183732823698511,0.0
0.1,0.19405702640690478,0.0
0.1,0.20438122911529857,0.0
0.1,0.21470543182369237,0.0
0.1,0.23017685100069943,0.0
0.1,0.2456482701777065,0.0
0.1,0.2611196893547136,0.0
0.1,0.28295114352192174,0.0
0.1,0.3047825976891299,0.0
0.1,0.3266140518563381,0.0
0.1,0.35810634937799835,0.0
0.1,0.3895986468996586,0.0
0.1,0.4210909444213189,0.0
0.1,0.46815489181705505,3.709126403123477
0.1,0.5152188392127912,3.904343582235242
0.1,0.5622827866085274,3.904343582235242
0.1,0.6352328068326365,3.904343582235242
0.1,0.7081828270567456,4.099560761346993
0.1,0.7811328472808547,4.099560761346993
0.1,0.8939720122669381,4.099560761346993
0.1,1.0068111772530215,4.099560761346993
0.1,1.1196503422391049,4.294777940458758
0.1,1.2905938240611587,4.294777940458758
0.1,1.4615373058832126,4.294777940458758
0.1,1.6324807877052665,4.294777940458758
0.1,1.8034242695273204,4.294777940458758
0.1,1.9743677513493743,4.489995119570523
0.1,2.1401139341193374,4.489995119570523
0.1,2.3058601168893005,4.489995119570523
0.1,2.4716062996592636,4.489995119570523
0.1,2.773860670879341,4.489995119570523
0.1,3.0761150420994183,4.685212298682288
0.1,3.3783694133194957,4.685212298682288
0.1,3.7527799497476098,4.685212298682288
0.1,4.127190486175723,4.880429477794053
0.1,4.501601022603837,4.880429477794053
0.1,4.876011559031951,4.880429477794053
0.1,5.250422095460064,5.075646656905803
0.1,5.624832631888178,5.075646656905803
0.1,5.9992431683162915,5.075646656905803
0.1,6.373653704744405,5.270863836017568
0.1,6.748064241172519,5.270863836017568
0.1,7.122474777600632,5.270863836017568
0.1,7.5388180438205135,5.466081015129333
0.1,7.955161310040395,5.466081015129333
0.1,8.371504576260275,5.661298194241098
0.1,8.787847842480156,5.661298194241098
0.1,9.204191108700037,5.856515373352863
0.1,9.620534374919918,5.856515373352863
0.1,10.0368776411398,5.856515373352863
0.1,10.45322090735968,6.051732552464614
0.1,10.869564173579562,6.051732552464614
0.1,11.285907439799443,6.246949731576379
0.1,11.702250706019324,6.246949731576379
0.1,12.118593972239205,6.442166910688144
0.1,12.534937238459086,6.442166910688144
0.1,12.951280504678968,6.637384089799895
0.1,13.367623770898849,6.637384089799895
0.1,13.78396703711873,6.8326012689116595
0.1,14.200310303338611,6.8326012689116595
0.1,14.616653569558492,6.8326012689116595
0.1,15.032996835778373,7.0278184480234245
0.1,15.449340101998255,7.0278184480234245
0.1,15.865683368218136,7.223035627135189
0.1,16.282026634438015,7.223035627135189
0.1,16.74192060136326,7.418252806246954
0.1,17.20181456828851,7.418252806246954
0.1,17.661708535213755,7.613469985358705
0.1,18.042832079490868,7.613469985358705
0.1,18.42395562376798,7.80868716447047
0.1,18.805079168045093,7.80868716447047
0.1,19.186202712322206,8.003904343582235
0.1,19.56732625659932,8.003904343582235
0.1,19.948449800876432,8.199121522694
0.1,20.329573345153545,8.199121522694
0.1,20.710696889430658,8.394338701805765
0.1,21.09182043370777,8.394338701805765
0.1,21.472943977984883,8.589555880917516
0.1,21.854067522261996,8.589555880917516
0.1,22.23519106653911,8.78477306002928
0.1,22.61631461081622,8.78477306002928
0.1,22.997438155093334,8.979990239141046
0.1,23.378561699370447,8.979990239141046
0.1,23.75968524364756,9.17520741825281
0.1,24.140808787924673,9.17520741825281
0.1,24.521932332201786,9.370424597364575
0.1,24.9030558764789,9.370424597364575
0.1,25.28417942075601,9.565641776476326
0.1,25.665302965033124,9.565641776476326
0.1,26.046426509310237,9.760858955588091
0.1,26.42755005358735,9.760858955588091
0.1,26.808673597864463,9.956076134699856
0.1,27.189797142141575,9.956076134699856
0.1,27.570920686418688,10.151293313811621
0.1,27.9520442306958,10.151293313811621
0.1,28.333167774972914,10.346510492923386
0.1,28.714291319250027,10.346510492923386
0.1,29.09541486352714,10.541727672035137
0.1,29.476538407804252,10.541727672035137
0.1,29.857661952081365,10.736944851146902
0.1,30.169331704521074,10.736944851146902
0.1,30.481001456960783,10.932162030258667
0.1,30.792671209400492,10.932162030258667
0.1,31.1043409618402,10.932162030258667
0.1,31.41601071427991,11.127379209370417
0.1,31.72768046671962,11.127379209370417
0.1,32.039350219159324,11.322596388482182
0.1,32.35101997159903,11.322596388482182
0.1,32.662689724038735,11.517813567593947
0.1,32.97435947647844,11.517813567593947
0.1,33.286029228918146,11.517813567593947
0.1,33.59769898135785,11.713030746705712
0.1,33.90936873379756,11.713030746705712
0.1,34.22103848623726,11.908247925817477
0.1,34.53270823867697,11.908247925817477
0.1,34.84437799111667,12.103465104929228
0.1,35.15604774355638,12.103465104929228
0.1,35.467717495996084,12.298682284040993
0.1,35.77938724843579,12.298682284040993
0.1,36.091057000875495,12.493899463152758
0.1,36.4027267533152,12.493899463152758
0.1,36.714396505754905,12.493899463152758
0.1,37.02606625819461,12.689116642264523
0.1,37.337736010634316,12.689116642264523
0.1,37.64940576307402,12.884333821376288
0.1,37.96107551551373,12.884333821376288
0.1,38.27274526795343,13.079551000488038
0.1,38.58441502039314,13.079551000488038
0.1,38.89608477283284,13.274768179599803
0.1,39.20775452527255,13.274768179599803
0.1,39.519424277712254,13.469985358711568
0.1,39.83109403015196,13.469985358711568
0.1,40.142763782591665,13.665202537823333
0.1,40.45443353503137,13.665202537823333
0.1,40.766103287471076,13.860419716935098
0.1,41.07777303991078,13.860419716935098
0.1,41.389442792350486,14.055636896046849
0.1,41.70111254479019,14.055636896046849
0.1,42.0127822972299,14.250854075158614
0.1,42.3244520496696,14.250854075158614
0.1,42.63612180210931,14.446071254270379
0.1,42.94779155454901,14.446071254270379
0.1,43.25946130698872,14.64128843338213
0.1,43.571131059428424,14.64128843338213
0.1,43.88280081186813,14.836505612493895
0.1,44.194470564307835,14.836505612493895
0.1,44.50614031674754,14.836505612493895
0.1,44.817810069187246,15.03172279160566
0.1,45.12947982162695,15.226939970717424
0.1,45.44114957406666,15.226939970717424
0.1,45.75281932650636,15.42215714982919
0.1,46.06448907894607,15.42215714982919
0.1,46.37615883138577,15.61737432894094
0.1,46.68782858382548,15.61737432894094
0.1,46.999498336265184,15.812591508052705
0.1,47.31116808870489,15.812591508052705
0.1,47.622837841144595,16.00780868716447
0.1,47.9345075935843,16.00780868716447
0.1,48.246177346024005,16.203025866276235
0.1,48.50547548485056,16.203025866276235
0.1,48.76477362367711,16.203025866276235
0.1,49.02407176250366,16.398243045388
0.1,49.28336990133021,16.398243045388
0.1,49.54266804015676,16.59346022449975
0.1,49.801966178983314,16.59346022449975
0.1,50.061264317809865,16.788677403611516
0.1,50.35142567095268,16.788677403611516
0.1,50.64158702409549,16.98389458272328
0.1,50.93174837723831,16.98389458272328
0.1,51.22190973038112,17.179111761835046
0.1,51.512071083523935,17.179111761835046
0.1,51.80223243666675,17.37432894094681
0.1,52.09239378980956,17.37432894094681
0.1,52.38255514295238,17.56954612005856
0.1,52.67271649609519,17.56954612005856
0.1,52.962877849238005,17.764763299170326
0.1,53.25303920238082,17.764763299170326
0.1,53.54320055552363,17.95998047828209
0.1,53.83336190866645,17.95998047828209
0.1,54.12352326180926,18.155197657393856
0.1,54.413684614952075,18.155197657393856
0.1,54.70384596809489,18.35041483650562
0.1,54.9940073212377,18.35041483650562
0.1,55.28416867438052,18.54563201561737
0.1,55.57433002752333,18.54563201561737
0.1,55.864491380666145,18.740849194729137
0.1,56.15465273380896,18.740849194729137
0.1,56.44481408695177,18.9360663738409
0.1,56.73497544009459,18.9360663738409
0.1,57.0251367932374,19.131283552952652
0.1,57.315298146380215,19.131283552952652
0.1,57.60545949952303,19.326500732064417
0.1,57.89562085266584,19.521717911176182
0.1,58.18578220580866,19.521717911176182
0.1,58.47594355895147,19.716935090287947
0.1,58.766104912094285,19.716935090287947
0.1,59.0562662652371,19.912152269399712
0.1,59.34642761837991,19.912152269399712
0.1,59.63658897152273,20.107369448511463
0.1,59.92675032466554,20.107369448511463
0.1,60.16555849005421,20.302586627623228
0.1,60.40436665544288,20.302586627623228
0.1,60.64317482083155,20.497803806734993
0.1,60.881982986220216,20.497803806734993
0.1,61.120791151608884,20.497803806734993
0.1,61.35959931699755,20.693020985846758
0.1,61.59840748238622,20.693020985846758
0.1,61.83721564777489,20.888238164958523
0.1,62.07602381316356,20.888238164958523
0.1,62.31483197855223,21.083455344070273
0.1,62.553640143940896,21.083455344070273
0.1,62.792448309329565,21.27867252318204
0.1,63.031256474718234,21.27867252318204
0.1,63.2700646401069,21.473889702293803
0.1,63.50887280549557,21.473889702293803
0.1,63.74768097088424,21.66910688140557
0.1,63.98648913627291,21.66910688140557
0.1,64.22529730166158,21.66910688140557
0.1,64.46410546705026,21.864324060517333
0.1,64.73607510065011,21.864324060517333
0.1,65.00804473424996,22.059541239629084
0.1,65.28001436784982,22.059541239629084
0.1,65.55198400144967,22.25475841874085
0.1,65.82395363504952,22.449975597852614
0.1,66.09592326864937,22.449975597852614
0.1,66.36789290224922,22.64519277696438
0.1,66.63986253584908,22.64519277696438
0.1,66.91183216944893,22.840409956076144
0.1,67.18380180304878,22.840409956076144
0.1,67.45577143664863,23.035627135187895
0.1,67.72774107024848,23.035627135187895
0.1,67.99971070384834,23.23084431429966
0.1,68.27168033744819,23.23084431429966
0.1,68.54364997104804,23.426061493411424
0.1,68.81561960464789,23.426061493411424
0.1,69.08758923824774,23.621278672523175
0.1,69.3595588718476,23.81649585163494
0.1,69.63152850544745,23.81649585163494
0.1,69.9034981390473,24.011713030746705
0.1,70.12654966013334,24.011713030746705
0.1,70.34960118121937,24.20693020985847
0.1,70.5726527023054,24.20693020985847
0.1,70.79570422339144,24.20693020985847
0.1,71.01875574447747,24.402147388970235
0.1,71.24180726556351,24.402147388970235
0.1,71.46485878664954,24.597364568081986
0.1,71.68791030773558,24.597364568081986
0.1,71.91096182882161,24.79258174719375
0.1,72.13401334990765,24.79258174719375
0.1,72.35706487099368,24.987798926305516
0.1,72.58011639207972,24.987798926305516
0.1,72.80316791316575,24.987798926305516
0.1,73.02621943425179,25.18301610541728
0.1,73.24927095533782,25.18301610541728
0.1,73.47232247642386,25.378233284529045
0.1,73.69537399750989,25.378233284529045
0.1,73.91842551859592,25.573450463640796
0.1,74.14147703968196,25.573450463640796
0.1,74.364528560768,25.76866764275256
0.1,74.58758008185403,25.76866764275256
0.1,74.81063160294006,25.963884821864326
0.1,74.95811642736076,25.963884821864326
0.1,75.07970561394232,25.963884821864326
0.1,75.20129480052388,25.963884821864326
0.1,75.32288398710544,26.15910200097609
0.1,75.444473173687,26.15910200097609
0.1,75.57247037362667,26.15910200097609
0.1,75.70046757356634,26.15910200097609
0.1,75.82846477350601,26.354319180087856
0.1,75.95646197344568,26.354319180087856
0.1,76.13600268635564,26.354319180087856
0.1,76.3155433992656,26.549536359199607
0.1,76.49508411217555,26.549536359199607
0.1,76.6746248250855,26.549536359199607
0.1,76.85416553799546,26.74475353831137
0.1,77.03370625090541,26.74475353831137
0.1,77.21324696381537,26.74475353831137
0.1,77.42369472247796,26.939970717423137
0.1,77.59576611902315,26.939970717423137
0.1,77.76783751556835,27.135187896534887
0.1,77.93990891211354,27.135187896534887
0.1,78.11198030865873,27.135187896534887
0.1,78.28405170520392,27.330405075646652
0.1,78.45612310174911,27.330405075646652
0.1,78.6281944982943,27.330405075646652
0.1,78.89678918089018,27.525622254758417
0.1,79.16538386348606,27.525622254758417
0.1,79.43397854608193,27.720839433870182
0.1,79.7025732286778,27.720839433870182
0.1,79.97116791127368,27.720839433870182
0.1,80.23976259386956,27.916056612981947
0.1,80.50835727646543,27.916056612981947
0.1,80.81187191049678,28.111273792093698
0.1,81.11538654452812,28.111273792093698
0.1,81.41890117855947,28.306490971205463
0.1,81.72241581259081,28.306490971205463
0.1,82.02593044662216,28.501708150317228
0.1,82.27545558879731,28.501708150317228
0.1,82.52498073097247,28.501708150317228
0.1,82.77450587314763,28.696925329428993
0.1,83.02403101532279,28.696925329428993
0.1,83.27355615749795,28.696925329428993
0.1,83.52308129967311,28.892142508540758
0.1,83.56092031795109,28.892142508540758
0.1,83.59875933622907,28.892142508540758
0.1,83.63659835450704,28.892142508540758
0.1,83.69326244815778,28.892142508540758
0.1,83.74992654180852,28.892142508540758
0.1,83.82771993557023,28.892142508540758
0.1,83.90551332933194,28.892142508540758
0.1,83.98330672309365,28.892142508540758
0.1,84.1327829191319,28.892142508540758
0.1,84.28225911517015,29.08735968765251
0.1,84.4317353112084,29.08735968765251
0.1,84.65601472723363,29.08735968765251
0.1,84.88029414325885,29.08735968765251
0.1,85.10457355928408,29.282576866764273
0.1,85.3288529753093,29.282576866764273
0.1,85.55313239133453,29.282576866764273
0.1,85.77741180735975,29.47779404587604
0.1,86.08450626766238,29.47779404587604
0.1,86.391600727965,29.47779404587604
0.1,86.64678574560357,29.673011224987803
0.1,86.90197076324213,29.673011224987803
0.1,87.1571557808807,29.673011224987803
0.1,87.41234079851927,29.86822840409957
0.1,87.72159100473353,29.86822840409957
0.1,88.03084121094778,29.86822840409957
0.1,88.34009141716204,30.06344558321132
0.1,88.6493416233763,30.06344558321132
0.1,88.95859182959056,30.258662762323084
0.1,89.26784203580482,30.258662762323084
0.1,89.57709224201908,30.258662762323084
0.1,89.88634244823334,30.45387994143485
0.1,90.1955926544476,30.45387994143485
0.1,90.50484286066185,30.45387994143485
0.1,90.81409306687611,30.649097120546614
0.1,91.12334327309037,30.649097120546614
0.1,91.43259347930463,30.84431429965838
0.1,91.74184368551889,30.84431429965838
0.1,92.05109389173315,30.84431429965838
0.1,92.3603440979474,31.03953147877013
0.1,92.72358514923877,31.03953147877013
0.1,93.08682620053014,31.03953147877013
0.1,93.45006725182151,31.234748657881894
0.1,93.81330830311288,31.234748657881894
0.1,94.17654935440424,31.42996583699366
0.1,94.53979040569561,31.42996583699366
0.1,94.90303145698698,31.62518301610541
0.1,95.26627250827835,31.62518301610541
0.1,95.62951355956972,31.62518301610541
0.1,95.99275461086108,31.820400195217175
0.1,96.42897329600537,31.820400195217175
0.1,96.86519198114965,32.01561737432894
0.1,97.22311184419797,32.01561737432894
0.1,97.5810317072463,32.210834553440705
0.1,97.93895157029462,32.210834553440705
0.1,98.29687143334294,32.210834553440705
0.1,98.65479129639127,32.40605173255247
0.1,99.01271115943959,32.40605173255247
0.1,99.37063102248791,32.60126891166422
0.1,99.72855088553624,32.60126891166422
0.1,100.08647074858456,32.60126891166422
0.1,100.44439061163288,32.796486090775986
0.1,100.8023104746812,32.796486090775986
0.1,101.16023033772953,32.99170326988775
0.1,101.51815020077785,32.99170326988775
0.1,101.87607006382618,32.99170326988775
0.1,102.2339899268745,33.186920448999516
0.1,102.59190978992282,33.186920448999516
0.1,103.01942266584676,33.38213762811128
0.1,103.4469355417707,33.38213762811128
0.1,103.87444841769464,33.57735480722303
0.1,104.30196129361858,33.57735480722303
0.1,104.72947416954251,33.772571986334796
0.1,105.15698704546645,33.772571986334796
0.1,105.58449992139039,33.96778916544656
0.1,106.01201279731433,33.96778916544656
0.1,106.43952567323826,34.163006344558326
0.1,106.8670385491622,34.163006344558326
0.1,107.29455142508614,34.35822352367009
0.1,107.72206430101008,34.35822352367009
0.1,108.14957717693402,34.55344070278184
0.1,108.57709005285795,34.55344070278184
0.1,109.00460292878189,34.55344070278184
0.1,109.43211580470583,34.74865788189361
0.1,109.85962868062977,34.74865788189361
0.1,110.2871415565537,34.94387506100537
0.1,110.71465443247764,34.94387506100537
0.1,111.14216730840158,35.13909224011714
0.1,111.56968018432552,35.13909224011714
0.1,111.99719306024946,35.3343094192289
0.1,112.4247059361734,35.3343094192289
0.1,112.85221881209733,35.52952659834065
0.1,113.27973168802127,35.52952659834065
0.1,113.70724456394521,35.52952659834065
0.1,114.13475743986915,35.72474377745242
0.1,114.56227031579309,35.72474377745242
0.1,115.06813157992976,35.91996095656418
0.1,115.57399284406642,35.91996095656418
0.1,116.0798541082031,36.11517813567593
0.1,116.58571537233976,36.11517813567593
0.1,117.09157663647643,36.3103953147877
0.1,117.5974379006131,36.3103953147877
0.1,118.10329916474977,36.50561249389946
0.1,118.60916042888644,36.50561249389946
0.1,119.11502169302311,36.70082967301123
0.1,119.62088295715978,36.89604685212299
0.1,120.12674422129645,36.89604685212299
0.1,120.63260548543312,37.09126403123474
0.1,121.13846674956979,37.09126403123474
0.1,121.64432801370646,37.28648121034651
0.1,122.15018927784313,37.28648121034651
0.1,122.6560505419798,37.48169838945827
0.1,123.16191180611646,37.48169838945827
0.1,123.66777307025313,37.67691556857004
0.1,124.1736343343898,37.67691556857004
0.1,124.67949559852647,37.8721327476818
0.1,125.18535686266314,37.8721327476818
0.1,125.69121812679981,38.067349926793554
0.1,126.19707939093648,38.067349926793554
0.1,126.70294065507315,38.26256710590532
0.1,127.20880191920982,38.26256710590532
0.1,127.71466318334649,38.457784285017084
0.1,128.22052444748317,38.457784285017084
0.1,128.72638571161986,38.457784285017084
0.1,129.23224697575654,38.65300146412885
0.1,129.73810823989322,38.65300146412885
0.1,130.2439695040299,38.848218643240614
0.1,130.7498307681666,38.848218643240614
0.1,131.25569203230327,39.043435822352365
0.1,131.76155329643996,39.043435822352365
0.1,132.26741456057664,39.23865300146413
0.1,132.77327582471332,39.23865300146413
0.1,133.27913708885,39.433870180575894
0.1,133.7849983529867,39.433870180575894
0.1,134.29085961712337,39.629087359687645
0.1,134.79672088126006,39.629087359687645
0.1,135.30258214539674,39.82430453879941
0.1,135.80844340953342,39.82430453879941
0.1,136.3143046736701,40.019521717911175
0.1,136.8201659378068,40.019521717911175
0.1,137.23494574803524,40.019521717911175
0.1,137.6497255582637,40.21473889702294
0.1,138.06450536849215,40.21473889702294
0.1,138.4792851787206,40.21473889702294
0.1,138.96175302064037,40.409956076134705
0.1,139.33050838829323,40.409956076134705
0.1,139.69926375594608,40.605173255246456
0.1,140.06801912359893,40.605173255246456
0.1,140.43677449125178,40.605173255246456
0.1,140.80552985890463,40.80039043435822
0.1,141.1742852265575,40.80039043435822
0.1,141.54304059421034,40.80039043435822
0.1,141.9117959618632,40.995607613469986
0.1,142.28055132951604,40.995607613469986
0.1,142.6493066971689,40.995607613469986
0.1,143.01806206482175,40.995607613469986
0.1,143.3868174324746,41.19082479258175
0.1,143.75557280012745,41.19082479258175
0.1,144.2245274350043,41.386041971693516
0.1,144.69348206988113,41.386041971693516
0.1,145.16243670475797,41.386041971693516
0.1,145.6313913396348,41.581259150805266
0.1,146.16039596606433,41.581259150805266
0.1,146.68940059249385,41.77647632991703
0.1,147.21840521892338,41.77647632991703
0.1,147.7474098453529,41.971693509028796
0.1,148.27641447178243,41.971693509028796
0.1,148.80541909821196,41.971693509028796
0.1,149.33442372464148,42.16691068814056
0.1,149.863428351071,42.16691068814056
0.1,150.39243297750053,42.362127867252326
0.1,150.92143760393006,42.362127867252326
0.1,151.45044223035958,42.55734504636408
0.1,151.9794468567891,42.55734504636408
0.1,152.50845148321864,42.55734504636408
0.1,153.03745610964816,42.75256222547584
0.1,153.5664607360777,42.75256222547584
0.1,154.0954653625072,42.94777940458761
0.1,154.53267294380132,42.94777940458761
0.1,154.96988052509542,42.94777940458761
0.1,155.40708810638952,43.14299658369937
0.1,155.84429568768363,43.14299658369937
0.1,156.35303484345351,43.33821376281114
0.1,156.8617739992234,43.33821376281114
0.1,157.3705131549933,43.33821376281114
0.1,157.87925231076318,43.53343094192289
0.1,158.38799146653307,43.53343094192289
0.1,158.89673062230295,43.53343094192289
0.1,159.40546977807284,43.72864812103465
0.1,159.96675666267512,43.72864812103465
0.1,160.5280435472774,43.92386530014642
0.1,161.0893304318797,43.92386530014642
0.1,161.65061731648197,44.11908247925817
0.1,162.21190420108425,44.11908247925817
0.1,162.77319108568653,44.11908247925817
0.1,163.33447797028882,44.31429965836993
0.1,163.95295800665207,44.31429965836993
0.1,164.57143804301532,44.5095168374817
0.1,165.18991807937857,44.5095168374817
0.1,165.80839811574182,44.70473401659346
0.1,166.42687815210508,44.70473401659346
0.1,167.04535818846833,44.70473401659346
0.1,167.66383822483158,44.89995119570523
0.1,168.28231826119483,44.89995119570523
0.1,168.90079829755808,45.09516837481698
0.1,169.51927833392133,45.09516837481698
0.1,170.1377583702846,45.29038555392874
0.1,170.75623840664784,45.29038555392874
0.1,171.3747184430111,45.29038555392874
0.1,171.99319847937434,45.48560273304051
0.1,172.6116785157376,45.48560273304051
0.1,173.23015855210085,45.68081991215227
0.1,173.9394547622316,45.68081991215227
0.1,174.64875097236236,45.68081991215227
0.1,175.35804718249312,45.87603709126404
0.1,176.06734339262388,45.87603709126404
0.1,176.77663960275464,46.07125427037579
0.1,177.4859358128854,46.07125427037579
0.1,178.19523202301616,46.266471449487554
0.1,178.90452823314692,46.266471449487554
0.1,179.61382444327768,46.266471449487554
0.1,180.32312065340844,46.46168862859932
0.1,181.0324168635392,46.46168862859932
0.1,181.74171307366996,46.656905807711084
0.1,182.45100928380072,46.656905807711084
0.1,183.16030549393147,46.656905807711084
0.1,183.86960170406223,46.85212298682285
0.1,184.578897914193,46.85212298682285
0.1,185.28819412432375,46.85212298682285
0.1,185.9974903344545,47.0473401659346
0.1,186.70678654458527,47.0473401659346
0.1,187.41608275471603,47.0473401659346
0.1,188.1253789648468,47.242557345046365
0.1,188.83467517497755,47.242557345046365
0.1,189.5439713851083,47.242557345046365
0.1,190.25326759523907,47.43777452415813
0.1,190.96256380536983,47.43777452415813
0.1,191.67186001550058,47.43777452415813
0.1,192.38115622563134,47.43777452415813
0.1,193.0904524357621,47.632991703269894
0.1,193.79974864589286,47.632991703269894
0.1,194.50904485602362,47.632991703269894
0.1,195.21834106615438,47.632991703269894
0.1,195.92763727628514,47.632991703269894
0.1,196.6369334864159,47.82820888238166
0.1,197.34622969654666,47.82820888238166
0.1,198.05552590667742,47.82820888238166
0.1,198.76482211680818,47.82820888238166
0.1,199.47411832693894,47.82820888238166
0.1,200.1834145370697,47.82820888238166
0.1,200.89271074720045,47.82820888238166
0.1,201.6020069573312,47.82820888238166
0.1,202.31130316746197,47.82820888238166
0.1,203.02059937759273,48.02342606149341
0.1,203.7298955877235,48.02342606149341
0.1,204.43919179785425,48.02342606149341
0.1,205.148488007985,48.02342606149341
0.1,205.85778421811577,48.02342606149341
0.1,206.56708042824653,48.02342606149341
0.1,207.13132407128955,48.02342606149341
0.1,207.69556771433258,48.02342606149341
0.1,208.2598113573756,48.02342606149341
0.1,208.82405500041864,48.02342606149341
0.1,209.38829864346167,48.02342606149341
0.1,209.9525422865047,48.02342606149341
0.1,210.51678592954772,48.02342606149341
0.1,211.08102957259075,48.02342606149341
0.1,211.64527321563378,48.218643240605175
0.1,212.2095168586768,48.218643240605175
0.1,212.77376050171983,48.218643240605175
0.1,213.33800414476286,48.218643240605175
0.1,213.9022477878059,48.41386041971694
0.1,214.46649143084892,48.41386041971694
0.1,215.03073507389195,48.41386041971694
0.1,215.59497871693497,48.41386041971694
0.1,216.159222359978,48.60907759882869
0.1,216.72346600302103,48.60907759882869
0.1,217.28770964606406,48.804294777940456
0.1,217.8519532891071,48.804294777940456
0.1,218.41619693215011,48.804294777940456
0.1,218.98044057519314,48.99951195705222
0.1,219.68341261957335,48.99951195705222
0.1,220.38638466395355,49.194729136163986
0.1,221.08935670833375,49.194729136163986
0.1,221.64210785565092,49.38994631527575
0.1,222.1948590029681,49.38994631527575
0.1,222.74761015028525,49.38994631527575
0.1,223.30036129760242,49.5851634943875
0.1,223.8531124449196,49.5851634943875
0.1,224.40586359223676,49.780380673499266
0.1,224.95861473955392,49.780380673499266
0.1,225.57951234051657,49.97559785261103
0.1,226.20040994147922,49.97559785261103
0.1,226.82130754244187,50.170815031722796
0.1,227.44220514340452,50.170815031722796
0.1,227.95088567478643,50.36603221083456
0.1,228.45956620616835,50.36603221083456
0.1,228.96824673755026,50.56124938994631
0.1,229.47692726893217,50.56124938994631
0.1,229.98560780031409,50.56124938994631
0.1,230.494288331696,50.75646656905808
0.1,231.0029688630779,50.75646656905808
0.1,231.51164939445982,50.95168374816984
0.1,232.02032992584174,50.95168374816984
0.1,232.52901045722365,51.14690092728161
0.1,233.03769098860556,51.14690092728161
0.1,233.54637151998747,51.14690092728161
0.1,234.0550520513694,51.34211810639337
0.1,234.5637325827513,51.34211810639337
0.1,235.0724131141332,51.53733528550512
0.1,235.58109364551512,51.53733528550512
0.1,236.1458669649473,51.73255246461689
0.1,236.71064028437945,51.73255246461689
0.1,237.27541360381161,51.92776964372865
0.1,237.84018692324378,51.92776964372865
0.1,238.40496024267594,52.1229868228404
0.1,238.9697335621081,52.1229868228404
0.1,239.06307323800206,52.1229868228404
0.1,239.15641291389602,52.1229868228404
0.1,239.24975258978998,52.1229868228404
0.1,239.34309226568394,52.1229868228404
0.1,239.4740187577041,52.31820400195217
0.1,239.60494524972427,52.31820400195217
0.1,239.73587174174443,52.31820400195217
0.1,240.04523408001,52.31820400195217
0.1,240.35459641827558,52.31820400195217
0.1,240.66395875654115,52.51342118106393
0.1,240.97332109480672,52.51342118106393
0.1,241.2826834330723,52.51342118106393
0.1,241.59204577133787,52.51342118106393
0.1,242.0012499015721,52.7086383601757
0.1,242.41045403180632,52.7086383601757
0.1,242.81965816204055,52.90385553928746
0.1,243.22886229227478,52.90385553928746
0.1,243.638066422509,52.90385553928746
0.1,244.04727055274324,53.09907271839921
0.1,244.45647468297747,53.09907271839921
0.1,244.8656788132117,53.09907271839921
0.1,245.27488294344593,53.29428989751098
0.1,245.68408707368016,53.29428989751098
0.1,246.0932912039144,53.29428989751098
0.1,246.50249533414862,53.48950707662274
0.1,246.91169946438285,53.48950707662274
0.1,247.32090359461708,53.68472425573451
0.1,247.7301077248513,53.68472425573451
0.1,248.13931185508554,53.68472425573451
0.1,248.54851598531977,53.87994143484627
0.1,248.957720115554,53.87994143484627
0.1,249.36692424578823,53.87994143484627
0.1,249.77612837602246,54.075158613958024
0.1,250.18533250625669,54.075158613958024
0.1,250.59453663649091,54.075158613958024
0.1,251.055990166502,54.27037579306979
0.1,251.51744369651308,54.27037579306979
0.1,251.97889722652417,54.465592972181554
0.1,252.44035075653525,54.465592972181554
0.1,252.90180428654634,54.465592972181554
0.1,253.36325781655742,54.66081015129332
0.1,253.8247113465685,54.66081015129332
0.1,254.2861648765796,54.856027330405084
0.1,254.74761840659068,54.856027330405084
0.1,255.20907193660176,55.051244509516835
0.1,255.59287289099277,55.051244509516835
0.1,255.97667384538377,55.051244509516835
0.1,256.3604747997748,55.2464616886286
0.1,256.7442757541658,55.2464616886286
0.1,257.1684759431691,55.2464616886286
0.1,257.59267613217236,55.441678867740364
0.1,258.01687632117563,55.441678867740364
0.1,258.4410765101789,55.441678867740364
0.1,258.8652766991822,55.63689604685213
0.1,259.28947688818545,55.63689604685213
0.1,259.350806623854,55.63689604685213
0.1,259.36091860644035,55.63689604685213
0.1,259.3710305890267,55.63689604685213
0.1,259.39125455419946,55.63689604685213
0.1,259.4114785193722,55.63689604685213
0.1,259.5009998999497,55.63689604685213
0.1,259.5905212805272,55.63689604685213
0.1,259.72779010706876,55.832113225963894
0.1,259.8650589336103,55.832113225963894
0.1,260.0023277601519,55.832113225963894
0.1,260.31019733592075,55.832113225963894
0.1,260.6180669116896,55.832113225963894
0.1,260.92593648745844,56.027330405075645
0.1,261.2338060632273,56.027330405075645
0.1,261.54167563899614,56.027330405075645
0.1,261.849545214765,56.027330405075645
0.1,262.2106733435025,56.222547584187396
0.1,262.57180147224,56.222547584187396
0.1,262.9329296009775,56.222547584187396
0.1,263.294057729715,56.41776476329919
0.1,263.7533564692326,56.41776476329919
0.1,264.21265520875016,56.61298194241094
0.1,264.67195394826774,56.61298194241094
0.1,265.1312526877853,56.61298194241094
0.1,265.5905514273029,56.80819912152269
0.1,266.0498501668205,56.80819912152269
0.1,266.50914890633805,57.003416300634456
0.1,266.96844764585563,57.003416300634456
0.1,267.4277463853732,57.003416300634456
0.1,267.8870451248908,57.198633479746206
0.1,268.34634386440837,57.198633479746206
0.1,268.80564260392595,57.393850658858
0.1,269.2649413434435,57.393850658858
0.1,269.7242400829611,57.393850658858
0.1,270.1835388224787,57.58906783796975
0.1,270.64283756199626,57.58906783796975
0.1,271.10213630151384,57.7842850170815
0.1,271.5614350410314,57.7842850170815
0.1,272.020733780549,57.7842850170815
0.1,272.4800325200666,57.979502196193266
0.1,272.93933125958415,57.979502196193266
0.1,273.39862999910173,58.17471937530502
0.1,273.8579287386193,58.17471937530502
0.1,274.3172274781369,58.36993655441678
0.1,274.77652621765446,58.36993655441678
0.1,275.23582495717204,58.36993655441678
0.1,275.6951236966896,58.56515373352856
0.1,276.1544224362072,58.56515373352856
0.1,276.6137211757248,58.76037091264031
0.1,277.07301991524236,58.76037091264031
0.1,277.53231865475993,58.76037091264031
0.1,277.9916173942775,58.95558809175208
0.1,278.4509161337951,58.95558809175208
0.1,278.91021487331267,59.15080527086383
0.1,279.36951361283025,59.15080527086383
0.1,279.43641884518394,59.15080527086383
0.1,279.44867562109584,59.15080527086383
0.1,279.46093239700775,59.15080527086383
0.1,279.47318917291966,59.15080527086383
0.1,279.4977027247435,59.15080527086383
0.1,279.5222162765673,59.15080527086383
0.1,279.62363333633544,59.15080527086383
0.1,279.7250503961036,59.15080527086383
0.1,279.82646745587175,59.15080527086383
0.1,280.0871355101992,59.34602244997559
0.1,280.3478035645266,59.34602244997559
0.1,280.608471618854,59.34602244997559
0.1,280.98227929895177,59.54123962908737
0.1,281.3560869790495,59.54123962908737
0.1,281.72989465914725,59.54123962908737
0.1,282.103702339245,59.73645680819912
0.1,282.47751001934273,59.73645680819912
0.1,282.8513176994405,59.73645680819912
0.1,283.2251253795382,59.93167398731089
0.1,283.59893305963595,59.93167398731089
0.1,283.9727407397337,59.93167398731089
0.1,284.34654841983144,60.12689116642264
0.1,284.77456568100166,60.12689116642264
0.1,285.2025829421719,60.12689116642264
0.1,285.6306002033421,60.3221083455344
0.1,286.05861746451234,60.3221083455344
0.1,286.48663472568256,60.3221083455344
0.1,286.9146519868528,60.51732552464618
0.1,287.342669248023,60.51732552464618
0.1,287.8364043327762,60.71254270375793
0.1,288.33013941752944,60.71254270375793
0.1,288.82387450228265,60.9077598828697
0.1,289.31760958703586,60.9077598828697
0.1,289.8113446717891,60.9077598828697
0.1,290.3050797565423,61.10297706198145
0.1,290.7988148412955,61.10297706198145
0.1,291.2925499260487,61.2981942410932
0.1,291.7862850108019,61.2981942410932
0.1,292.28002009555513,61.49341142020499
0.1,292.77375518030834,61.49341142020499
0.1,293.26749026506155,61.68862859931674
0.1,293.76122534981477,61.68862859931674
0.1,294.254960434568,61.68862859931674
0.1,294.7486955193212,61.88384577842851
0.1,295.2424306040744,61.88384577842851
0.1,295.7361656888276,62.07906295754026
0.1,296.2299007735808,62.07906295754026
0.1,296.72363585833403,62.27428013665201
0.1,297.21737094308725,62.27428013665201
0.1,297.71110602784046,62.27428013665201
0.1,298.20484111259367,62.4694973157638
0.1,298.6985761973469,62.4694973157638
0.1,299.1923112821001,62.664714494875554
0.1,299.6860463668533,62.664714494875554
0.1,300.1797814516065,62.85993167398732
0.1,300.6735165363597,62.85993167398732
0.1,301.16725162111294,63.05514885309907
0.1,301.66098670586615,63.05514885309907
0.1,302.15472179061936,63.05514885309907
0.1,302.6484568753726,63.25036603221082
0.1,303.1421919601258,63.25036603221082
0.1,303.635927044879,63.445583211322614
0.1,304.1296621296322,63.445583211322614
0.1,304.6233972143854,63.640800390434364
0.1,305.11713229913863,63.640800390434364
0.1,305.61086738389184,63.83601756954613
0.1,306.10460246864506,63.83601756954613
0.1,306.59833755339827,63.83601756954613
0.1,307.0920726381515,64.03123474865788
0.1,307.5858077229047,64.03123474865788
0.1,308.0795428076579,64.22645192776963
0.1,308.5732778924111,64.22645192776963
0.1,309.0670129771643,64.42166910688142
0.1,309.56074806191754,64.42166910688142
0.1,310.05448314667075,64.61688628599317
0.1,310.54821823142396,64.61688628599317
0.1,311.04195331617717,64.61688628599317
0.1,311.5356884009304,64.81210346510493
0.1,312.0294234856836,64.81210346510493
0.1,312.5231585704368,65.00732064421669
0.1,313.01689365519,65.00732064421669
0.1,313.51062873994323,65.20253782332844
0.1,314.00436382469644,65.20253782332844
0.1,314.49809890944965,65.39775500244023
0.1,314.99183399420286,65.39775500244023
0.1,315.4855690789561,65.39775500244023
0.1,315.9793041637093,65.59297218155199
0.1,316.4730392484625,65.59297218155199
0.1,316.9667743332157,65.78818936066374
0.1,317.4605094179689,65.78818936066374
0.1,317.95424450272213,65.9834065397755
0.1,318.44797958747534,65.9834065397755
0.1,318.94171467222856,65.9834065397755
0.1,319.43544975698177,66.17862371888725
0.1,319.929184841735,66.17862371888725
0.1,320.4229199264882,66.37384089799905
0.1,320.9166550112414,66.37384089799905
0.1,321.4103900959946,66.5690580771108
0.1,321.9041251807478,66.5690580771108
0.1,322.39786026550104,66.76427525622255
0.1,322.89159535025425,66.76427525622255
0.1,323.38533043500746,66.76427525622255
0.1,323.8790655197607,66.95949243533431
0.1,324.3728006045139,66.95949243533431
0.1,324.8665356892671,67.15470961444606
0.1,325.3602707740203,67.15470961444606
0.1,325.8540058587735,67.34992679355783
0.1,326.34774094352673,67.34992679355783
0.1,326.84147602827994,67.5451439726696
0.1,327.33521111303315,67.5451439726696
0.1,327.82894619778637,67.5451439726696
0.1,328.3226812825396,67.74036115178136
0.1,328.8164163672928,67.74036115178136
0.1,329.310151452046,67.93557833089312
0.1,329.8038865367992,67.93557833089312
0.1,330.2976216215524,68.13079551000487
0.1,330.79135670630563,68.13079551000487
0.1,331.28509179105885,68.32601268911664
0.1,331.77882687581206,68.32601268911664
0.1,332.27256196056527,68.32601268911664
0.1,332.7662970453185,68.52122986822842
0.1,333.2600321300717,68.52122986822842
0.1,333.7537672148249,68.71644704734017
0.1,334.2475022995781,68.71644704734017
0.1,334.7412373843313,68.91166422645193
0.1,335.23497246908454,68.91166422645193
0.1,335.72870755383775,68.91166422645193
0.1,336.22244263859096,69.10688140556368
0.1,336.7161777233442,69.10688140556368
0.1,337.2099128080974,69.30209858467543
0.1,337.7036478928506,69.30209858467543
0.1,338.1973829776038,69.49731576378723
0.1,338.691118062357,69.49731576378723
0.1,339.18485314711023,69.69253294289898
0.1,339.67858823186344,69.69253294289898
0.1,340.17232331661666,69.69253294289898
0.1,340.66605840136987,69.88775012201074
0.1,341.1597934861231,69.88775012201074
0.1,341.6535285708763,70.0829673011225
0.1,342.1472636556295,70.0829673011225
0.1,342.6409987403827,70.27818448023424
0.1,343.1347338251359,70.27818448023424
0.1,343.62846890988914,70.47340165934604
0.1,344.12220399464235,70.47340165934604
0.1,344.61593907939556,70.47340165934604
0.1,345.10967416414877,70.66861883845779
0.1,345.603409248902,70.66861883845779
0.1,346.0971443336552,70.86383601756955
0.1,346.5908794184084,70.86383601756955
0.1,347.0846145031616,71.0590531966813
0.1,347.57834958791483,71.0590531966813
0.1,348.07208467266804,71.25427037579306
0.1,348.56581975742125,71.25427037579306
0.1,349.05955484217446,71.25427037579306
0.1,349.5532899269277,71.44948755490485
0.1,350.0470250116809,71.44948755490485
0.1,350.5407600964341,71.6447047340166
0.1,351.0344951811873,71.6447047340166
0.1,351.5282302659405,71.83992191312836
0.1,352.02196535069373,71.83992191312836
0.1,352.51570043544694,72.03513909224012
0.1,353.00943552020016,72.03513909224012
0.1,353.50317060495337,72.03513909224012
0.1,353.9969056897066,72.23035627135187
0.1,354.4906407744598,72.23035627135187
0.1,354.984375859213,72.42557345046365
0.1,355.4781109439662,72.42557345046365
0.1,355.9718460287194,72.62079062957541
0.1,356.46558111347264,72.62079062957541
0.1,356.95931619822585,72.62079062957541
0.1,357.45305128297906,72.81600780868717
0.1,357.9467863677323,72.81600780868717
0.1,358.4405214524855,73.01122498779893
0.1,358.9342565372387,73.01122498779893
0.1,359.4279916219919,73.20644216691068
0.1,359.9217267067451,73.20644216691068
0.1,360.41546179149833,73.40165934602246
0.1,360.90919687625154,73.40165934602246
0.1,361.40293196100475,73.40165934602246
0.1,361.89666704575797,73.59687652513422
0.1,362.3904021305112,73.59687652513422
0.1,362.8841372152644,73.79209370424599
0.1,363.3778723000176,73.79209370424599
0.1,363.8716073847708,73.98731088335774
0.1,364.365342469524,73.98731088335774
0.1,364.85907755427723,74.18252806246949
0.1,365.35281263903045,74.18252806246949
0.1,365.84654772378366,74.18252806246949
0.1,366.34028280853687,74.37774524158127
0.1,366.8340178932901,74.37774524158127
0.1,367.3277529780433,74.57296242069303
0.1,367.8214880627965,74.57296242069303
0.1,368.3152231475497,74.7681795998048
0.1,368.8089582323029,74.7681795998048
0.1,369.30269331705614,74.96339677891655
0.1,369.79642840180935,74.96339677891655
0.1,370.29016348656256,74.96339677891655
0.1,370.7838985713158,75.1586139580283
0.1,371.277633656069,75.1586139580283
0.1,371.7713687408222,75.35383113714005
0.1,372.2651038255754,75.35383113714005
0.1,372.7588389103286,75.54904831625184
0.1,373.25257399508183,75.54904831625184
0.1,373.74630907983504,75.7442654953636
0.1,374.24004416458826,75.7442654953636
0.1,374.73377924934147,75.7442654953636
0.1,375.2275143340947,75.93948267447536
0.1,375.7212494188479,75.93948267447536
0.1,376.2149845036011,76.13469985358711
0.1,376.7087195883543,76.13469985358711
0.1,377.2024546731075,76.32991703269886
0.1,377.69618975786074,76.32991703269886
0.1,378.18992484261395,76.32991703269886
0.1,378.68365992736716,76.52513421181065
0.1,379.17739501212037,76.52513421181065
0.1,379.6711300968736,76.72035139092242
0.1,380.1648651816268,76.72035139092242
0.1,380.65860026638,76.91556857003417
0.1,381.1523353511332,76.91556857003417
0.1,381.64607043588643,77.11078574914592
0.1,382.13980552063964,77.11078574914592
0.1,382.63354060539285,77.11078574914592
0.1,383.12727569014606,77.30600292825767
0.1,383.6210107748993,77.30600292825767
0.1,384.1147458596525,77.50122010736946
0.1,384.6084809444057,77.50122010736946
0.1,385.1022160291589,77.69643728648123
0.1,385.5959511139121,77.69643728648123
0.1,386.08968619866533,77.89165446559298
0.1,386.58342128341855,77.89165446559298
0.1,387.07715636817176,77.89165446559298
0.1,387.57089145292497,78.08687164470473
0.1,388.0646265376782,78.08687164470473
0.1,388.5583616224314,78.28208882381648
0.1,389.0520967071846,78.28208882381648
0.1,389.5458317919378,78.47730600292827
0.1,390.039566876691,78.47730600292827
0.1,390.53330196144424,78.67252318204002
0.1,391.02703704619745,78.67252318204002
0.1,391.52077213095066,78.67252318204002
0.1,392.0145072157039,78.86774036115179
0.1,392.5082423004571,78.86774036115179
0.1,393.0019773852103,79.06295754026354
0.1,393.4957124699635,79.06295754026354
0.1,393.9894475547167,79.25817471937529
0.1,394.48318263946993,79.25817471937529
0.1,394.97691772422314,79.25817471937529
0.1,395.47065280897635,79.45339189848708
0.1,395.96438789372957,79.45339189848708
0.1,396.4581229784828,79.64860907759883
0.1,396.951858063236,79.64860907759883
0.1,397.4455931479892,79.8438262567106
0.1,397.9393282327424,79.8438262567106
0.1,398.4330633174956,80.03904343582235
0.1,398.92679840224883,80.03904343582235
0.1,399.42053348700205,80.03904343582235
0.1,399.91426857175526,80.2342606149341
0.1,400.40800365650847,80.2342606149341
0.1,400.9017387412617,80.42947779404588
0.1,401.3954738260149,80.42947779404588
0.1,401.8892089107681,80.62469497315764
0.1,402.3829439955213,80.62469497315764
0.1,402.8766790802745,80.81991215226941
0.1,403.37041416502774,80.81991215226941
0.1,403.86414924978095,80.81991215226941
0.1,404.35788433453416,81.01512933138116
0.1,404.8516194192874,81.01512933138116
0.1,405.3453545040406,81.21034651049291
0.1,405.8390895887938,81.21034651049291
0.1,406.332824673547,81.40556368960469
0.1,406.8265597583002,81.40556368960469
0.1,407.32029484305343,81.60078086871646
0.1,407.81402992780664,81.60078086871646
0.1,408.30776501255986,81.60078086871646
0.1,408.80150009731307,81.79599804782822
0.1,409.2952351820663,81.79599804782822
0.1,409.7889702668195,81.99121522693997
0.1,410.2827053515727,81.99121522693997
0.1,410.7764404363259,82.18643240605172
0.1,411.2701755210791,82.18643240605172
0.1,411.76391060583234,82.18643240605172
0.1,412.25764569058555,82.3816495851635
0.1,412.75138077533876,82.3816495851635
0.1,413.24511586009197,82.57686676427527
0.1,413.7388509448452,82.57686676427527
0.1,414.2325860295984,82.77208394338703
0.1,414.7263211143516,82.77208394338703
0.1,415.2200561991048,82.96730112249878
0.1,415.71379128385803,82.96730112249878
0.1,416.20752636861124,82.96730112249878
0.1,416.70126145336445,83.16251830161053
0.1,417.19499653811766,83.16251830161053
0.1,417.6887316228709,83.35773548072228
0.1,418.1824667076241,83.35773548072228
0.1,418.6762017923773,83.55295265983408
0.1,419.1699368771305,83.55295265983408
0.1,419.6636719618837,83.74816983894584
0.1,420.15740704663693,83.74816983894584
0.1,420.65114213139015,83.74816983894584
0.1,421.14487721614336,83.94338701805759
0.1,421.63861230089657,83.94338701805759
0.1,422.1323473856498,84.13860419716934
0.1,422.626082470403,84.13860419716934
0.1,423.1198175551562,84.3338213762811
0.1,423.6135526399094,84.3338213762811
0.1,424.1072877246626,84.52903855539289
0.1,424.60102280941584,84.52903855539289
0.1,425.09475789416905,84.52903855539289
0.1,425.58849297892226,84.72425573450465
0.1,426.0822280636755,84.72425573450465
0.1,426.5759631484287,84.9194729136164
0.1,427.0696982331819,84.9194729136164
0.1,427.5634333179351,85.11469009272815
0.1,428.0571684026883,85.11469009272815
0.1,428.55090348744153,85.11469009272815
0.1,429.04463857219474,85.3099072718399
0.1,429.53837365694795,85.3099072718399
0.1,430.03210874170117,85.5051244509517
0.1,430.5258438264544,85.5051244509517
0.1,431.0195789112076,85.70034163006346
0.1,431.5133139959608,85.70034163006346
0.1,432.007049080714,85.89555880917521
0.1,432.5007841654672,85.89555880917521
0.1,432.99451925022043,85.89555880917521
0.1,433.48825433497365,86.09077598828696
0.1,433.98198941972686,86.09077598828696
0.1,434.47572450448007,86.28599316739871
0.1,434.9694595892333,86.28599316739871
0.1,435.4631946739865,86.48121034651051
0.1,435.9569297587397,86.48121034651051
0.1,436.4506648434929,86.67642752562226
0.1,436.9443999282461,86.67642752562226
0.1,437.43813501299934,86.67642752562226
0.1,437.93187009775255,86.87164470473402
0.1,438.42560518250576,86.87164470473402
0.1,438.919340267259,87.06686188384577
0.1,439.3990754368824,87.06686188384577
0.1,439.87881060650585,87.26207906295753
0.1,440.3585457761293,87.26207906295753
0.1,440.83828094575273,87.26207906295753
0.1,441.3797325223632,87.45729624206932
0.1,441.9211840989737,87.45729624206932
0.1,442.4626356755842,87.65251342118107
0.1,443.00408725219467,87.65251342118107
0.1,443.54553882880515,87.84773060029283
0.1,444.08699040541563,87.84773060029283
0.1,444.6284419820261,88.04294777940459
0.1,445.1698935586366,88.04294777940459
0.1,445.7113451352471,88.23816495851634
0.1,446.25279671185757,88.23816495851634
0.1,446.79424828846805,88.43338213762813
0.1,447.33569986507854,88.43338213762813
0.1,447.877151441689,88.62859931673988
0.1,448.4186030182995,88.62859931673988
0.1,448.96005459491,88.82381649585164
0.1,449.5015061715205,88.82381649585164
0.1,450.04295774813096,89.0190336749634
0.1,450.58440932474144,89.0190336749634
0.1,451.1258609013519,89.21425085407515
0.1,451.6673124779624,89.21425085407515
0.1,452.2087640545729,89.40946803318693
0.1,452.7502156311834,89.40946803318693
0.1,453.29166720779386,89.60468521229869
0.1,453.83311878440435,89.60468521229869
0.1,454.37457036101483,89.79990239141046
0.1,454.9160219376253,89.79990239141046
0.1,455.4574735142358,89.9951195705222
0.1,455.9989250908463,89.9951195705222
0.1,456.54037666745677,89.9951195705222
0.1,457.08182824406725,90.19033674963396
0.1,457.1696880119246,90.19033674963396
0.1,457.1848293023379,90.19033674963396
0.1,457.1999705927512,90.19033674963396
0.1,457.21511188316447,90.19033674963396
0.1,457.2453944639911,90.19033674963396
0.1,457.2756770448177,90.19033674963396
0.1,457.3733420731046,90.19033674963396
0.1,457.4710071013915,90.19033674963396
0.1,457.6178785888445,90.19033674963396
0.1,457.76475007629756,90.38555392874574
0.1,457.9116215637506,90.38555392874574
0.1,458.2068790292955,90.38555392874574
0.1,458.50213649484044,90.38555392874574
0.1,458.79739396038536,90.38555392874574
0.1,459.1702662451142,90.5807711078575
0.1,459.543138529843,90.5807711078575
0.1,459.91601081457185,90.5807711078575
0.1,460.2888830993007,90.77598828696927
0.1,460.6617553840295,90.77598828696927
0.1,461.03462766875833,90.77598828696927
0.1,461.40749995348716,90.97120546608102
0.1,461.780372238216,90.97120546608102
0.1,462.1532445229448,90.97120546608102
0.1,462.52611680767365,91.16642264519277
0.1,462.8989890924025,91.16642264519277
0.1,463.2718613771313,91.16642264519277
0.1,463.64473366186013,91.36163982430455
0.1,464.01760594658896,91.36163982430455
0.1,464.3904782313178,91.36163982430455
0.1,464.7633505160466,91.55685700341631
0.1,465.13622280077544,91.55685700341631
0.1,465.50909508550427,91.55685700341631
0.1,465.8819673702331,91.75207418252808
0.1,466.2548396549619,91.75207418252808
0.1,466.62771193969076,91.75207418252808
0.1,467.0005842244196,91.94729136163983
0.1,467.3734565091484,91.94729136163983
0.1,467.74632879387724,91.94729136163983
0.1,468.11920107860607,92.14250854075158
0.1,468.4920733633349,92.14250854075158
0.1,468.8649456480637,92.14250854075158
0.1,469.23781793279255,92.33772571986333
0.1,469.69398541669534,92.33772571986333
0.1,470.15015290059813,92.53294289897512
0.1,470.6063203845009,92.53294289897512
0.1,471.0624878684037,92.53294289897512
0.1,471.5186553523065,92.72816007808689
0.1,471.9748228362093,92.72816007808689
0.1,472.4309903201121,92.92337725719864
0.1,472.88715780401486,92.92337725719864
0.1,473.34332528791765,92.92337725719864
0.1,473.79949277182044,93.11859443631039
0.1,474.2556602557232,93.11859443631039
0.1,474.711827739626,93.31381161542214
0.1,475.1679952235288,93.31381161542214
0.1,475.6241627074316,93.31381161542214
0.1,476.0803301913344,93.50902879453393
0.1,476.5364976752372,93.50902879453393
0.1,476.99266515913996,93.7042459736457
0.1,477.44883264304275,93.7042459736457
0.1,477.8196303039227,93.7042459736457
0.1,478.1904279648026,93.89946315275745
0.1,478.56122562568254,93.89946315275745
0.1,478.93202328656247,93.89946315275745
0.1,479.3028209474424,94.0946803318692
0.1,479.67361860832233,94.0946803318692
0.1,480.04441626920226,94.0946803318692
0.1,480.45625307266386,94.28989751098095
0.1,480.86808987612545,94.28989751098095
0.1,481.27992667958705,94.48511469009274
0.1,481.69176348304865,94.48511469009274
0.1,482.15985657914445,94.48511469009274
0.1,482.62794967524025,94.68033186920451
0.1,483.01333529254833,94.68033186920451
0.1,483.3987209098564,94.68033186920451
0.1,483.7841065271645,94.87554904831626
0.1,484.1694921444726,94.87554904831626
0.1,484.5548777617807,94.87554904831626
0.1,484.9402633790888,95.07076622742801
0.1,485.2410835304819,95.07076622742801
0.1,485.28735035394686,95.07076622742801
0.1,485.33361717741184,95.07076622742801
0.1,485.3798840008768,95.07076622742801
0.1,485.4724176478068,95.07076622742801
0.1,485.56495129473683,95.07076622742801
0.1,485.65748494166684,95.07076622742801
0.1,485.96229099538607,95.26598340653976
0.1,486.2670970491053,95.26598340653976
0.1,486.57190310282454,95.26598340653976
0.1,486.87670915654377,95.46120058565155
0.1,487.181515210263,95.46120058565155
0.1,487.48632126398223,95.46120058565155
0.1,487.90453392721645,95.46120058565155
0.1,488.32274659045066,95.6564177647633
0.1,488.7409592536849,95.6564177647633
0.1,489.1591719169191,95.85163494387507
0.1,489.6620485923118,95.85163494387507
0.1,490.1649252677045,95.85163494387507
0.1,490.66780194309723,96.04685212298682
0.1,491.17067861848994,96.04685212298682
0.1,491.67355529388266,96.24206930209857
0.1,492.17643196927537,96.24206930209857
0.1,492.6793086446681,96.43728648121036
0.1,493.1821853200608,96.43728648121036
0.1,493.6850619954535,96.63250366032212
0.1,494.1879386708462,96.63250366032212
0.1,494.69081534623894,96.63250366032212
0.1,495.19369202163165,96.82772083943388
0.1,495.69656869702436,96.82772083943388
0.1,496.1994453724171,97.02293801854563
0.1,496.7023220478098,97.02293801854563
0.1,497.2051987232025,97.21815519765738
0.1,497.7080753985952,97.21815519765738
0.1,498.2109520739879,97.41337237676916
0.1,498.71382874938064,97.41337237676916
0.1,499.21670542477335,97.60858955588093
0.1,499.71958210016606,97.60858955588093
0.1,500.2224587755588,97.60858955588093
0.1,500.7253354509515,97.80380673499269
0.1,501.2282121263442,97.80380673499269
0.1,501.7310888017369,97.99902391410444
0.1,502.23396547712963,97.99902391410444
0.1,502.73684215252234,98.19424109321619
0.1,503.23971882791506,98.19424109321619
0.1,503.74259550330777,98.38945827232797
0.1,504.2454721787005,98.38945827232797
0.1,504.7483488540932,98.38945827232797
0.1,505.2512255294859,98.58467545143974
0.1,505.7541022048786,98.58467545143974
0.1,506.25697888027133,98.7798926305515
0.1,506.75985555566405,98.7798926305515
0.1,507.26273223105676,98.97510980966325
0.1,507.7656089064495,98.97510980966325
0.1,508.2684855818422,99.170326988775
0.1,508.7713622572349,99.170326988775
0.1,509.2742389326276,99.170326988775
0.1,509.7771156080203,99.36554416788678
0.1,510.27999228341304,99.36554416788678
0.1,510.78286895880575,99.56076134699855
0.1,511.28574563419846,99.56076134699855
0.1,511.7886223095912,99.75597852611031
0.1,512.2914989849838,99.75597852611031
0.1,512.7943756603765,99.95119570522206
0.1,513.2972523357693,99.95119570522206
0.1,513.800129011162,99.95119570522206
0.1,514.3030056865547,100.0
0.1,514.8058823619474,100.0
0.1,515.3087590373401,100.0
0.1,515.8116357127328,100.0
0.1,516.3145123881255,100.0
0.1,516.8173890635182,100.0
0.1,517.320265738911,100.0
0.1,517.8231424143037,100.0
0.1,518.3260190896964,100.0
0.1,518.8288957650891,100.0
0.1,519.3317724404818,100.0
0.1,519.8346491158745,100.0
0.1,520.3375257912672,100.0
0.1,520.84040246666,100.0
0.1,521.3432791420527,100.0
0.1,521.8461558174454,100.0
0.1,522.3490324928381,100.0
0.1,522.8519091682308,100.0
0.1,523.3547858436235,100.0
0.1,523.8576625190162,100.0
0.1,524.360539194409,100.0
0.1,524.8634158698017,100.0
0.1,525.3662925451944,100.0
0.1,525.8691692205871,100.0
0.1,526.3720458959798,100.0
0.1,526.8749225713725,100.0
0.1,527.3777992467652,100.0
0.1,527.8806759221579,100.0
0.1,528.3835525975506,100.0
0.1,528.8864292729434,100.0
0.1,529.3893059483361,100.0
0.1,529.8921826237288,100.0
0.1,530.3950592991215,100.0
0.1,530.8979359745142,100.0
0.1,531.4008126499069,100.0
0.1,531.9036893252996,100.0
0.1,532.4065660006924,100.0
0.1,532.9094426760851,100.0
0.1,533.4123193514778,100.0
0.1,533.9151960268705,100.0
0.1,534.4180727022632,100.0
0.1,534.9209493776559,100.0
0.1,535.4238260530486,100.0
0.1,535.9267027284413,100.0
0.1,536.429579403834,100.0
0.1,536.9324560792268,100.0
0.1,537.4353327546195,100.0
0.1,537.9382094300122,100.0
0.1,538.4410861054049,100.0
0.1,538.9439627807976,100.0
0.1,539.4468394561903,100.0
0.1,539.949716131583,100.0
0.1,540.4525928069758,100.0
0.1,540.9554694823685,100.0
0.1,541.4583461577612,100.0
0.1,541.9612228331539,100.0
0.1,542.4640995085466,100.0
0.1,542.9669761839393,100.0
0.1,543.469852859332,100.0
0.1,543.9727295347247,100.0
0.1,544.4756062101175,100.0
0.1,544.9784828855102,100.0
0.1,545.4813595609029,100.0
0.1,545.9842362362956,100.0
0.1,546.4871129116883,100.0
0.1,546.989989587081,100.0
0.1,547.4928662624737,100.0
0.1,547.9957429378665,100.0
0.1,548.4986196132592,100.0
0.1,549.0014962886519,100.0
0.1,549.5043729640446,100.0
0.1,550.0072496394373,100.0
0.1,550.51012631483,100.0
0.1,551.0130029902227,100.0
0.1,551.5158796656154,100.0
0.1,552.0187563410082,100.0
0.1,552.5216330164009,100.0
0.1,553.0245096917936,100.0
0.1,553.5273863671863,100.0
0.1,554.030263042579,100.0
0.1,554.5331397179717,100.0
0.1,555.0360163933644,100.0
0.1,555.5388930687571,100.0
0.1,556.0417697441499,100.0
0.1,556.5446464195426,100.0
0.1,557.0475230949353,100.0
0.1,557.550399770328,100.0
0.1,558.0532764457207,100.0
0.1,558.5561531211134,100.0
0.1,559.0590297965061,100.0
0.1,559.5619064718989,100.0
0.1,560.0647831472916,100.0
0.1,560.5676598226843,100.0
0.1,561.070536498077,100.0
0.1,561.5734131734697,100.0
0.1,562.0762898488624,100.0
0.1,562.5791665242551,100.0
0.1,563.0820431996478,100.0
0.1,563.5849198750406,100.0
0.1,564.0877965504333,100.0
0.1,564.590673225826,100.0
0.1,565.0935499012187,100.0
0.1,565.5964265766114,100.0
0.1,566.0993032520041,100.0
0.1,566.6021799273968,100.0
0.1,567.1050566027895,100.0
0.1,567.6079332781823,100.0
0.1,568.110809953575,100.0
0.1,568.6136866289677,100.0
0.1,569.1165633043604,100.0
0.1,569.6194399797531,100.0
0.1,570.1223166551458,100.0
0.1,570.6251933305385,100.0
0.1,571.1280700059312,100.0
0.1,571.630946681324,100.0
0.1,572.1338233567167,100.0
0.1,572.6367000321094,100.0
0.1,573.1395767075021,100.0
0.1,573.6424533828948,100.0
0.1,574.1453300582875,100.0
0.1,574.6482067336802,100.0
0.1,575.151083409073,100.0
0.1,575.6539600844657,100.0
0.1,576.1568367598584,100.0
0.1,576.6597134352511,100.0
0.1,577.1625901106438,100.0
0.1,577.6654667860365,100.0
0.1,578.1683434614292,100.0
0.1,578.671220136822,100.0
0.1,579.1740968122147,100.0
0.1,579.6769734876074,100.0
0.1,580.1798501630001,100.0
0.1,580.6827268383928,100.0
0.1,581.1856035137855,100.0
0.1,581.6884801891782,100.0
0.1,582.1913568645709,100.0
0.1,582.6942335399636,100.0
0.1,583.1971102153564,100.0
0.1,583.6999868907491,100.0
0.1,584.2028635661418,100.0
0.1,584.7057402415345,100.0
0.1,585.2086169169272,100.0
0.1,585.7114935923199,100.0
0.1,586.2143702677126,100.0
0.1,586.7172469431054,100.0
0.1,587.2201236184981,100.0
0.1,587.7230002938908,100.0
0.1,588.2258769692835,100.0
0.1,588.7287536446762,100.0
0.1,589.2316303200689,100.0
0.1,589.7345069954616,100.0
0.1,590.2373836708543,100.0
0.1,590.740260346247,100.0
0.1,591.2431370216398,100.0
0.1,591.7460136970325,100.0
0.1,592.2488903724252,100.0
0.1,592.7517670478179,100.0
0.1,593.2546437232106,100.0
0.1,593.7575203986033,100.0
0.1,594.260397073996,100.0
0.1,594.7632737493888,100.0
0.1,595.2661504247815,100.0
0.1,595.7690271001742,100.0
0.1,596.2719037755669,100.0
0.1,596.7747804509596,100.0
0.1,597.2776571263523,100.0
0.1,597.780533801745,100.0
0.1,598.2834104771377,100.0
0.1,598.7862871525305,100.0
0.1,599.2891638279232,100.0
0.1,599.7920405033159,100.0
0.1,600.2949171787086,100.0
0.1,600.7977938541013,100.0
0.1,601.300670529494,100.0
0.1,601.8035472048867,100.0
0.1,602.3064238802795,100.0
0.1,602.8093005556722,100.0
0.1,603.3121772310649,100.0
0.1,603.8150539064576,100.0
0.1,604.3179305818503,100.0
0.1,604.820807257243,100.0
0.1,605.3236839326357,100.0
0.1,605.8265606080284,100.0
0.1,606.3294372834212,100.0
0.1,606.8323139588139,100.0
0.1,607.3351906342066,100.0
0.1,607.8380673095993,100.0
0.1,608.340943984992,100.0
0.1,608.8438206603847,100.0
0.1,609.3466973357774,100.0
0.1,609.8495740111701,100.0
0.1,610.3524506865629,100.0
0.1,610.8553273619556,100.0
0.1,611.3582040373483,100.0
0.1,611.861080712741,100.0
0.1,612.3639573881337,100.0
0.1,612.8668340635264,100.0
0.1,613.3697107389191,100.0
0.1,613.8725874143119,100.0
0.1,614.3754640897046,100.0
0.1,614.8783407650973,100.0
0.1,615.38121744049,100.0
0.1,615.8840941158827,100.0
0.1,616.3869707912754,100.0
0.1,616.8898474666681,100.0
0.1,617.3927241420608,100.0
0.1,617.8956008174536,100.0
0.1,618.3984774928463,100.0
0.1,618.901354168239,100.0
0.1,619.4042308436317,100.0
0.1,619.9071075190244,100.0
0.1,620.4099841944171,100.0
0.1,620.9128608698098,100.0
0.1,621.4157375452025,100.0
0.1,621.9186142205953,100.0
0.1,622.421490895988,100.0
0.1,622.9243675713807,100.0
0.1,623.4272442467734,100.0
0.1,623.9301209221661,100.0
0.1,624.4329975975588,100.0
0.1,624.9358742729515,100.0
0.1,625.4387509483442,100.0
0.1,625.941627623737,100.0
0.1,626.4445042991297,100.0
0.1,626.9473809745224,100.0
0.1,627.4502576499151,100.0
0.1,627.9531343253078,100.0
0.1,628.4560110007005,100.0
0.1,628.9588876760932,100.0
0.1,629.461764351486,100.0
0.1,629.9646410268787,100.0
0.1,630.4675177022714,100.0
0.1,630.9703943776641,100.0
0.1,631.4732710530568,100.0
0.1,631.9761477284495,100.0
0.1,632.4790244038422,100.0
0.1,632.981901079235,100.0
0.1,633.4847777546277,100.0
0.1,633.9876544300204,100.0
0.1,634.4905311054131,100.0
0.1,634.9934077808058,100.0
0.1,635.4962844561985,100.0
0.1,635.9991611315912,100.0
0.1,636.5020378069839,100.0
0.1,637.0049144823766,100.0
0.1,637.5077911577694,100.0
0.1,638.0106678331621,100.0
0.1,638.5135445085548,100.0
0.1,639.0164211839475,100.0
0.1,639.5192978593402,100.0
0.1,640.0221745347329,100.0
0.1,640.5250512101256,100.0
0.1,641.0279278855184,100.0
0.1,641.5308045609111,100.0
0.1,642.0336812363038,100.0
0.1,642.5365579116965,100.0
0.1,643.0394345870892,100.0
0.1,643.5423112624819,100.0
0.1,644.0451879378746,100.0
0.1,644.5480646132673,100.0
0.1,645.05094128866,100.0
0.1,645.5538179640528,100.0
0.1,646.0566946394455,100.0
0.1,646.5595713148382,100.0
0.1,647.0624479902309,100.0
0.1,647.5653246656236,100.0
0.1,648.0682013410163,100.0
0.1,648.571078016409,100.0
0.1,649.0739546918018,100.0
0.1,649.5768313671945,100.0
0.1,650.0797080425872,100.0
0.1,650.5825847179799,100.0
0.1,651.0854613933726,100.0
0.1,651.5883380687653,100.0
0.1,652.091214744158,100.0
0.1,652.5940914195508,100.0
0.1,653.0969680949435,100.0
0.1,653.5998447703362,100.0
0.1,654.1027214457289,100.0
0.1,654.6055981211216,100.0
0.1,655.1084747965143,100.0
0.1,655.611351471907,100.0
0.1,656.1142281472997,100.0
0.1,656.6171048226925,100.0
0.1,657.1199814980852,100.0
0.1,657.6228581734779,100.0
0.1,658.1257348488706,100.0
0.1,658.6286115242633,100.0
0.1,659.131488199656,100.0
0.1,659.6343648750487,100.0
0.1,660.1372415504414,100.0
0.1,660.6401182258342,100.0
0.1,661.1429949012269,100.0
0.1,661.6458715766196,100.0
0.1,662.1487482520123,100.0
0.1,662.651624927405,100.0
0.1,663.1545016027977,100.0
0.1,663.6573782781904,100.0
0.1,664.1602549535831,100.0
0.1,664.6631316289759,100.0
0.1,665.1660083043686,100.0
0.1,665.6688849797613,100.0
0.1,666.171761655154,100.0
0.1,666.6746383305467,100.0
0.1,667.1775150059394,100.0
0.1,667.6803916813321,100.0
0.1,668.1832683567249,100.0
0.1,668.6861450321176,100.0
0.1,669.1890217075103,100.0
0.1,669.6042454724217,100.0
0.1,670.019469237333,100.0
0.1,670.4346930022444,100.0
0.1,670.8499167671558,100.0
0.1,671.3212450407051,100.0
0.1,671.7001713580543,100.0
0.1,672.0790976754034,100.0
0.1,672.4580239927526,100.0
0.1,672.8369503101018,100.0
0.1,673.2158766274509,100.0
0.1,673.5948029448001,100.0
0.1,673.9737292621493,100.0
0.1,674.4244337087324,100.0
0.1,674.7966079593477,100.0
0.1,675.1687822099631,100.0
0.1,675.5409564605784,100.0
0.1,675.9131307111937,100.0
0.1,676.344191681323,100.0
0.1,676.7752526514522,100.0
0.1,677.2063136215814,100.0
0.1,677.6373745917107,100.0
0.1,678.0684355618399,100.0
0.1,678.4994965319692,100.0
0.1,678.5627380490104,100.0
0.1,678.6259795660516,100.0
0.1,678.6892210830928,100.0
0.1,678.7750653850702,100.0
0.1,678.8609096870476,100.0
0.1,678.9467539890251,100.0
0.1,679.241859020328,100.0
0.1,679.5369640516309,100.0
0.1,679.8320690829338,100.0
0.1,680.2115175649642,100.0
0.1,680.5909660469946,100.0
0.1,680.970414529025,100.0
0.1,681.3498630110554,100.0
0.1,681.7293114930858,100.0
0.1,682.1087599751162,100.0
0.1,682.4882084571466,100.0
0.1,682.867656939177,100.0
0.1,683.2471054212074,100.0
0.1,683.6265539032378,100.0
0.1,684.0060023852682,100.0
0.1,684.3854508672986,100.0
0.1,684.764899349329,100.0
0.1,685.1881052989507,100.0
0.1,685.6113112485725,100.0
0.1,686.0345171981943,100.0
0.1,686.4577231478161,100.0
0.1,686.8809290974378,100.0
0.1,687.3041350470596,100.0
0.1,687.7273409966814,100.0
0.1,688.1505469463032,100.0
0.1,688.5737528959249,100.0
0.1,688.9969588455467,100.0
0.1,689.5345191050885,100.0
0.1,690.0720793646303,100.0
0.1,690.6096396241721,100.0
0.1,691.1471998837139,100.0
0.1,691.6847601432557,100.0
0.1,692.2223204027975,100.0
0.1,692.7598806623394,100.0
0.1,693.2974409218812,100.0
0.1,693.835001181423,100.0
0.1,694.3725614409648,100.0
0.1,694.9101217005066,100.0
0.1,695.4476819600484,100.0
0.1,695.9852422195902,100.0
0.1,696.522802479132,100.0
0.1,697.0603627386738,100.0
0.1,697.5979229982156,100.0
0.1,698.1354832577574,100.0
0.1,698.6730435172992,100.0
0.1,699.210603776841,100.0
0.1,699.7481640363828,100.0
0.1,700.2857242959246,100.0
0.1,700.8232845554664,100.0
0.1,701.3608448150082,100.0
0.1,701.89840507455,100.0
0.1,702.4359653340919,100.0
0.1,702.9735255936337,100.0
0.1,703.5110858531755,100.0
0.1,704.0486461127173,100.0
0.1,704.5862063722591,100.0
0.1,705.1237666318009,100.0
0.1,705.6613268913427,100.0
0.1,706.1988871508845,100.0
0.1,706.7364474104263,100.0
0.1,707.2740076699681,100.0
0.1,707.8115679295099,100.0
0.1,708.3491281890517,100.0
0.1,708.8866884485935,100.0
0.1,709.4242487081353,100.0
0.1,709.9618089676771,100.0
0.1,710.499369227219,100.0
0.1,711.0369294867608,100.0
0.1,711.5744897463026,100.0
0.1,712.1120500058444,100.0
0.1,712.6496102653862,100.0
0.1,713.187170524928,100.0
0.1,713.7247307844698,100.0
0.1,714.2622910440116,100.0
0.1,714.7998513035534,100.0
0.1,715.3374115630952,100.0
0.1,715.874971822637,100.0
0.1,716.4125320821788,100.0
0.1,716.9500923417206,100.0
0.1,717.4876526012624,100.0
0.1,718.0252128608042,100.0
0.1,718.562773120346,100.0
0.1,719.1003333798878,100.0
0.1,719.6378936394296,100.0
0.1,720.1754538989715,100.0
0.1,720.7130141585133,100.0
0.1,721.2505744180551,100.0
0.1,721.7881346775969,100.0
0.1,722.3256949371387,100.0
0.1,722.8632551966805,100.0
0.1,723.4008154562223,100.0
0.1,723.9383757157641,100.0
0.1,724.4759359753059,100.0
0.1,725.0134962348477,100.0
0.1,725.5510564943895,100.0
0.1,726.0886167539313,100.0
0.1,726.6261770134731,100.0
0.1,727.1637372730149,100.0
0.1,727.7012975325567,100.0
0.1,728.2388577920985,100.0
0.1,728.7764180516403,100.0
0.1,729.3139783111822,100.0
0.1,729.851538570724,100.0
0.1,730.3890988302658,100.0
0.1,730.9266590898076,100.0
0.1,731.4642193493494,100.0
0.1,732.0017796088912,100.0
0.1,732.539339868433,100.0
0.1,733.0769001279748,100.0
0.1,733.6144603875166,100.0
0.1,734.1520206470584,100.0
0.1,734.6895809066002,100.0
0.1,735.227141166142,100.0
0.1,735.7647014256838,100.0
0.1,736.3022616852256,100.0
0.1,736.8398219447674,100.0
0.1,737.3773822043092,100.0
0.1,737.914942463851,100.0
0.1,738.4525027233929,100.0
0.1,738.9900629829347,100.0
0.1,739.5276232424765,100.0
0.1,740.0651835020183,100.0
0.1,740.6027437615601,100.0
0.1,741.1403040211019,100.0
0.1,741.6778642806437,100.0
0.1,742.2154245401855,100.0
0.1,742.7529847997273,100.0
0.1,743.2905450592691,100.0
0.1,743.8281053188109,100.0
0.1,744.3656655783527,100.0
0.1,744.9032258378945,100.0
0.1,745.4407860974363,100.0
0.1,745.9783463569781,100.0
0.1,746.5159066165199,100.0
0.1,747.0534668760617,100.0
0.1,747.5910271356036,100.0
0.1,748.1285873951454,100.0
0.1,748.6661476546872,100.0
0.1,749.203707914229,100.0
0.1,749.7412681737708,100.0
0.1,750.2788284333126,100.0
0.1,750.8163886928544,100.0
0.1,751.3539489523962,100.0
0.1,751.891509211938,100.0
0.1,752.4290694714798,100.0
0.1,752.9666297310216,100.0
0.1,753.5041899905634,100.0
0.1,754.0417502501052,100.0
0.1,754.579310509647,100.0
0.1,755.1168707691888,100.0
0.1,755.6544310287306,100.0
0.1,756.1919912882724,100.0
0.1,756.7295515478143,100.0
0.1,757.2671118073561,100.0
0.1,757.8046720668979,100.0
0.1,758.3422323264397,100.0
0.1,758.8797925859815,100.0
0.1,759.4173528455233,100.0
0.1,759.9549131050651,100.0
0.1,760.4924733646069,100.0
0.1,761.0300336241487,100.0
0.1,761.5675938836905,100.0
0.1,762.1051541432323,100.0
0.1,762.6427144027741,100.0
0.1,763.1802746623159,100.0
0.1,763.7178349218577,100.0
0.1,764.2553951813995,100.0
0.1,764.7929554409413,100.0
0.1,765.3305157004831,100.0
0.1,765.868075960025,100.0
0.1,766.4056362195668,100.0
0.1,766.9431964791086,100.0
0.1,767.4807567386504,100.0
0.1,768.0183169981922,100.0
0.1,768.555877257734,100.0
0.1,769.0934375172758,100.0
0.1,769.6309977768176,100.0
0.1,770.1685580363594,100.0
0.1,770.7061182959012,100.0
0.1,771.243678555443,100.0
0.1,771.7812388149848,100.0
0.1,772.3187990745266,100.0
0.1,772.8563593340684,100.0
0.1,773.3939195936102,100.0
0.1,773.931479853152,100.0
0.1,774.4690401126938,100.0
0.1,775.0066003722357,100.0
0.1,775.5441606317775,100.0
0.1,776.0817208913193,100.0
0.1,776.6192811508611,100.0
0.1,777.1568414104029,100.0
0.1,777.6944016699447,100.0
0.1,778.2319619294865,100.0
0.1,778.7695221890283,100.0
0.1,779.3070824485701,100.0
0.1,779.8446427081119,100.0
0.1,780.3822029676537,100.0
0.1,780.9197632271955,100.0
0.1,781.4573234867373,100.0
0.1,781.9948837462791,100.0
0.1,782.5324440058209,100.0
0.1,783.0700042653627,100.0
0.1,783.6075645249045,100.0
0.1,784.1451247844464,100.0
0.1,784.6826850439882,100.0
0.1,785.22024530353,100.0
0.1,785.7578055630718,100.0
0.1,786.2953658226136,100.0
0.1,786.8329260821554,100.0
0.1,787.3704863416972,100.0
0.1,787.908046601239,100.0
0.1,788.4456068607808,100.0
0.1,788.9831671203226,100.0
0.1,789.5207273798644,100.0
0.1,790.0582876394062,100.0
0.1,790.595847898948,100.0
0.1,791.1334081584898,100.0
0.1,791.6709684180316,100.0
0.1,792.2085286775734,100.0
0.1,792.7460889371152,100.0
0.1,793.283649196657,100.0
0.1,793.8212094561989,100.0
0.1,794.3587697157407,100.0
0.1,794.8963299752825,100.0
0.1,795.3201030506056,100.0
0.1,795.7438761259286,100.0
0.1,796.1676492012517,100.0
0.1,796.5914222765748,100.0
0.1,797.0604300757751,100.0
0.1,797.5294378749754,100.0
0.1,797.9984456741757,100.0
0.1,798.467453473376,100.0
0.1,798.9364612725764,100.0
0.1,799.4054690717767,100.0
0.1,799.7677736445332,100.0
0.1,800.0613797127695,100.0
0.1,800.3549857810058,100.0
0.1,800.648591849242,100.0
0.1,800.9421979174783,100.0
0.1,801.3548097483799,100.0
0.1,801.7674215792815,100.0
0.1,802.1800334101831,100.0
0.1,802.5926452410847,100.0
0.1,803.0052570719863,100.0
0.1,803.4178689028879,100.0
0.1,803.8304807337895,100.0
0.1,804.312444303218,100.0
0.1,804.7944078726464,100.0
0.1,805.2763714420748,100.0
0.1,805.7583350115033,100.0
0.1,806.2402985809317,100.0
0.1,806.7222621503602,100.0
0.1,807.2042257197886,100.0
0.1,807.686189289217,100.0
0.1,808.1681528586455,100.0
0.1,808.6501164280739,100.0
0.1,809.1320799975024,100.0
0.1,809.6140435669308,100.0
0.1,810.0960071363593,100.0
0.1,810.5779707057877,100.0
0.1,811.0599342752162,100.0
0.1,811.5418978446446,100.0
0.1,812.023861414073,100.0
0.1,812.5058249835015,100.0
0.1,812.9877885529299,100.0
0.1,813.4697521223584,100.0
0.1,813.9517156917868,100.0
0.1,814.4336792612153,100.0
0.1,814.9156428306437,100.0
0.1,815.3976064000722,100.0
0.1,815.8795699695006,100.0
0.1,816.361533538929,100.0
0.1,816.8434971083575,100.0
0.1,817.3254606777859,100.0
0.1,817.8074242472144,100.0
0.1,818.2893878166428,100.0
0.1,818.7713513860713,100.0
0.1,819.1570660075059,100.0
0.1,819.5427806289406,100.0
0.1,819.9284952503752,100.0
0.1,820.3142098718099,100.0
0.1,820.6999244932446,100.0
0.1,820.7630450364671,100.0
0.1,820.7731872522671,100.0
0.1,820.7833294680671,100.0
0.1,820.8036138996672,100.0
0.1,820.8238983312673,100.0
0.1,820.9528892511313,100.0
0.1,821.0818801709953,100.0
0.1,821.2108710908593,100.0
0.1,821.5017990498719,100.0
0.1,821.7927270088845,100.0
0.1,822.0836549678971,100.0
0.1,822.4883057831951,100.0
0.1,822.892956598493,100.0
0.1,823.297607413791,100.0
0.1,823.7022582290889,100.0
0.1,824.1069090443868,100.0
0.1,824.5115598596848,100.0
0.1,824.9162106749827,100.0
0.1,825.3670571132889,100.0
0.1,825.817903551595,100.0
0.1,826.2687499899012,100.0
0.1,826.7195964282073,100.0
0.1,827.1704428665134,100.0
0.1,827.6212893048196,100.0
0.1,828.0721357431257,100.0
0.1,828.6055964065062,100.0
0.1,829.1390570698866,100.0
0.1,829.672517733267,100.0
0.1,830.2059783966474,100.0
0.1,830.7394390600278,100.0
0.1,831.2728997234083,100.0
0.1,831.8063603867887,100.0
0.1,832.3398210501691,100.0
0.1,832.8732817135495,100.0
0.1,833.40674237693,100.0
0.1,833.9402030403104,100.0
0.1,834.4736637036908,100.0
0.1,835.0071243670712,100.0
0.1,835.5405850304517,100.0
0.1,836.0740456938321,100.0
0.1,836.5040441464057,100.0
0.1,836.9340425989793,100.0
0.1,837.3640410515529,100.0
0.1,837.7940395041265,100.0
0.1,838.2240379567002,100.0
0.1,838.6540364092738,100.0
0.1,838.7193947311632,100.0
0.1,838.73067138738,100.0
0.1,838.7419480435967,100.0
0.1,838.7645013560302,100.0
0.1,838.7870546684637,100.0
0.1,838.8907750992385,100.0
0.1,838.9944955300132,100.0
0.1,839.1565295086046,100.0
0.1,839.3185634871961,100.0
0.1,839.4805974657876,100.0
0.1,839.79135099683,100.0
0.1,840.1021045278725,100.0
0.1,840.4128580589149,100.0
0.1,840.8440743092461,100.0
0.1,841.2752905595773,100.0
0.1,841.7065068099085,100.0
0.1,842.1377230602398,100.0
0.1,842.568939310571,100.0
0.1,843.0001555609022,100.0
0.1,843.4313718112334,100.0
0.1,843.8625880615646,100.0
0.1,844.2938043118958,100.0
0.1,844.725020562227,100.0
0.1,845.238637047339,100.0
0.1,845.752253532451,100.0
0.1,846.2658700175631,100.0
0.1,846.7794865026751,100.0
0.1,847.2931029877872,100.0
0.1,847.8067194728992,100.0
0.1,848.3203359580112,100.0
0.1,848.8339524431233,100.0
0.1,849.3475689282353,100.0
0.1,849.8611854133474,100.0
0.1,850.4314576755636,100.0
0.1,851.0017299377798,100.0
0.1,851.5720021999961,100.0
0.1,852.1422744622123,100.0
0.1,852.7125467244285,100.0
0.1,853.1845218055116,100.0
0.1,853.6564968865947,100.0
0.1,854.1284719676778,100.0
0.1,854.6004470487609,100.0
0.1,855.072422129844,100.0
0.1,855.5443972109271,100.0
0.1,856.0163722920101,100.0
0.1,856.4883473730932,100.0
0.1,856.9603224541763,100.0
0.1,857.4322975352594,100.0
0.1,857.5036651809828,100.0
0.1,857.5750328267062,100.0
0.1,857.6464004724296,100.0
0.1,857.7383680017781,100.0
0.1,857.8303355311266,100.0
0.1,857.9576011246231,100.0
0.1,858.0848667181197,100.0
0.1,858.2121323116162,100.0
0.1,858.4627024344737,100.0
0.1,858.7132725573313,100.0
0.1,858.9638426801888,100.0
0.1,859.3234805329553,100.0
0.1,859.6831183857217,100.0
0.1,860.0427562384882,100.0
0.1,860.4023940912547,100.0
0.1,860.7620319440211,100.0
0.1,861.1216697967876,100.0
0.1,861.6056521218558,100.0
0.1,862.0896344469239,100.0
0.1,862.5736167719921,100.0
0.1,863.0575990970602,100.0
0.1,863.6371522715568,100.0
0.1,864.2167054460534,100.0
0.1,864.79625862055,100.0
0.1,865.3758117950466,100.0
0.1,865.9553649695432,100.0
0.1,866.5349181440398,100.0
0.1,867.1144713185364,100.0
0.1,867.694024493033,100.0
0.1,868.2735776675296,100.0
0.1,868.8531308420262,100.0
0.1,869.4326840165228,100.0
0.1,870.0122371910194,100.0
0.1,870.591790365516,100.0
0.1,871.1713435400126,100.0
0.1,871.7508967145092,100.0
0.1,872.3304498890058,100.0
0.1,872.9100030635024,100.0
0.1,873.489556237999,100.0
0.1,874.0691094124955,100.0
0.1,874.6486625869921,100.0
0.1,875.2282157614887,100.0
0.1,875.8077689359853,100.0
0.1,876.3873221104819,100.0
0.1,876.9668752849785,100.0
0.1,877.5464284594751,100.0
0.1,878.1259816339717,100.0
0.1,878.7055348084683,100.0
0.1,879.2850879829649,100.0
0.1,879.8646411574615,100.0
0.1,880.4441943319581,100.0
0.1,881.0237475064547,100.0
0.1,881.6033006809513,100.0
0.1,882.1828538554479,100.0
0.1,882.7624070299445,100.0
0.1,883.3419602044411,100.0
0.1,883.9215133789377,100.0
0.1,884.5010665534343,100.0
0.1,885.0806197279309,100.0
0.1,885.6601729024275,100.0
0.1,886.2397260769241,100.0
0.1,886.8192792514207,100.0
0.1,887.3988324259172,100.0
0.1,887.9783856004138,100.0
0.1,888.5579387749104,100.0
0.1,889.137491949407,100.0
0.1,889.7170451239036,100.0
0.1,890.2965982984002,100.0
0.1,890.8761514728968,100.0
0.1,891.4557046473934,100.0
0.1,892.03525782189,100.0
0.1,892.6148109963866,100.0
0.1,893.1943641708832,100.0
0.1,893.7739173453798,100.0
0.1,894.3534705198764,100.0
0.1,894.933023694373,100.0
0.1,895.5125768688696,100.0
0.1,896.0921300433662,100.0
0.1,896.6716832178628,100.0
0.1,897.2512363923594,100.0
0.1,897.830789566856,100.0
0.1,898.4103427413526,100.0
0.1,898.9898959158492,100.0
0.1,899.5694490903458,100.0
0.1,900.1490022648424,100.0
0.1,900.728555439339,100.0
0.1,901.3081086138355,100.0
0.1,901.8876617883321,100.0
0.1,902.4672149628287,100.0
0.1,903.0467681373253,100.0
0.1,903.6263213118219,100.0
0.1,904.2058744863185,100.0
0.1,904.7854276608151,100.0
0.1,905.3649808353117,100.0
0.1,905.9445340098083,100.0
0.1,906.5240871843049,100.0
0.1,907.1036403588015,100.0
0.1,907.6831935332981,100.0
0.1,908.2627467077947,100.0
0.1,908.8422998822913,100.0
0.1,909.4218530567879,100.0
0.1,910.0014062312845,100.0
0.1,910.5809594057811,100.0
0.1,911.1605125802777,100.0
0.1,911.7400657547743,100.0
0.1,912.3196189292709,100.0
0.1,912.8991721037675,100.0
0.1,913.478725278264,100.0
0.1,914.0582784527606,100.0
0.1,914.6378316272572,100.0
0.1,915.2173848017538,100.0
0.1,915.7969379762504,100.0
0.1,916.376491150747,100.0
0.1,916.9560443252436,100.0
0.1,917.5355974997402,100.0
0.1,918.1151506742368,100.0
0.1,918.6947038487334,100.0
0.1,919.27425702323,100.0
0.1,919.8538101977266,100.0
0.1,920.4333633722232,100.0
0.1,921.0129165467198,100.0
0.1,921.5924697212164,100.0
0.1,922.172022895713,100.0
0.1,922.7515760702096,100.0
0.1,923.3311292447062,100.0
0.1,923.7930938901922,100.0
0.1,924.2550585356781,100.0
0.1,924.7170231811641,100.0
0.1,925.1789878266501,100.0
0.1,925.6894848154543,100.0
0.1,926.1999818042585,100.0
0.1,926.7104787930627,100.0
0.1,927.220975781867,100.0
0.1,927.7314727706712,100.0
0.1,928.2419697594754,100.0
0.1,928.633563282297,100.0
0.1,928.9507914899237,100.0
0.1,929.2680196975505,100.0
0.1,929.5852479051772,100.0
0.1,929.9024761128039,100.0
0.1,930.3521288161915,100.0
0.1,930.801781519579,100.0
0.1,931.2514342229665,100.0
0.1,931.701086926354,100.0
0.1,932.1507396297416,100.0
0.1,932.6003923331291,100.0
0.1,933.0500450365166,100.0
0.1,933.572123642675,100.0
0.1,934.0942022488334,100.0
0.1,934.6162808549918,100.0
0.1,935.1383594611502,100.0
0.1,935.6604380673086,100.0
0.1,936.182516673467,100.0
0.1,936.7045952796254,100.0
0.1,937.2266738857838,100.0
0.1,937.7487524919422,100.0
0.1,938.2708310981006,100.0
0.1,938.6946338732623,100.0
0.1,939.118436648424,100.0
0.1,939.5422394235857,100.0
0.1,939.9660421987473,100.0
0.1,940.389844973909,100.0
0.1,940.7143220974648,100.0
0.1,941.0387992210206,100.0
0.1,941.3632763445763,100.0
0.1,941.6877534681321,100.0
0.1,942.187813617439,100.0
0.1,942.687873766746,100.0
0.1,943.1879339160529,100.0
0.1,943.6879940653598,100.0
0.1,944.2485118746359,100.0
0.1,944.8090296839121,100.0
0.1,945.3695474931882,100.0
0.1,945.9300653024643,100.0
0.1,946.4905831117404,100.0
0.1,946.9515971542083,100.0
0.1,947.0183641644181,100.0
0.1,947.0851311746279,100.0
0.1,947.1518981848377,100.0
0.1,947.2854322052573,100.0
0.1,947.4189662256769,100.0
0.1,947.5525002460964,100.0
0.1,947.9304775731885,100.0
0.1,948.3084549002805,100.0
0.1,948.6864322273725,100.0
0.1,949.0644095544645,100.0
0.1,949.6636471970226,100.0
0.1,950.2628848395806,100.0
0.1,950.8621224821386,100.0
0.1,951.4613601246966,100.0
0.1,952.0605977672546,100.0
0.1,952.6598354098127,100.0
0.1,953.2590730523707,100.0
0.1,953.8583106949287,100.0
0.1,954.4575483374867,100.0
0.1,955.0567859800448,100.0
0.1,955.5455302313158,100.0
0.1,956.0342744825867,100.0
0.1,956.5230187338577,100.0
0.1,957.0117629851287,100.0
0.1,957.5557516572266,100.0
0.1,957.9923978526465,100.0
0.1,958.4290440480664,100.0
0.1,958.8656902434864,100.0
0.1,959.3023364389063,100.0
0.1,959.7389826343262,100.0
0.1,960.1756288297462,100.0
0.1,960.6122750251661,100.0
0.1,961.1394717896156,100.0
0.1,961.6666685540652,100.0
0.1,962.1938653185147,100.0
0.1,962.7210620829642,100.0
0.1,963.2482588474137,100.0
0.1,963.7754556118632,100.0
0.1,964.3026523763127,100.0
0.1,964.8298491407622,100.0
0.1,965.3570459052117,100.0
0.1,965.8842426696613,100.0
0.1,966.4114394341108,100.0
0.1,966.9386361985603,100.0
0.1,967.4658329630098,100.0
0.1,968.0980747791868,100.0
0.1,968.7303165953639,100.0
0.1,969.3625584115409,100.0
0.1,969.994800227718,100.0
0.1,970.627042043895,100.0
0.1,971.2592838600721,100.0
0.1,971.8915256762491,100.0
0.1,972.5237674924261,100.0
0.1,973.1560093086032,100.0
0.1,973.7882511247802,100.0
0.1,974.4204929409573,100.0
0.1,975.0527347571343,100.0
0.1,975.6849765733114,100.0
0.1,976.3172183894884,100.0
0.1,976.9494602056654,100.0
0.1,977.5817020218425,100.0
0.1,978.2139438380195,100.0
0.1,978.8461856541966,100.0
0.1,979.4784274703736,100.0
0.1,980.1106692865507,100.0
0.1,980.7429111027277,100.0
0.1,981.3751529189047,100.0
0.1,982.0073947350818,100.0
0.1,982.6396365512588,100.0
0.1,983.2718783674359,100.0
0.1,983.9041201836129,100.0
0.1,984.53636199979,100.0
0.1,985.168603815967,100.0
0.1,985.800845632144,100.0
0.1,986.4330874483211,100.0
0.1,987.0653292644981,100.0
0.1,987.6975710806752,100.0
0.1,988.3298128968522,100.0
0.1,988.9620547130293,100.0
0.1,989.5942965292063,100.0
0.1,990.2265383453833,100.0
0.1,990.8587801615604,100.0
0.1,991.4910219777374,100.0
0.1,992.1232637939145,100.0
0.1,992.7555056100915,100.0
0.1,993.3877474262686,100.0
0.1,994.0199892424456,100.0
0.1,994.6522310586226,100.0
0.1,995.2844728747997,100.0
0.1,995.9167146909767,100.0
0.1,996.5489565071538,100.0
0.1,997.1811983233308,100.0
0.1,997.8134401395079,100.0
0.1,998.4456819556849,100.0
0.1,999.077923771862,100.0
0.1,999.710165588039,100.0
0.1,1000.342407404216,100.0
0.1,1000.9746492203931,100.0
0.1,1001.6068910365701,100.0
0.1,1002.2391328527472,100.0
0.1,1002.8713746689242,100.0
0.1,1003.5036164851012,100.0
0.1,1004.1358583012783,100.0
0.1,1004.7681001174553,100.0
0.1,1005.4003419336324,100.0
0.1,1006.0325837498094,100.0
0.1,1006.6648255659865,100.0
0.1,1007.2970673821635,100.0
0.1,1007.9293091983405,100.0
0.1,1008.5615510145176,100.0
0.1,1009.1937928306946,100.0
0.1,1009.8260346468717,100.0
0.1,1010.4582764630487,100.0
0.1,1011.0905182792258,100.0
0.1,1011.7227600954028,100.0
0.1,1012.3550019115798,100.0
0.1,1012.9872437277569,100.0
0.1,1013.6194855439339,100.0
0.1,1014.251727360111,100.0
0.1,1014.883969176288,100.0
0.1,1015.5162109924651,100.0
0.1,1016.1484528086421,100.0
0.1,1016.7806946248191,100.0
0.1,1017.4129364409962,100.0
0.1,1018.0451782571732,100.0
0.1,1018.6774200733503,100.0
0.1,1019.3096618895273,100.0
0.1,1019.9419037057044,100.0
0.1,1020.5741455218814,100.0
0.1,1021.2063873380584,100.0
0.1,1021.8386291542355,100.0
0.1,1022.4708709704125,100.0
0.1,1023.1031127865896,100.0
0.1,1023.7353546027666,100.0
0.1,1024.3675964189438,100.0
0.1,1024.999838235121,100.0
0.1,1025.632080051298,100.0
0.1,1026.2643218674752,100.0
0.1,1026.8965636836524,100.0
0.1,1027.5288054998296,100.0
0.1,1028.1610473160067,100.0
0.1,1028.7932891321839,100.0
0.1,1029.425530948361,100.0
0.1,1030.0577727645382,100.0
0.1,1030.6900145807153,100.0
0.1,1031.3222563968925,100.0
0.1,1031.9544982130697,100.0
0.1,1032.5867400292468,100.0
0.1,1033.218981845424,100.0
0.1,1033.8512236616011,100.0
0.1,1034.4834654777783,100.0
0.1,1035.1157072939554,100.0
0.1,1035.7479491101326,100.0
0.1,1036.3801909263098,100.0
0.1,1037.012432742487,100.0
0.1,1037.644674558664,100.0
0.1,1038.2769163748412,100.0
0.1,1038.9091581910184,100.0
0.1,1039.5414000071955,100.0
0.1,1040.1736418233727,100.0
0.1,1040.8058836395498,100.0
0.1,1041.438125455727,100.0
0.1,1042.0703672719042,100.0
0.1,1042.7026090880813,100.0
0.1,1043.3348509042585,100.0
0.1,1043.9670927204356,100.0
0.1,1044.5993345366128,100.0
0.1,1045.23157635279,100.0
0.1,1045.863818168967,100.0
0.1,1046.4960599851443,100.0
0.1,1047.1283018013214,100.0
0.1,1047.7605436174986,100.0
0.1,1048.3927854336757,100.0
0.1,1049.0250272498529,100.0
0.1,1049.65726906603,100.0
0.1,1050.2895108822072,100.0
0.1,1050.9217526983844,100.0
0.1,1051.5539945145615,100.0
0.1,1052.1862363307387,100.0
0.1,1052.8184781469158,100.0
0.1,1053.450719963093,100.0
0.1,1054.0829617792701,100.0
0.1,1054.5990822288943,100.0
0.1,1055.1152026785185,100.0
0.1,1055.6313231281426,100.0
0.1,1056.1474435777668,100.0
0.1,1056.6399144122254,100.0
0.1,1057.132385246684,100.0
0.1,1057.6248560811425,100.0
0.1,1058.117326915601,100.0
0.1,1058.6097977500597,100.0
0.1,1059.1022685845182,100.0
0.1,1059.1751646238602,100.0
0.1,1059.1885658963326,100.0
0.1,1059.2019671688051,100.0
0.1,1059.2287697137501,100.0
0.1,1059.255572258695,100.0
0.1,1059.3832032098815,100.0
0.1,1059.5108341610678,100.0
0.1,1059.6384651122542,100.0
0.1,1060.055229248028,100.0
0.1,1060.4719933838016,100.0
0.1,1060.8887575195754,100.0
0.1,1061.396770315256,100.0
0.1,1061.9047831109365,100.0
0.1,1062.412795906617,100.0
0.1,1062.9208087022976,100.0
0.1,1063.5223123851904,100.0
0.1,1064.1238160680832,100.0
0.1,1064.725319750976,100.0
0.1,1065.3268234338689,100.0
0.1,1065.9283271167617,100.0
0.1,1066.5298307996545,100.0
0.1,1067.1313344825473,100.0
0.1,1067.7328381654402,100.0
0.1,1068.334341848333,100.0
0.1,1068.9358455312258,100.0
0.1,1069.5373492141186,100.0
0.1,1070.1388528970115,100.0
0.1,1070.7403565799043,100.0
0.1,1071.3418602627971,100.0
0.1,1071.94336394569,100.0
0.1,1072.5448676285828,100.0
0.1,1073.1463713114756,100.0
0.1,1073.7478749943684,100.0
0.1,1074.3493786772613,100.0
0.1,1074.950882360154,100.0
0.1,1075.552386043047,100.0
0.1,1076.1538897259397,100.0
0.1,1076.652900033446,100.0
0.1,1077.0598929832709,100.0
0.1,1077.4668859330957,100.0
0.1,1077.8738788829205,100.0
0.1,1078.2808718327453,100.0
0.1,1078.919590606196,100.0
0.1,1079.5583093796465,100.0
0.1,1080.197028153097,100.0
0.1,1080.8357469265477,100.0
0.1,1081.4744656999983,100.0
0.1,1082.1131844734489,100.0
0.1,1082.7519032468995,100.0
0.1,1083.39062202035,100.0
0.1,1084.0293407938007,100.0
0.1,1084.6680595672512,100.0
0.1,1085.3067783407018,100.0
0.1,1085.9454971141524,100.0
0.1,1086.584215887603,100.0
0.1,1087.2229346610536,100.0
0.1,1087.8616534345042,100.0
0.1,1088.5003722079548,100.0
0.1,1089.1390909814054,100.0
0.1,1089.777809754856,100.0
0.1,1090.4165285283066,100.0
0.1,1091.0552473017572,100.0
0.1,1091.6939660752078,100.0
0.1,1092.3326848486583,100.0
0.1,1092.971403622109,100.0
0.1,1093.6101223955595,100.0
0.1,1094.2488411690101,100.0
0.1,1094.8875599424607,100.0
0.1,1095.5262787159113,100.0
0.1,1096.164997489362,100.0
0.1,1096.8037162628125,100.0
0.1,1097.442435036263,100.0
0.1,1098.0811538097137,100.0
0.1,1098.7198725831643,100.0
0.1,1099.3585913566149,100.0
0.1,1099.9973101300654,100.0
0.1,1100.636028903516,100.0
0.1,1101.1505904957587,100.0
0.1,1101.6651520880014,100.0
0.1,1102.179713680244,100.0
0.1,1102.6942752724867,100.0
0.1,1103.272651400089,100.0
0.1,1103.8510275276913,100.0
0.1,1104.4294036552935,100.0
0.1,1105.0077797828958,100.0
0.1,1105.586155910498,100.0
0.1,1106.1645320381003,100.0
0.1,1106.7429081657026,100.0
0.1,1107.3212842933049,100.0
0.1,1107.8996604209071,100.0
0.1,1108.4780365485094,100.0
0.1,1109.0564126761117,100.0
0.1,1109.634788803714,100.0
0.1,1110.2131649313162,100.0
0.1,1110.8677351781914,100.0
0.1,1111.5223054250666,100.0
0.1,1112.1768756719418,100.0
0.1,1112.831445918817,100.0
0.1,1113.4860161656923,100.0
0.1,1114.1405864125675,100.0
0.1,1114.7951566594427,100.0
0.1,1115.449726906318,100.0
0.1,1116.104297153193,100.0
0.1,1116.7588674000683,100.0
0.1,1117.4134376469435,100.0
0.1,1118.0680078938187,100.0
0.1,1118.722578140694,100.0
0.1,1119.3771483875692,100.0
0.1,1120.0317186344444,100.0
0.1,1120.6862888813196,100.0
0.1,1121.3408591281948,100.0
0.1,1121.8702358008875,100.0
0.1,1122.3996124735802,100.0
0.1,1122.928989146273,100.0
0.1,1123.4583658189656,100.0
0.1,1124.0487410352428,100.0
0.1,1124.63911625152,100.0
0.1,1125.229491467797,100.0
0.1,1125.8198666840742,100.0
0.1,1126.4102419003514,100.0
0.1,1127.0006171166285,100.0
0.1,1127.5909923329057,100.0
0.1,1128.2421079896556,100.0
0.1,1128.8932236464054,100.0
0.1,1129.5443393031553,100.0
0.1,1130.1954549599052,100.0
0.1,1130.846570616655,100.0
0.1,1131.497686273405,100.0
0.1,1132.1488019301548,100.0
0.1,1132.7999175869047,100.0
0.1,1133.4510332436546,100.0
0.1,1134.1021489004045,100.0
0.1,1134.7532645571544,100.0
0.1,1135.4043802139042,100.0
0.1,1135.9186660129133,100.0
0.1,1136.4329518119223,100.0
0.1,1136.9472376109313,100.0
0.1,1137.4615234099404,100.0
0.1,1138.0313556144959,100.0
0.1,1138.6011878190513,100.0
0.1,1139.1710200236068,100.0
0.1,1139.7408522281623,100.0
0.1,1140.3106844327178,100.0
0.1,1140.8805166372733,100.0
0.1,1141.4503488418288,100.0
0.1,1142.1213100909079,100.0
0.1,1142.7922713399869,100.0
0.1,1143.463232589066,100.0
0.1,1144.134193838145,100.0
0.1,1144.805155087224,100.0
0.1,1145.476116336303,100.0
0.1,1146.147077585382,100.0
0.1,1146.818038834461,100.0
0.1,1147.48900008354,100.0
0.1,1148.159961332619,100.0
0.1,1148.8309225816981,100.0
0.1,1149.5018838307772,100.0
0.1,1150.1728450798562,100.0
0.1,1150.8438063289352,100.0
0.1,1151.4026918163286,100.0
0.1,1151.961577303722,100.0
0.1,1152.5204627911153,100.0
0.1,1153.0793482785086,100.0
0.1,1153.7284640653597,100.0
0.1,1154.2441911149801,100.0
0.1,1154.7599181646005,100.0
0.1,1155.275645214221,100.0
0.1,1155.7913722638414,100.0
0.1,1156.3070993134618,100.0
0.1,1156.8228263630822,100.0
0.1,1157.3385534127026,100.0
0.1,1157.9850214536696,100.0
0.1,1158.6314894946365,100.0
0.1,1159.2779575356035,100.0
0.1,1159.9244255765705,100.0
0.1,1160.4477715680682,100.0
0.1,1160.971117559566,100.0
0.1,1161.3629866946874,100.0
0.1,1161.7548558298088,100.0
0.1,1162.0362523946096,100.0
0.1,1162.3176489594105,100.0
0.1,1162.524008720016,100.0
0.1,1162.7303684806213,100.0
0.1,1162.9367282412268,100.0
0.1,1162.963183218482,100.0
0.1,1162.9896381957374,100.0
0.1,1163.0160931729927,100.0
0.1,1163.0690031275033,100.0
0.1,1163.1219130820139,100.0
0.1,1163.1748230365245,100.0
0.1,1163.2562746970157,100.0
0.1,1163.3377263575069,100.0
0.1,1163.419178017998,100.0
0.1,1163.4711946377229,100.0
0.1,1163.5232112574477,100.0
0.1,1163.559329127702,100.0
0.1,1163.5954469979565,100.0
0.1,1163.621390228112,100.0
0.1,1163.6473334582674,100.0
0.1,1163.667461581437,100.0
0.1,1163.6875897046066,100.0
0.1,1163.7077178277762,100.0
0.1,1163.7221855618138,100.0
0.1,1163.7250791086215,100.0
0.1,1163.727972655429,100.0
0.1,1163.7308662022367,100.0
0.1,1163.7366532958517,100.0
0.1,1163.7424403894668,100.0
0.1,1163.7482274830818,100.0
0.1,1163.759870457387,100.0
0.1,1163.7715134316923,100.0
0.1,1163.7831564059975,100.0
0.1,1163.7947993803027,100.0
0.1,1163.8088818098608,100.0
0.1,1163.822964239419,100.0
0.1,1163.837046668977,100.0
0.1,1163.855781602398,100.0
0.1,1163.874516535819,100.0
0.1,1163.89325146924,100.0
0.1,1163.9119864026611,100.0
0.1,1163.9346193254219,100.0
0.1,1163.9572522481826,100.0
0.1,1163.9798851709434,100.0
0.1,1164.0117807234246,100.0
0.1,1164.043676275906,100.0
0.1,1164.0755718283872,100.0
0.1,1164.123503969207,100.0
0.1,1164.1714361100267,100.0
0.1,1164.2193682508464,100.0
0.1,1164.2673003916661,100.0
0.1,1164.3422232054538,100.0
0.1,1164.4171460192415,100.0
0.1,1164.4920688330292,100.0
0.1,1164.6328073841462,100.0
0.1,1164.7735459352632,100.0
0.1,1164.9142844863802,100.0
0.1,1165.0550230374972,100.0
0.1,1165.3092097816234,100.0
0.1,1165.5633965257496,100.0
0.1,1165.8175832698757,100.0
0.1,1166.3270223237723,100.0
0.1,1166.836461377669,100.0
0.1,1167.3459004315655,100.0
0.1,1167.855339485462,100.0
0.1,1168.554442010287,100.0
0.1,1169.2535445351118,100.0
0.1,1169.9526470599367,100.0
0.1,1170.5290772076064,100.0
0.1,1170.9688352431103,100.0
0.1,1171.311335304942,100.0
0.1,1171.5368458806367,100.0
0.1,1171.7107125741643,100.0
0.1,1171.8845792676918,100.0
0.1,1172.0584459612194,100.0
0.1,1172.0787814946948,100.0
0.1,1172.0991170281702,100.0
0.1,1172.1194525616456,100.0
0.1,1172.1601236285965,100.0
0.1,1172.2007946955473,100.0
0.1,1172.2606920302273,100.0
0.1,1172.3049676348842,100.0
0.1,1172.349243239541,100.0
0.1,1172.4213905990816,100.0
0.1,1172.4935379586223,100.0
0.1,1172.5656853181629,100.0
0.1,1172.668463840175,100.0
0.1,1172.7712423621872,100.0
0.1,1172.8740208841994,100.0
0.1,1172.9767994062115,100.0
0.1,1173.0795779282237,100.0
0.1,1173.1823564502358,100.0
0.1,1173.285134972248,100.0
0.1,1173.3879134942601,100.0
0.1,1173.4906920162723,100.0
0.1,1173.7193920928098,100.0
0.1,1173.9480921693473,100.0
0.1,1174.1767922458848,100.0
0.1,1174.5677312607177,100.0
0.1,1174.9586702755505,100.0
0.1,1175.3496092903833,100.0
0.1,1175.7405483052162,100.0
0.1,1176.3396297347228,100.0
0.1,1176.9387111642295,100.0
0.1,1177.5377925937362,100.0
0.1,1177.6482553761857,100.0
0.1,1177.7587181586352,100.0
0.1,1177.8691809410848,100.0
0.1,1178.0901065059838,100.0
0.1,1178.311032070883,100.0
0.1,1178.531957635782,100.0
0.1,1178.9165173715949,100.0
0.1,1179.3010771074078,100.0
0.1,1179.3779890545704,100.0
0.1,1179.454901001733,100.0
0.1,1179.5318129488958,100.0
0.1,1179.685636843221,100.0
0.1,1179.839460737546,100.0
0.1,1180.0518588799007,100.0
0.1,1180.224534425992,100.0
0.1,1180.3972099720834,100.0
0.1,1180.742561064266,100.0
0.1,1181.0879121564487,100.0
0.1,1181.4332632486314,100.0
0.1,1181.9070093675045,100.0
0.1,1182.3807554863777,100.0
0.1,1182.8545016052508,100.0
0.1,1183.4478911048996,100.0
0.1,1184.0412806045483,100.0
0.1,1184.634670104197,100.0
0.1,1185.2280596038458,100.0
0.1,1186.068058645071,100.0
0.1,1186.9080576862962,100.0
0.1,1187.7480567275213,100.0
0.1,1188.5880557687465,100.0
0.1,1189.4280548099716,100.0
0.1,1190.2680538511968,100.0
0.1,1191.108052892422,100.0
0.1,1192.166824015552,100.0
0.1,1192.3401870245016,100.0
0.1,1192.513550033451,100.0
0.1,1192.6869130424006,100.0
0.1,1193.0336390602997,100.0
0.1,1193.3803650781988,100.0
0.1,1194.2981131922286,100.0
0.1,1195.2158613062584,100.0
0.1,1196.6935862731987,100.0
0.1,1198.171311240139,100.0
0.1,1199.6490362070792,100.0
0.1,1201.9271881857194,100.0
0.1,1204.2053401643595,100.0
0.1,1206.4834921429997,100.0
0.1,1208.7616441216398,100.0
0.1,1211.6645577740476,100.0
0.1,1214.5674714264553,100.0
0.1,1217.470385078863,100.0
0.1,1220.3732987312708,100.0
0.1,1220.8043188914198,100.0
0.1,1221.2353390515689,100.0
0.1,1221.666359211718,100.0
0.1,1222.5283995320162,100.0
0.1,1223.3904398523146,100.0
0.1,1226.6271445290508,100.0
0.1,1229.8638492057871,100.0
0.1,1235.3147919151127,100.0
0.1,1240.7657346244382,100.0
0.1,1246.2166773337638,100.0
0.1,1256.6434170192006,100.0
0.1,1267.0701567046374,100.0
0.1,1277.4968963900742,100.0
0.1,1287.923636075511,100.0
0.1,1315.0728971999674,100.0
0.1,1342.2221583244238,100.0
0.1,1369.3714194488803,100.0
0.1,1508.6740859473362,100.0
0.1,1647.976752445792,100.0
0.1,2500.0,100.0
0.5,0.0,1.952171791117621
0.5,0.0008044084052927557,1.952171791117621
0.5,0.0010055105066159445,1.952171791117621
0.5,0.0010180793879486438,1.952171791117621
0.5,0.001030648269281343,1.952171791117621
0.5,0.0010337066734205735,1.952171791117621
0.5,0.001036765077559804,1.952171791117621
0.5,0.0010398234816990347,1.952171791117621
0.5,0.0010428818858382652,1.952171791117621
0.5,0.0010459402899774958,1.952171791117621
0.5,0.0010489986941167263,1.952171791117621
0.5,0.0010520570982559569,1.952171791117621
0.5,0.0010551155023951874,1.952171791117621
0.5,0.001058173906534418,1.952171791117621
0.5,0.0010612323106736485,1.952171791117621
0.5,0.001064290714812879,1.952171791117621
0.5,0.0010673491189521097,1.952171791117621
0.5,0.0010704075230913402,1.952171791117621
0.5,0.0010734659272305708,1.952171791117621
0.5,0.0010765243313698013,1.952171791117621
0.5,0.0010795827355090319,1.952171791117621
0.5,0.0010826411396482624,1.952171791117621
0.5,0.0010887579479267238,1.952171791117621
0.5,0.001094874756205185,1.952171791117621
0.5,0.0011560428389897977,1.952171791117621
0.5,0.00121721092177441,1.952171791117621
0.5,0.0018288917496205352,1.952171791117621
0.5,0.0024405725774666602,1.952171791117621
0.5,0.004090868410739648,1.952171791117621
0.5,0.005741164244012636,1.952171791117621
0.5,0.008324483132651075,1.7569546120058561
0.5,0.010907802021289513,1.7569546120058561
0.5,0.013491120909927951,1.7569546120058561
0.5,0.017730981571019336,1.7569546120058561
0.5,0.02197084223211072,1.7569546120058561
0.5,0.026210702893202105,1.5617374328940912
0.5,0.03045056355429349,1.5617374328940912
0.5,0.0352426517226676,1.5617374328940912
0.5,0.04003473989104171,1.3665202537823404
0.5,0.044826828059415826,1.3665202537823404
0.5,0.04961891622778994,1.3665202537823404
0.5,0.05498919883419608,1.1713030746705755
0.5,0.06035948144060223,1.1713030746705755
0.5,0.06572976404700837,0.9760858955588105
0.5,0.0711000466534145,0.7808687164470456
0.5,0.07647032925982064,0.5856515373352806
0.5,0.08184061186622678,0.0
0.5,0.08721089447263292,0.0
0.5,0.09258117707903905,0.0
0.5,0.09337683600000483,0.0
0.5,0.09417249492097061,0.0
0.5,0.0949681538419364,0.0
0.5,0.09655947168386797,0.0
0.5,0.09815078952579954,0.0
0.5,0.1023257677530431,0.0
0.5,0.10650074598028665,0.0
0.5,0.1106757242075302,0.0
0.5,0.11752898978156322,0.0
0.5,0.12438225535559623,0.0
0.5,0.13123552092962926,0.0
0.5,0.13808878650366227,0.0
0.5,0.14674549233590217,0.0
0.5,0.15540219816814207,0.0
0.5,0.16405890400038198,0.0
0.5,0.17271560983262188,0.0
0.5,0.18270476457481766,0.0
0.5,0.19269391931701343,0.0
0.5,0.2026830740592092,0.0
0.5,0.20432261262010082,0.0
0.5,0.20596215118099243,0.0
0.5,0.20760168974188403,0.0
0.5,0.21088076686366725,0.0
0.5,0.21415984398545046,0.0
0.5,0.22397443542319637,0.0
0.5,0.23378902686094227,0.0
0.5,0.25193725865036487,0.0
0.5,0.27008549043978747,0.0
0.5,0.28823372222921007,0.0
0.5,0.31821154725915335,0.0
0.5,0.34818937228909663,0.0
0.5,0.3781671973190399,3.709126403123477
0.5,0.4081450223489832,3.904343582235242
0.5,0.44934076834947323,3.904343582235242
0.5,0.49053651434996326,4.099560761346993
0.5,0.5317322603504533,4.099560761346993
0.5,0.6071031254531278,4.099560761346993
0.5,0.6824739905558024,4.294777940458758
0.5,0.7578448556584769,4.294777940458758
0.5,0.8332157207611515,4.294777940458758
0.5,0.9454880000401104,4.489995119570523
0.5,1.0577602793190692,4.489995119570523
0.5,1.1700325585980282,4.685212298682288
0.5,1.2823048378769872,4.685212298682288
0.5,1.4698267161761858,4.685212298682288
0.5,1.6573485944753843,4.880429477794053
0.5,1.8448704727745828,5.075646656905803
0.5,2.000598007925592,5.075646656905803
0.5,2.156325543076601,5.075646656905803
0.5,2.31205307822761,5.270863836017568
0.5,2.467780613378619,5.270863836017568
0.5,2.623508148529628,5.466081015129333
0.5,2.779235683680637,5.466081015129333
0.5,2.934963218831646,5.661298194241098
0.5,3.090690753982655,5.661298194241098
0.5,3.246418289133664,5.856515373352863
0.5,3.402145824284673,5.856515373352863
0.5,3.557873359435682,6.051732552464614
0.5,3.713600894586691,6.051732552464614
0.5,3.8693284297377,6.246949731576379
0.5,4.025055964888709,6.246949731576379
0.5,4.180783500039719,6.442166910688144
0.5,4.336511035190728,6.637384089799895
0.5,4.492238570341738,6.637384089799895
0.5,4.647966105492747,6.8326012689116595
0.5,4.803693640643757,6.8326012689116595
0.5,4.959421175794766,7.0278184480234245
0.5,5.086393680110403,7.0278184480234245
0.5,5.2133661844260395,7.223035627135189
0.5,5.340338688741676,7.223035627135189
0.5,5.467311193057313,7.418252806246954
0.5,5.5942836973729495,7.418252806246954
0.5,5.721256201688586,7.613469985358705
0.5,5.848228706004223,7.613469985358705
0.5,5.9752012103198595,7.80868716447047
0.5,6.102173714635496,7.80868716447047
0.5,6.229146218951133,8.003904343582235
0.5,6.332029957471633,8.003904343582235
0.5,6.434913695992133,8.003904343582235
0.5,6.537797434512633,8.199121522694
0.5,6.640681173033133,8.199121522694
0.5,6.743564911553634,8.394338701805765
0.5,6.846448650074134,8.394338701805765
0.5,6.949332388594634,8.394338701805765
0.5,7.052216127115134,8.589555880917516
0.5,7.155099865635634,8.589555880917516
0.5,7.257983604156134,8.78477306002928
0.5,7.3608673426766345,8.78477306002928
0.5,7.463751081197135,8.78477306002928
0.5,7.566634819717635,8.979990239141046
0.5,7.669518558238135,8.979990239141046
0.5,7.749701506238739,9.17520741825281
0.5,7.829884454239343,9.17520741825281
0.5,7.910067402239947,9.17520741825281
0.5,7.990250350240551,9.370424597364575
0.5,8.078571414412151,9.370424597364575
0.5,8.166892478583751,9.370424597364575
0.5,8.255213542755351,9.565641776476326
0.5,8.343534606926951,9.565641776476326
0.5,8.356734411326073,9.565641776476326
0.5,8.36618542967601,9.565641776476326
0.5,8.375636448025947,9.565641776476326
0.5,8.385087466375884,9.565641776476326
0.5,8.39820793318844,9.565641776476326
0.5,8.411328400000995,9.565641776476326
0.5,8.437569333626106,9.565641776476326
0.5,8.463810267251217,9.760858955588091
0.5,8.500418296699753,9.760858955588091
0.5,8.537026326148288,9.760858955588091
0.5,8.573634355596823,9.760858955588091
0.5,8.64078018638859,9.760858955588091
0.5,8.707926017180355,9.956076134699856
0.5,8.775071847972121,9.956076134699856
0.5,8.842217678763888,9.956076134699856
0.5,8.909363509555654,9.956076134699856
0.5,8.97650934034742,10.151293313811621
0.5,9.043655171139186,10.151293313811621
0.5,9.110801001930952,10.151293313811621
0.5,9.177946832722718,10.346510492923386
0.5,9.245092663514484,10.346510492923386
0.5,9.31223849430625,10.346510492923386
0.5,9.379384325098016,10.541727672035137
0.5,9.472333043857464,10.541727672035137
0.5,9.565281762616912,10.541727672035137
0.5,9.65823048137636,10.736944851146902
0.5,9.751179200135809,10.736944851146902
0.5,9.844127918895257,10.932162030258667
0.5,9.937076637654705,10.932162030258667
0.5,10.030025356414153,10.932162030258667
0.5,10.122974075173602,11.127379209370417
0.5,10.21592279393305,11.127379209370417
0.5,10.308871512692498,11.322596388482182
0.5,10.401820231451946,11.322596388482182
0.5,10.494768950211395,11.322596388482182
0.5,10.587717668970843,11.517813567593947
0.5,10.680666387730291,11.517813567593947
0.5,10.77361510648974,11.713030746705712
0.5,10.866563825249187,11.713030746705712
0.5,10.959512544008636,11.713030746705712
0.5,11.052461262768084,11.908247925817477
0.5,11.145409981527532,11.908247925817477
0.5,11.23835870028698,12.103465104929228
0.5,11.331307419046428,12.103465104929228
0.5,11.40284156881402,12.103465104929228
0.5,11.474375718581612,12.298682284040993
0.5,11.545909868349204,12.298682284040993
0.5,11.617444018116796,12.298682284040993
0.5,11.702317180554275,12.298682284040993
0.5,11.787190342991753,12.493899463152758
0.5,11.872063505429232,12.493899463152758
0.5,11.95693666786671,12.493899463152758
0.5,12.052000739353689,12.493899463152758
0.5,12.147064810840668,12.689116642264523
0.5,12.242128882327647,12.689116642264523
0.5,12.337192953814625,12.689116642264523
0.5,12.448859106462931,12.689116642264523
0.5,12.560525259111238,12.689116642264523
0.5,12.672191411759544,12.884333821376288
0.5,12.78385756440785,12.884333821376288
0.5,12.935818494150448,12.884333821376288
0.5,13.087779423893046,13.079551000488038
0.5,13.239740353635645,13.079551000488038
0.5,13.391701283378243,13.079551000488038
0.5,13.543662213120841,13.079551000488038
0.5,13.69562314286344,13.274768179599803
0.5,13.847584072606038,13.274768179599803
0.5,13.999545002348636,13.274768179599803
0.5,14.151505932091235,13.469985358711568
0.5,14.274420521059533,13.469985358711568
0.5,14.37586442620227,13.469985358711568
0.5,14.477308331345007,13.469985358711568
0.5,14.578752236487745,13.469985358711568
0.5,14.680196141630482,13.469985358711568
0.5,14.818047793349773,13.665202537823333
0.5,14.955899445069065,13.665202537823333
0.5,15.093751096788356,13.665202537823333
0.5,15.231602748507648,13.665202537823333
0.5,15.398011236875861,13.665202537823333
0.5,15.564419725244075,13.860419716935098
0.5,15.73082821361229,13.860419716935098
0.5,15.897236701980503,13.860419716935098
0.5,16.063645190348716,13.860419716935098
0.5,16.230053678716928,14.055636896046849
0.5,16.39646216708514,14.055636896046849
0.5,16.590846744122825,14.055636896046849
0.5,16.78523132116051,14.055636896046849
0.5,16.979615898198194,14.250854075158614
0.5,17.17400047523588,14.250854075158614
0.5,17.368385052273563,14.250854075158614
0.5,17.562769629311248,14.250854075158614
0.5,17.757154206348932,14.250854075158614
0.5,17.951538783386617,14.250854075158614
0.5,18.1459233604243,14.250854075158614
0.5,18.340307937461986,14.250854075158614
0.5,18.53469251449967,14.446071254270379
0.5,18.729077091537356,14.446071254270379
0.5,18.92346166857504,14.446071254270379
0.5,19.117846245612725,14.446071254270379
0.5,19.31223082265041,14.446071254270379
0.5,19.506615399688094,14.64128843338213
0.5,19.70099997672578,14.64128843338213
0.5,19.895384553763463,14.64128843338213
0.5,20.089769130801148,14.836505612493895
0.5,20.284153707838833,14.836505612493895
0.5,20.478538284876517,14.836505612493895
0.5,20.672922861914202,15.03172279160566
0.5,20.906930774601502,15.03172279160566
0.5,21.140938687288802,15.226939970717424
0.5,21.374946599976102,15.226939970717424
0.5,21.608954512663402,15.226939970717424
0.5,21.842962425350702,15.42215714982919
0.5,22.014891131863266,15.42215714982919
0.5,22.18681983837583,15.61737432894094
0.5,22.358748544888392,15.61737432894094
0.5,22.530677251400956,15.61737432894094
0.5,22.74135765394541,15.812591508052705
0.5,22.77332275261989,15.812591508052705
0.5,22.77926060525182,15.812591508052705
0.5,22.78519845788375,15.812591508052705
0.5,22.791136310515682,15.812591508052705
0.5,22.803012015779544,15.812591508052705
0.5,22.814887721043405,15.812591508052705
0.5,22.859833021809663,15.812591508052705
0.5,22.904778322575922,15.812591508052705
0.5,22.972951127287565,15.812591508052705
0.5,23.04112393199921,15.812591508052705
0.5,23.109296736710853,16.00780868716447
0.5,23.254922183530176,16.00780868716447
0.5,23.372083445146227,16.00780868716447
0.5,23.463869302721598,16.00780868716447
0.5,23.55565516029697,16.203025866276235
0.5,23.64744101787234,16.203025866276235
0.5,23.753393362070906,16.203025866276235
0.5,23.859345706269472,16.203025866276235
0.5,23.96529805046804,16.398243045388
0.5,24.071250394666606,16.398243045388
0.5,24.177202738865173,16.398243045388
0.5,24.28315508306374,16.59346022449975
0.5,24.419111571875572,16.59346022449975
0.5,24.555068060687404,16.59346022449975
0.5,24.691024549499236,16.788677403611516
0.5,24.826981038311068,16.788677403611516
0.5,24.9629375271229,16.788677403611516
0.5,25.098894015934732,16.98389458272328
0.5,25.234850504746564,16.98389458272328
0.5,25.394105029573566,17.179111761835046
0.5,25.55335955440057,17.179111761835046
0.5,25.71261407922757,17.179111761835046
0.5,25.871868604054573,17.37432894094681
0.5,26.031123128881575,17.37432894094681
0.5,26.190377653708577,17.56954612005856
0.5,26.34963217853558,17.56954612005856
0.5,26.50888670336258,17.764763299170326
0.5,26.668141228189583,17.764763299170326
0.5,26.827395753016585,17.95998047828209
0.5,26.986650277843587,17.95998047828209
0.5,27.14590480267059,18.155197657393856
0.5,27.30515932749759,18.155197657393856
0.5,27.464413852324594,18.155197657393856
0.5,27.623668377151596,18.35041483650562
0.5,27.782922901978598,18.35041483650562
0.5,27.9421774268056,18.54563201561737
0.5,28.101431951632602,18.54563201561737
0.5,28.260686476459604,18.740849194729137
0.5,28.385797402056898,18.740849194729137
0.5,28.510908327654192,18.9360663738409
0.5,28.636019253251487,18.9360663738409
0.5,28.76113017884878,18.9360663738409
0.5,28.899428995102102,19.131283552952652
0.5,29.037727811355424,19.131283552952652
0.5,29.152443443650043,19.131283552952652
0.5,29.26715907594466,19.326500732064417
0.5,29.38187470823928,19.326500732064417
0.5,29.4965903405339,19.326500732064417
0.5,29.6377637947494,19.521717911176182
0.5,29.7789372489649,19.521717911176182
0.5,29.920110703180402,19.716935090287947
0.5,29.940750139639547,19.716935090287947
0.5,29.94436169526253,19.716935090287947
0.5,29.94797325088551,19.716935090287947
0.5,29.951584806508492,19.716935090287947
0.5,29.958807917754456,19.716935090287947
0.5,29.96603102900042,19.716935090287947
0.5,29.99498210984697,19.716935090287947
0.5,30.02393319069352,19.716935090287947
0.5,30.05288427154007,19.716935090287947
0.5,30.135300894868838,19.716935090287947
0.5,30.217717518197606,19.912152269399712
0.5,30.300134141526375,19.912152269399712
0.5,30.405807648805727,19.912152269399712
0.5,30.51148115608508,19.912152269399712
0.5,30.61715466336443,20.107369448511463
0.5,30.722828170643783,20.107369448511463
0.5,30.87942036089354,20.302586627623228
0.5,31.036012551143298,20.302586627623228
0.5,31.192604741393055,20.302586627623228
0.5,31.349196931642812,20.497803806734993
0.5,31.50578912189257,20.497803806734993
0.5,31.662381312142326,20.693020985846758
0.5,31.818973502392083,20.693020985846758
0.5,31.97556569264184,20.888238164958523
0.5,32.1321578828916,20.888238164958523
0.5,32.28875007314135,21.083455344070273
0.5,32.445342263391105,21.083455344070273
0.5,32.60193445364086,21.27867252318204
0.5,32.72155064845421,21.27867252318204
0.5,32.841166843267565,21.27867252318204
0.5,32.96078303808092,21.473889702293803
0.5,33.08039923289427,21.473889702293803
0.5,33.21770267193311,21.473889702293803
0.5,33.32812160761136,21.66910688140557
0.5,33.438540543289605,21.66910688140557
0.5,33.54895947896785,21.66910688140557
0.5,33.6593784146461,21.864324060517333
0.5,33.769797350324346,21.864324060517333
0.5,33.88021628600259,21.864324060517333
0.5,33.99063522168084,22.059541239629084
0.5,34.10105415735909,22.059541239629084
0.5,34.211473093037334,22.059541239629084
0.5,34.32189202871558,22.25475841874085
0.5,34.43231096439383,22.25475841874085
0.5,34.542729900072075,22.25475841874085
0.5,34.65314883575032,22.449975597852614
0.5,34.7865110849775,22.449975597852614
0.5,34.89649818935266,22.449975597852614
0.5,34.91508683544921,22.64519277696438
0.5,34.933675481545755,22.64519277696438
0.5,34.9522641276423,22.64519277696438
0.5,34.98944141983539,22.64519277696438
0.5,35.02661871202847,22.64519277696438
0.5,35.06379600422156,22.64519277696438
0.5,35.14790414845253,22.64519277696438
0.5,35.23201229268351,22.64519277696438
0.5,35.31612043691448,22.840409956076144
0.5,35.42030742900055,22.840409956076144
0.5,35.52449442108662,22.840409956076144
0.5,35.62868141317269,23.035627135187895
0.5,35.73286840525876,23.035627135187895
0.5,35.88525054348137,23.035627135187895
0.5,36.037632681703975,23.23084431429966
0.5,36.19001481992658,23.23084431429966
0.5,36.34239695814919,23.426061493411424
0.5,36.49477909637179,23.426061493411424
0.5,36.6471612345944,23.621278672523175
0.5,36.799543372817006,23.621278672523175
0.5,36.95192551103961,23.81649585163494
0.5,37.10430764926222,23.81649585163494
0.5,37.256689787484824,24.011713030746705
0.5,37.40907192570743,24.011713030746705
0.5,37.561454063930036,24.011713030746705
0.5,37.71383620215264,24.20693020985847
0.5,37.86621834037525,24.20693020985847
0.5,38.018600478597854,24.402147388970235
0.5,38.17098261682046,24.402147388970235
0.5,38.323364755043066,24.597364568081986
0.5,38.47574689326567,24.597364568081986
0.5,38.62812903148828,24.79258174719375
0.5,38.780511169710884,24.79258174719375
0.5,38.93289330793349,24.987798926305516
0.5,39.085275446156096,24.987798926305516
0.5,39.2376575843787,24.987798926305516
0.5,39.39003972260131,25.18301610541728
0.5,39.542421860823914,25.18301610541728
0.5,39.69480399904652,25.378233284529045
0.5,39.84718613726913,25.378233284529045
0.5,39.99956827549173,25.573450463640796
0.5,40.11816903580644,25.573450463640796
0.5,40.236769796121145,25.573450463640796
0.5,40.35537055643585,25.76866764275256
0.5,40.47397131675056,25.76866764275256
0.5,40.61259138949046,25.963884821864326
0.5,40.751211462230366,25.963884821864326
0.5,40.86491696468642,25.963884821864326
0.5,40.97862246714248,26.15910200097609
0.5,41.092327969598536,26.15910200097609
0.5,41.20603347205459,26.15910200097609
0.5,41.33612071755798,26.354319180087856
0.5,41.46620796306137,26.354319180087856
0.5,41.56816103848256,26.354319180087856
0.5,41.67011411390374,26.549536359199607
0.5,41.77206718932493,26.549536359199607
0.5,41.874020264746115,26.549536359199607
0.5,41.988364045672,26.74475353831137
0.5,42.102707826597886,26.74475353831137
0.5,42.21705160752377,26.74475353831137
0.5,42.33139538844966,26.939970717423137
0.5,42.46236878090152,26.939970717423137
0.5,42.593342173353385,26.939970717423137
0.5,42.72431556580525,27.135187896534887
0.5,42.85528895825711,27.135187896534887
0.5,42.98626235070898,27.330405075646652
0.5,43.11723574316084,27.330405075646652
0.5,43.248209135612704,27.330405075646652
0.5,43.37918252806457,27.525622254758417
0.5,43.51015592051643,27.525622254758417
0.5,43.641129312968296,27.720839433870182
0.5,43.77210270542016,27.720839433870182
0.5,43.903076097872024,27.720839433870182
0.5,44.03404949032389,27.916056612981947
0.5,44.16502288277575,27.916056612981947
0.5,44.295996275227616,28.111273792093698
0.5,44.40308451845624,28.111273792093698
0.5,44.42024902377876,28.111273792093698
0.5,44.43741352910128,28.111273792093698
0.5,44.4545780344238,28.111273792093698
0.5,44.48890704506884,28.111273792093698
0.5,44.52323605571389,28.111273792093698
0.5,44.55756506635893,28.111273792093698
0.5,44.644736502111336,28.306490971205463
0.5,44.73190793786374,28.306490971205463
0.5,44.81907937361614,28.306490971205463
0.5,44.906250809368544,28.306490971205463
0.5,44.99342224512095,28.501708150317228
0.5,45.08059368087335,28.501708150317228
0.5,45.197084471983864,28.501708150317228
0.5,45.31357526309438,28.696925329428993
0.5,45.43006605420489,28.696925329428993
0.5,45.54655684531541,28.696925329428993
0.5,45.66304763642592,28.892142508540758
0.5,45.77953842753644,28.892142508540758
0.5,45.89602921864695,28.892142508540758
0.5,46.02756601451683,29.08735968765251
0.5,46.159102810386706,29.08735968765251
0.5,46.29063960625658,29.08735968765251
0.5,46.42217640212646,29.282576866764273
0.5,46.55371319799634,29.282576866764273
0.5,46.685249993866215,29.47779404587604
0.5,46.81678678973609,29.47779404587604
0.5,46.94832358560597,29.47779404587604
0.5,47.07986038147585,29.673011224987803
0.5,47.211397177345724,29.673011224987803
0.5,47.3429339732156,29.86822840409957
0.5,47.47447076908548,29.86822840409957
0.5,47.606007564955355,29.86822840409957
0.5,47.73754436082523,30.06344558321132
0.5,47.86908115669511,30.06344558321132
0.5,47.88894099023815,30.06344558321132
0.5,47.89248691410453,30.06344558321132
0.5,47.896032837970914,30.06344558321132
0.5,47.8995787618373,30.06344558321132
0.5,47.90667060957007,30.06344558321132
0.5,47.913762457302845,30.06344558321132
0.5,47.94214345821406,30.06344558321132
0.5,47.97052445912528,30.06344558321132
0.5,47.9989054600365,30.258662762323084
0.5,48.11192561298613,30.258662762323084
0.5,48.198170448536096,30.258662762323084
0.5,48.265207113803136,30.258662762323084
0.5,48.332243779070176,30.45387994143485
0.5,48.399280444337215,30.45387994143485
0.5,48.48355400078039,30.45387994143485
0.5,48.56782755722356,30.45387994143485
0.5,48.65210111366673,30.649097120546614
0.5,48.74841492086285,30.649097120546614
0.5,48.84472872805897,30.649097120546614
0.5,48.941042535255086,30.649097120546614
0.5,49.037356342451204,30.84431429965838
0.5,49.13367014964732,30.84431429965838
0.5,49.22998395684344,30.84431429965838
0.5,49.32629776403956,31.03953147877013
0.5,49.43367602968974,31.03953147877013
0.5,49.51757905845318,31.03953147877013
0.5,49.587105817062785,31.03953147877013
0.5,49.65663257567239,31.234748657881894
0.5,49.726159334281995,31.234748657881894
0.5,49.7956860928916,31.234748657881894
0.5,49.89993465370166,31.234748657881894
0.5,50.00418321451173,31.42996583699366
0.5,50.10843177532179,31.42996583699366
0.5,50.212680336131854,31.42996583699366
0.5,50.35347270694235,31.62518301610541
0.5,50.49426507775284,31.62518301610541
0.5,50.63505744856334,31.62518301610541
0.5,50.77584981937383,31.820400195217175
0.5,50.91664219018433,31.820400195217175
0.5,51.05743456099482,32.01561737432894
0.5,51.198226931805316,32.01561737432894
0.5,51.33901930261581,32.210834553440705
0.5,51.479811673426305,32.210834553440705
0.5,51.6206040442368,32.210834553440705
0.5,51.761396415047294,32.40605173255247
0.5,51.90218878585779,32.40605173255247
0.5,52.04298115666828,32.60126891166422
0.5,52.18377352747878,32.60126891166422
0.5,52.32456589828927,32.60126891166422
0.5,52.46535826909977,32.796486090775986
0.5,52.60615063991026,32.796486090775986
0.5,52.746943010720756,32.99170326988775
0.5,52.88773538153125,32.99170326988775
0.5,53.028527752341745,33.186920448999516
0.5,53.16932012315224,33.186920448999516
0.5,53.310112493962734,33.186920448999516
0.5,53.45090486477323,33.38213762811128
0.5,53.59169723558372,33.38213762811128
0.5,53.73248960639422,33.57735480722303
0.5,53.87328197720471,33.57735480722303
0.5,54.01407434801521,33.772571986334796
0.5,54.1548667188257,33.772571986334796
0.5,54.295659089636196,33.772571986334796
0.5,54.43645146044669,33.96778916544656
0.5,54.577243831257185,33.96778916544656
0.5,54.71803620206768,34.163006344558326
0.5,54.858828572878174,34.163006344558326
0.5,54.99962094368867,34.163006344558326
0.5,55.14041331449916,34.35822352367009
0.5,55.28120568530966,34.35822352367009
0.5,55.42199805612015,34.55344070278184
0.5,55.56279042693065,34.55344070278184
0.5,55.70358279774114,34.74865788189361
0.5,55.844375168551636,34.74865788189361
0.5,55.98516753936213,34.74865788189361
0.5,56.125959910172625,34.94387506100537
0.5,56.26675228098312,34.94387506100537
0.5,56.407544651793614,35.13909224011714
0.5,56.54833702260411,35.13909224011714
0.5,56.6891293934146,35.3343094192289
0.5,56.8299217642251,35.3343094192289
0.5,56.97071413503559,35.3343094192289
0.5,57.11150650584609,35.52952659834065
0.5,57.217087536252805,35.52952659834065
0.5,57.29860336540432,35.52952659834065
0.5,57.31212358582393,35.52952659834065
0.5,57.32564380624355,35.52952659834065
0.5,57.33916402666316,35.52952659834065
0.5,57.36620446750239,35.72474377745242
0.5,57.39324490834162,35.72474377745242
0.5,57.42028534918085,35.72474377745242
0.5,57.495770033903916,35.72474377745242
0.5,57.57125471862698,35.72474377745242
0.5,57.64673940335005,35.72474377745242
0.5,57.751270435455226,35.91996095656418
0.5,57.855801467560404,35.91996095656418
0.5,57.96033249966558,35.91996095656418
0.5,58.06486353177076,36.11517813567593
0.5,58.16939456387594,36.11517813567593
0.5,58.27392559598112,36.11517813567593
0.5,58.3784566280863,36.3103953147877
0.5,58.502793228998044,36.3103953147877
0.5,58.62712982990979,36.3103953147877
0.5,58.75146643082154,36.50561249389946
0.5,58.875803031733284,36.50561249389946
0.5,59.01738255077876,36.50561249389946
0.5,59.15896206982424,36.70082967301123
0.5,59.30054158886972,36.70082967301123
0.5,59.4421211079152,36.89604685212299
0.5,59.58370062696068,36.89604685212299
0.5,59.725280146006156,37.09126403123474
0.5,59.866859665051635,37.09126403123474
0.5,60.008439184097114,37.09126403123474
0.5,60.15001870314259,37.28648121034651
0.5,60.29159822218807,37.28648121034651
0.5,60.43317774123355,37.48169838945827
0.5,60.57475726027903,37.48169838945827
0.5,60.71633677932451,37.67691556857004
0.5,60.857916298369986,37.67691556857004
0.5,60.999495817415465,37.67691556857004
0.5,61.14107533646094,37.8721327476818
0.5,61.28265485550642,37.8721327476818
0.5,61.4242343745519,38.067349926793554
0.5,61.56581389359738,38.067349926793554
0.5,61.70739341264286,38.067349926793554
0.5,61.84897293168834,38.26256710590532
0.5,61.990552450733816,38.26256710590532
0.5,62.132131969779294,38.457784285017084
0.5,62.27371148882477,38.457784285017084
0.5,62.41529100787025,38.65300146412885
0.5,62.55687052691573,38.65300146412885
0.5,62.69845004596121,38.65300146412885
0.5,62.84002956500669,38.848218643240614
0.5,62.98160908405217,38.848218643240614
0.5,63.123188603097645,39.043435822352365
0.5,63.264768122143124,39.043435822352365
0.5,63.4063476411886,39.23865300146413
0.5,63.54792716023408,39.23865300146413
0.5,63.68950667927956,39.23865300146413
0.5,63.83108619832504,39.433870180575894
0.5,63.97266571737052,39.433870180575894
0.5,64.114245236416,39.629087359687645
0.5,64.25582475546148,39.629087359687645
0.5,64.39740427450695,39.82430453879941
0.5,64.53898379355243,39.82430453879941
0.5,64.68056331259791,39.82430453879941
0.5,64.82214283164339,40.019521717911175
0.5,64.96372235068887,40.019521717911175
0.5,65.10530186973435,40.21473889702294
0.5,65.24688138877983,40.21473889702294
0.5,65.3884609078253,40.21473889702294
0.5,65.53004042687078,40.409956076134705
0.5,65.67161994591626,40.409956076134705
0.5,65.81319946496174,40.605173255246456
0.5,65.95477898400722,40.605173255246456
0.5,66.0963585030527,40.80039043435822
0.5,66.23793802209818,40.80039043435822
0.5,66.37951754114366,40.80039043435822
0.5,66.52109706018913,40.995607613469986
0.5,66.66267657923461,40.995607613469986
0.5,66.80425609828009,41.19082479258175
0.5,66.94583561732557,41.19082479258175
0.5,67.08741513637105,41.386041971693516
0.5,67.22899465541653,41.386041971693516
0.5,67.370574174462,41.386041971693516
0.5,67.51215369350749,41.581259150805266
0.5,67.65373321255296,41.581259150805266
0.5,67.79531273159844,41.77647632991703
0.5,67.93689225064392,41.77647632991703
0.5,68.0784717696894,41.971693509028796
0.5,68.22005128873488,41.971693509028796
0.5,68.36163080778036,41.971693509028796
0.5,68.50321032682584,42.16691068814056
0.5,68.64478984587132,42.16691068814056
0.5,68.7863693649168,42.362127867252326
0.5,68.92794888396227,42.362127867252326
0.5,69.06952840300775,42.362127867252326
0.5,69.21110792205323,42.55734504636408
0.5,69.35268744109871,42.55734504636408
0.5,69.49426696014419,42.75256222547584
0.5,69.63584647918967,42.75256222547584
0.5,69.77742599823515,42.94777940458761
0.5,69.91900551728062,42.94777940458761
0.5,70.0605850363261,42.94777940458761
0.5,70.20216455537158,43.14299658369937
0.5,70.34374407441706,43.14299658369937
0.5,70.48532359346254,43.33821376281114
0.5,70.62690311250802,43.33821376281114
0.5,70.7684826315535,43.53343094192289
0.5,70.91006215059897,43.53343094192289
0.5,71.05164166964445,43.53343094192289
0.5,71.19322118868993,43.72864812103465
0.5,71.33480070773541,43.72864812103465
0.5,71.47638022678089,43.92386530014642
0.5,71.61795974582637,43.92386530014642
0.5,71.75953926487185,44.11908247925817
0.5,71.90111878391733,44.11908247925817
0.5,72.0426983029628,44.11908247925817
0.5,72.18427782200828,44.31429965836993
0.5,72.32585734105376,44.31429965836993
0.5,72.46743686009924,44.5095168374817
0.5,72.60901637914472,44.5095168374817
0.5,72.7505958981902,44.5095168374817
0.5,72.89217541723568,44.70473401659346
0.5,73.03375493628116,44.70473401659346
0.5,73.17533445532663,44.89995119570523
0.5,73.31691397437211,44.89995119570523
0.5,73.45849349341759,45.09516837481698
0.5,73.60007301246307,45.09516837481698
0.5,73.74165253150855,45.09516837481698
0.5,73.88323205055403,45.29038555392874
0.5,74.0248115695995,45.29038555392874
0.5,74.16639108864499,45.48560273304051
0.5,74.30797060769046,45.48560273304051
0.5,74.44955012673594,45.68081991215227
0.5,74.59112964578142,45.68081991215227
0.5,74.7327091648269,45.68081991215227
0.5,74.87428868387238,45.87603709126404
0.5,75.01586820291786,45.87603709126404
0.5,75.15744772196334,46.07125427037579
0.5,75.29902724100882,46.07125427037579
0.5,75.4406067600543,46.07125427037579
0.5,75.58218627909977,46.266471449487554
0.5,75.72376579814525,46.266471449487554
0.5,75.86534531719073,46.46168862859932
0.5,76.00692483623621,46.46168862859932
0.5,76.14850435528169,46.656905807711084
0.5,76.29008387432717,46.656905807711084
0.5,76.43166339337265,46.656905807711084
0.5,76.57324291241812,46.85212298682285
0.5,76.7148224314636,46.85212298682285
0.5,76.85640195050908,47.0473401659346
0.5,76.99798146955456,47.0473401659346
0.5,77.13956098860004,47.242557345046365
0.5,77.28114050764552,47.242557345046365
0.5,77.422720026691,47.242557345046365
0.5,77.56429954573647,47.43777452415813
0.5,77.70587906478195,47.43777452415813
0.5,77.84745858382743,47.632991703269894
0.5,77.98903810287291,47.632991703269894
0.5,78.13061762191839,47.82820888238166
0.5,78.27219714096387,47.82820888238166
0.5,78.41377666000935,47.82820888238166
0.5,78.55535617905483,48.02342606149341
0.5,78.6969356981003,48.02342606149341
0.5,78.83851521714578,48.218643240605175
0.5,78.98009473619126,48.218643240605175
0.5,79.12167425523674,48.218643240605175
0.5,79.26325377428222,48.41386041971694
0.5,79.4048332933277,48.41386041971694
0.5,79.54641281237318,48.60907759882869
0.5,79.68799233141866,48.60907759882869
0.5,79.82957185046413,48.804294777940456
0.5,79.97115136950961,48.804294777940456
0.5,80.11273088855509,48.804294777940456
0.5,80.25431040760057,48.99951195705222
0.5,80.39588992664605,48.99951195705222
0.5,80.53746944569153,49.194729136163986
0.5,80.679048964737,49.194729136163986
0.5,80.82062848378249,49.38994631527575
0.5,80.96220800282796,49.38994631527575
0.5,81.10378752187344,49.38994631527575
0.5,81.24536704091892,49.5851634943875
0.5,81.3869465599644,49.5851634943875
0.5,81.52852607900988,49.780380673499266
0.5,81.67010559805536,49.780380673499266
0.5,81.81168511710084,49.97559785261103
0.5,81.95326463614632,49.97559785261103
0.5,82.0948441551918,49.97559785261103
0.5,82.23642367423727,50.170815031722796
0.5,82.37800319328275,50.170815031722796
0.5,82.51958271232823,50.36603221083456
0.5,82.66116223137371,50.36603221083456
0.5,82.80274175041919,50.36603221083456
0.5,82.94432126946467,50.56124938994631
0.5,83.08590078851014,50.56124938994631
0.5,83.22748030755562,50.75646656905808
0.5,83.3690598266011,50.75646656905808
0.5,83.51063934564658,50.95168374816984
0.5,83.65221886469206,50.95168374816984
0.5,83.79379838373754,50.95168374816984
0.5,83.93537790278302,51.14690092728161
0.5,84.0769574218285,51.14690092728161
0.5,84.21853694087397,51.34211810639337
0.5,84.36011645991945,51.34211810639337
0.5,84.50169597896493,51.53733528550512
0.5,84.64327549801041,51.53733528550512
0.5,84.78485501705589,51.53733528550512
0.5,84.92643453610137,51.73255246461689
0.5,85.06801405514685,51.73255246461689
0.5,85.20959357419233,51.92776964372865
0.5,85.3511730932378,51.92776964372865
0.5,85.49275261228328,51.92776964372865
0.5,85.63433213132876,52.1229868228404
0.5,85.77591165037424,52.1229868228404
0.5,85.91749116941972,52.31820400195217
0.5,86.0590706884652,52.31820400195217
0.5,86.20065020751068,52.51342118106393
0.5,86.34222972655616,52.51342118106393
0.5,86.48380924560163,52.51342118106393
0.5,86.62538876464711,52.7086383601757
0.5,86.76696828369259,52.7086383601757
0.5,86.90854780273807,52.90385553928746
0.5,87.05012732178355,52.90385553928746
0.5,87.19170684082903,53.09907271839921
0.5,87.3332863598745,53.09907271839921
0.5,87.47486587891999,53.09907271839921
0.5,87.61644539796546,53.29428989751098
0.5,87.75802491701094,53.29428989751098
0.5,87.89960443605642,53.48950707662274
0.5,88.0411839551019,53.48950707662274
0.5,88.18276347414738,53.68472425573451
0.5,88.32434299319286,53.68472425573451
0.5,88.46592251223834,53.68472425573451
0.5,88.60750203128381,53.87994143484627
0.5,88.7490815503293,53.87994143484627
0.5,88.89066106937477,54.075158613958024
0.5,89.03224058842025,54.075158613958024
0.5,89.17382010746573,54.075158613958024
0.5,89.31539962651121,54.27037579306979
0.5,89.45697914555669,54.27037579306979
0.5,89.59855866460217,54.465592972181554
0.5,89.74013818364764,54.465592972181554
0.5,89.88171770269312,54.66081015129332
0.5,90.0232972217386,54.66081015129332
0.5,90.16487674078408,54.66081015129332
0.5,90.30645625982956,54.856027330405084
0.5,90.44803577887504,54.856027330405084
0.5,90.58961529792052,55.051244509516835
0.5,90.731194816966,55.051244509516835
0.5,90.87277433601147,55.2464616886286
0.5,91.01435385505695,55.2464616886286
0.5,91.15593337410243,55.2464616886286
0.5,91.29751289314791,55.441678867740364
0.5,91.43909241219339,55.441678867740364
0.5,91.58067193123887,55.63689604685213
0.5,91.72225145028435,55.63689604685213
0.5,91.86383096932983,55.832113225963894
0.5,92.0054104883753,55.832113225963894
0.5,92.14699000742078,55.832113225963894
0.5,92.28856952646626,56.027330405075645
0.5,92.43014904551174,56.027330405075645
0.5,92.57172856455722,56.222547584187396
0.5,92.7133080836027,56.222547584187396
0.5,92.85488760264818,56.222547584187396
0.5,92.99646712169366,56.41776476329919
0.5,93.13804664073913,56.41776476329919
0.5,93.27962615978461,56.61298194241094
0.5,93.42120567883009,56.61298194241094
0.5,93.56278519787557,56.80819912152269
0.5,93.70436471692105,56.80819912152269
0.5,93.84594423596653,56.80819912152269
0.5,93.987523755012,57.003416300634456
0.5,94.12910327405748,57.003416300634456
0.5,94.27068279310296,57.198633479746206
0.5,94.41226231214844,57.198633479746206
0.5,94.55384183119392,57.393850658858
0.5,94.6954213502394,57.393850658858
0.5,94.83700086928488,57.393850658858
0.5,94.97858038833036,57.58906783796975
0.5,95.12015990737584,57.58906783796975
0.5,95.26173942642131,57.7842850170815
0.5,95.4033189454668,57.7842850170815
0.5,95.54489846451227,57.979502196193266
0.5,95.68647798355775,57.979502196193266
0.5,95.82805750260323,57.979502196193266
0.5,95.96963702164871,58.17471937530502
0.5,96.11121654069419,58.17471937530502
0.5,96.25279605973967,58.36993655441678
0.5,96.39437557878514,58.36993655441678
0.5,96.53595509783062,58.36993655441678
0.5,96.6775346168761,58.56515373352856
0.5,96.81911413592158,58.56515373352856
0.5,96.96069365496706,58.76037091264031
0.5,97.10227317401254,58.76037091264031
0.5,97.24385269305802,58.95558809175208
0.5,97.3854322121035,58.95558809175208
0.5,97.52701173114897,58.95558809175208
0.5,97.66859125019445,59.15080527086383
0.5,97.81017076923993,59.15080527086383
0.5,97.95175028828541,59.34602244997559
0.5,98.09332980733089,59.34602244997559
0.5,98.23490932637637,59.54123962908737
0.5,98.37648884542185,59.54123962908737
0.5,98.51806836446733,59.54123962908737
0.5,98.6596478835128,59.73645680819912
0.5,98.80122740255828,59.73645680819912
0.5,98.94280692160376,59.93167398731089
0.5,99.08438644064924,59.93167398731089
0.5,99.22596595969472,59.93167398731089
0.5,99.3675454787402,60.12689116642264
0.5,99.50912499778568,60.12689116642264
0.5,99.65070451683115,60.3221083455344
0.5,99.79228403587663,60.3221083455344
0.5,99.93386355492211,60.51732552464618
0.5,100.07544307396759,60.51732552464618
0.5,100.21702259301307,60.51732552464618
0.5,100.35860211205855,60.71254270375793
0.5,100.50018163110403,60.71254270375793
0.5,100.6417611501495,60.9077598828697
0.5,100.79913362252454,60.9077598828697
0.5,100.95650609489957,61.10297706198145
0.5,101.1138785672746,61.10297706198145
0.5,101.27125103964963,61.2981942410932
0.5,101.42862351202466,61.2981942410932
0.5,101.58599598439969,61.49341142020499
0.5,101.70555185132785,61.49341142020499
0.5,101.82510771825602,61.49341142020499
0.5,101.94466358518419,61.68862859931674
0.5,102.06421945211235,61.68862859931674
0.5,102.20292132516688,61.68862859931674
0.5,102.3181918405969,61.88384577842851
0.5,102.43346235602691,61.88384577842851
0.5,102.54873287145692,61.88384577842851
0.5,102.66400338688693,62.07906295754026
0.5,102.77927390231694,62.07906295754026
0.5,102.89454441774696,62.07906295754026
0.5,103.00981493317697,62.27428013665201
0.5,103.12508544860698,62.27428013665201
0.5,103.22044032187917,62.27428013665201
0.5,103.31579519515135,62.4694973157638
0.5,103.41115006842354,62.4694973157638
0.5,103.50650494169572,62.4694973157638
0.5,103.62354202336654,62.664714494875554
0.5,103.74057910503736,62.664714494875554
0.5,103.85761618670817,62.664714494875554
0.5,103.97465326837899,62.85993167398732
0.5,104.0916903500498,62.85993167398732
0.5,104.20872743172062,62.85993167398732
0.5,104.32576451339143,63.05514885309907
0.5,104.45593664422871,63.05514885309907
0.5,104.586108775066,63.05514885309907
0.5,104.60867996690767,63.25036603221082
0.5,104.63125115874935,63.25036603221082
0.5,104.65382235059103,63.25036603221082
0.5,104.6763935424327,63.25036603221082
0.5,104.71520430919216,63.25036603221082
0.5,104.75401507595161,63.25036603221082
0.5,104.79282584271107,63.25036603221082
0.5,104.87469677722508,63.25036603221082
0.5,104.9565677117391,63.445583211322614
0.5,105.03843864625311,63.445583211322614
0.5,105.14181387392804,63.445583211322614
0.5,105.24518910160297,63.445583211322614
0.5,105.3485643292779,63.640800390434364
0.5,105.45193955695284,63.640800390434364
0.5,105.60645677942026,63.83601756954613
0.5,105.76097400188767,63.83601756954613
0.5,105.9154912243551,63.83601756954613
0.5,106.03578244615625,64.03123474865788
0.5,106.1560736679574,64.03123474865788
0.5,106.27636488975855,64.22645192776963
0.5,106.39665611155971,64.22645192776963
0.5,106.53463817361663,64.22645192776963
0.5,106.67262023567355,64.42166910688142
0.5,106.81060229773047,64.42166910688142
0.5,106.83132565241397,64.42166910688142
0.5,106.85204900709746,64.42166910688142
0.5,106.87277236178096,64.42166910688142
0.5,106.89349571646446,64.42166910688142
0.5,106.93113847261485,64.42166910688142
0.5,106.96878122876524,64.61688628599317
0.5,107.00642398491563,64.61688628599317
0.5,107.09690904079179,64.61688628599317
0.5,107.18739409666794,64.61688628599317
0.5,107.2778791525441,64.81210346510493
0.5,107.3976990771416,64.81210346510493
0.5,107.51751900173909,64.81210346510493
0.5,107.63733892633658,65.00732064421669
0.5,107.75715885093408,65.00732064421669
0.5,107.87697877553157,65.00732064421669
0.5,107.99679870012906,65.20253782332844
0.5,108.11661862472656,65.20253782332844
0.5,108.256409680204,65.20253782332844
0.5,108.39620073568145,65.39775500244023
0.5,108.53599179115889,65.39775500244023
0.5,108.67578284663634,65.59297218155199
0.5,108.81557390211378,65.59297218155199
0.5,108.95536495759123,65.78818936066374
0.5,109.09515601306867,65.78818936066374
0.5,109.23494706854612,65.78818936066374
0.5,109.37473812402357,65.9834065397755
0.5,109.51452917950101,65.9834065397755
0.5,109.65432023497846,66.17862371888725
0.5,109.7941112904559,66.17862371888725
0.5,109.93390234593335,66.17862371888725
0.5,110.0736934014108,66.37384089799905
0.5,110.21348445688824,66.37384089799905
0.5,110.35327551236568,66.5690580771108
0.5,110.49306656784313,66.5690580771108
0.5,110.63285762332058,66.76427525622255
0.5,110.77264867879802,66.76427525622255
0.5,110.91243973427547,66.76427525622255
0.5,111.05223078975291,66.95949243533431
0.5,111.19202184523036,66.95949243533431
0.5,111.3318129007078,67.15470961444606
0.5,111.47160395618525,67.15470961444606
0.5,111.6113950116627,67.15470961444606
0.5,111.75118606714014,67.34992679355783
0.5,111.89097712261758,67.34992679355783
0.5,112.03076817809503,67.5451439726696
0.5,112.17055923357248,67.5451439726696
0.5,112.31035028904992,67.74036115178136
0.5,112.45014134452737,67.74036115178136
0.5,112.58993240000481,67.74036115178136
0.5,112.72972345548226,67.93557833089312
0.5,112.8695145109597,67.93557833089312
0.5,113.00930556643715,68.13079551000487
0.5,113.1490966219146,68.13079551000487
0.5,113.28888767739204,68.13079551000487
0.5,113.42867873286949,68.32601268911664
0.5,113.56846978834693,68.32601268911664
0.5,113.70826084382438,68.52122986822842
0.5,113.84805189930182,68.52122986822842
0.5,113.98784295477927,68.71644704734017
0.5,114.12763401025671,68.71644704734017
0.5,114.26742506573416,68.71644704734017
0.5,114.4072161212116,68.91166422645193
0.5,114.54700717668905,68.91166422645193
0.5,114.6867982321665,69.10688140556368
0.5,114.82658928764394,69.10688140556368
0.5,114.96638034312139,69.10688140556368
0.5,115.10617139859883,69.30209858467543
0.5,115.24596245407628,69.30209858467543
0.5,115.38575350955372,69.49731576378723
0.5,115.52554456503117,69.49731576378723
0.5,115.66533562050861,69.69253294289898
0.5,115.80512667598606,69.69253294289898
0.5,115.9449177314635,69.69253294289898
0.5,116.08470878694095,69.88775012201074
0.5,116.1043757789988,69.88775012201074
0.5,116.12404277105665,69.88775012201074
0.5,116.1437097631145,69.88775012201074
0.5,116.16729900908311,69.88775012201074
0.5,116.19088825505172,69.88775012201074
0.5,116.21447750102033,69.88775012201074
0.5,116.26545248496572,69.88775012201074
0.5,116.31642746891112,70.0829673011225
0.5,116.36740245285651,70.0829673011225
0.5,116.45843965636297,70.0829673011225
0.5,116.54947685986943,70.0829673011225
0.5,116.64051406337589,70.0829673011225
0.5,116.73155126688235,70.27818448023424
0.5,116.87154972414689,70.27818448023424
0.5,117.01154818141143,70.47340165934604
0.5,117.15154663867597,70.47340165934604
0.5,117.2915450959405,70.47340165934604
0.5,117.43154355320505,70.66861883845779
0.5,117.57154201046959,70.66861883845779
0.5,117.71154046773412,70.86383601756955
0.5,117.85153892499866,70.86383601756955
0.5,117.9915373822632,71.0590531966813
0.5,118.13153583952774,71.0590531966813
0.5,118.27153429679228,71.0590531966813
0.5,118.41153275405682,71.25427037579306
0.5,118.55153121132136,71.25427037579306
0.5,118.6915296685859,71.44948755490485
0.5,118.83152812585044,71.44948755490485
0.5,118.97152658311498,71.44948755490485
0.5,119.11152504037952,71.6447047340166
0.5,119.25152349764406,71.6447047340166
0.5,119.3915219549086,71.83992191312836
0.5,119.53152041217314,71.83992191312836
0.5,119.67151886943768,72.03513909224012
0.5,119.81151732670222,72.03513909224012
0.5,119.95151578396676,72.03513909224012
0.5,120.0915142412313,72.23035627135187
0.5,120.11130030035224,72.23035627135187
0.5,120.13108635947319,72.23035627135187
0.5,120.15087241859413,72.23035627135187
0.5,120.17450282122545,72.23035627135187
0.5,120.19813322385676,72.23035627135187
0.5,120.22176362648807,72.23035627135187
0.5,120.27297386520645,72.23035627135187
0.5,120.32418410392484,72.23035627135187
0.5,120.37539434264322,72.42557345046365
0.5,120.46588633847468,72.42557345046365
0.5,120.55637833430613,72.42557345046365
0.5,120.64687033013759,72.42557345046365
0.5,120.73736232596904,72.62079062957541
0.5,120.88088570574094,72.62079062957541
0.5,121.02440908551283,72.81600780868717
0.5,121.16793246528472,72.81600780868717
0.5,121.31145584505661,72.81600780868717
0.5,121.4549792248285,73.01122498779893
0.5,121.5985026046004,73.01122498779893
0.5,121.74202598437229,73.20644216691068
0.5,121.88554936414418,73.20644216691068
0.5,122.02907274391607,73.40165934602246
0.5,122.17259612368797,73.40165934602246
0.5,122.31611950345986,73.40165934602246
0.5,122.45964288323175,73.59687652513422
0.5,122.60316626300364,73.59687652513422
0.5,122.74668964277554,73.79209370424599
0.5,122.89021302254743,73.79209370424599
0.5,123.03373640231932,73.98731088335774
0.5,123.17725978209121,73.98731088335774
0.5,123.3207831618631,73.98731088335774
0.5,123.464306541635,74.18252806246949
0.5,123.60782992140689,74.18252806246949
0.5,123.75135330117878,74.37774524158127
0.5,123.89487668095067,74.37774524158127
0.5,124.03840006072257,74.57296242069303
0.5,124.18192344049446,74.57296242069303
0.5,124.32544682026635,74.57296242069303
0.5,124.46897020003824,74.7681795998048
0.5,124.61249357981013,74.7681795998048
0.5,124.75601695958203,74.96339677891655
0.5,124.89954033935392,74.96339677891655
0.5,125.04306371912581,75.1586139580283
0.5,125.1865870988977,75.1586139580283
0.5,125.3301104786696,75.1586139580283
0.5,125.47363385844149,75.35383113714005
0.5,125.61715723821338,75.35383113714005
0.5,125.76068061798527,75.54904831625184
0.5,125.90420399775716,75.54904831625184
0.5,126.04772737752906,75.7442654953636
0.5,126.19125075730095,75.7442654953636
0.5,126.33477413707284,75.7442654953636
0.5,126.47829751684473,75.93948267447536
0.5,126.62182089661663,75.93948267447536
0.5,126.76534427638852,76.13469985358711
0.5,126.90886765616041,76.13469985358711
0.5,127.0523910359323,76.32991703269886
0.5,127.1959144157042,76.32991703269886
0.5,127.33943779547609,76.32991703269886
0.5,127.48296117524798,76.52513421181065
0.5,127.62648455501987,76.52513421181065
0.5,127.77000793479176,76.72035139092242
0.5,127.91353131456366,76.72035139092242
0.5,128.05705469433556,76.91556857003417
0.5,128.20057807410745,76.91556857003417
0.5,128.34410145387935,76.91556857003417
0.5,128.48762483365124,77.11078574914592
0.5,128.63114821342313,77.11078574914592
0.5,128.77467159319502,77.30600292825767
0.5,128.91819497296692,77.30600292825767
0.5,129.0617183527388,77.50122010736946
0.5,129.2052417325107,77.50122010736946
0.5,129.3487651122826,77.50122010736946
0.5,129.49228849205448,77.69643728648123
0.5,129.63581187182638,77.69643728648123
0.5,129.77933525159827,77.89165446559298
0.5,129.92285863137016,77.89165446559298
0.5,130.06638201114205,78.08687164470473
0.5,130.20990539091395,78.08687164470473
0.5,130.35342877068584,78.08687164470473
0.5,130.49695215045773,78.28208882381648
0.5,130.64047553022962,78.28208882381648
0.5,130.78399891000151,78.47730600292827
0.5,130.9275222897734,78.47730600292827
0.5,131.0710456695453,78.67252318204002
0.5,131.2145690493172,78.67252318204002
0.5,131.35809242908908,78.67252318204002
0.5,131.50161580886098,78.86774036115179
0.5,131.64513918863287,78.86774036115179
0.5,131.78866256840476,79.06295754026354
0.5,131.93218594817665,79.06295754026354
0.5,132.07570932794854,79.25817471937529
0.5,132.21923270772044,79.25817471937529
0.5,132.36275608749233,79.25817471937529
0.5,132.50627946726422,79.45339189848708
0.5,132.6498028470361,79.45339189848708
0.5,132.793326226808,79.64860907759883
0.5,132.9368496065799,79.64860907759883
0.5,133.0803729863518,79.8438262567106
0.5,133.22389636612368,79.8438262567106
0.5,133.36741974589557,79.8438262567106
0.5,133.51094312566747,80.03904343582235
0.5,133.65446650543936,80.03904343582235
0.5,133.79798988521125,80.2342606149341
0.5,133.94151326498314,80.2342606149341
0.5,134.08503664475504,80.42947779404588
0.5,134.22856002452693,80.42947779404588
0.5,134.37208340429882,80.42947779404588
0.5,134.5156067840707,80.62469497315764
0.5,134.6591301638426,80.62469497315764
0.5,134.8026535436145,80.81991215226941
0.5,134.9461769233864,80.81991215226941
0.5,135.08970030315828,81.01512933138116
0.5,135.23322368293017,81.01512933138116
0.5,135.37674706270207,81.01512933138116
0.5,135.52027044247396,81.21034651049291
0.5,135.66379382224585,81.21034651049291
0.5,135.80731720201774,81.40556368960469
0.5,135.95084058178963,81.40556368960469
0.5,136.09436396156153,81.60078086871646
0.5,136.23788734133342,81.60078086871646
0.5,136.3814107211053,81.60078086871646
0.5,136.5249341008772,81.79599804782822
0.5,136.6684574806491,81.79599804782822
0.5,136.811980860421,81.99121522693997
0.5,136.95550424019288,81.99121522693997
0.5,137.09902761996477,82.18643240605172
0.5,137.24255099973666,82.18643240605172
0.5,137.38607437950856,82.18643240605172
0.5,137.52959775928045,82.3816495851635
0.5,137.67312113905234,82.3816495851635
0.5,137.81664451882423,82.57686676427527
0.5,137.96016789859613,82.57686676427527
0.5,138.10369127836802,82.77208394338703
0.5,138.2472146581399,82.77208394338703
0.5,138.3907380379118,82.77208394338703
0.5,138.5342614176837,82.96730112249878
0.5,138.6777847974556,82.96730112249878
0.5,138.82130817722748,83.16251830161053
0.5,138.96483155699937,83.16251830161053
0.5,139.10835493677126,83.35773548072228
0.5,139.25187831654316,83.35773548072228
0.5,139.39540169631505,83.35773548072228
0.5,139.53892507608694,83.55295265983408
0.5,139.68244845585883,83.55295265983408
0.5,139.82597183563072,83.74816983894584
0.5,139.96949521540262,83.74816983894584
0.5,140.1130185951745,83.94338701805759
0.5,140.2565419749464,83.94338701805759
0.5,140.4000653547183,83.94338701805759
0.5,140.54358873449019,84.13860419716934
0.5,140.68711211426208,84.13860419716934
0.5,140.83063549403397,84.3338213762811
0.5,140.97415887380586,84.3338213762811
0.5,141.11768225357775,84.52903855539289
0.5,141.26120563334965,84.52903855539289
0.5,141.40472901312154,84.52903855539289
0.5,141.54825239289343,84.72425573450465
0.5,141.69177577266532,84.72425573450465
0.5,141.83529915243722,84.9194729136164
0.5,141.9788225322091,84.9194729136164
0.5,142.122345911981,85.11469009272815
0.5,142.2658692917529,85.11469009272815
0.5,142.40939267152478,85.11469009272815
0.5,142.55291605129668,85.3099072718399
0.5,142.69643943106857,85.3099072718399
0.5,142.83996281084046,85.5051244509517
0.5,142.98348619061235,85.5051244509517
0.5,143.12700957038425,85.70034163006346
0.5,143.27053295015614,85.70034163006346
0.5,143.41405632992803,85.70034163006346
0.5,143.55757970969992,85.89555880917521
0.5,143.70110308947181,85.89555880917521
0.5,143.8446264692437,86.09077598828696
0.5,143.9881498490156,86.09077598828696
0.5,144.1316732287875,86.28599316739871
0.5,144.27519660855938,86.28599316739871
0.5,144.41871998833128,86.28599316739871
0.5,144.56224336810317,86.48121034651051
0.5,144.70576674787506,86.48121034651051
0.5,144.84929012764695,86.67642752562226
0.5,144.99281350741884,86.67642752562226
0.5,145.13633688719074,86.87164470473402
0.5,145.27986026696263,86.87164470473402
0.5,145.42338364673452,86.87164470473402
0.5,145.5669070265064,87.06686188384577
0.5,145.7104304062783,87.06686188384577
0.5,145.8539537860502,87.26207906295753
0.5,145.9974771658221,87.26207906295753
0.5,146.14100054559398,87.45729624206932
0.5,146.28452392536587,87.45729624206932
0.5,146.42804730513777,87.45729624206932
0.5,146.57157068490966,87.65251342118107
0.5,146.71509406468155,87.65251342118107
0.5,146.85861744445344,87.84773060029283
0.5,147.00214082422534,87.84773060029283
0.5,147.14566420399723,88.04294777940459
0.5,147.28918758376912,88.04294777940459
0.5,147.432710963541,88.04294777940459
0.5,147.5762343433129,88.23816495851634
0.5,147.7197577230848,88.23816495851634
0.5,147.8632811028567,88.43338213762813
0.5,148.00680448262858,88.43338213762813
0.5,148.15032786240047,88.62859931673988
0.5,148.29385124217237,88.62859931673988
0.5,148.43737462194426,88.62859931673988
0.5,148.58089800171615,88.82381649585164
0.5,148.72442138148804,88.82381649585164
0.5,148.86794476125993,89.0190336749634
0.5,149.01146814103183,89.0190336749634
0.5,149.15499152080372,89.21425085407515
0.5,149.2985149005756,89.21425085407515
0.5,149.4420382803475,89.21425085407515
0.5,149.5855616601194,89.40946803318693
0.5,149.7290850398913,89.40946803318693
0.5,149.87260841966318,89.60468521229869
0.5,150.01613179943507,89.60468521229869
0.5,150.15965517920696,89.79990239141046
0.5,150.30317855897886,89.79990239141046
0.5,150.44670193875075,89.79990239141046
0.5,150.59022531852264,89.9951195705222
0.5,150.73374869829453,89.9951195705222
0.5,150.87727207806643,90.19033674963396
0.5,151.02079545783832,90.19033674963396
0.5,151.1643188376102,90.38555392874574
0.5,151.3078422173821,90.38555392874574
0.5,151.451365597154,90.38555392874574
0.5,151.5948889769259,90.5807711078575
0.5,151.73841235669778,90.5807711078575
0.5,151.88193573646967,90.77598828696927
0.5,152.02545911624156,90.77598828696927
0.5,152.16898249601346,90.97120546608102
0.5,152.31250587578535,90.97120546608102
0.5,152.45602925555724,90.97120546608102
0.5,152.59955263532913,91.16642264519277
0.5,152.74307601510102,91.16642264519277
0.5,152.88659939487292,91.36163982430455
0.5,153.0301227746448,91.36163982430455
0.5,153.1736461544167,91.55685700341631
0.5,153.3171695341886,91.55685700341631
0.5,153.4606929139605,91.55685700341631
0.5,153.60421629373238,91.75207418252808
0.5,153.74773967350427,91.75207418252808
0.5,153.89126305327616,91.94729136163983
0.5,154.03478643304805,91.94729136163983
0.5,154.17830981281995,92.14250854075158
0.5,154.32183319259184,92.14250854075158
0.5,154.46535657236373,92.14250854075158
0.5,154.60887995213562,92.33772571986333
0.5,154.75240333190752,92.33772571986333
0.5,154.8959267116794,92.53294289897512
0.5,155.0394500914513,92.53294289897512
0.5,155.1829734712232,92.72816007808689
0.5,155.32649685099508,92.72816007808689
0.5,155.47002023076698,92.72816007808689
0.5,155.61354361053887,92.92337725719864
0.5,155.75706699031076,92.92337725719864
0.5,155.90059037008265,93.11859443631039
0.5,156.04411374985455,93.11859443631039
0.5,156.18763712962644,93.31381161542214
0.5,156.33116050939833,93.31381161542214
0.5,156.47468388917022,93.31381161542214
0.5,156.61820726894211,93.50902879453393
0.5,156.761730648714,93.50902879453393
0.5,156.9052540284859,93.7042459736457
0.5,157.0487774082578,93.7042459736457
0.5,157.19230078802968,93.89946315275745
0.5,157.33582416780158,93.89946315275745
0.5,157.47934754757347,93.89946315275745
0.5,157.62287092734536,94.0946803318692
0.5,157.76639430711725,94.0946803318692
0.5,157.90991768688914,94.28989751098095
0.5,158.05344106666104,94.28989751098095
0.5,158.19696444643293,94.48511469009274
0.5,158.34048782620482,94.48511469009274
0.5,158.4840112059767,94.48511469009274
0.5,158.6275345857486,94.68033186920451
0.5,158.7710579655205,94.68033186920451
0.5,158.9145813452924,94.87554904831626
0.5,159.05810472506428,94.87554904831626
0.5,159.20162810483617,95.07076622742801
0.5,159.34515148460807,95.07076622742801
0.5,159.48867486437996,95.07076622742801
0.5,159.63219824415185,95.26598340653976
0.5,159.77572162392374,95.26598340653976
0.5,159.91924500369564,95.46120058565155
0.5,160.06276838346753,95.46120058565155
0.5,160.20629176323942,95.6564177647633
0.5,160.3498151430113,95.6564177647633
0.5,160.4933385227832,95.6564177647633
0.5,160.6368619025551,95.85163494387507
0.5,160.780385282327,95.85163494387507
0.5,160.92390866209888,96.04685212298682
0.5,161.06743204187077,96.04685212298682
0.5,161.21095542164267,96.24206930209857
0.5,161.35447880141456,96.24206930209857
0.5,161.49800218118645,96.24206930209857
0.5,161.64152556095834,96.43728648121036
0.5,161.78504894073023,96.43728648121036
0.5,161.92857232050213,96.63250366032212
0.5,162.07209570027402,96.63250366032212
0.5,162.2156190800459,96.82772083943388
0.5,162.3591424598178,96.82772083943388
0.5,162.5026658395897,96.82772083943388
0.5,162.6461892193616,97.02293801854563
0.5,162.78971259913348,97.02293801854563
0.5,162.93323597890537,97.21815519765738
0.5,163.07675935867726,97.21815519765738
0.5,163.22028273844916,97.41337237676916
0.5,163.36380611822105,97.41337237676916
0.5,163.50732949799294,97.41337237676916
0.5,163.65085287776483,97.60858955588093
0.5,163.79437625753673,97.60858955588093
0.5,163.93789963730862,97.80380673499269
0.5,164.0814230170805,97.80380673499269
0.5,164.2249463968524,97.99902391410444
0.5,164.3684697766243,97.99902391410444
0.5,164.5119931563962,97.99902391410444
0.5,164.65551653616808,98.19424109321619
0.5,164.79903991593997,98.19424109321619
0.5,164.94256329571186,98.38945827232797
0.5,165.08608667548376,98.38945827232797
0.5,165.22961005525565,98.58467545143974
0.5,165.37313343502754,98.58467545143974
0.5,165.51665681479943,98.58467545143974
0.5,165.66018019457132,98.7798926305515
0.5,165.80370357434322,98.7798926305515
0.5,165.9472269541151,98.97510980966325
0.5,166.090750333887,98.97510980966325
0.5,166.2342737136589,99.170326988775
0.5,166.3777970934308,99.170326988775
0.5,166.52132047320268,99.170326988775
0.5,166.66484385297457,99.36554416788678
0.5,166.80836723274646,99.36554416788678
0.5,166.95189061251835,99.56076134699855
0.5,167.09541399229025,99.56076134699855
0.5,167.23893737206214,99.75597852611031
0.5,167.38246075183403,99.75597852611031
0.5,167.52598413160592,99.75597852611031
0.5,167.66950751137782,99.95119570522206
0.5,167.8130308911497,99.95119570522206
0.5,167.9565542709216,100.0
0.5,168.1000776506935,100.0
0.5,168.24360103046538,100.0
0.5,168.38712441023728,100.0
0.5,168.53064779000917,100.0
0.5,168.67417116978106,100.0
0.5,168.81769454955295,100.0
0.5,168.96121792932485,100.0
0.5,169.10474130909674,100.0
0.5,169.24826468886863,100.0
0.5,169.39178806864052,100.0
0.5,169.53531144841241,100.0
0.5,169.6788348281843,100.0
0.5,169.8223582079562,100.0
0.5,169.9658815877281,100.0
0.5,170.10940496749998,100.0
0.5,170.25292834727188,100.0
0.5,170.39645172704377,100.0
0.5,170.53997510681566,100.0
0.5,170.68349848658755,100.0
0.5,170.82702186635944,100.0
0.5,170.97054524613134,100.0
0.5,171.11406862590323,100.0
0.5,171.25759200567512,100.0
0.5,171.401115385447,100.0
0.5,171.5446387652189,100.0
0.5,171.6881621449908,100.0
0.5,171.8316855247627,100.0
0.5,171.97520890453458,100.0
0.5,172.11873228430647,100.0
0.5,172.26225566407837,100.0
0.5,172.40577904385026,100.0
0.5,172.4249431609403,100.0
0.5,172.4283567820392,100.0
0.5,172.4317704031381,100.0
0.5,172.43859764533588,100.0
0.5,172.44542488753365,100.0
0.5,172.46635228123264,100.0
0.5,172.48727967493164,100.0
0.5,172.54223111540463,100.0
0.5,172.59718255587762,100.0
0.5,172.6521339963506,100.0
0.5,172.74399226705182,100.0
0.5,172.83585053775303,100.0
0.5,172.92770880845424,100.0
0.5,173.03139061864314,100.0
0.5,173.13507242883205,100.0
0.5,173.23875423902095,100.0
0.5,173.34243604920985,100.0
0.5,173.48661362359204,100.0
0.5,173.63079119797422,100.0
0.5,173.7749687723564,100.0
0.5,173.9191463467386,100.0
0.5,174.06332392112077,100.0
0.5,174.20750149550295,100.0
0.5,174.35167906988514,100.0
0.5,174.49585664426732,100.0
0.5,174.6400342186495,100.0
0.5,174.7842117930317,100.0
0.5,174.92838936741387,100.0
0.5,175.07256694179605,100.0
0.5,175.21674451617824,100.0
0.5,175.36092209056042,100.0
0.5,175.5050996649426,100.0
0.5,175.6492772393248,100.0
0.5,175.79345481370697,100.0
0.5,175.93763238808916,100.0
0.5,176.08180996247134,100.0
0.5,176.22598753685352,100.0
0.5,176.3701651112357,100.0
0.5,176.5143426856179,100.0
0.5,176.65852026000007,100.0
0.5,176.80269783438226,100.0
0.5,176.94687540876444,100.0
0.5,177.09105298314662,100.0
0.5,177.2352305575288,100.0
0.5,177.379408131911,100.0
0.5,177.52358570629318,100.0
0.5,177.66776328067536,100.0
0.5,177.81194085505754,100.0
0.5,177.95611842943973,100.0
0.5,178.1002960038219,100.0
0.5,178.2444735782041,100.0
0.5,178.38865115258628,100.0
0.5,178.53282872696846,100.0
0.5,178.67700630135064,100.0
0.5,178.82118387573283,100.0
0.5,178.965361450115,100.0
0.5,179.1095390244972,100.0
0.5,179.12866208767122,100.0
0.5,179.1320069986834,100.0
0.5,179.1353519096956,100.0
0.5,179.14204173171998,100.0
0.5,179.14873155374437,100.0
0.5,179.16929577897176,100.0
0.5,179.18986000419915,100.0
0.5,179.24709203126605,100.0
0.5,179.30432405833295,100.0
0.5,179.36155608539985,100.0
0.5,179.45274188245156,100.0
0.5,179.54392767950327,100.0
0.5,179.63511347655498,100.0
0.5,179.73946083460237,100.0
0.5,179.84380819264976,100.0
0.5,179.94815555069715,100.0
0.5,180.05250290874454,100.0
0.5,180.19650279071962,100.0
0.5,180.3405026726947,100.0
0.5,180.48450255466977,100.0
0.5,180.62850243664485,100.0
0.5,180.77250231861993,100.0
0.5,180.916502200595,100.0
0.5,181.06050208257008,100.0
0.5,181.20450196454516,100.0
0.5,181.34850184652024,100.0
0.5,181.4925017284953,100.0
0.5,181.6365016104704,100.0
0.5,181.78050149244547,100.0
0.5,181.92450137442054,100.0
0.5,182.06850125639562,100.0
0.5,182.2125011383707,100.0
0.5,182.35650102034577,100.0
0.5,182.50050090232085,100.0
0.5,182.64450078429593,100.0
0.5,182.788500666271,100.0
0.5,182.93250054824608,100.0
0.5,183.07650043022116,100.0
0.5,183.22050031219624,100.0
0.5,183.3645001941713,100.0
0.5,183.5085000761464,100.0
0.5,183.65249995812147,100.0
0.5,183.79649984009654,100.0
0.5,183.94049972207162,100.0
0.5,184.0844996040467,100.0
0.5,184.22849948602178,100.0
0.5,184.37249936799685,100.0
0.5,184.51649924997193,100.0
0.5,184.660499131947,100.0
0.5,184.80449901392208,100.0
0.5,184.94849889589716,100.0
0.5,185.09249877787224,100.0
0.5,185.2364986598473,100.0
0.5,185.3804985418224,100.0
0.5,185.52449842379747,100.0
0.5,185.66849830577254,100.0
0.5,185.81249818774762,100.0
0.5,185.8316277325726,100.0
0.5,185.83500868979618,100.0
0.5,185.83838964701977,100.0
0.5,185.8451515614669,100.0
0.5,185.85191347591405,100.0
0.5,185.87266143623714,100.0
0.5,185.89340939656023,100.0
0.5,185.94938536633228,100.0
0.5,186.00536133610433,100.0
0.5,186.06133730587638,100.0
0.5,186.152746604816,100.0
0.5,186.24415590375563,100.0
0.5,186.33556520269525,100.0
0.5,186.43891184065927,100.0
0.5,186.5422584786233,100.0
0.5,186.64560511658732,100.0
0.5,186.74895175455134,100.0
0.5,186.89285090636602,100.0
0.5,187.0367500581807,100.0
0.5,187.18064920999538,100.0
0.5,187.32454836181006,100.0
0.5,187.46844751362474,100.0
0.5,187.61234666543942,100.0
0.5,187.7562458172541,100.0
0.5,187.90014496906878,100.0
0.5,188.04404412088346,100.0
0.5,188.18794327269813,100.0
0.5,188.3318424245128,100.0
0.5,188.4757415763275,100.0
0.5,188.61964072814217,100.0
0.5,188.76353987995685,100.0
0.5,188.90743903177153,100.0
0.5,189.0513381835862,100.0
0.5,189.1952373354009,100.0
0.5,189.33913648721557,100.0
0.5,189.48303563903025,100.0
0.5,189.62693479084493,100.0
0.5,189.7708339426596,100.0
0.5,189.9147330944743,100.0
0.5,190.05863224628897,100.0
0.5,190.20253139810364,100.0
0.5,190.34643054991832,100.0
0.5,190.490329701733,100.0
0.5,190.63422885354768,100.0
0.5,190.77812800536236,100.0
0.5,190.92202715717704,100.0
0.5,191.06592630899172,100.0
0.5,191.2098254608064,100.0
0.5,191.35372461262108,100.0
0.5,191.49762376443576,100.0
0.5,191.64152291625044,100.0
0.5,191.78542206806512,100.0
0.5,191.9293212198798,100.0
0.5,192.07322037169448,100.0
0.5,192.21711952350915,100.0
0.5,192.36101867532383,100.0
0.5,192.5049178271385,100.0
0.5,192.5240659091019,100.0
0.5,192.5274344884258,100.0
0.5,192.5308030677497,100.0
0.5,192.53754022639748,100.0
0.5,192.54427738504526,100.0
0.5,192.56497597436424,100.0
0.5,192.58567456368323,100.0
0.5,192.64199467052887,100.0
0.5,192.69831477737452,100.0
0.5,192.75463488422017,100.0
0.5,192.84615206727557,100.0
0.5,192.93766925033097,100.0
0.5,193.02918643338637,100.0
0.5,193.13353138071133,100.0
0.5,193.2378763280363,100.0
0.5,193.34222127536125,100.0
0.5,193.44656622268622,100.0
0.5,193.59070526277551,100.0
0.5,193.73484430286481,100.0
0.5,193.87898334295411,100.0
0.5,194.02312238304341,100.0
0.5,194.16726142313271,100.0
0.5,194.31140046322201,100.0
0.5,194.45553950331131,100.0
0.5,194.59967854340061,100.0
0.5,194.7438175834899,100.0
0.5,194.8879566235792,100.0
0.5,195.0320956636685,100.0
0.5,195.1762347037578,100.0
0.5,195.3203737438471,100.0
0.5,195.4645127839364,100.0
0.5,195.6086518240257,100.0
0.5,195.752790864115,100.0
0.5,195.8969299042043,100.0
0.5,196.0410689442936,100.0
0.5,196.1852079843829,100.0
0.5,196.3293470244722,100.0
0.5,196.4734860645615,100.0
0.5,196.6176251046508,100.0
0.5,196.7617641447401,100.0
0.5,196.9059031848294,100.0
0.5,197.0500422249187,100.0
0.5,197.194181265008,100.0
0.5,197.3383203050973,100.0
0.5,197.4824593451866,100.0
0.5,197.6265983852759,100.0
0.5,197.7707374253652,100.0
0.5,197.9148764654545,100.0
0.5,198.0590155055438,100.0
0.5,198.2031545456331,100.0
0.5,198.3472935857224,100.0
0.5,198.4914326258117,100.0
0.5,198.635571665901,100.0
0.5,198.7797107059903,100.0
0.5,198.9238497460796,100.0
0.5,199.0679887861689,100.0
0.5,199.2121278262582,100.0
0.5,199.23124909356827,100.0
0.5,199.23461048609792,100.0
0.5,199.23797187862758,100.0
0.5,199.2446946636869,100.0
0.5,199.2514174487462,100.0
0.5,199.27206297424377,100.0
0.5,199.29270849974134,100.0
0.5,199.34936109804903,100.0
0.5,199.40601369635672,100.0
0.5,199.46266629466442,100.0
0.5,199.55391282236542,100.0
0.5,199.64515935006642,100.0
0.5,199.73640587776742,100.0
0.5,199.8400945479737,100.0
0.5,199.94378321818,100.0
0.5,200.04747188838627,100.0
0.5,200.15116055859255,100.0
0.5,200.29505582906202,100.0
0.5,200.4389510995315,100.0
0.5,200.58284637000096,100.0
0.5,200.69894748558374,100.0
0.5,200.81504860116652,100.0
0.5,200.9311497167493,100.0
0.5,201.04725083233208,100.0
0.5,201.16335194791486,100.0
0.5,201.27945306349764,100.0
0.5,201.39555417908042,100.0
0.5,201.53013336068983,100.0
0.5,201.66471254229924,100.0
0.5,201.79929172390865,100.0
0.5,201.93387090551806,100.0
0.5,202.06845008712747,100.0
0.5,202.20302926873688,100.0
0.5,202.3376084503463,100.0
0.5,202.4721876319557,100.0
0.5,202.4921393290489,100.0
0.5,202.49589139856258,100.0
0.5,202.49964346807624,100.0
0.5,202.5033955375899,100.0
0.5,202.51089967661724,100.0
0.5,202.51840381564458,100.0
0.5,202.5454368306707,100.0
0.5,202.57246984569682,100.0
0.5,202.59950286072294,100.0
0.5,202.70720260741723,100.0
0.5,202.81490235411152,100.0
0.5,202.90000931838551,100.0
0.5,202.9851162826595,100.0
0.5,203.0702232469335,100.0
0.5,203.16951398914554,100.0
0.5,203.2688047313576,100.0
0.5,203.36809547356964,100.0
0.5,203.4826129328159,100.0
0.5,203.57425901448462,100.0
0.5,203.66590509615335,100.0
0.5,203.75755117782208,100.0
0.5,203.8491972594908,100.0
0.5,203.95161225942627,100.0
0.5,204.05402725936173,100.0
0.5,204.1564422592972,100.0
0.5,204.17692525928427,100.0
0.5,204.17995907674612,100.0
0.5,204.18299289420796,100.0
0.5,204.1860267116698,100.0
0.5,204.19209434659348,100.0
0.5,204.19816198151716,100.0
0.5,204.2278727836346,100.0
0.5,204.25758358575206,100.0
0.5,204.2872943878695,100.0
0.5,204.36748941886518,100.0
0.5,204.44768444986084,100.0
0.5,204.5278794808565,100.0
0.5,204.6319362188649,100.0
0.5,204.73599295687328,100.0
0.5,204.84004969488166,100.0
0.5,204.94410643289004,100.0
0.5,205.09702961436253,100.0
0.5,205.24995279583501,100.0
0.5,205.4028759773075,100.0
0.5,205.55579915878,100.0
0.5,205.70872234025248,100.0
0.5,205.86164552172497,100.0
0.5,206.01456870319745,100.0
0.5,206.16749188466994,100.0
0.5,206.32041506614243,100.0
0.5,206.47333824761492,100.0
0.5,206.6262614290874,100.0
0.5,206.7791846105599,100.0
0.5,206.93210779203238,100.0
0.5,207.08503097350487,100.0
0.5,207.23795415497736,100.0
0.5,207.39087733644985,100.0
0.5,207.54380051792234,100.0
0.5,207.69672369939482,100.0
0.5,207.8496468808673,100.0
0.5,208.0025700623398,100.0
0.5,208.1554932438123,100.0
0.5,208.30841642528478,100.0
0.5,208.46133960675726,100.0
0.5,208.61426278822975,100.0
0.5,208.76718596970224,100.0
0.5,208.92010915117473,100.0
0.5,209.07303233264722,100.0
0.5,209.2259555141197,100.0
0.5,209.3788786955922,100.0
0.5,209.53180187706468,100.0
0.5,209.6517242283218,100.0
0.5,209.7716465795789,100.0
0.5,209.89156893083603,100.0
0.5,210.01149128209315,100.0
0.5,210.14411604475475,100.0
0.5,210.27674080741636,100.0
0.5,210.3862589895308,100.0
0.5,210.49577717164524,100.0
0.5,210.6052953537597,100.0
0.5,210.71481353587413,100.0
0.5,210.8458565753468,100.0
0.5,210.97689961481947,100.0
0.5,211.10794265429215,100.0
0.5,211.23898569376482,100.0
0.5,211.3700287332375,100.0
0.5,211.50107177271016,100.0
0.5,211.63211481218283,100.0
0.5,211.7631578516555,100.0
0.5,211.89420089112818,100.0
0.5,212.02524393060085,100.0
0.5,212.15628697007352,100.0
0.5,212.2873300095462,100.0
0.5,212.41837304901887,100.0
0.5,212.54941608849154,100.0
0.5,212.6804591279642,100.0
0.5,212.81150216743688,100.0
0.5,212.94254520690956,100.0
0.5,213.07358824638223,100.0
0.5,213.2046312858549,100.0
0.5,213.35046143101914,100.0
0.5,213.49629157618338,100.0
0.5,213.64212172134762,100.0
0.5,213.78795186651186,100.0
0.5,213.9337820116761,100.0
0.5,214.07961215684034,100.0
0.5,214.22544230200458,100.0
0.5,214.37127244716882,100.0
0.5,214.51710259233306,100.0
0.5,214.6629327374973,100.0
0.5,214.80876288266154,100.0
0.5,214.95459302782578,100.0
0.5,215.10042317299002,100.0
0.5,215.24625331815426,100.0
0.5,215.3920834633185,100.0
0.5,215.53791360848274,100.0
0.5,215.68374375364698,100.0
0.5,215.82957389881122,100.0
0.5,215.97540404397546,100.0
0.5,216.1212341891397,100.0
0.5,216.26706433430394,100.0
0.5,216.41289447946818,100.0
0.5,216.55872462463242,100.0
0.5,216.70455476979666,100.0
0.5,216.8503849149609,100.0
0.5,216.99621506012514,100.0
0.5,217.14204520528938,100.0
0.5,217.28787535045362,100.0
0.5,217.43370549561786,100.0
0.5,217.5795356407821,100.0
0.5,217.72536578594634,100.0
0.5,217.87119593111058,100.0
0.5,218.01702607627482,100.0
0.5,218.16285622143906,100.0
0.5,218.3086863666033,100.0
0.5,218.45451651176754,100.0
0.5,218.60034665693178,100.0
0.5,218.74617680209602,100.0
0.5,218.89200694726026,100.0
0.5,219.0378370924245,100.0
0.5,219.18366723758874,100.0
0.5,219.32949738275298,100.0
0.5,219.47532752791722,100.0
0.5,219.62115767308146,100.0
0.5,219.7669878182457,100.0
0.5,219.91281796340994,100.0
0.5,220.05864810857418,100.0
0.5,220.20447825373842,100.0
0.5,220.32366365839044,100.0
0.5,220.44284906304247,100.0
0.5,220.5620344676945,100.0
0.5,220.68121987234653,100.0
0.5,220.80040527699856,100.0
0.5,220.9195906816506,100.0
0.5,221.03877608630262,100.0
0.5,221.15796149095465,100.0
0.5,221.27714689560668,100.0
0.5,221.3963323002587,100.0
0.5,221.51551770491074,100.0
0.5,221.63470310956276,100.0
0.5,221.7538885142148,100.0
0.5,221.87307391886682,100.0
0.5,221.96891133268335,100.0
0.5,221.98527622634742,100.0
0.5,222.0016411200115,100.0
0.5,222.01800601367557,100.0
0.5,222.05073580100373,100.0
0.5,222.08346558833188,100.0
0.5,222.11619537566003,100.0
0.5,222.20552087408532,100.0
0.5,222.29484637251062,100.0
0.5,222.38417187093592,100.0
0.5,222.4734973693612,100.0
0.5,222.5628228677865,100.0
0.5,222.6521483662118,100.0
0.5,222.76974109133758,100.0
0.5,222.88733381646335,100.0
0.5,222.9844778271561,100.0
0.5,223.08162183784884,100.0
0.5,223.1787658485416,100.0
0.5,223.27590985923433,100.0
0.5,223.38917294720787,100.0
0.5,223.5024360351814,100.0
0.5,223.61569912315494,100.0
0.5,223.72896221112848,100.0
0.5,223.8225758888307,100.0
0.5,223.89358541372962,100.0
0.5,223.96459493862855,100.0
0.5,224.03560446352748,100.0
0.5,224.1066139884264,100.0
0.5,224.2162837798528,100.0
0.5,224.3259535712792,100.0
0.5,224.4356233627056,100.0
0.5,224.545293154132,100.0
0.5,224.68019066755056,100.0
0.5,224.81508818096913,100.0
0.5,224.9499856943877,100.0
0.5,225.08488320780626,100.0
0.5,225.21978072122482,100.0
0.5,225.3546782346434,100.0
0.5,225.48957574806195,100.0
0.5,225.62447326148052,100.0
0.5,225.75937077489908,100.0
0.5,225.89426828831765,100.0
0.5,226.0291658017362,100.0
0.5,226.16406331515478,100.0
0.5,226.29896082857334,100.0
0.5,226.4338583419919,100.0
0.5,226.56875585541047,100.0
0.5,226.70365336882904,100.0
0.5,226.8385508822476,100.0
0.5,226.97344839566617,100.0
0.5,227.10834590908473,100.0
0.5,227.2432434225033,100.0
0.5,227.37814093592186,100.0
0.5,227.51303844934043,100.0
0.5,227.647935962759,100.0
0.5,227.78283347617756,100.0
0.5,227.8027686431033,100.0
0.5,227.80623333098717,100.0
0.5,227.80969801887105,100.0
0.5,227.81316270675492,100.0
0.5,227.8200920825227,100.0
0.5,227.8270214582905,100.0
0.5,227.85398716282037,100.0
0.5,227.88095286735026,100.0
0.5,227.92370102855148,100.0
0.5,227.9664491897527,100.0
0.5,228.0091973509539,100.0
0.5,228.11198870392644,100.0
0.5,228.21478005689897,100.0
0.5,228.3175714098715,100.0
0.5,228.43761226759824,100.0
0.5,228.55765312532498,100.0
0.5,228.6776939830517,100.0
0.5,228.79773484077845,100.0
0.5,228.91777569850518,100.0
0.5,229.03781655623192,100.0
0.5,229.15785741395865,100.0
0.5,229.2778982716854,100.0
0.5,229.39793912941212,100.0
0.5,229.51797998713886,100.0
0.5,229.6380208448656,100.0
0.5,229.75806170259233,100.0
0.5,229.87810256031906,100.0
0.5,230.03305483752956,100.0
0.5,230.18800711474006,100.0
0.5,230.31139472568472,100.0
0.5,230.41412217229376,100.0
0.5,230.5168496189028,100.0
0.5,230.61957706551183,100.0
0.5,230.72230451212087,100.0
0.5,230.86089318412002,100.0
0.5,230.99948185611916,100.0
0.5,231.1380705281183,100.0
0.5,231.27665920011745,100.0
0.5,231.4152478721166,100.0
0.5,231.55383654411574,100.0
0.5,231.69242521611488,100.0
0.5,231.83101388811403,100.0
0.5,231.96960256011317,100.0
0.5,232.10819123211232,100.0
0.5,232.24677990411146,100.0
0.5,232.3853685761106,100.0
0.5,232.52395724810975,100.0
0.5,232.6625459201089,100.0
0.5,232.80113459210804,100.0
0.5,232.9397232641072,100.0
0.5,233.07831193610633,100.0
0.5,233.21690060810548,100.0
0.5,233.35548928010462,100.0
0.5,233.37506648943307,100.0
0.5,233.3946436987615,100.0
0.5,233.41422090808996,100.0
0.5,233.4382817298945,100.0
0.5,233.46234255169904,100.0
0.5,233.48640337350358,100.0
0.5,233.53639000832598,100.0
0.5,233.58637664314838,100.0
0.5,233.6363632779708,100.0
0.5,233.7434465065014,100.0
0.5,233.85052973503204,100.0
0.5,233.95761296356267,100.0
0.5,234.0646961920933,100.0
0.5,234.2034645732205,100.0
0.5,234.34223295434768,100.0
0.5,234.48100133547487,100.0
0.5,234.61976971660206,100.0
0.5,234.75853809772926,100.0
0.5,234.89730647885645,100.0
0.5,235.03607485998364,100.0
0.5,235.17484324111084,100.0
0.5,235.31361162223803,100.0
0.5,235.45238000336522,100.0
0.5,235.5911483844924,100.0
0.5,235.7299167656196,100.0
0.5,235.8686851467468,100.0
0.5,236.007453527874,100.0
0.5,236.14622190900118,100.0
0.5,236.28499029012838,100.0
0.5,236.42375867125557,100.0
0.5,236.56252705238276,100.0
0.5,236.70129543350996,100.0
0.5,236.84006381463715,100.0
0.5,236.97883219576434,100.0
0.5,237.11760057689153,100.0
0.5,237.25636895801873,100.0
0.5,237.39513733914592,100.0
0.5,237.5339057202731,100.0
0.5,237.6726741014003,100.0
0.5,237.8114424825275,100.0
0.5,237.9502108636547,100.0
0.5,238.1038621313005,100.0
0.5,238.25751339894632,100.0
0.5,238.41116466659213,100.0
0.5,238.56481593423794,100.0
0.5,238.71846720188375,100.0
0.5,238.87211846952957,100.0
0.5,239.02576973717538,100.0
0.5,239.1794210048212,100.0
0.5,239.333072272467,100.0
0.5,239.48672354011282,100.0
0.5,239.64037480775863,100.0
0.5,239.75940943277334,100.0
0.5,239.87844405778804,100.0
0.5,239.99747868280275,100.0
0.5,240.11651330781746,100.0
0.5,240.23554793283216,100.0
0.5,240.35458255784687,100.0
0.5,240.47361718286157,100.0
0.5,240.59265180787628,100.0
0.5,240.71168643289099,100.0
0.5,240.8307210579057,100.0
0.5,240.96383402378166,100.0
0.5,241.09694698965762,100.0
0.5,241.2300599555336,100.0
0.5,241.36317292140956,100.0
0.5,241.49628588728552,100.0
0.5,241.6293988531615,100.0
0.5,241.76251181903746,100.0
0.5,241.89562478491342,100.0
0.5,242.0287377507894,100.0
0.5,242.16185071666536,100.0
0.5,242.29496368254132,100.0
0.5,242.4280766484173,100.0
0.5,242.56118961429326,100.0
0.5,242.69430258016922,100.0
0.5,242.8274155460452,100.0
0.5,242.96052851192115,100.0
0.5,243.09364147779712,100.0
0.5,243.2267544436731,100.0
0.5,243.35986740954905,100.0
0.5,243.49298037542502,100.0
0.5,243.626093341301,100.0
0.5,243.75920630717695,100.0
0.5,243.89231927305292,100.0
0.5,244.0254322389289,100.0
0.5,244.1338997429724,100.0
0.5,244.24236724701592,100.0
0.5,244.35083475105944,100.0
0.5,244.45930225510295,100.0
0.5,244.56776975914647,100.0
0.5,244.67623726319,100.0
0.5,244.7847047672335,100.0
0.5,244.9349066933932,100.0
0.5,245.0851086195529,100.0
0.5,245.2353105457126,100.0
0.5,245.3855124718723,100.0
0.5,245.53571439803198,100.0
0.5,245.68591632419168,100.0
0.5,245.83611825035138,100.0
0.5,245.98632017651107,100.0
0.5,246.13652210267077,100.0
0.5,246.28672402883046,100.0
0.5,246.43692595499016,100.0
0.5,246.58712788114985,100.0
0.5,246.73732980730955,100.0
0.5,246.88753173346925,100.0
0.5,247.03773365962894,100.0
0.5,247.18793558578864,100.0
0.5,247.33813751194833,100.0
0.5,247.48833943810803,100.0
0.5,247.63854136426772,100.0
0.5,247.78874329042742,100.0
0.5,247.93894521658711,100.0
0.5,248.0891471427468,100.0
0.5,248.2393490689065,100.0
0.5,248.3895509950662,100.0
0.5,248.50941050155407,100.0
0.5,248.62927000804194,100.0
0.5,248.7491295145298,100.0
0.5,248.86898902101768,100.0
0.5,248.98884852750555,100.0
0.5,249.10870803399342,100.0
0.5,249.2285675404813,100.0
0.5,249.34842704696916,100.0
0.5,249.46828655345703,100.0
0.5,249.5881460599449,100.0
0.5,249.7235178518448,100.0
0.5,249.8588896437447,100.0
0.5,249.9628668568405,100.0
0.5,249.97915925520158,100.0
0.5,249.99545165356267,100.0
0.5,250.01174405192376,100.0
0.5,250.04432884864593,100.0
0.5,250.0769136453681,100.0
0.5,250.10949844209028,100.0
0.5,250.19432914613714,100.0
0.5,250.279159850184,100.0
0.5,250.36399055423084,100.0
0.5,250.46906138410696,100.0
0.5,250.5741322139831,100.0
0.5,250.67920304385922,100.0
0.5,250.78427387373534,100.0
0.5,250.93483344981394,100.0
0.5,251.08539302589253,100.0
0.5,251.23595260197112,100.0
0.5,251.35980934720266,100.0
0.5,251.4836660924342,100.0
0.5,251.60752283766573,100.0
0.5,251.73137958289726,100.0
0.5,251.87129924448894,100.0
0.5,252.01121890608061,100.0
0.5,252.1511385676723,100.0
0.5,252.29105822926397,100.0
0.5,252.44541701834075,100.0
0.5,252.59977580741753,100.0
0.5,252.7541345964943,100.0
0.5,252.9084933855711,100.0
0.5,253.06285217464787,100.0
0.5,253.21721096372465,100.0
0.5,253.37156975280143,100.0
0.5,253.52592854187822,100.0
0.5,253.680287330955,100.0
0.5,253.83464612003178,100.0
0.5,253.98900490910856,100.0
0.5,254.14336369818534,100.0
0.5,254.29772248726212,100.0
0.5,254.4520812763389,100.0
0.5,254.60644006541568,100.0
0.5,254.76079885449246,100.0
0.5,254.91515764356924,100.0
0.5,255.06951643264603,100.0
0.5,255.2238752217228,100.0
0.5,255.3782340107996,100.0
0.5,255.53259279987637,100.0
0.5,255.68695158895315,100.0
0.5,255.84131037802993,100.0
0.5,255.9956691671067,100.0
0.5,256.15002795618346,100.0
0.5,256.3043867452602,100.0
0.5,256.45874553433697,100.0
0.5,256.6131043234137,100.0
0.5,256.7674631124905,100.0
0.5,256.9218219015672,100.0
0.5,257.076180690644,100.0
0.5,257.23053947972073,100.0
0.5,257.3848982687975,100.0
0.5,257.53925705787424,100.0
0.5,257.693615846951,100.0
0.5,257.84797463602774,100.0
0.5,258.0023334251045,100.0
0.5,258.15669221418125,100.0
0.5,258.311051003258,100.0
0.5,258.46540979233475,100.0
0.5,258.6197685814115,100.0
0.5,258.77412737048826,100.0
0.5,258.928486159565,100.0
0.5,259.08284494864176,100.0
0.5,259.2372037377185,100.0
0.5,259.39156252679527,100.0
0.5,259.545921315872,100.0
0.5,259.7002801049488,100.0
0.5,259.8546388940255,100.0
0.5,260.0089976831023,100.0
0.5,260.16335647217903,100.0
0.5,260.3177152612558,100.0
0.5,260.47207405033254,100.0
0.5,260.6264328394093,100.0
0.5,260.78079162848604,100.0
0.5,260.9351504175628,100.0
0.5,261.08950920663955,100.0
0.5,261.2438679957163,100.0
0.5,261.39822678479305,100.0
0.5,261.5525855738698,100.0
0.5,261.70694436294656,100.0
0.5,261.8613031520233,100.0
0.5,262.01566194110006,100.0
0.5,262.1700207301768,100.0
0.5,262.32437951925357,100.0
0.5,262.4787383083303,100.0
0.5,262.6330970974071,100.0
0.5,262.7874558864838,100.0
0.5,262.9418146755606,100.0
0.5,263.09617346463733,100.0
0.5,263.2505322537141,100.0
0.5,263.40489104279084,100.0
0.5,263.5592498318676,100.0
0.5,263.71360862094434,100.0
0.5,263.8679674100211,100.0
0.5,264.02232619909785,100.0
0.5,264.1766849881746,100.0
0.5,264.33104377725135,100.0
0.5,264.4854025663281,100.0
0.5,264.63976135540486,100.0
0.5,264.7941201444816,100.0
0.5,264.94847893355836,100.0
0.5,265.1028377226351,100.0
0.5,265.25719651171187,100.0
0.5,265.4115553007886,100.0
0.5,265.5659140898654,100.0
0.5,265.6863987557329,100.0
0.5,265.80688342160045,100.0
0.5,265.927368087468,100.0
0.5,266.0478527533355,100.0
0.5,266.16833741920306,100.0
0.5,266.2888220850706,100.0
0.5,266.40930675093813,100.0
0.5,266.52979141680566,100.0
0.5,266.6502760826732,100.0
0.5,266.77076074854074,100.0
0.5,266.9069780626985,100.0
0.5,267.04319537685626,100.0
0.5,267.1487588321343,100.0
0.5,267.16569908016794,100.0
0.5,267.18263932820156,100.0
0.5,267.1995795762352,100.0
0.5,267.2334600723025,100.0
0.5,267.2673405683698,100.0
0.5,267.3012210644371,100.0
0.5,267.38908773861704,100.0
0.5,267.476954412797,100.0
0.5,267.56482108697696,100.0
0.5,267.6709426682716,100.0
0.5,267.77706424956625,100.0
0.5,267.8831858308609,100.0
0.5,267.98930741215554,100.0
0.5,268.1447949388194,100.0
0.5,268.3002824654833,100.0
0.5,268.45576999214717,100.0
0.5,268.61125751881104,100.0
0.5,268.7667450454749,100.0
0.5,268.9222325721388,100.0
0.5,269.0777200988027,100.0
0.5,269.23320762546655,100.0
0.5,269.3886951521304,100.0
0.5,269.5441826787943,100.0
0.5,269.6996702054582,100.0
0.5,269.85515773212205,100.0
0.5,270.0106452587859,100.0
0.5,270.1661327854498,100.0
0.5,270.3216203121137,100.0
0.5,270.47710783877756,100.0
0.5,270.63259536544143,100.0
0.5,270.7880828921053,100.0
0.5,270.9435704187692,100.0
0.5,271.09905794543306,100.0
0.5,271.25454547209694,100.0
0.5,271.4100329987608,100.0
0.5,271.5655205254247,100.0
0.5,271.72100805208856,100.0
0.5,271.87649557875244,100.0
0.5,272.0319831054163,100.0
0.5,272.1874706320802,100.0
0.5,272.34295815874407,100.0
0.5,272.49844568540794,100.0
0.5,272.6539332120718,100.0
0.5,272.8094207387357,100.0
0.5,272.9649082653996,100.0
0.5,273.12039579206345,100.0
0.5,273.2758833187273,100.0
0.5,273.4313708453912,100.0
0.5,273.5868583720551,100.0
0.5,273.74234589871895,100.0
0.5,273.864528514578,100.0
0.5,273.9867111304371,100.0
0.5,274.10889374629613,100.0
0.5,274.2310763621552,100.0
0.5,274.35325897801425,100.0
0.5,274.4754415938733,100.0
0.5,274.5976242097324,100.0
0.5,274.71980682559143,100.0
0.5,274.815222040241,100.0
0.5,274.91063725489056,100.0
0.5,275.0060524695401,100.0
0.5,275.1014676841897,100.0
0.5,275.2084970124496,100.0
0.5,275.3155263407095,100.0
0.5,275.4225556689694,100.0
0.5,275.5295849972293,100.0
0.5,275.6366143254892,100.0
0.5,275.6366311854947,100.0
0.5,275.63664804550024,100.0
0.5,275.63666490550577,100.0
0.5,275.6366817655113,100.0
0.5,275.63669862551683,100.0
0.5,275.6367323455279,100.0
0.5,275.63676606553895,100.0
0.5,275.63697767944404,100.0
0.5,275.63718929334914,100.0
0.5,275.63785900600226,100.0
0.5,275.6385287186554,100.0
0.5,275.64038944546616,100.0
0.5,275.64225017227693,100.0
0.5,275.6464536151548,100.0
0.5,275.6506570580327,100.0
0.5,275.66209552500123,100.0
0.5,275.67353399196975,100.0
0.5,275.70866571187423,100.0
0.5,275.73593885454676,100.0
0.5,275.7632119972193,100.0
0.5,275.79883859544617,100.0
0.5,275.83446519367305,100.0
0.5,275.87009179189994,100.0
0.5,275.93700478513193,100.0
0.5,276.0039177783639,100.0
0.5,276.0708307715959,100.0
0.5,276.1631672821586,100.0
0.5,276.2555037927213,100.0
0.5,276.347840303284,100.0
0.5,276.4401768138467,100.0
0.5,276.53251332440936,100.0
0.5,276.62484983497205,100.0
0.5,276.7346799527823,100.0
0.5,276.84451007059255,100.0
0.5,276.9543401884028,100.0
0.5,277.06417030621304,100.0
0.5,277.1740004240233,100.0
0.5,277.28383054183354,100.0
0.5,277.3936606596438,100.0
0.5,277.5264046339503,100.0
0.5,277.65914860825677,100.0
0.5,277.79189258256326,100.0
0.5,277.92463655686976,100.0
0.5,278.05738053117625,100.0
0.5,278.19012450548274,100.0
0.5,278.32286847978924,100.0
0.5,278.45561245409573,100.0
0.5,278.5883564284022,100.0
0.5,278.7211004027087,100.0
0.5,278.8538443770152,100.0
0.5,278.9865883513217,100.0
0.5,279.1193323256282,100.0
0.5,279.2520762999347,100.0
0.5,279.3848202742412,100.0
0.5,279.49121561921584,100.0
0.5,279.5097606584573,100.0
0.5,279.5283056976988,100.0
0.5,279.54685073694026,100.0
0.5,279.58394081542315,100.0
0.5,279.62103089390604,100.0
0.5,279.65812097238893,100.0
0.5,279.74456919731114,100.0
0.5,279.83101742223334,100.0
0.5,279.91746564715555,100.0
0.5,280.0241142323465,100.0
0.5,280.13076281753746,100.0
0.5,280.2374114027284,100.0
0.5,280.34405998791937,100.0
0.5,280.5027393313026,100.0
0.5,280.6614186746859,100.0
0.5,280.82009801806913,100.0
0.5,280.9787773614524,100.0
0.5,281.13745670483564,100.0
0.5,281.2961360482189,100.0
0.5,281.45481539160215,100.0
0.5,281.6134947349854,100.0
0.5,281.77217407836866,100.0
0.5,281.9308534217519,100.0
0.5,282.0895327651352,100.0
0.5,282.24821210851843,100.0
0.5,282.37098873078,100.0
0.5,282.4937653530416,100.0
0.5,282.6165419753032,100.0
0.5,282.7393185975648,100.0
0.5,282.8791092001562,100.0
0.5,283.0188998027476,100.0
0.5,283.1336111918301,100.0
0.5,283.24832258091254,100.0
0.5,283.363033969995,100.0
0.5,283.47774535907746,100.0
0.5,283.6052897394298,100.0
0.5,283.7328341197821,100.0
0.5,283.8340166797436,100.0
0.5,283.9351992397051,100.0
0.5,284.03638179966663,100.0
0.5,284.13756435962813,100.0
0.5,284.2530262592632,100.0
0.5,284.3684881588983,100.0
0.5,284.48395005853337,100.0
0.5,284.59941195816845,100.0
0.5,284.7148738578035,100.0
0.5,284.8303357574386,100.0
0.5,284.9457976570737,100.0
0.5,285.08115387401784,100.0
0.5,285.216510090962,100.0
0.5,285.35186630790616,100.0
0.5,285.4872225248503,100.0
0.5,285.6225787417945,100.0
0.5,285.75793495873864,100.0
0.5,285.8932911756828,100.0
0.5,286.02864739262697,100.0
0.5,286.1640036095711,100.0
0.5,286.2993598265153,100.0
0.5,286.43471604345945,100.0
0.5,286.5700722604036,100.0
0.5,286.70542847734777,100.0
0.5,286.8407846942919,100.0
0.5,286.9761409112361,100.0
0.5,287.11149712818025,100.0
0.5,287.2468533451244,100.0
0.5,287.38220956206857,100.0
0.5,287.5175657790127,100.0
0.5,287.6529219959569,100.0
0.5,287.78827821290105,100.0
0.5,287.9236344298452,100.0
0.5,288.05899064678937,100.0
0.5,288.19434686373353,100.0
0.5,288.3297030806777,100.0
0.5,288.46505929762185,100.0
0.5,288.600415514566,100.0
0.5,288.73577173151017,100.0
0.5,288.87112794845433,100.0
0.5,289.0064841653985,100.0
0.5,289.14184038234265,100.0
0.5,289.2771965992868,100.0
0.5,289.41255281623097,100.0
0.5,289.54790903317513,100.0
0.5,289.6832652501193,100.0
0.5,289.81862146706345,100.0
0.5,289.9539776840076,100.0
0.5,290.0893339009518,100.0
0.5,290.22469011789593,100.0
0.5,290.3600463348401,100.0
0.5,290.51142920696736,100.0
0.5,290.66281207909464,100.0
0.5,290.8141949512219,100.0
0.5,290.9655778233492,100.0
0.5,291.11696069547645,100.0
0.5,291.2683435676037,100.0
0.5,291.419726439731,100.0
0.5,291.57110931185827,100.0
0.5,291.72249218398554,100.0
0.5,291.8738750561128,100.0
0.5,292.0252579282401,100.0
0.5,292.17664080036735,100.0
0.5,292.3280236724946,100.0
0.5,292.4794065446219,100.0
0.5,292.63078941674917,100.0
0.5,292.78217228887644,100.0
0.5,292.9335551610037,100.0
0.5,293.084938033131,100.0
0.5,293.23632090525825,100.0
0.5,293.3877037773855,100.0
0.5,293.5390866495128,100.0
0.5,293.69046952164007,100.0
0.5,293.84185239376734,100.0
0.5,293.9932352658946,100.0
0.5,294.1446181380219,100.0
0.5,294.29600101014915,100.0
0.5,294.4473838822764,100.0
0.5,294.5987667544037,100.0
0.5,294.75014962653097,100.0
0.5,294.90153249865824,100.0
0.5,295.0529153707855,100.0
0.5,295.2042982429128,100.0
0.5,295.35568111504006,100.0
0.5,295.5070639871673,100.0
0.5,295.6584468592946,100.0
0.5,295.80982973142187,100.0
0.5,295.96121260354914,100.0
0.5,296.1125954756764,100.0
0.5,296.2639783478037,100.0
0.5,296.41536121993096,100.0
0.5,296.56674409205823,100.0
0.5,296.7181269641855,100.0
0.5,296.8695098363128,100.0
0.5,297.02089270844004,100.0
0.5,297.1722755805673,100.0
0.5,297.3236584526946,100.0
0.5,297.47504132482186,100.0
0.5,297.62642419694913,100.0
0.5,297.7778070690764,100.0
0.5,297.9291899412037,100.0
0.5,298.08057281333095,100.0
0.5,298.2319556854582,100.0
0.5,298.3833385575855,100.0
0.5,298.53472142971276,100.0
0.5,298.68610430184003,100.0
0.5,298.8374871739673,100.0
0.5,298.9888700460946,100.0
0.5,299.14025291822185,100.0
0.5,299.2916357903491,100.0
0.5,299.4430186624764,100.0
0.5,299.59440153460366,100.0
0.5,299.74578440673093,100.0
0.5,299.8971672788582,100.0
0.5,300.0485501509855,100.0
0.5,300.19993302311275,100.0
0.5,300.35131589524,100.0
0.5,300.5026987673673,100.0
0.5,300.65408163949456,100.0
0.5,300.80546451162184,100.0
0.5,300.9568473837491,100.0
0.5,301.1082302558764,100.0
0.5,301.25961312800365,100.0
0.5,301.4109960001309,100.0
0.5,301.5623788722582,100.0
0.5,301.71376174438547,100.0
0.5,301.86514461651274,100.0
0.5,302.01652748864,100.0
0.5,302.1679103607673,100.0
0.5,302.31929323289455,100.0
0.5,302.4706761050218,100.0
0.5,302.6220589771491,100.0
0.5,302.77344184927637,100.0
0.5,302.92482472140364,100.0
0.5,303.0762075935309,100.0
0.5,303.2275904656582,100.0
0.5,303.37897333778545,100.0
0.5,303.5303562099127,100.0
0.5,303.68173908204,100.0
0.5,303.83312195416727,100.0
0.5,303.98450482629454,100.0
0.5,304.1358876984218,100.0
0.5,304.2872705705491,100.0
0.5,304.43865344267635,100.0
0.5,304.5900363148036,100.0
0.5,304.7414191869309,100.0
0.5,304.89280205905817,100.0
0.5,305.04418493118544,100.0
0.5,305.1955678033127,100.0
0.5,305.34695067544,100.0
0.5,305.49833354756726,100.0
0.5,305.6497164196945,100.0
0.5,305.8010992918218,100.0
0.5,305.95248216394907,100.0
0.5,306.10386503607634,100.0
0.5,306.2552479082036,100.0
0.5,306.4066307803309,100.0
0.5,306.55801365245816,100.0
0.5,306.70939652458543,100.0
0.5,306.8607793967127,100.0
0.5,307.01216226884,100.0
0.5,307.16354514096724,100.0
0.5,307.3149280130945,100.0
0.5,307.4663108852218,100.0
0.5,307.61769375734906,100.0
0.5,307.76907662947633,100.0
0.5,307.9204595016036,100.0
0.5,308.0718423737309,100.0
0.5,308.22322524585815,100.0
0.5,308.3746081179854,100.0
0.5,308.5259909901127,100.0
0.5,308.67737386223996,100.0
0.5,308.82875673436723,100.0
0.5,308.9801396064945,100.0
0.5,309.1315224786218,100.0
0.5,309.28290535074905,100.0
0.5,309.4342882228763,100.0
0.5,309.5856710950036,100.0
0.5,309.73705396713086,100.0
0.5,309.88843683925813,100.0
0.5,310.0398197113854,100.0
0.5,310.1912025835127,100.0
0.5,310.34258545563995,100.0
0.5,310.4939683277672,100.0
0.5,310.6453511998945,100.0
0.5,310.79673407202176,100.0
0.5,310.94811694414904,100.0
0.5,311.0994998162763,100.0
0.5,311.22408475822704,100.0
0.5,311.34866970017777,100.0
0.5,311.4732546421285,100.0
0.5,311.5978395840792,100.0
0.5,311.72242452602995,100.0
0.5,311.8470094679807,100.0
0.5,311.9715944099314,100.0
0.5,312.10902907548274,100.0
0.5,312.21818248009254,100.0
0.5,312.32733588470234,100.0
0.5,312.43648928931214,100.0
0.5,312.54564269392193,100.0
0.5,312.6931553875704,100.0
0.5,312.8406680812189,100.0
0.5,312.9881807748674,100.0
0.5,313.13569346851585,100.0
0.5,313.28320616216433,100.0
0.5,313.4307188558128,100.0
0.5,313.5782315494613,100.0
0.5,313.7257442431098,100.0
0.5,313.87325693675825,100.0
0.5,314.02076963040673,100.0
0.5,314.1682823240552,100.0
0.5,314.3157950177037,100.0
0.5,314.4633077113522,100.0
0.5,314.63518185057006,100.0
0.5,314.80705598978795,100.0
0.5,314.97893012900585,100.0
0.5,315.15080426822374,100.0
0.5,315.32267840744163,100.0
0.5,315.4945525466595,100.0
0.5,315.6664266858774,100.0
0.5,315.8383008250953,100.0
0.5,316.0101749643132,100.0
0.5,316.1820491035311,100.0
0.5,316.353923242749,100.0
0.5,316.52579738196687,100.0
0.5,316.69767152118476,100.0
0.5,316.86954566040265,100.0
0.5,317.04141979962054,100.0
0.5,317.21329393883843,100.0
0.5,317.3486491093185,100.0
0.5,317.48400427979857,100.0
0.5,317.61935945027864,100.0
0.5,317.7547146207587,100.0
0.5,317.9058990584228,100.0
0.5,318.0570834960869,100.0
0.5,318.20826793375096,100.0
0.5,318.33219776401825,100.0
0.5,318.4321926557289,100.0
0.5,318.53218754743955,100.0
0.5,318.6321824391502,100.0
0.5,318.73217733086085,100.0
0.5,318.89705876999744,100.0
0.5,319.06194020913404,100.0
0.5,319.22682164827063,100.0
0.5,319.3917030874072,100.0
0.5,319.5565845265438,100.0
0.5,319.7214659656804,100.0
0.5,319.886347404817,100.0
0.5,320.0512288439536,100.0
0.5,320.2161102830902,100.0
0.5,320.3809917222268,100.0
0.5,320.5458731613634,100.0
0.5,320.71075460049997,100.0
0.5,320.87563603963656,100.0
0.5,320.8976287878695,100.0
0.5,320.90159372628244,100.0
0.5,320.9055586646954,100.0
0.5,320.91348854152125,100.0
0.5,320.9214184183471,100.0
0.5,320.94803462077857,100.0
0.5,320.97465082321,100.0
0.5,321.02725056577816,100.0
0.5,321.0798503083463,100.0
0.5,321.13245005091443,100.0
0.5,321.2430688032731,100.0
0.5,321.3536875556318,100.0
0.5,321.46430630799046,100.0
0.5,321.600789161064,100.0
0.5,321.7372720141375,100.0
0.5,321.873754867211,100.0
0.5,322.0102377202845,100.0
0.5,322.1833048906956,100.0
0.5,322.35637206110664,100.0
0.5,322.5294392315177,100.0
0.5,322.70250640192876,100.0
0.5,322.8755735723398,100.0
0.5,323.0486407427509,100.0
0.5,323.22170791316194,100.0
0.5,323.394775083573,100.0
0.5,323.56784225398405,100.0
0.5,323.7409094243951,100.0
0.5,323.9139765948062,100.0
0.5,324.08704376521723,100.0
0.5,324.2601109356283,100.0
0.5,324.43317810603935,100.0
0.5,324.6062452764504,100.0
0.5,324.77931244686147,100.0
0.5,324.9523796172725,100.0
0.5,325.1254467876836,100.0
0.5,325.29851395809465,100.0
0.5,325.4715811285057,100.0
0.5,325.64464829891676,100.0
0.5,325.8177154693278,100.0
0.5,325.9907826397389,100.0
0.5,326.16384981014994,100.0
0.5,326.336916980561,100.0
0.5,326.50998415097206,100.0
0.5,326.6830513213831,100.0
0.5,326.8561184917942,100.0
0.5,327.02918566220524,100.0
0.5,327.2022528326163,100.0
0.5,327.37532000302735,100.0
0.5,327.5483871734384,100.0
0.5,327.7214543438495,100.0
0.5,327.89452151426053,100.0
0.5,328.0675886846716,100.0
0.5,328.24065585508265,100.0
0.5,328.4137230254937,100.0
0.5,328.58679019590477,100.0
0.5,328.7598573663158,100.0
0.5,328.9329245367269,100.0
0.5,329.10599170713795,100.0
0.5,329.279058877549,100.0
0.5,329.45212604796006,100.0
0.5,329.6251932183711,100.0
0.5,329.7982603887822,100.0
0.5,329.97132755919324,100.0
0.5,330.1443947296043,100.0
0.5,330.31746190001536,100.0
0.5,330.4905290704264,100.0
0.5,330.6635962408375,100.0
0.5,330.83666341124854,100.0
0.5,331.0097305816596,100.0
0.5,331.18279775207066,100.0
0.5,331.3558649224817,100.0
0.5,331.5289320928928,100.0
0.5,331.70199926330383,100.0
0.5,331.8750664337149,100.0
0.5,332.04813360412595,100.0
0.5,332.221200774537,100.0
0.5,332.39426794494807,100.0
0.5,332.5673351153591,100.0
0.5,332.7404022857702,100.0
0.5,332.91346945618125,100.0
0.5,333.0865366265923,100.0
0.5,333.25960379700336,100.0
0.5,333.4326709674144,100.0
0.5,333.6057381378255,100.0
0.5,333.77880530823654,100.0
0.5,333.9518724786476,100.0
0.5,334.12493964905866,100.0
0.5,334.2980068194697,100.0
0.5,334.4710739898808,100.0
0.5,334.64414116029184,100.0
0.5,334.8172083307029,100.0
0.5,334.99027550111396,100.0
0.5,335.163342671525,100.0
0.5,335.3364098419361,100.0
0.5,335.50947701234713,100.0
0.5,335.6825441827582,100.0
0.5,335.85561135316925,100.0
0.5,336.0286785235803,100.0
0.5,336.20174569399137,100.0
0.5,336.37481286440243,100.0
0.5,336.5478800348135,100.0
0.5,336.68852358351586,100.0
0.5,336.82916713221823,100.0
0.5,336.9698106809206,100.0
0.5,337.110454229623,100.0
0.5,337.25109777832535,100.0
0.5,337.3917413270277,100.0
0.5,337.5323848757301,100.0
0.5,337.7171954660212,100.0
0.5,337.864801495778,100.0
0.5,338.0124075255348,100.0
0.5,338.1600135552916,100.0
0.5,338.30761958504837,100.0
0.5,338.47696781076496,100.0
0.5,338.64631603648155,100.0
0.5,338.81566426219814,100.0
0.5,338.98501248791473,100.0
0.5,339.1543607136313,100.0
0.5,339.3237089393479,100.0
0.5,339.4930571650645,100.0
0.5,339.6624053907811,100.0
0.5,339.8317536164977,100.0
0.5,340.00110184221427,100.0
0.5,340.17045006793086,100.0
0.5,340.33979829364745,100.0
0.5,340.50914651936404,100.0
0.5,340.6784947450806,100.0
0.5,340.8478429707972,100.0
0.5,341.0171911965138,100.0
0.5,341.1865394222304,100.0
0.5,341.355887647947,100.0
0.5,341.5252358736636,100.0
0.5,341.69458409938017,100.0
0.5,341.86393232509675,100.0
0.5,342.03328055081334,100.0
0.5,342.20262877652993,100.0
0.5,342.3719770022465,100.0
0.5,342.5413252279631,100.0
0.5,342.7106734536797,100.0
0.5,342.8800216793963,100.0
0.5,343.0493699051129,100.0
0.5,343.2187181308295,100.0
0.5,343.38806635654606,100.0
0.5,343.55741458226265,100.0
0.5,343.6907240080811,100.0
0.5,343.8240334338995,100.0
0.5,343.9573428597179,100.0
0.5,344.09065228553635,100.0
0.5,344.2239617113548,100.0
0.5,344.3572711371732,100.0
0.5,344.3734346938017,100.0
0.5,344.38515305127464,100.0
0.5,344.3968714087476,100.0
0.5,344.40858976622053,100.0
0.5,344.4116728187778,100.0
0.5,344.41475587133505,100.0
0.5,344.4200772111422,100.0
0.5,344.42539855094935,100.0
0.5,344.44975287482765,100.0
0.5,344.47410719870595,100.0
0.5,344.5069238171873,100.0
0.5,344.5397404356687,100.0
0.5,344.5725570541501,100.0
0.5,344.62898129341306,100.0
0.5,344.68540553267604,100.0
0.5,344.741829771939,100.0
0.5,344.80492103577484,100.0
0.5,344.86801229961065,100.0
0.5,344.93110356344647,100.0
0.5,344.9389124154037,100.0
0.5,344.94672126736094,100.0
0.5,344.9545301193182,100.0
0.5,344.97014782323265,100.0
0.5,344.9857655271471,100.0
0.5,345.0013832310616,100.0
0.5,345.03626616387106,100.0
0.5,345.07114909668053,100.0
0.5,345.09502394535,100.0
0.5,345.1188987940195,100.0
0.5,345.13685218924445,100.0
0.5,345.1548055844694,100.0
0.5,345.1727589796943,100.0
0.5,345.1876318493338,100.0
0.5,345.1904428930183,100.0
0.5,345.19325393670283,100.0
0.5,345.19606498038735,100.0
0.5,345.2016870677564,100.0
0.5,345.2073091551254,100.0
0.5,345.21293124249445,100.0
0.5,345.2242739381389,100.0
0.5,345.2356166337833,100.0
0.5,345.24695932942774,100.0
0.5,345.25830202507217,100.0
0.5,345.2721886233439,100.0
0.5,345.2860752216156,100.0
0.5,345.28885254126993,100.0
0.5,345.2916298609243,100.0
0.5,345.2944071805786,100.0
0.5,345.2999618198873,100.0
0.5,345.305516459196,100.0
0.5,345.31107109850467,100.0
0.5,345.32561113060626,100.0
0.5,345.34015116270785,100.0
0.5,345.35469119480945,100.0
0.5,345.3830348251786,100.0
0.5,345.4113784555477,100.0
0.5,345.43972208591686,100.0
0.5,345.468065716286,100.0
0.5,345.5035340696393,100.0
0.5,345.53900242299255,100.0
0.5,345.57447077634583,100.0
0.5,345.6099391296991,100.0
0.5,345.6725421923935,100.0
0.5,345.7351452550879,100.0
0.5,345.7977483177823,100.0
0.5,345.8603513804767,100.0
0.5,345.97199212805305,100.0
0.5,346.0836328756294,100.0
0.5,346.19527362320576,100.0
0.5,346.3069143707821,100.0
0.5,346.49777995806323,100.0
0.5,346.68864554534434,100.0
0.5,346.83650777656686,100.0
0.5,346.95188692419833,100.0
0.5,347.0672660718298,100.0
0.5,347.08328368302784,100.0
0.5,347.0993012942259,100.0
0.5,347.1153189054239,100.0
0.5,347.14735412781994,100.0
0.5,347.17938935021596,100.0
0.5,347.211424572612,100.0
0.5,347.26508852799935,100.0
0.5,347.30344990915967,100.0
0.5,347.34181129032,100.0
0.5,347.3801726714803,100.0
0.5,347.4185340526406,100.0
0.5,347.4568954338009,100.0
0.5,347.49525681496124,100.0
0.5,347.5660088010687,100.0
0.5,347.6367607871761,100.0
0.5,347.70751277328355,100.0
0.5,347.7962804422939,100.0
0.5,347.88504811130423,100.0
0.5,347.97381578031457,100.0
0.5,348.0625834493249,100.0
0.5,348.17614854071655,100.0
0.5,348.2897136321082,100.0
0.5,348.40327872349985,100.0
0.5,348.5168438148915,100.0
0.5,348.7341316309056,100.0
0.5,348.88252028465405,100.0
0.5,348.91219801540376,100.0
0.5,348.94187574615347,100.0
0.5,348.9715534769032,100.0
0.5,349.03090893840255,100.0
0.5,349.0902643999019,100.0
0.5,349.17214602111375,100.0
0.5,349.2540276423256,100.0
0.5,349.3359092635374,100.0
0.5,349.49940603413955,100.0
0.5,349.6629028047417,100.0
0.5,349.8263995753438,100.0
0.5,350.07042248394083,100.0
0.5,350.31444539253783,100.0
0.5,350.5129838209355,100.0
0.5,350.7115222493332,100.0
0.5,350.9100606777309,100.0
0.5,351.10859910612857,100.0
0.5,351.388004292881,100.0
0.5,351.6674094796335,100.0
0.5,351.94681466638593,100.0
0.5,352.2262198531384,100.0
0.5,352.6983225273728,100.0
0.5,353.1704252016072,100.0
0.5,353.6425278758416,100.0
0.5,354.114630550076,100.0
0.5,354.71163580398826,100.0
0.5,355.3086410579005,100.0
0.5,355.90564631181275,100.0
0.5,356.502651565725,100.0
0.5,357.3488598015252,100.0
0.5,358.19506803732537,100.0
0.5,359.04127627312556,100.0
0.5,359.88748450892575,100.0
0.5,361.18482178415445,100.0
0.5,362.48215905938315,100.0
0.5,363.77949633461185,100.0
0.5,365.07683360984055,100.0
0.5,367.2874588144688,100.0
0.5,369.498084019097,100.0
0.5,371.70870922372524,100.0
0.5,379.0201277561909,100.0
0.5,386.33154628865657,100.0
0.5,393.64296482112223,100.0
0.5,400.9543833535879,100.0
0.5,414.5676096819744,100.0
0.5,428.18083601036085,100.0
0.5,441.7940623387473,100.0
0.5,567.5111398583234,100.0
0.5,693.2282173778995,100.0
0.5,1950.3989925736603,100.0
0.5,2500.0,100.0
1.0,0.0,1.952171791117621
1.0,0.0007927509354135091,1.952171791117621
1.0,0.0009909386692668863,1.952171791117621
1.0,0.0010033254026327223,1.952171791117621
1.0,0.0010157121359985583,1.952171791117621
1.0,0.001018769490527781,1.952171791117621
1.0,0.0010218268450570037,1.952171791117621
1.0,0.0010248841995862264,1.952171791117621
1.0,0.0010279415541154492,1.952171791117621
1.0,0.0010309989086446719,1.952171791117621
1.0,0.0010340562631738946,1.952171791117621
1.0,0.0010371136177031173,1.952171791117621
1.0,0.00104017097223234,1.952171791117621
1.0,0.0010432283267615627,1.952171791117621
1.0,0.0010462856812907854,1.952171791117621
1.0,0.001049343035820008,1.952171791117621
1.0,0.0010524003903492308,1.952171791117621
1.0,0.0010554577448784535,1.952171791117621
1.0,0.0010585150994076762,1.952171791117621
1.0,0.001061572453936899,1.952171791117621
1.0,0.0010646298084661216,1.952171791117621
1.0,0.0010676871629953443,1.952171791117621
1.0,0.0010738018720537897,1.952171791117621
1.0,0.0010799165811122351,1.952171791117621
1.0,0.0011410636716966886,1.952171791117621
1.0,0.001202210762281142,1.952171791117621
1.0,0.0018136816681256762,1.952171791117621
1.0,0.0024251525739702106,1.952171791117621
1.0,0.00407247170433747,1.952171791117621
1.0,0.005719790834704729,1.952171791117621
1.0,0.008294847522484947,1.7569546120058561
1.0,0.010869904210265166,1.7569546120058561
1.0,0.013444960898045385,1.7569546120058561
1.0,0.017689964739796317,1.7569546120058561
1.0,0.021934968581547247,1.7569546120058561
1.0,0.026179972423298177,1.5617374328940912
1.0,0.030424976265049107,1.5617374328940912
1.0,0.03520720816361954,1.5617374328940912
1.0,0.03998944006218997,1.5617374328940912
1.0,0.0447716719607604,1.3665202537823404
1.0,0.04955390385933083,1.3665202537823404
1.0,0.054923642082178106,1.1713030746705755
1.0,0.06029338030502538,1.1713030746705755
1.0,0.06566311852787265,0.9760858955588105
1.0,0.07103285675071992,0.9760858955588105
1.0,0.07640259497356719,0.7808687164470456
1.0,0.08177233319641446,0.5856515373352806
1.0,0.08714207141926172,0.19521717911176495
1.0,0.09251180964210899,0.0
1.0,0.09329831506294456,0.0
1.0,0.09408482048378013,0.0
1.0,0.0948713259046157,0.0
1.0,0.09644433674628684,0.0
1.0,0.09801734758795799,0.0
1.0,0.10208881472485365,0.0
1.0,0.1061602818617493,0.0
1.0,0.11023174899864496,0.0
1.0,0.11713766347425869,0.0
1.0,0.12404357794987242,0.0
1.0,0.13094949242548615,0.0
1.0,0.13785540690109988,0.0
1.0,0.1465971842832269,0.0
1.0,0.15533896166535394,0.0
1.0,0.16408073904748097,0.0
1.0,0.172822516429608,0.0
1.0,0.1830144256415196,0.0
1.0,0.1932063348534312,0.0
1.0,0.2033982440653428,0.0
1.0,0.20510736970890958,0.0
1.0,0.20681649535247637,0.0
1.0,0.20852562099604316,0.0
1.0,0.21194387228317674,0.0
1.0,0.21536212357031032,0.0
1.0,0.22547959383438865,0.0
1.0,0.23559706409846698,0.0
1.0,0.2541436577165261,0.0
1.0,0.2726902513345852,0.0
1.0,0.2912368449526443,0.0
1.0,0.32224251469963944,3.904343582235242
1.0,0.3532481844466346,3.904343582235242
1.0,0.38425385419362973,4.099560761346993
1.0,0.4152595239406249,4.099560761346993
1.0,0.45801818574824094,4.294777940458758
1.0,0.500776847555857,4.294777940458758
1.0,0.5435355093634732,4.294777940458758
1.0,0.6238723511482528,4.489995119570523
1.0,0.7042091929330324,4.489995119570523
1.0,0.784546034717812,4.685212298682288
1.0,0.8648828765025917,4.685212298682288
1.0,0.9728052707174281,4.880429477794053
1.0,1.0807276649322644,4.880429477794053
1.0,1.1886500591471008,5.075646656905803
1.0,1.2965724533619372,5.075646656905803
1.0,1.4044948475767736,5.270863836017568
1.0,1.51241724179161,5.270863836017568
1.0,1.6203396360064464,5.466081015129333
1.0,1.7282620302212828,5.466081015129333
1.0,1.8361844244361192,5.661298194241098
1.0,1.9243824875698206,5.661298194241098
1.0,2.0125805507035217,5.856515373352863
1.0,2.100778613837223,5.856515373352863
1.0,2.188976676970924,6.051732552464614
1.0,2.2863262193290392,6.051732552464614
1.0,2.3836757616871544,6.246949731576379
1.0,2.4642086630260933,6.246949731576379
1.0,2.544741564365032,6.442166910688144
1.0,2.625274465703971,6.442166910688144
1.0,2.70580736704291,6.637384089799895
1.0,2.797964158722134,6.637384089799895
1.0,2.890120950401358,6.8326012689116595
1.0,2.9640322642518777,6.8326012689116595
1.0,3.0379435781023973,7.0278184480234245
1.0,3.111854891952917,7.0278184480234245
1.0,3.1857662058034366,7.223035627135189
1.0,3.2596775196539562,7.223035627135189
1.0,3.333588833504476,7.223035627135189
1.0,3.4075001473549955,7.418252806246954
1.0,3.481411461205515,7.418252806246954
1.0,3.555322775056035,7.613469985358705
1.0,3.6292340889065544,7.613469985358705
1.0,3.703145402757074,7.80868716447047
1.0,3.7770567166075937,7.80868716447047
1.0,3.8509680304581133,8.003904343582235
1.0,3.924879344308633,8.003904343582235
1.0,3.9987906581591526,8.003904343582235
1.0,4.072701972009672,8.199121522694
1.0,4.155750152014212,8.199121522694
1.0,4.238798332018752,8.394338701805765
1.0,4.299895350959012,8.394338701805765
1.0,4.3609923698992725,8.589555880917516
1.0,4.422089388839533,8.589555880917516
1.0,4.483186407779793,8.589555880917516
1.0,4.544283426720053,8.78477306002928
1.0,4.605380445660313,8.78477306002928
1.0,4.6664774646005736,8.78477306002928
1.0,4.734467373774866,8.78477306002928
1.0,4.802457282949158,8.78477306002928
1.0,4.87044719212345,8.979990239141046
1.0,4.938437101297742,8.979990239141046
1.0,5.0330192229565185,8.979990239141046
1.0,5.127601344615295,8.979990239141046
1.0,5.222183466274071,8.979990239141046
1.0,5.3167655879328475,8.979990239141046
1.0,5.425663589392948,8.979990239141046
1.0,5.534561590853048,9.17520741825281
1.0,5.643459592313149,9.17520741825281
1.0,5.752357593773249,9.17520741825281
1.0,5.86125559523335,9.17520741825281
1.0,5.97015359669345,9.17520741825281
1.0,6.060132072464964,9.17520741825281
1.0,6.150110548236478,9.17520741825281
1.0,6.240089024007992,9.17520741825281
1.0,6.330067499779506,9.17520741825281
1.0,6.42004597555102,9.370424597364575
1.0,6.5100244513225345,9.370424597364575
1.0,6.600002927094049,9.370424597364575
1.0,6.616672906224524,9.370424597364575
1.0,6.633342885355,9.370424597364575
1.0,6.6500128644854755,9.370424597364575
1.0,6.683352822746427,9.370424597364575
1.0,6.716692781007378,9.370424597364575
1.0,6.775140529280072,9.565641776476326
1.0,6.833588277552765,9.565641776476326
1.0,6.892036025825459,9.565641776476326
1.0,6.985483266025935,9.565641776476326
1.0,7.078930506226411,9.760858955588091
1.0,7.1723777464268865,9.760858955588091
1.0,7.265824986627362,9.760858955588091
1.0,7.359272226827838,9.760858955588091
1.0,7.452719467028314,9.956076134699856
1.0,7.557255109805994,9.956076134699856
1.0,7.661790752583674,9.956076134699856
1.0,7.766326395361355,10.151293313811621
1.0,7.870862038139035,10.151293313811621
1.0,7.975397680916715,10.151293313811621
1.0,8.079933323694394,10.346510492923386
1.0,8.184468966472075,10.346510492923386
1.0,8.289004609249755,10.346510492923386
1.0,8.393540252027435,10.541727672035137
1.0,8.498075894805115,10.541727672035137
1.0,8.633574105388297,10.736944851146902
1.0,8.769072315971478,10.736944851146902
1.0,8.904570526554659,10.932162030258667
1.0,9.04006873713784,10.932162030258667
1.0,9.175566947721022,11.127379209370417
1.0,9.311065158304203,11.127379209370417
1.0,9.423365997223025,11.322596388482182
1.0,9.535666836141846,11.322596388482182
1.0,9.647967675060668,11.517813567593947
1.0,9.76026851397949,11.517813567593947
1.0,9.872569352898312,11.713030746705712
1.0,9.984870191817134,11.713030746705712
1.0,10.097171030735955,11.908247925817477
1.0,10.190458238480618,11.908247925817477
1.0,10.28374544622528,12.103465104929228
1.0,10.377032653969943,12.103465104929228
1.0,10.470319861714605,12.103465104929228
1.0,10.563607069459268,12.298682284040993
1.0,10.65689427720393,12.298682284040993
1.0,10.750181484948593,12.493899463152758
1.0,10.821835796919139,12.493899463152758
1.0,10.880311021812807,12.493899463152758
1.0,10.938786246706474,12.689116642264523
1.0,10.997261471600142,12.689116642264523
1.0,11.05573669649381,12.689116642264523
1.0,11.143794115468898,12.884333821376288
1.0,11.231851534443987,12.884333821376288
1.0,11.319908953419075,12.884333821376288
1.0,11.407966372394164,13.079551000488038
1.0,11.496023791369252,13.079551000488038
1.0,11.58408121034434,13.274768179599803
1.0,11.672138629319429,13.274768179599803
1.0,11.760196048294517,13.469985358711568
1.0,11.848253467269606,13.469985358711568
1.0,11.936310886244694,13.469985358711568
1.0,12.024368305219783,13.665202537823333
1.0,12.112425724194871,13.665202537823333
1.0,12.20048314316996,13.860419716935098
1.0,12.288540562145048,13.860419716935098
1.0,12.376597981120137,14.055636896046849
1.0,12.38874059451268,14.055636896046849
1.0,12.400883207905222,14.055636896046849
1.0,12.413025821297765,14.055636896046849
1.0,12.427215944482274,14.055636896046849
1.0,12.441406067666783,14.055636896046849
1.0,12.465363128233609,14.055636896046849
1.0,12.489320188800434,14.055636896046849
1.0,12.51327724936726,14.055636896046849
1.0,12.56540377425609,14.250854075158614
1.0,12.61753029914492,14.250854075158614
1.0,12.669656824033751,14.250854075158614
1.0,12.721783348922582,14.250854075158614
1.0,12.773909873811412,14.446071254270379
1.0,12.826036398700243,14.446071254270379
1.0,12.89616800911931,14.446071254270379
1.0,12.966299619538376,14.446071254270379
1.0,13.024033052679606,14.64128843338213
1.0,13.081766485820836,14.64128843338213
1.0,13.139499918962066,14.64128843338213
1.0,13.197233352103297,14.836505612493895
1.0,13.263721188324503,14.836505612493895
1.0,13.33020902454571,14.836505612493895
1.0,13.396696860766916,15.03172279160566
1.0,13.463184696988122,15.03172279160566
1.0,13.54277916208487,15.03172279160566
1.0,13.622373627181616,15.226939970717424
1.0,13.701968092278364,15.226939970717424
1.0,13.767195823395983,15.226939970717424
1.0,13.832423554513603,15.42215714982919
1.0,13.897651285631223,15.42215714982919
1.0,13.962879016748843,15.42215714982919
1.0,14.043611765245602,15.61737432894094
1.0,14.124344513742361,15.61737432894094
1.0,14.20507726223912,15.812591508052705
1.0,14.28581001073588,15.812591508052705
1.0,14.366542759232638,15.812591508052705
1.0,14.447275507729398,16.00780868716447
1.0,14.528008256226157,16.00780868716447
1.0,14.608741004722916,16.203025866276235
1.0,14.689473753219675,16.203025866276235
1.0,14.770206501716434,16.203025866276235
1.0,14.782236399015392,16.203025866276235
1.0,14.794266296314351,16.398243045388
1.0,14.80629619361331,16.398243045388
1.0,14.818326090912269,16.398243045388
1.0,14.839117001121243,16.398243045388
1.0,14.859907911330218,16.398243045388
1.0,14.880698821539193,16.398243045388
1.0,14.936610441739287,16.398243045388
1.0,14.99252206193938,16.59346022449975
1.0,15.048433682139475,16.59346022449975
1.0,15.11903776431388,16.59346022449975
1.0,15.189641846488286,16.788677403611516
1.0,15.260245928662691,16.788677403611516
1.0,15.330850010837096,16.788677403611516
1.0,15.416629976452924,16.98389458272328
1.0,15.502409942068752,16.98389458272328
1.0,15.58818990768458,16.98389458272328
1.0,15.673969873300408,17.179111761835046
1.0,15.759749838916235,17.179111761835046
1.0,15.845529804532063,17.37432894094681
1.0,15.857695095380489,17.37432894094681
1.0,15.869860386228915,17.37432894094681
1.0,15.88202567707734,17.37432894094681
1.0,15.894190967925766,17.37432894094681
1.0,15.910673645826273,17.37432894094681
1.0,15.92715632372678,17.37432894094681
1.0,15.943639001627288,17.37432894094681
1.0,15.998611388438663,17.56954612005856
1.0,16.053583775250036,17.56954612005856
1.0,16.10855616206141,17.56954612005856
1.0,16.168556629341722,17.56954612005856
1.0,16.228557096622033,17.764763299170326
1.0,16.288557563902344,17.764763299170326
1.0,16.348558031182655,17.764763299170326
1.0,16.432698780124323,17.95998047828209
1.0,16.51683952906599,17.95998047828209
1.0,16.600980278007658,18.155197657393856
1.0,16.685121026949325,18.155197657393856
1.0,16.769261775890993,18.155197657393856
1.0,16.85340252483266,18.35041483650562
1.0,16.937543273774327,18.35041483650562
1.0,17.021684022715995,18.54563201561737
1.0,17.105824771657662,18.54563201561737
1.0,17.18996552059933,18.54563201561737
1.0,17.274106269540997,18.740849194729137
1.0,17.358247018482665,18.740849194729137
1.0,17.442387767424332,18.9360663738409
1.0,17.526528516366,18.9360663738409
1.0,17.610669265307667,19.131283552952652
1.0,17.694810014249335,19.131283552952652
1.0,17.778950763191002,19.131283552952652
1.0,17.86309151213267,19.326500732064417
1.0,17.947232261074337,19.326500732064417
1.0,18.031373010016004,19.521717911176182
1.0,18.115513758957672,19.521717911176182
1.0,18.19965450789934,19.521717911176182
1.0,18.283795256841007,19.716935090287947
1.0,18.367936005782674,19.716935090287947
1.0,18.45207675472434,19.912152269399712
1.0,18.53621750366601,19.912152269399712
1.0,18.620358252607677,20.107369448511463
1.0,18.704499001549344,20.107369448511463
1.0,18.78863975049101,20.107369448511463
1.0,18.87278049943268,20.302586627623228
1.0,18.956921248374346,20.302586627623228
1.0,19.041061997316014,20.497803806734993
1.0,19.12520274625768,20.497803806734993
1.0,19.20934349519935,20.497803806734993
1.0,19.293484244141016,20.693020985846758
1.0,19.377624993082684,20.693020985846758
1.0,19.46176574202435,20.888238164958523
1.0,19.54590649096602,20.888238164958523
1.0,19.630047239907686,21.083455344070273
1.0,19.714187988849353,21.083455344070273
1.0,19.79832873779102,21.083455344070273
1.0,19.88246948673269,21.27867252318204
1.0,19.966610235674356,21.27867252318204
1.0,20.050750984616023,21.473889702293803
1.0,20.13489173355769,21.473889702293803
1.0,20.219032482499358,21.66910688140557
1.0,20.303173231441026,21.66910688140557
1.0,20.387313980382693,21.66910688140557
1.0,20.47145472932436,21.864324060517333
1.0,20.555595478266028,21.864324060517333
1.0,20.639736227207695,22.059541239629084
1.0,20.723876976149363,22.059541239629084
1.0,20.80801772509103,22.059541239629084
1.0,20.82010236134288,22.25475841874085
1.0,20.83218699759473,22.25475841874085
1.0,20.844271633846578,22.25475841874085
1.0,20.856356270098427,22.25475841874085
1.0,20.873178359180823,22.25475841874085
1.0,20.89000044826322,22.25475841874085
1.0,20.906822537345615,22.25475841874085
1.0,20.963201539269228,22.25475841874085
1.0,21.01958054119284,22.25475841874085
1.0,21.075959543116454,22.449975597852614
1.0,21.14660523246666,22.449975597852614
1.0,21.217250921816863,22.449975597852614
1.0,21.287896611167067,22.64519277696438
1.0,21.35854230051727,22.64519277696438
1.0,21.444805662461036,22.840409956076144
1.0,21.5310690244048,22.840409956076144
1.0,21.617332386348565,22.840409956076144
1.0,21.70359574829233,23.035627135187895
1.0,21.789859110236094,23.035627135187895
1.0,21.87612247217986,23.23084431429966
1.0,21.88820420998651,23.23084431429966
1.0,21.900285947793165,23.23084431429966
1.0,21.91236768559982,23.23084431429966
1.0,21.92444942340647,23.23084431429966
1.0,21.940621579584715,23.23084431429966
1.0,21.956793735762957,23.23084431429966
1.0,21.9729658919412,23.23084431429966
1.0,22.027910837400857,23.426061493411424
1.0,22.082855782860513,23.426061493411424
1.0,22.13780072832017,23.426061493411424
1.0,22.198049043399582,23.426061493411424
1.0,22.258297358478995,23.621278672523175
1.0,22.318545673558408,23.621278672523175
1.0,22.37879398863782,23.621278672523175
1.0,22.462895529308653,23.81649585163494
1.0,22.546997069979486,23.81649585163494
1.0,22.63109861065032,24.011713030746705
1.0,22.715200151321152,24.011713030746705
1.0,22.799301691991985,24.011713030746705
1.0,22.88340323266282,24.20693020985847
1.0,22.96750477333365,24.20693020985847
1.0,23.051606314004484,24.402147388970235
1.0,23.135707854675317,24.402147388970235
1.0,23.21980939534615,24.402147388970235
1.0,23.303910936016983,24.597364568081986
1.0,23.388012476687816,24.597364568081986
1.0,23.47211401735865,24.79258174719375
1.0,23.556215558029482,24.79258174719375
1.0,23.640317098700315,24.987798926305516
1.0,23.724418639371148,24.987798926305516
1.0,23.788452888772046,24.987798926305516
1.0,23.83901165873294,25.18301610541728
1.0,23.889570428693833,25.18301610541728
1.0,23.940129198654727,25.18301610541728
1.0,23.99068796861562,25.18301610541728
1.0,24.06761208857166,25.378233284529045
1.0,24.1445362085277,25.378233284529045
1.0,24.22146032848374,25.378233284529045
1.0,24.29838444843978,25.573450463640796
1.0,24.37530856839582,25.573450463640796
1.0,24.45223268835186,25.76866764275256
1.0,24.5291568083079,25.76866764275256
1.0,24.60608092826394,25.76866764275256
1.0,24.66149639207516,25.963884821864326
1.0,24.716911855886384,25.963884821864326
1.0,24.772327319697606,25.963884821864326
1.0,24.82774278350883,25.963884821864326
1.0,24.88315824732005,26.15910200097609
1.0,24.938573711131273,26.15910200097609
1.0,24.993989174942495,26.15910200097609
1.0,25.005338082859865,26.15910200097609
1.0,25.016686990777234,26.15910200097609
1.0,25.028035898694604,26.15910200097609
1.0,25.04159895447392,26.354319180087856
1.0,25.055162010253234,26.354319180087856
1.0,25.073270938941413,26.354319180087856
1.0,25.09137986762959,26.354319180087856
1.0,25.10948879631777,26.354319180087856
1.0,25.148296066548387,26.354319180087856
1.0,25.187103336779003,26.354319180087856
1.0,25.22591060700962,26.354319180087856
1.0,25.277225174945425,26.549536359199607
1.0,25.32853974288123,26.549536359199607
1.0,25.379854310817034,26.549536359199607
1.0,25.43116887875284,26.549536359199607
1.0,25.482483446688644,26.74475353831137
1.0,25.53379801462445,26.74475353831137
1.0,25.595893372555874,26.74475353831137
1.0,25.6579887304873,26.939970717423137
1.0,25.720084088418727,26.939970717423137
1.0,25.782179446350153,26.939970717423137
1.0,25.850636622802973,27.135187896534887
1.0,25.919093799255794,27.135187896534887
1.0,25.987550975708615,27.135187896534887
1.0,26.056008152161436,27.330405075646652
1.0,26.13729455483267,27.330405075646652
1.0,26.218580957503907,27.330405075646652
1.0,26.299867360175142,27.525622254758417
1.0,26.381153762846377,27.525622254758417
1.0,26.462440165517613,27.720839433870182
1.0,26.54372656818885,27.720839433870182
1.0,26.625012970860084,27.720839433870182
1.0,26.70629937353132,27.916056612981947
1.0,26.787585776202555,27.916056612981947
1.0,26.86887217887379,28.111273792093698
1.0,26.950158581545026,28.111273792093698
1.0,27.03144498421626,28.111273792093698
1.0,27.112731386887496,28.306490971205463
1.0,27.194017789558732,28.306490971205463
1.0,27.275304192229967,28.501708150317228
1.0,27.356590594901203,28.501708150317228
1.0,27.44613950948794,28.501708150317228
1.0,27.535688424074674,28.696925329428993
1.0,27.60739801917745,28.696925329428993
1.0,27.679107614280223,28.892142508540758
1.0,27.750817209382998,28.892142508540758
1.0,27.822526804485772,28.892142508540758
1.0,27.894236399588547,29.08735968765251
1.0,27.96594599469132,29.08735968765251
1.0,28.037655589794095,29.08735968765251
1.0,28.10936518489687,29.282576866764273
1.0,28.12345095329674,29.282576866764273
1.0,28.13753672169661,29.282576866764273
1.0,28.15162249009648,29.282576866764273
1.0,28.16570825849635,29.282576866764273
1.0,28.19387979529609,29.282576866764273
1.0,28.222051332095834,29.282576866764273
1.0,28.250222868895577,29.282576866764273
1.0,28.297712815704454,29.47779404587604
1.0,28.34520276251333,29.47779404587604
1.0,28.39269270932221,29.47779404587604
1.0,28.452444463910407,29.47779404587604
1.0,28.512196218498605,29.673011224987803
1.0,28.571947973086804,29.673011224987803
1.0,28.631699727675002,29.673011224987803
1.0,28.71122014910012,29.86822840409957
1.0,28.79074057052524,29.86822840409957
1.0,28.87026099195036,30.06344558321132
1.0,28.94978141337548,30.06344558321132
1.0,29.0293018348006,30.06344558321132
1.0,29.108822256225718,30.258662762323084
1.0,29.188342677650837,30.258662762323084
1.0,29.277481404597825,30.45387994143485
1.0,29.366620131544813,30.45387994143485
1.0,29.4557588584918,30.45387994143485
1.0,29.54489758543879,30.649097120546614
1.0,29.634036312385778,30.649097120546614
1.0,29.723175039332766,30.84431429965838
1.0,29.812313766279754,30.84431429965838
1.0,29.901452493226742,31.03953147877013
1.0,29.99059122017373,31.03953147877013
1.0,30.07972994712072,31.234748657881894
1.0,30.168868674067706,31.234748657881894
1.0,30.258007401014694,31.234748657881894
1.0,30.32807078470589,31.42996583699366
1.0,30.398134168397085,31.42996583699366
1.0,30.46819755208828,31.62518301610541
1.0,30.538260935779476,31.62518301610541
1.0,30.619619992322537,31.62518301610541
1.0,30.700979048865598,31.820400195217175
1.0,30.763911210143576,31.820400195217175
1.0,30.826843371421553,31.820400195217175
1.0,30.88977553269953,32.01561737432894
1.0,30.95270769397751,32.01561737432894
1.0,31.027866621029712,32.01561737432894
1.0,31.103025548081916,32.210834553440705
1.0,31.17818447513412,32.210834553440705
1.0,31.253343402186324,32.210834553440705
1.0,31.32850232923853,32.40605173255247
1.0,31.403661256290732,32.40605173255247
1.0,31.478820183342936,32.60126891166422
1.0,31.55397911039514,32.60126891166422
1.0,31.629138037447344,32.60126891166422
1.0,31.704296964499548,32.796486090775986
1.0,31.779455891551752,32.796486090775986
1.0,31.854614818603956,32.796486090775986
1.0,31.92977374565616,32.99170326988775
1.0,31.98827034512811,32.99170326988775
1.0,32.037009817397774,32.99170326988775
1.0,32.08574928966744,33.186920448999516
1.0,32.13448876193711,33.186920448999516
1.0,32.18322823420677,33.186920448999516
1.0,32.25361220979168,33.186920448999516
1.0,32.32399618537659,33.38213762811128
1.0,32.394380160961504,33.38213762811128
1.0,32.464764136546414,33.38213762811128
1.0,32.535148112131324,33.57735480722303
1.0,32.605532087716234,33.57735480722303
1.0,32.675916063301145,33.57735480722303
1.0,32.75668407395981,33.772571986334796
1.0,32.83745208461848,33.772571986334796
1.0,32.91822009527714,33.96778916544656
1.0,32.99898810593581,33.96778916544656
1.0,33.079756116594474,34.163006344558326
1.0,33.16052412725314,34.163006344558326
1.0,33.17311854177001,34.163006344558326
1.0,33.17546952745947,34.163006344558326
1.0,33.17782051314893,34.163006344558326
1.0,33.18017149883839,34.163006344558326
1.0,33.184873470217305,34.163006344558326
1.0,33.18957544159622,34.163006344558326
1.0,33.20898843884424,34.163006344558326
1.0,33.228401436092255,34.163006344558326
1.0,33.247814433340274,34.163006344558326
1.0,33.30333799910833,34.35822352367009
1.0,33.358861564876385,34.35822352367009
1.0,33.41438513064444,34.35822352367009
1.0,33.47064567752539,34.35822352367009
1.0,33.52690622440634,34.55344070278184
1.0,33.58316677128729,34.55344070278184
1.0,33.63942731816824,34.55344070278184
1.0,33.72404174517012,34.74865788189361
1.0,33.808656172172,34.74865788189361
1.0,33.89327059917388,34.94387506100537
1.0,33.97788502617576,34.94387506100537
1.0,34.062499453177644,34.94387506100537
1.0,34.147113880179525,35.13909224011714
1.0,34.231728307181406,35.13909224011714
1.0,34.31634273418329,35.3343094192289
1.0,34.32838209470585,35.3343094192289
1.0,34.33063693260255,35.3343094192289
1.0,34.33289177049925,35.3343094192289
1.0,34.33514660839595,35.3343094192289
1.0,34.33965628418935,35.3343094192289
1.0,34.34416595998275,35.3343094192289
1.0,34.361914403091255,35.3343094192289
1.0,34.37966284619976,35.3343094192289
1.0,34.404490540631045,35.3343094192289
1.0,34.42931823506233,35.3343094192289
1.0,34.45414592949362,35.3343094192289
1.0,34.50088365716255,35.52952659834065
1.0,34.54762138483147,35.52952659834065
1.0,34.5943591125004,35.52952659834065
1.0,34.654922838397255,35.52952659834065
1.0,34.71548656429411,35.72474377745242
1.0,34.776050290190966,35.72474377745242
1.0,34.83661401608782,35.72474377745242
1.0,34.91541487781496,35.91996095656418
1.0,34.9942157395421,35.91996095656418
1.0,35.07301660126924,35.91996095656418
1.0,35.15181746299638,36.11517813567593
1.0,35.230618324723515,36.11517813567593
1.0,35.309419186450654,36.3103953147877
1.0,35.38822004817779,36.3103953147877
1.0,35.46702090990493,36.3103953147877
1.0,35.54582177163207,36.50561249389946
1.0,35.62462263335921,36.50561249389946
1.0,35.70342349508635,36.70082967301123
1.0,35.78222435681349,36.70082967301123
1.0,35.861025218540625,36.70082967301123
1.0,35.939826080267764,36.89604685212299
1.0,36.0186269419949,36.89604685212299
1.0,36.09742780372204,37.09126403123474
1.0,36.17622866544918,37.09126403123474
1.0,36.25502952717632,37.09126403123474
1.0,36.33383038890346,37.28648121034651
1.0,36.4126312506306,37.28648121034651
1.0,36.491432112357735,37.28648121034651
1.0,36.570232974084874,37.48169838945827
1.0,36.64903383581201,37.48169838945827
1.0,36.72783469753915,37.67691556857004
1.0,36.80663555926629,37.67691556857004
1.0,36.88543642099343,37.67691556857004
1.0,36.96423728272057,37.8721327476818
1.0,37.043038144447706,37.8721327476818
1.0,37.121839006174845,38.067349926793554
1.0,37.200639867901984,38.067349926793554
1.0,37.27944072962912,38.067349926793554
1.0,37.35824159135626,38.26256710590532
1.0,37.422932930515636,38.26256710590532
1.0,37.48762426967501,38.26256710590532
1.0,37.552315608834384,38.457784285017084
1.0,37.61700694799376,38.457784285017084
1.0,37.69071341597569,38.457784285017084
1.0,37.764419883957615,38.65300146412885
1.0,37.83812635193954,38.65300146412885
1.0,37.91183281992147,38.848218643240614
1.0,37.9855392879034,38.848218643240614
1.0,38.05924575588533,38.848218643240614
1.0,38.13295222386726,39.043435822352365
1.0,38.206658691849185,39.043435822352365
1.0,38.28036515983111,39.043435822352365
1.0,38.35407162781304,39.23865300146413
1.0,38.42777809579497,39.23865300146413
1.0,38.5014845637769,39.23865300146413
1.0,38.57519103175883,39.433870180575894
1.0,38.64763163513551,39.433870180575894
1.0,38.70261476943601,39.433870180575894
1.0,38.75759790373651,39.629087359687645
1.0,38.81258103803701,39.629087359687645
1.0,38.86756417233751,39.629087359687645
1.0,38.938008826758434,39.82430453879941
1.0,39.00845348117936,39.82430453879941
1.0,39.078898135600284,39.82430453879941
1.0,39.13404007676035,40.019521717911175
1.0,39.17894132959019,40.019521717911175
1.0,39.223842582420026,40.019521717911175
1.0,39.268743835249865,40.019521717911175
1.0,39.3136450880797,40.21473889702294
1.0,39.381155424599875,40.21473889702294
1.0,39.44866576112005,40.21473889702294
1.0,39.51617609764022,40.409956076134705
1.0,39.58368643416039,40.409956076134705
1.0,39.66754779670036,40.409956076134705
1.0,39.75140915924033,40.605173255246456
1.0,39.8352705217803,40.605173255246456
1.0,39.91913188432027,40.80039043435822
1.0,40.00299324686024,40.80039043435822
1.0,40.08685460940021,40.80039043435822
1.0,40.10088170949795,40.80039043435822
1.0,40.11490880959568,40.995607613469986
1.0,40.12893590969342,40.995607613469986
1.0,40.14296300979115,40.995607613469986
1.0,40.17101720998662,40.995607613469986
1.0,40.19907141018209,40.995607613469986
1.0,40.22712561037756,40.995607613469986
1.0,40.278716318575576,40.995607613469986
1.0,40.33030702677359,41.19082479258175
1.0,40.3818977349716,41.19082479258175
1.0,40.433488443169615,41.19082479258175
1.0,40.48507915136763,41.19082479258175
1.0,40.53666985956564,41.386041971693516
1.0,40.606483885409745,41.386041971693516
1.0,40.67629791125385,41.386041971693516
1.0,40.733800296643395,41.581259150805266
1.0,40.79130268203294,41.581259150805266
1.0,40.84880506742249,41.581259150805266
1.0,40.90630745281204,41.581259150805266
1.0,40.97507377825034,41.77647632991703
1.0,41.043840103688645,41.77647632991703
1.0,41.11260642912695,41.77647632991703
1.0,41.18137275456525,41.971693509028796
1.0,41.25013908000356,41.971693509028796
1.0,41.31890540544186,42.16691068814056
1.0,41.387671730880164,42.16691068814056
1.0,41.46423250038683,42.16691068814056
1.0,41.54079326989349,42.362127867252326
1.0,41.617354039400155,42.362127867252326
1.0,41.69391480890682,42.362127867252326
1.0,41.77047557841348,42.55734504636408
1.0,41.847036347920145,42.55734504636408
1.0,41.92359711742681,42.75256222547584
1.0,42.00015788693347,42.75256222547584
1.0,42.076718656440136,42.75256222547584
1.0,42.1532794259468,42.94777940458761
1.0,42.211928203164554,42.94777940458761
1.0,42.27057698038231,42.94777940458761
1.0,42.329225757600064,43.14299658369937
1.0,42.38787453481782,43.14299658369937
1.0,42.44652331203557,43.14299658369937
1.0,42.50517208925333,43.14299658369937
1.0,42.56382086647108,43.33821376281114
1.0,42.62967777619998,43.33821376281114
1.0,42.695534685928884,43.33821376281114
1.0,42.761391595657784,43.53343094192289
1.0,42.827248505386684,43.53343094192289
1.0,42.893105415115585,43.53343094192289
1.0,42.958962324844485,43.72864812103465
1.0,43.024819234573386,43.72864812103465
1.0,43.0970833084849,43.72864812103465
1.0,43.15592396470337,43.92386530014642
1.0,43.21476462092184,43.92386530014642
1.0,43.27360527714031,43.92386530014642
1.0,43.332445933358784,44.11908247925817
1.0,43.40795761016781,44.11908247925817
1.0,43.48346928697684,44.11908247925817
1.0,43.55898096378587,44.31429965836993
1.0,43.6344926405949,44.31429965836993
1.0,43.71000431740393,44.31429965836993
1.0,43.78551599421296,44.5095168374817
1.0,43.861027671021986,44.5095168374817
1.0,43.936539347831015,44.70473401659346
1.0,44.012051024640044,44.70473401659346
1.0,44.08756270144907,44.70473401659346
1.0,44.14974103267929,44.89995119570523
1.0,44.2119193639095,44.89995119570523
1.0,44.274097695139716,44.89995119570523
1.0,44.33627602636993,45.09516837481698
1.0,44.398454357600144,45.09516837481698
1.0,44.46063268883036,45.09516837481698
1.0,44.52281102006057,45.09516837481698
1.0,44.58498935129079,45.29038555392874
1.0,44.647167682521,45.29038555392874
1.0,44.709346013751215,45.29038555392874
1.0,44.77152434498143,45.48560273304051
1.0,44.833702676211644,45.48560273304051
1.0,44.84235482014221,45.48560273304051
1.0,44.848692179939675,45.48560273304051
1.0,44.85502953973714,45.48560273304051
1.0,44.8613668995346,45.48560273304051
1.0,44.87159006360811,45.48560273304051
1.0,44.88181322768162,45.48560273304051
1.0,44.89576686274475,45.48560273304051
1.0,44.90972049780788,45.48560273304051
1.0,44.944040581555406,45.68081991215227
1.0,44.97836066530293,45.68081991215227
1.0,45.01268074905045,45.68081991215227
1.0,45.0649932052978,45.68081991215227
1.0,45.11730566154515,45.68081991215227
1.0,45.1696181177925,45.87603709126404
1.0,45.22193057403985,45.87603709126404
1.0,45.2742430302872,45.87603709126404
1.0,45.32655548653455,45.87603709126404
1.0,45.39391237703287,46.07125427037579
1.0,45.461269267531186,46.07125427037579
1.0,45.5286261580295,46.07125427037579
1.0,45.59598304852782,46.266471449487554
1.0,45.66333993902614,46.266471449487554
1.0,45.730696829524454,46.266471449487554
1.0,45.79805372002277,46.46168862859932
1.0,45.87438997098555,46.46168862859932
1.0,45.95072622194832,46.656905807711084
1.0,46.0270624729111,46.656905807711084
1.0,46.10339872387387,46.656905807711084
1.0,46.17973497483665,46.85212298682285
1.0,46.256071225799424,46.85212298682285
1.0,46.3324074767622,46.85212298682285
1.0,46.408743727724975,47.0473401659346
1.0,46.48507997868775,47.0473401659346
1.0,46.561416229650526,47.242557345046365
1.0,46.62388012534492,47.242557345046365
1.0,46.68634402103931,47.242557345046365
1.0,46.7488079167337,47.43777452415813
1.0,46.811271812428096,47.43777452415813
1.0,46.891027091546725,47.43777452415813
1.0,46.970782370665354,47.632991703269894
1.0,47.05053764978398,47.632991703269894
1.0,47.13029292890261,47.632991703269894
1.0,47.19567122901978,47.82820888238166
1.0,47.26104952913695,47.82820888238166
1.0,47.326427829254115,47.82820888238166
1.0,47.39180612937128,48.02342606149341
1.0,47.45718442948845,48.02342606149341
1.0,47.52256272960562,48.02342606149341
1.0,47.587941029722785,48.218643240605175
1.0,47.65331932983995,48.218643240605175
1.0,47.66330341109295,48.218643240605175
1.0,47.67328749234594,48.218643240605175
1.0,47.68327157359894,48.218643240605175
1.0,47.70323973610493,48.218643240605175
1.0,47.71954688703981,48.218643240605175
1.0,47.73585403797469,48.218643240605175
1.0,47.76133842846104,48.41386041971694
1.0,47.786822818947385,48.41386041971694
1.0,47.81230720943373,48.41386041971694
1.0,47.85013983649218,48.41386041971694
1.0,47.88797246355063,48.41386041971694
1.0,47.92580509060908,48.41386041971694
1.0,47.96363771766753,48.60907759882869
1.0,48.01510316599656,48.60907759882869
1.0,48.06656861432558,48.60907759882869
1.0,48.11803406265461,48.60907759882869
1.0,48.169499510983634,48.804294777940456
1.0,48.24152586668525,48.804294777940456
1.0,48.31355222238687,48.804294777940456
1.0,48.385578578088484,48.99951195705222
1.0,48.4576049337901,48.99951195705222
1.0,48.54188780921524,48.99951195705222
1.0,48.62617068464038,49.194729136163986
1.0,48.639728873118464,49.194729136163986
1.0,48.65328706159655,49.194729136163986
1.0,48.66684525007464,49.194729136163986
1.0,48.68040343855272,49.194729136163986
1.0,48.70664787611203,49.194729136163986
1.0,48.732892313671336,49.194729136163986
1.0,48.75913675123064,49.38994631527575
1.0,48.80614871474106,49.38994631527575
1.0,48.853160678251484,49.38994631527575
1.0,48.900172641761905,49.38994631527575
1.0,48.959878092688015,49.5851634943875
1.0,49.019583543614125,49.5851634943875
1.0,49.079288994540235,49.5851634943875
1.0,49.138994445466345,49.5851634943875
1.0,49.21833802200983,49.780380673499266
1.0,49.29768159855332,49.780380673499266
1.0,49.377025175096804,49.97559785261103
1.0,49.45636875164029,49.97559785261103
1.0,49.53571232818378,49.97559785261103
1.0,49.615055904727264,50.170815031722796
1.0,49.69439948127075,50.170815031722796
1.0,49.787090671816514,50.36603221083456
1.0,49.87978186236228,50.36603221083456
1.0,49.97247305290804,50.56124938994631
1.0,50.06516424345381,50.56124938994631
1.0,50.15785543399957,50.56124938994631
1.0,50.250546624545336,50.75646656905808
1.0,50.3432378150911,50.75646656905808
1.0,50.435929005636865,50.95168374816984
1.0,50.52862019618263,50.95168374816984
1.0,50.621311386728394,51.14690092728161
1.0,50.71400257727416,51.14690092728161
1.0,50.80669376781992,51.34211810639337
1.0,50.89938495836569,51.34211810639337
1.0,50.99207614891145,51.53733528550512
1.0,51.084767339457215,51.53733528550512
1.0,51.17745853000298,51.73255246461689
1.0,51.270149720548744,51.73255246461689
1.0,51.36284091109451,51.73255246461689
1.0,51.45553210164027,51.92776964372865
1.0,51.54822329218604,51.92776964372865
1.0,51.6409144827318,52.1229868228404
1.0,51.733605673277566,52.1229868228404
1.0,51.74744370967351,52.1229868228404
1.0,51.76128174606946,52.1229868228404
1.0,51.7751197824654,52.31820400195217
1.0,51.78895781886135,52.31820400195217
1.0,51.813199273761626,52.31820400195217
1.0,51.8374407286619,52.31820400195217
1.0,51.86168218356218,52.31820400195217
1.0,51.88592363846246,52.31820400195217
1.0,51.935981769768084,52.31820400195217
1.0,51.98603990107371,52.51342118106393
1.0,52.036098032379336,52.51342118106393
1.0,52.08615616368496,52.51342118106393
1.0,52.16213387798642,52.51342118106393
1.0,52.23811159228788,52.7086383601757
1.0,52.31408930658934,52.7086383601757
1.0,52.3900670208908,52.90385553928746
1.0,52.466044735192256,52.90385553928746
1.0,52.542022449493714,52.90385553928746
1.0,52.61800016379517,53.09907271839921
1.0,52.68082513969023,53.09907271839921
1.0,52.690928179928946,53.09907271839921
1.0,52.701031220167664,53.09907271839921
1.0,52.71113426040638,53.09907271839921
1.0,52.731340340883825,53.09907271839921
1.0,52.75154642136127,53.09907271839921
1.0,52.77175250183871,53.09907271839921
1.0,52.82061290381091,53.29428989751098
1.0,52.86947330578311,53.29428989751098
1.0,52.91833370775531,53.29428989751098
1.0,52.97901999055133,53.48950707662274
1.0,53.03970627334735,53.48950707662274
1.0,53.10039255614337,53.48950707662274
1.0,53.16107883893939,53.48950707662274
1.0,53.240505772658125,53.68472425573451
1.0,53.31993270637686,53.68472425573451
1.0,53.3993596400956,53.87994143484627
1.0,53.47878657381433,53.87994143484627
1.0,53.55821350753307,53.87994143484627
1.0,53.637640441251804,54.075158613958024
1.0,53.71706737497054,54.075158613958024
1.0,53.80933139250212,54.27037579306979
1.0,53.90159541003371,54.27037579306979
1.0,53.99385942756529,54.465592972181554
1.0,54.086123445096874,54.465592972181554
1.0,54.17838746262846,54.465592972181554
1.0,54.27065148016004,54.66081015129332
1.0,54.362915497691624,54.66081015129332
1.0,54.45517951522321,54.856027330405084
1.0,54.54744353275479,54.856027330405084
1.0,54.639707550286374,55.051244509516835
1.0,54.73197156781796,55.051244509516835
1.0,54.82423558534954,55.2464616886286
1.0,54.916499602881125,55.2464616886286
1.0,55.00876362041271,55.441678867740364
1.0,55.10102763794429,55.441678867740364
1.0,55.193291655475875,55.63689604685213
1.0,55.28555567300746,55.63689604685213
1.0,55.37781969053904,55.63689604685213
1.0,55.470083708070625,55.832113225963894
1.0,55.56234772560221,55.832113225963894
1.0,55.65461174313379,56.027330405075645
1.0,55.746875760665375,56.027330405075645
1.0,55.760707981041186,56.027330405075645
1.0,55.774540201417,56.027330405075645
1.0,55.78837242179281,56.222547584187396
1.0,55.80220464216862,56.222547584187396
1.0,55.82660250842619,56.222547584187396
1.0,55.851000374683764,56.222547584187396
1.0,55.87539824094134,56.222547584187396
1.0,55.89979610719891,56.222547584187396
1.0,55.94974819942351,56.222547584187396
1.0,55.99970029164811,56.41776476329919
1.0,56.04965238387271,56.41776476329919
1.0,56.09960447609731,56.41776476329919
1.0,56.17575841158399,56.41776476329919
1.0,56.25191234707067,56.61298194241094
1.0,56.32806628255735,56.61298194241094
1.0,56.40422021804403,56.80819912152269
1.0,56.48037415353071,56.80819912152269
1.0,56.55652808901739,56.80819912152269
1.0,56.63268202450407,57.003416300634456
1.0,56.695167467141935,57.003416300634456
1.0,56.70518512580331,57.003416300634456
1.0,56.71520278446469,57.003416300634456
1.0,56.72522044312606,57.003416300634456
1.0,56.74525576044881,57.003416300634456
1.0,56.765291077771565,57.003416300634456
1.0,56.785326395094316,57.003416300634456
1.0,56.834299322438774,57.198633479746206
1.0,56.88327224978323,57.198633479746206
1.0,56.93224517712769,57.198633479746206
1.0,56.993073324927465,57.198633479746206
1.0,57.05390147272724,57.393850658858
1.0,57.114729620527015,57.393850658858
1.0,57.17555776832679,57.393850658858
1.0,57.26126036086006,57.58906783796975
1.0,57.34696295339332,57.58906783796975
1.0,57.43266554592659,57.7842850170815
1.0,57.518368138459856,57.7842850170815
1.0,57.60407073099312,57.979502196193266
1.0,57.68977332352639,57.979502196193266
1.0,57.702295033898785,57.979502196193266
1.0,57.71481674427118,57.979502196193266
1.0,57.72733845464358,57.979502196193266
1.0,57.739860165015976,57.979502196193266
1.0,57.756436279026495,57.979502196193266
1.0,57.773012393037014,57.979502196193266
1.0,57.78958850704753,57.979502196193266
1.0,57.80616462105805,58.17471937530502
1.0,57.861219845130606,58.17471937530502
1.0,57.91627506920316,58.17471937530502
1.0,57.97133029327571,58.17471937530502
1.0,58.025311002360674,58.36993655441678
1.0,58.079291711445634,58.36993655441678
1.0,58.133272420530595,58.36993655441678
1.0,58.187253129615556,58.36993655441678
1.0,58.27221086905366,58.56515373352856
1.0,58.35716860849176,58.56515373352856
1.0,58.442126347929864,58.76037091264031
1.0,58.52708408736797,58.76037091264031
1.0,58.61204182680607,58.95558809175208
1.0,58.69699956624417,58.95558809175208
1.0,58.781957305682276,58.95558809175208
1.0,58.86691504512038,59.15080527086383
1.0,58.95187278455848,59.15080527086383
1.0,59.036830523996585,59.34602244997559
1.0,59.12178826343469,59.34602244997559
1.0,59.20674600287279,59.54123962908737
1.0,59.291703742310894,59.54123962908737
1.0,59.376661481749,59.54123962908737
1.0,59.4616192211871,59.73645680819912
1.0,59.5465769606252,59.73645680819912
1.0,59.631534700063305,59.93167398731089
1.0,59.71649243950141,59.93167398731089
1.0,59.80145017893951,59.93167398731089
1.0,59.886407918377614,60.12689116642264
1.0,59.97136565781572,60.12689116642264
1.0,60.039660447341525,60.3221083455344
1.0,60.10795523686733,60.3221083455344
1.0,60.17625002639314,60.3221083455344
1.0,60.24454481591895,60.51732552464618
1.0,60.31283960544476,60.51732552464618
1.0,60.381134394970566,60.51732552464618
1.0,60.449429184496374,60.71254270375793
1.0,60.51119181171707,60.71254270375793
1.0,60.56231618361681,60.71254270375793
1.0,60.61344055551655,60.9077598828697
1.0,60.65360790309545,60.9077598828697
1.0,60.69377525067435,60.9077598828697
1.0,60.73394259825325,60.9077598828697
1.0,60.782804434728696,60.9077598828697
1.0,60.83166627120414,61.10297706198145
1.0,60.88052810767959,61.10297706198145
1.0,60.936208503991914,61.10297706198145
1.0,60.99188890030424,61.10297706198145
1.0,61.047569296616565,61.2981942410932
1.0,61.10324969292889,61.2981942410932
1.0,61.15893008924122,61.2981942410932
1.0,61.21461048555354,61.49341142020499
1.0,61.27029088186587,61.49341142020499
1.0,61.3355720438723,61.49341142020499
1.0,61.400853205878725,61.49341142020499
1.0,61.466134367885154,61.68862859931674
1.0,61.53141552989158,61.68862859931674
1.0,61.58549886259625,61.68862859931674
1.0,61.639582195300925,61.88384577842851
1.0,61.693665528005596,61.88384577842851
1.0,61.74774886071027,61.88384577842851
1.0,61.81692145063136,62.07906295754026
1.0,61.88609404055246,62.07906295754026
1.0,61.95526663047355,62.07906295754026
1.0,62.02443922039465,62.27428013665201
1.0,62.09361181031574,62.27428013665201
1.0,62.16278440023684,62.27428013665201
1.0,62.23195699015793,62.4694973157638
1.0,62.31586736952664,62.4694973157638
1.0,62.39977774889535,62.4694973157638
1.0,62.48368812826406,62.664714494875554
1.0,62.56759850763277,62.664714494875554
1.0,62.651508887001484,62.85993167398732
1.0,62.735419266370194,62.85993167398732
1.0,62.819329645738904,62.85993167398732
1.0,62.903240025107614,63.05514885309907
1.0,62.987150404476324,63.05514885309907
1.0,63.071060783845034,63.25036603221082
1.0,63.154971163213744,63.25036603221082
1.0,63.238881542582455,63.445583211322614
1.0,63.322791921951165,63.445583211322614
1.0,63.406702301319875,63.445583211322614
1.0,63.490612680688585,63.640800390434364
1.0,63.574523060057295,63.640800390434364
1.0,63.658433439426005,63.83601756954613
1.0,63.742343818794716,63.83601756954613
1.0,63.826254198163426,63.83601756954613
1.0,63.910164577532136,64.03123474865788
1.0,63.994074956900846,64.03123474865788
1.0,64.07798533626955,64.22645192776963
1.0,64.16189571563825,64.22645192776963
1.0,64.24580609500696,64.42166910688142
1.0,64.32971647437566,64.42166910688142
1.0,64.41362685374436,64.42166910688142
1.0,64.49753723311306,64.61688628599317
1.0,64.58144761248177,64.61688628599317
1.0,64.66535799185047,64.81210346510493
1.0,64.74926837121917,64.81210346510493
1.0,64.83317875058788,65.00732064421669
1.0,64.91708912995658,65.00732064421669
1.0,65.00099950932528,65.00732064421669
1.0,65.08490988869399,65.20253782332844
1.0,65.16882026806269,65.20253782332844
1.0,65.25273064743139,65.39775500244023
1.0,65.3366410268001,65.39775500244023
1.0,65.4205514061688,65.39775500244023
1.0,65.5044617855375,65.59297218155199
1.0,65.5883721649062,65.59297218155199
1.0,65.6722825442749,65.78818936066374
1.0,65.75619292364361,65.78818936066374
1.0,65.84010330301231,65.9834065397755
1.0,65.92401368238102,65.9834065397755
1.0,66.00792406174972,65.9834065397755
1.0,66.09183444111842,66.17862371888725
1.0,66.17574482048713,66.17862371888725
1.0,66.25965519985583,66.37384089799905
1.0,66.34356557922453,66.37384089799905
1.0,66.42747595859323,66.37384089799905
1.0,66.51138633796194,66.5690580771108
1.0,66.59529671733064,66.5690580771108
1.0,66.67920709669934,66.76427525622255
1.0,66.76311747606805,66.76427525622255
1.0,66.84702785543675,66.95949243533431
1.0,66.93093823480545,66.95949243533431
1.0,67.01484861417416,66.95949243533431
1.0,67.09875899354286,67.15470961444606
1.0,67.18266937291156,67.15470961444606
1.0,67.26657975228026,67.34992679355783
1.0,67.35049013164897,67.34992679355783
1.0,67.43440051101767,67.34992679355783
1.0,67.51831089038637,67.5451439726696
1.0,67.60222126975508,67.5451439726696
1.0,67.68613164912378,67.74036115178136
1.0,67.77004202849248,67.74036115178136
1.0,67.85395240786119,67.93557833089312
1.0,67.93786278722989,67.93557833089312
1.0,68.02177316659859,67.93557833089312
1.0,68.1056835459673,68.13079551000487
1.0,68.189593925336,68.13079551000487
1.0,68.2735043047047,68.32601268911664
1.0,68.3574146840734,68.32601268911664
1.0,68.44132506344211,68.32601268911664
1.0,68.52523544281081,68.52122986822842
1.0,68.60914582217951,68.52122986822842
1.0,68.69305620154822,68.71644704734017
1.0,68.77696658091692,68.71644704734017
1.0,68.86087696028562,68.91166422645193
1.0,68.94478733965433,68.91166422645193
1.0,69.02869771902303,68.91166422645193
1.0,69.11260809839173,69.10688140556368
1.0,69.19651847776043,69.10688140556368
1.0,69.28042885712914,69.30209858467543
1.0,69.36433923649784,69.30209858467543
1.0,69.44824961586654,69.30209858467543
1.0,69.53215999523525,69.49731576378723
1.0,69.61607037460395,69.49731576378723
1.0,69.69998075397265,69.69253294289898
1.0,69.78389113334136,69.69253294289898
1.0,69.86780151271006,69.88775012201074
1.0,69.95171189207876,69.88775012201074
1.0,70.03562227144747,69.88775012201074
1.0,70.11953265081617,70.0829673011225
1.0,70.20344303018487,70.0829673011225
1.0,70.28735340955357,70.27818448023424
1.0,70.37126378892228,70.27818448023424
1.0,70.45517416829098,70.27818448023424
1.0,70.53908454765968,70.47340165934604
1.0,70.62299492702839,70.47340165934604
1.0,70.70690530639709,70.66861883845779
1.0,70.79081568576579,70.66861883845779
1.0,70.8747260651345,70.86383601756955
1.0,70.9586364445032,70.86383601756955
1.0,71.0425468238719,70.86383601756955
1.0,71.1264572032406,71.0590531966813
1.0,71.21036758260931,71.0590531966813
1.0,71.29427796197801,71.25427037579306
1.0,71.37818834134671,71.25427037579306
1.0,71.46209872071542,71.25427037579306
1.0,71.54600910008412,71.44948755490485
1.0,71.62991947945282,71.44948755490485
1.0,71.71382985882153,71.6447047340166
1.0,71.79774023819023,71.6447047340166
1.0,71.88165061755893,71.83992191312836
1.0,71.96556099692764,71.83992191312836
1.0,72.04947137629634,71.83992191312836
1.0,72.13338175566504,72.03513909224012
1.0,72.21729213503374,72.03513909224012
1.0,72.30120251440245,72.23035627135187
1.0,72.38511289377115,72.23035627135187
1.0,72.46902327313985,72.23035627135187
1.0,72.55293365250856,72.42557345046365
1.0,72.63684403187726,72.42557345046365
1.0,72.72075441124596,72.62079062957541
1.0,72.80466479061467,72.62079062957541
1.0,72.88857516998337,72.81600780868717
1.0,72.97248554935207,72.81600780868717
1.0,73.05639592872078,72.81600780868717
1.0,73.14030630808948,73.01122498779893
1.0,73.22421668745818,73.01122498779893
1.0,73.30812706682688,73.20644216691068
1.0,73.39203744619559,73.20644216691068
1.0,73.47594782556429,73.40165934602246
1.0,73.559858204933,73.40165934602246
1.0,73.6437685843017,73.40165934602246
1.0,73.7276789636704,73.59687652513422
1.0,73.8115893430391,73.59687652513422
1.0,73.8954997224078,73.79209370424599
1.0,73.97941010177651,73.79209370424599
1.0,74.06332048114521,73.79209370424599
1.0,74.14723086051391,73.98731088335774
1.0,74.23114123988262,73.98731088335774
1.0,74.31505161925132,74.18252806246949
1.0,74.39896199862002,74.18252806246949
1.0,74.48287237798873,74.37774524158127
1.0,74.56678275735743,74.37774524158127
1.0,74.65069313672613,74.37774524158127
1.0,74.73460351609484,74.57296242069303
1.0,74.81851389546354,74.57296242069303
1.0,74.90242427483224,74.7681795998048
1.0,74.98633465420095,74.7681795998048
1.0,75.07024503356965,74.7681795998048
1.0,75.15415541293835,74.96339677891655
1.0,75.23806579230705,74.96339677891655
1.0,75.32197617167576,75.1586139580283
1.0,75.40588655104446,75.1586139580283
1.0,75.48979693041316,75.35383113714005
1.0,75.57370730978187,75.35383113714005
1.0,75.65761768915057,75.35383113714005
1.0,75.74152806851927,75.54904831625184
1.0,75.82543844788798,75.54904831625184
1.0,75.90934882725668,75.7442654953636
1.0,75.99325920662538,75.7442654953636
1.0,76.07716958599408,75.7442654953636
1.0,76.16107996536279,75.93948267447536
1.0,76.24499034473149,75.93948267447536
1.0,76.3289007241002,76.13469985358711
1.0,76.4128111034689,76.13469985358711
1.0,76.4967214828376,76.32991703269886
1.0,76.5806318622063,76.32991703269886
1.0,76.664542241575,76.32991703269886
1.0,76.74845262094371,76.52513421181065
1.0,76.83236300031241,76.52513421181065
1.0,76.91627337968112,76.72035139092242
1.0,77.00018375904982,76.72035139092242
1.0,77.08409413841852,76.72035139092242
1.0,77.16800451778722,76.91556857003417
1.0,77.25191489715593,76.91556857003417
1.0,77.33582527652463,77.11078574914592
1.0,77.41973565589333,77.11078574914592
1.0,77.50364603526204,77.30600292825767
1.0,77.58755641463074,77.30600292825767
1.0,77.67146679399944,77.30600292825767
1.0,77.75537717336815,77.50122010736946
1.0,77.83928755273685,77.50122010736946
1.0,77.92319793210555,77.69643728648123
1.0,78.00710831147425,77.69643728648123
1.0,78.09101869084296,77.69643728648123
1.0,78.17492907021166,77.89165446559298
1.0,78.25883944958036,77.89165446559298
1.0,78.34274982894907,78.08687164470473
1.0,78.42666020831777,78.08687164470473
1.0,78.51057058768647,78.28208882381648
1.0,78.59448096705518,78.28208882381648
1.0,78.67839134642388,78.28208882381648
1.0,78.76230172579258,78.47730600292827
1.0,78.84621210516129,78.47730600292827
1.0,78.93012248452999,78.67252318204002
1.0,79.01403286389869,78.67252318204002
1.0,79.0979432432674,78.67252318204002
1.0,79.1818536226361,78.86774036115179
1.0,79.2657640020048,78.86774036115179
1.0,79.3496743813735,79.06295754026354
1.0,79.4335847607422,79.06295754026354
1.0,79.51749514011091,79.25817471937529
1.0,79.60140551947961,79.25817471937529
1.0,79.68531589884832,79.25817471937529
1.0,79.76922627821702,79.45339189848708
1.0,79.85313665758572,79.45339189848708
1.0,79.93704703695443,79.64860907759883
1.0,80.02095741632313,79.64860907759883
1.0,80.10486779569183,79.64860907759883
1.0,80.18877817506053,79.8438262567106
1.0,80.27268855442924,79.8438262567106
1.0,80.35659893379794,80.03904343582235
1.0,80.44050931316664,80.03904343582235
1.0,80.52441969253535,80.2342606149341
1.0,80.60833007190405,80.2342606149341
1.0,80.69224045127275,80.2342606149341
1.0,80.77615083064146,80.42947779404588
1.0,80.86006121001016,80.42947779404588
1.0,80.94397158937886,80.62469497315764
1.0,81.02788196874756,80.62469497315764
1.0,81.11179234811627,80.62469497315764
1.0,81.19570272748497,80.81991215226941
1.0,81.27961310685367,80.81991215226941
1.0,81.36352348622238,81.01512933138116
1.0,81.44743386559108,81.01512933138116
1.0,81.53134424495978,81.21034651049291
1.0,81.61525462432849,81.21034651049291
1.0,81.69916500369719,81.21034651049291
1.0,81.78307538306589,81.40556368960469
1.0,81.8669857624346,81.40556368960469
1.0,81.9508961418033,81.60078086871646
1.0,82.034806521172,81.60078086871646
1.0,82.1187169005407,81.79599804782822
1.0,82.20262727990941,81.79599804782822
1.0,82.28653765927811,81.79599804782822
1.0,82.37044803864681,81.99121522693997
1.0,82.45435841801552,81.99121522693997
1.0,82.53826879738422,82.18643240605172
1.0,82.62217917675292,82.18643240605172
1.0,82.70608955612163,82.18643240605172
1.0,82.78999993549033,82.3816495851635
1.0,82.87391031485903,82.3816495851635
1.0,82.95782069422773,82.57686676427527
1.0,83.04173107359644,82.57686676427527
1.0,83.12564145296514,82.77208394338703
1.0,83.20955183233384,82.77208394338703
1.0,83.29346221170255,82.77208394338703
1.0,83.37737259107125,82.96730112249878
1.0,83.46128297043995,82.96730112249878
1.0,83.54519334980866,83.16251830161053
1.0,83.62910372917736,83.16251830161053
1.0,83.71301410854606,83.16251830161053
1.0,83.79692448791477,83.35773548072228
1.0,83.88083486728347,83.35773548072228
1.0,83.96474524665217,83.55295265983408
1.0,84.04865562602087,83.55295265983408
1.0,84.13256600538958,83.74816983894584
1.0,84.21647638475828,83.74816983894584
1.0,84.30038676412698,83.74816983894584
1.0,84.38429714349569,83.94338701805759
1.0,84.46820752286439,83.94338701805759
1.0,84.55211790223309,84.13860419716934
1.0,84.6360282816018,84.13860419716934
1.0,84.7199386609705,84.13860419716934
1.0,84.8038490403392,84.3338213762811
1.0,84.8877594197079,84.3338213762811
1.0,84.97166979907661,84.52903855539289
1.0,85.05558017844531,84.52903855539289
1.0,85.13949055781401,84.72425573450465
1.0,85.22340093718272,84.72425573450465
1.0,85.30731131655142,84.72425573450465
1.0,85.39122169592012,84.9194729136164
1.0,85.47513207528883,84.9194729136164
1.0,85.55904245465753,85.11469009272815
1.0,85.64295283402623,85.11469009272815
1.0,85.72686321339494,85.11469009272815
1.0,85.81077359276364,85.3099072718399
1.0,85.89468397213234,85.3099072718399
1.0,85.97859435150104,85.5051244509517
1.0,86.06250473086975,85.5051244509517
1.0,86.14641511023845,85.70034163006346
1.0,86.23032548960715,85.70034163006346
1.0,86.31423586897586,85.70034163006346
1.0,86.39814624834456,85.89555880917521
1.0,86.48205662771326,85.89555880917521
1.0,86.56596700708197,86.09077598828696
1.0,86.64987738645067,86.09077598828696
1.0,86.73378776581937,86.09077598828696
1.0,86.81769814518807,86.28599316739871
1.0,86.90160852455678,86.28599316739871
1.0,86.98551890392548,86.48121034651051
1.0,87.06942928329418,86.48121034651051
1.0,87.15333966266289,86.67642752562226
1.0,87.23725004203159,86.67642752562226
1.0,87.3211604214003,86.67642752562226
1.0,87.405070800769,86.87164470473402
1.0,87.4889811801377,86.87164470473402
1.0,87.5728915595064,87.06686188384577
1.0,87.6568019388751,87.06686188384577
1.0,87.74071231824381,87.06686188384577
1.0,87.82462269761251,87.26207906295753
1.0,87.90853307698121,87.26207906295753
1.0,87.99244345634992,87.45729624206932
1.0,88.07635383571862,87.45729624206932
1.0,88.16026421508732,87.65251342118107
1.0,88.24417459445603,87.65251342118107
1.0,88.32808497382473,87.65251342118107
1.0,88.41199535319343,87.84773060029283
1.0,88.49590573256214,87.84773060029283
1.0,88.57981611193084,88.04294777940459
1.0,88.66372649129954,88.04294777940459
1.0,88.74763687066825,88.04294777940459
1.0,88.83154725003695,88.23816495851634
1.0,88.91545762940565,88.23816495851634
1.0,88.99936800877435,88.43338213762813
1.0,89.08327838814306,88.43338213762813
1.0,89.16718876751176,88.62859931673988
1.0,89.25109914688046,88.62859931673988
1.0,89.33500952624917,88.62859931673988
1.0,89.41891990561787,88.82381649585164
1.0,89.50283028498657,88.82381649585164
1.0,89.58674066435528,89.0190336749634
1.0,89.67065104372398,89.0190336749634
1.0,89.75456142309268,89.21425085407515
1.0,89.83847180246138,89.21425085407515
1.0,89.92238218183009,89.21425085407515
1.0,90.00629256119879,89.40946803318693
1.0,90.0902029405675,89.40946803318693
1.0,90.1741133199362,89.60468521229869
1.0,90.2580236993049,89.60468521229869
1.0,90.3419340786736,89.60468521229869
1.0,90.4258444580423,89.79990239141046
1.0,90.50975483741101,89.79990239141046
1.0,90.59366521677971,89.9951195705222
1.0,90.67757559614842,89.9951195705222
1.0,90.76148597551712,90.19033674963396
1.0,90.84539635488582,90.19033674963396
1.0,90.92930673425452,90.19033674963396
1.0,91.01321711362323,90.38555392874574
1.0,91.09712749299193,90.38555392874574
1.0,91.18103787236063,90.5807711078575
1.0,91.26494825172934,90.5807711078575
1.0,91.34885863109804,90.5807711078575
1.0,91.43276901046674,90.77598828696927
1.0,91.51667938983545,90.77598828696927
1.0,91.60058976920415,90.97120546608102
1.0,91.68450014857285,90.97120546608102
1.0,91.76841052794155,91.16642264519277
1.0,91.85232090731026,91.16642264519277
1.0,91.93623128667896,91.16642264519277
1.0,92.02014166604766,91.36163982430455
1.0,92.10405204541637,91.36163982430455
1.0,92.18796242478507,91.55685700341631
1.0,92.27187280415377,91.55685700341631
1.0,92.35578318352248,91.55685700341631
1.0,92.43969356289118,91.75207418252808
1.0,92.52360394225988,91.75207418252808
1.0,92.60751432162859,91.94729136163983
1.0,92.69142470099729,91.94729136163983
1.0,92.77533508036599,92.14250854075158
1.0,92.8592454597347,92.14250854075158
1.0,92.9431558391034,92.14250854075158
1.0,93.0270662184721,92.33772571986333
1.0,93.1109765978408,92.33772571986333
1.0,93.1948869772095,92.53294289897512
1.0,93.27879735657821,92.53294289897512
1.0,93.36270773594691,92.53294289897512
1.0,93.44661811531562,92.72816007808689
1.0,93.53052849468432,92.72816007808689
1.0,93.61443887405302,92.92337725719864
1.0,93.69834925342172,92.92337725719864
1.0,93.78225963279043,93.11859443631039
1.0,93.86617001215913,93.11859443631039
1.0,93.95008039152783,93.11859443631039
1.0,94.03399077089654,93.31381161542214
1.0,94.11790115026524,93.31381161542214
1.0,94.20181152963394,93.50902879453393
1.0,94.28572190900265,93.50902879453393
1.0,94.36963228837135,93.50902879453393
1.0,94.45354266774005,93.7042459736457
1.0,94.53745304710876,93.7042459736457
1.0,94.62136342647746,93.89946315275745
1.0,94.70527380584616,93.89946315275745
1.0,94.78918418521486,94.0946803318692
1.0,94.87309456458357,94.0946803318692
1.0,94.95700494395227,94.0946803318692
1.0,95.04091532332097,94.28989751098095
1.0,95.12482570268968,94.28989751098095
1.0,95.20873608205838,94.48511469009274
1.0,95.29264646142708,94.48511469009274
1.0,95.37655684079579,94.48511469009274
1.0,95.46046722016449,94.68033186920451
1.0,95.54437759953319,94.68033186920451
1.0,95.6282879789019,94.87554904831626
1.0,95.7121983582706,94.87554904831626
1.0,95.7961087376393,95.07076622742801
1.0,95.880019117008,95.07076622742801
1.0,95.96392949637671,95.07076622742801
1.0,96.04783987574541,95.26598340653976
1.0,96.13175025511411,95.26598340653976
1.0,96.21566063448282,95.46120058565155
1.0,96.29957101385152,95.46120058565155
1.0,96.38348139322022,95.46120058565155
1.0,96.46739177258893,95.6564177647633
1.0,96.55130215195763,95.6564177647633
1.0,96.63521253132633,95.85163494387507
1.0,96.71912291069503,95.85163494387507
1.0,96.80303329006374,96.04685212298682
1.0,96.88694366943244,96.04685212298682
1.0,96.97085404880114,96.04685212298682
1.0,97.05476442816985,96.24206930209857
1.0,97.13867480753855,96.24206930209857
1.0,97.22258518690725,96.43728648121036
1.0,97.30649556627596,96.43728648121036
1.0,97.39040594564466,96.43728648121036
1.0,97.47431632501336,96.63250366032212
1.0,97.55822670438207,96.63250366032212
1.0,97.64213708375077,96.82772083943388
1.0,97.72604746311947,96.82772083943388
1.0,97.80995784248817,97.02293801854563
1.0,97.89386822185688,97.02293801854563
1.0,97.97777860122558,97.02293801854563
1.0,98.06168898059428,97.21815519765738
1.0,98.14559935996299,97.21815519765738
1.0,98.22950973933169,97.41337237676916
1.0,98.31342011870039,97.41337237676916
1.0,98.3973304980691,97.60858955588093
1.0,98.4812408774378,97.60858955588093
1.0,98.5651512568065,97.60858955588093
1.0,98.6490616361752,97.80380673499269
1.0,98.73297201554391,97.80380673499269
1.0,98.81688239491261,97.99902391410444
1.0,98.90079277428131,97.99902391410444
1.0,98.98470315365002,97.99902391410444
1.0,99.06861353301872,98.19424109321619
1.0,99.15252391238742,98.19424109321619
1.0,99.23643429175613,98.38945827232797
1.0,99.32034467112483,98.38945827232797
1.0,99.40425505049353,98.58467545143974
1.0,99.48816542986224,98.58467545143974
1.0,99.57207580923094,98.58467545143974
1.0,99.65598618859964,98.7798926305515
1.0,99.73989656796834,98.7798926305515
1.0,99.82380694733705,98.97510980966325
1.0,99.90771732670575,98.97510980966325
1.0,99.99162770607445,98.97510980966325
1.0,100.07553808544316,99.170326988775
1.0,100.15944846481186,99.170326988775
1.0,100.24335884418056,99.36554416788678
1.0,100.32726922354927,99.36554416788678
1.0,100.41117960291797,99.56076134699855
1.0,100.49508998228667,99.56076134699855
1.0,100.57900036165537,99.56076134699855
1.0,100.66291074102408,99.75597852611031
1.0,100.74682112039278,99.75597852611031
1.0,100.83073149976148,99.95119570522206
1.0,100.91464187913019,99.95119570522206
1.0,100.99855225849889,99.95119570522206
1.0,101.0824626378676,100.0
1.0,101.1663730172363,100.0
1.0,101.250283396605,100.0
1.0,101.3341937759737,100.0
1.0,101.4181041553424,100.0
1.0,101.50201453471111,100.0
1.0,101.58592491407981,100.0
1.0,101.66983529344851,100.0
1.0,101.75374567281722,100.0
1.0,101.83765605218592,100.0
1.0,101.92156643155462,100.0
1.0,102.00547681092333,100.0
1.0,102.08938719029203,100.0
1.0,102.17329756966073,100.0
1.0,102.25720794902944,100.0
1.0,102.34111832839814,100.0
1.0,102.42502870776684,100.0
1.0,102.50893908713554,100.0
1.0,102.59284946650425,100.0
1.0,102.67675984587295,100.0
1.0,102.76067022524165,100.0
1.0,102.84458060461036,100.0
1.0,102.92849098397906,100.0
1.0,103.01240136334776,100.0
1.0,103.09631174271647,100.0
1.0,103.18022212208517,100.0
1.0,103.26413250145387,100.0
1.0,103.34804288082258,100.0
1.0,103.43195326019128,100.0
1.0,103.51586363955998,100.0
1.0,103.59977401892868,100.0
1.0,103.68368439829739,100.0
1.0,103.76759477766609,100.0
1.0,103.8515051570348,100.0
1.0,103.9354155364035,100.0
1.0,104.0193259157722,100.0
1.0,104.1032362951409,100.0
1.0,104.1871466745096,100.0
1.0,104.27105705387831,100.0
1.0,104.35496743324701,100.0
1.0,104.43887781261571,100.0
1.0,104.52278819198442,100.0
1.0,104.60669857135312,100.0
1.0,104.69060895072182,100.0
1.0,104.77451933009053,100.0
1.0,104.85842970945923,100.0
1.0,104.94234008882793,100.0
1.0,105.02625046819664,100.0
1.0,105.11016084756534,100.0
1.0,105.19407122693404,100.0
1.0,105.27798160630275,100.0
1.0,105.36189198567145,100.0
1.0,105.44580236504015,100.0
1.0,105.52971274440885,100.0
1.0,105.61362312377756,100.0
1.0,105.69753350314626,100.0
1.0,105.78144388251496,100.0
1.0,105.86535426188367,100.0
1.0,105.94926464125237,100.0
1.0,106.03317502062107,100.0
1.0,106.11708539998978,100.0
1.0,106.20099577935848,100.0
1.0,106.28490615872718,100.0
1.0,106.36881653809588,100.0
1.0,106.45272691746459,100.0
1.0,106.53663729683329,100.0
1.0,106.620547676202,100.0
1.0,106.7044580555707,100.0
1.0,106.7883684349394,100.0
1.0,106.8722788143081,100.0
1.0,106.9561891936768,100.0
1.0,107.04009957304551,100.0
1.0,107.12400995241421,100.0
1.0,107.20792033178292,100.0
1.0,107.29183071115162,100.0
1.0,107.37574109052032,100.0
1.0,107.45965146988902,100.0
1.0,107.54356184925773,100.0
1.0,107.62747222862643,100.0
1.0,107.71138260799513,100.0
1.0,107.79529298736384,100.0
1.0,107.87920336673254,100.0
1.0,107.96311374610124,100.0
1.0,108.04702412546995,100.0
1.0,108.13093450483865,100.0
1.0,108.21484488420735,100.0
1.0,108.29875526357606,100.0
1.0,108.38266564294476,100.0
1.0,108.46657602231346,100.0
1.0,108.55048640168216,100.0
1.0,108.63439678105087,100.0
1.0,108.71830716041957,100.0
1.0,108.80221753978827,100.0
1.0,108.88612791915698,100.0
1.0,108.97003829852568,100.0
1.0,109.05394867789438,100.0
1.0,109.13785905726309,100.0
1.0,109.22176943663179,100.0
1.0,109.30567981600049,100.0
1.0,109.3895901953692,100.0
1.0,109.4735005747379,100.0
1.0,109.5574109541066,100.0
1.0,109.6413213334753,100.0
1.0,109.725231712844,100.0
1.0,109.80914209221271,100.0
1.0,109.89305247158141,100.0
1.0,109.97696285095012,100.0
1.0,110.06087323031882,100.0
1.0,110.14478360968752,100.0
1.0,110.22869398905623,100.0
1.0,110.31260436842493,100.0
1.0,110.39651474779363,100.0
1.0,110.48042512716233,100.0
1.0,110.56433550653104,100.0
1.0,110.64824588589974,100.0
1.0,110.73215626526844,100.0
1.0,110.81606664463715,100.0
1.0,110.89997702400585,100.0
1.0,110.98388740337455,100.0
1.0,111.06779778274326,100.0
1.0,111.15170816211196,100.0
1.0,111.23561854148066,100.0
1.0,111.31952892084936,100.0
1.0,111.40343930021807,100.0
1.0,111.48734967958677,100.0
1.0,111.57126005895547,100.0
1.0,111.65517043832418,100.0
1.0,111.73908081769288,100.0
1.0,111.82299119706158,100.0
1.0,111.90690157643029,100.0
1.0,111.99081195579899,100.0
1.0,112.07472233516769,100.0
1.0,112.1586327145364,100.0
1.0,112.2425430939051,100.0
1.0,112.3264534732738,100.0
1.0,112.4103638526425,100.0
1.0,112.49427423201121,100.0
1.0,112.57818461137991,100.0
1.0,112.66209499074861,100.0
1.0,112.74600537011732,100.0
1.0,112.82991574948602,100.0
1.0,112.91382612885472,100.0
1.0,112.99773650822343,100.0
1.0,113.08164688759213,100.0
1.0,113.16555726696083,100.0
1.0,113.24946764632953,100.0
1.0,113.33337802569824,100.0
1.0,113.41728840506694,100.0
1.0,113.50119878443564,100.0
1.0,113.58510916380435,100.0
1.0,113.66901954317305,100.0
1.0,113.75292992254175,100.0
1.0,113.83684030191046,100.0
1.0,113.92075068127916,100.0
1.0,114.00466106064786,100.0
1.0,114.08857144001657,100.0
1.0,114.17248181938527,100.0
1.0,114.25639219875397,100.0
1.0,114.34030257812267,100.0
1.0,114.42421295749138,100.0
1.0,114.50812333686008,100.0
1.0,114.59203371622878,100.0
1.0,114.67594409559749,100.0
1.0,114.75985447496619,100.0
1.0,114.84376485433489,100.0
1.0,114.9276752337036,100.0
1.0,115.0115856130723,100.0
1.0,115.095495992441,100.0
1.0,115.1794063718097,100.0
1.0,115.26331675117841,100.0
1.0,115.34722713054711,100.0
1.0,115.43113750991581,100.0
1.0,115.51504788928452,100.0
1.0,115.59895826865322,100.0
1.0,115.68286864802192,100.0
1.0,115.76677902739063,100.0
1.0,115.85068940675933,100.0
1.0,115.93459978612803,100.0
1.0,116.01851016549674,100.0
1.0,116.10242054486544,100.0
1.0,116.18633092423414,100.0
1.0,116.27024130360284,100.0
1.0,116.35415168297155,100.0
1.0,116.43806206234025,100.0
1.0,116.52197244170895,100.0
1.0,116.60588282107766,100.0
1.0,116.68979320044636,100.0
1.0,116.77370357981506,100.0
1.0,116.85761395918377,100.0
1.0,116.94152433855247,100.0
1.0,117.02543471792117,100.0
1.0,117.10934509728988,100.0
1.0,117.19325547665858,100.0
1.0,117.27716585602728,100.0
1.0,117.36107623539598,100.0
1.0,117.44498661476469,100.0
1.0,117.52889699413339,100.0
1.0,117.6128073735021,100.0
1.0,117.6967177528708,100.0
1.0,117.7806281322395,100.0
1.0,117.8645385116082,100.0
1.0,117.9484488909769,100.0
1.0,118.03235927034561,100.0
1.0,118.11626964971431,100.0
1.0,118.20018002908301,100.0
1.0,118.28409040845172,100.0
1.0,118.36800078782042,100.0
1.0,118.45191116718912,100.0
1.0,118.53582154655783,100.0
1.0,118.61973192592653,100.0
1.0,118.70364230529523,100.0
1.0,118.78755268466394,100.0
1.0,118.87146306403264,100.0
1.0,118.95537344340134,100.0
1.0,119.03928382277005,100.0
1.0,119.12319420213875,100.0
1.0,119.20710458150745,100.0
1.0,119.29101496087615,100.0
1.0,119.37492534024486,100.0
1.0,119.45883571961356,100.0
1.0,119.54274609898226,100.0
1.0,119.62665647835097,100.0
1.0,119.71056685771967,100.0
1.0,119.79447723708837,100.0
1.0,119.87838761645708,100.0
1.0,119.96229799582578,100.0
1.0,120.04620837519448,100.0
1.0,120.13011875456318,100.0
1.0,120.21402913393189,100.0
1.0,120.29793951330059,100.0
1.0,120.3818498926693,100.0
1.0,120.465760272038,100.0
1.0,120.5496706514067,100.0
1.0,120.6335810307754,100.0
1.0,120.7174914101441,100.0
1.0,120.80140178951281,100.0
1.0,120.88531216888151,100.0
1.0,120.96922254825022,100.0
1.0,121.05313292761892,100.0
1.0,121.13704330698762,100.0
1.0,121.22095368635632,100.0
1.0,121.30486406572503,100.0
1.0,121.38877444509373,100.0
1.0,121.47268482446243,100.0
1.0,121.55659520383114,100.0
1.0,121.64050558319984,100.0
1.0,121.72441596256854,100.0
1.0,121.80832634193725,100.0
1.0,121.89223672130595,100.0
1.0,121.97614710067465,100.0
1.0,122.06005748004335,100.0
1.0,122.14396785941206,100.0
1.0,122.22787823878076,100.0
1.0,122.31178861814946,100.0
1.0,122.39569899751817,100.0
1.0,122.47960937688687,100.0
1.0,122.56351975625557,100.0
1.0,122.64743013562428,100.0
1.0,122.73134051499298,100.0
1.0,122.81525089436168,100.0
1.0,122.89916127373039,100.0
1.0,122.98307165309909,100.0
1.0,123.06698203246779,100.0
1.0,123.1508924118365,100.0
1.0,123.2348027912052,100.0
1.0,123.3187131705739,100.0
1.0,123.4026235499426,100.0
1.0,123.4865339293113,100.0
1.0,123.57044430868001,100.0
1.0,123.65435468804871,100.0
1.0,123.73826506741742,100.0
1.0,123.82217544678612,100.0
1.0,123.90608582615482,100.0
1.0,123.98999620552352,100.0
1.0,124.07390658489223,100.0
1.0,124.15781696426093,100.0
1.0,124.24172734362963,100.0
1.0,124.32563772299834,100.0
1.0,124.40954810236704,100.0
1.0,124.49345848173574,100.0
1.0,124.57736886110445,100.0
1.0,124.66127924047315,100.0
1.0,124.74518961984185,100.0
1.0,124.82909999921056,100.0
1.0,124.91301037857926,100.0
1.0,124.99692075794796,100.0
1.0,125.08083113731666,100.0
1.0,125.16474151668537,100.0
1.0,125.24865189605407,100.0
1.0,125.33256227542277,100.0
1.0,125.41647265479148,100.0
1.0,125.50038303416018,100.0
1.0,125.58429341352888,100.0
1.0,125.66820379289759,100.0
1.0,125.75211417226629,100.0
1.0,125.83602455163499,100.0
1.0,125.9199349310037,100.0
1.0,126.0038453103724,100.0
1.0,126.0877556897411,100.0
1.0,126.1716660691098,100.0
1.0,126.25557644847851,100.0
1.0,126.33948682784721,100.0
1.0,126.42339720721591,100.0
1.0,126.50730758658462,100.0
1.0,126.59121796595332,100.0
1.0,126.67512834532202,100.0
1.0,126.75903872469073,100.0
1.0,126.84294910405943,100.0
1.0,126.92685948342813,100.0
1.0,127.01076986279683,100.0
1.0,127.09468024216554,100.0
1.0,127.17859062153424,100.0
1.0,127.26250100090294,100.0
1.0,127.34641138027165,100.0
1.0,127.43032175964035,100.0
1.0,127.51423213900905,100.0
1.0,127.59814251837776,100.0
1.0,127.68205289774646,100.0
1.0,127.76596327711516,100.0
1.0,127.84987365648387,100.0
1.0,127.93378403585257,100.0
1.0,128.01769441522129,100.0
1.0,128.10160479459,100.0
1.0,128.18551517395872,100.0
1.0,128.26942555332744,100.0
1.0,128.35333593269615,100.0
1.0,128.43724631206487,100.0
1.0,128.5211566914336,100.0
1.0,128.6050670708023,100.0
1.0,128.68897745017102,100.0
1.0,128.77288782953974,100.0
1.0,128.85679820890846,100.0
1.0,128.94070858827718,100.0
1.0,129.0246189676459,100.0
1.0,129.1085293470146,100.0
1.0,129.19243972638333,100.0
1.0,129.27635010575204,100.0
1.0,129.36026048512076,100.0
1.0,129.44417086448948,100.0
1.0,129.5280812438582,100.0
1.0,129.6119916232269,100.0
1.0,129.69590200259563,100.0
1.0,129.77981238196435,100.0
1.0,129.86372276133307,100.0
1.0,129.94763314070178,100.0
1.0,130.0315435200705,100.0
1.0,130.11545389943922,100.0
1.0,130.19936427880793,100.0
1.0,130.28327465817665,100.0
1.0,130.36718503754537,100.0
1.0,130.4510954169141,100.0
1.0,130.5350057962828,100.0
1.0,130.61891617565152,100.0
1.0,130.70282655502024,100.0
1.0,130.78673693438895,100.0
1.0,130.87064731375767,100.0
1.0,130.9545576931264,100.0
1.0,131.0384680724951,100.0
1.0,131.12237845186382,100.0
1.0,131.20628883123254,100.0
1.0,131.29019921060126,100.0
1.0,131.37410958996998,100.0
1.0,131.4580199693387,100.0
1.0,131.5419303487074,100.0
1.0,131.62584072807613,100.0
1.0,131.70975110744484,100.0
1.0,131.79366148681356,100.0
1.0,131.87757186618228,100.0
1.0,131.961482245551,100.0
1.0,132.0453926249197,100.0
1.0,132.12930300428843,100.0
1.0,132.21321338365715,100.0
1.0,132.29712376302587,100.0
1.0,132.38103414239458,100.0
1.0,132.4649445217633,100.0
1.0,132.54885490113202,100.0
1.0,132.63276528050073,100.0
1.0,132.71667565986945,100.0
1.0,132.80058603923817,100.0
1.0,132.8844964186069,100.0
1.0,132.9684067979756,100.0
1.0,133.05231717734432,100.0
1.0,133.13622755671304,100.0
1.0,133.22013793608176,100.0
1.0,133.30404831545047,100.0
1.0,133.3879586948192,100.0
1.0,133.4718690741879,100.0
1.0,133.55577945355662,100.0
1.0,133.63968983292534,100.0
1.0,133.72360021229406,100.0
1.0,133.80751059166278,100.0
1.0,133.8914209710315,100.0
1.0,133.9753313504002,100.0
1.0,134.05924172976893,100.0
1.0,134.14315210913765,100.0
1.0,134.22706248850636,100.0
1.0,134.31097286787508,100.0
1.0,134.3948832472438,100.0
1.0,134.47879362661251,100.0
1.0,134.56270400598123,100.0
1.0,134.64661438534995,100.0
1.0,134.73052476471867,100.0
1.0,134.81443514408738,100.0
1.0,134.8983455234561,100.0
1.0,134.98225590282482,100.0
1.0,135.06616628219354,100.0
1.0,135.15007666156225,100.0
1.0,135.23398704093097,100.0
1.0,135.3178974202997,100.0
1.0,135.4018077996684,100.0
1.0,135.48571817903712,100.0
1.0,135.56962855840584,100.0
1.0,135.65353893777456,100.0
1.0,135.73744931714327,100.0
1.0,135.821359696512,100.0
1.0,135.9052700758807,100.0
1.0,135.98918045524942,100.0
1.0,136.07309083461814,100.0
1.0,136.15700121398686,100.0
1.0,136.24091159335558,100.0
1.0,136.3248219727243,100.0
1.0,136.408732352093,100.0
1.0,136.49264273146173,100.0
1.0,136.57655311083045,100.0
1.0,136.66046349019916,100.0
1.0,136.74437386956788,100.0
1.0,136.8282842489366,100.0
1.0,136.91219462830531,100.0
1.0,136.99610500767403,100.0
1.0,137.08001538704275,100.0
1.0,137.16392576641147,100.0
1.0,137.24783614578018,100.0
1.0,137.3317465251489,100.0
1.0,137.41565690451762,100.0
1.0,137.49956728388634,100.0
1.0,137.58347766325505,100.0
1.0,137.66738804262377,100.0
1.0,137.7512984219925,100.0
1.0,137.8352088013612,100.0
1.0,137.91911918072992,100.0
1.0,138.00302956009864,100.0
1.0,138.08693993946736,100.0
1.0,138.17085031883607,100.0
1.0,138.2547606982048,100.0
1.0,138.3386710775735,100.0
1.0,138.42258145694223,100.0
1.0,138.50649183631094,100.0
1.0,138.59040221567966,100.0
1.0,138.67431259504838,100.0
1.0,138.7582229744171,100.0
1.0,138.8421333537858,100.0
1.0,138.92604373315453,100.0
1.0,139.00995411252325,100.0
1.0,139.09386449189196,100.0
1.0,139.17777487126068,100.0
1.0,139.2616852506294,100.0
1.0,139.34559562999812,100.0
1.0,139.42950600936683,100.0
1.0,139.51341638873555,100.0
1.0,139.59732676810427,100.0
1.0,139.68123714747298,100.0
1.0,139.7651475268417,100.0
1.0,139.84905790621042,100.0
1.0,139.93296828557914,100.0
1.0,140.01687866494785,100.0
1.0,140.10078904431657,100.0
1.0,140.1846994236853,100.0
1.0,140.268609803054,100.0
1.0,140.35252018242272,100.0
1.0,140.43643056179144,100.0
1.0,140.52034094116016,100.0
1.0,140.60425132052887,100.0
1.0,140.6881616998976,100.0
1.0,140.7720720792663,100.0
1.0,140.85598245863503,100.0
1.0,140.93989283800374,100.0
1.0,141.02380321737246,100.0
1.0,141.10771359674118,100.0
1.0,141.1916239761099,100.0
1.0,141.2755343554786,100.0
1.0,141.35944473484733,100.0
1.0,141.44335511421605,100.0
1.0,141.52726549358476,100.0
1.0,141.61117587295348,100.0
1.0,141.6950862523222,100.0
1.0,141.77899663169092,100.0
1.0,141.86290701105963,100.0
1.0,141.94681739042835,100.0
1.0,142.03072776979707,100.0
1.0,142.11463814916578,100.0
1.0,142.1985485285345,100.0
1.0,142.28245890790322,100.0
1.0,142.36636928727194,100.0
1.0,142.45027966664065,100.0
1.0,142.53419004600937,100.0
1.0,142.6181004253781,100.0
1.0,142.7020108047468,100.0
1.0,142.78592118411552,100.0
1.0,142.86983156348424,100.0
1.0,142.95374194285296,100.0
1.0,143.03765232222167,100.0
1.0,143.1215627015904,100.0
1.0,143.2054730809591,100.0
1.0,143.28938346032783,100.0
1.0,143.37329383969654,100.0
1.0,143.45720421906526,100.0
1.0,143.54111459843398,100.0
1.0,143.6250249778027,100.0
1.0,143.7089353571714,100.0
1.0,143.79284573654013,100.0
1.0,143.87675611590885,100.0
1.0,143.96066649527756,100.0
1.0,144.04457687464628,100.0
1.0,144.128487254015,100.0
1.0,144.21239763338372,100.0
1.0,144.29630801275243,100.0
1.0,144.38021839212115,100.0
1.0,144.46412877148987,100.0
1.0,144.54803915085859,100.0
1.0,144.6319495302273,100.0
1.0,144.71585990959602,100.0
1.0,144.79977028896474,100.0
1.0,144.88368066833345,100.0
1.0,144.96759104770217,100.0
1.0,145.0515014270709,100.0
1.0,145.1354118064396,100.0
1.0,145.21932218580832,100.0
1.0,145.30323256517704,100.0
1.0,145.38714294454576,100.0
1.0,145.47105332391448,100.0
1.0,145.5549637032832,100.0
1.0,145.6388740826519,100.0
1.0,145.72278446202063,100.0
1.0,145.80669484138934,100.0
1.0,145.89060522075806,100.0
1.0,145.97451560012678,100.0
1.0,146.0584259794955,100.0
1.0,146.1423363588642,100.0
1.0,146.22624673823293,100.0
1.0,146.31015711760165,100.0
1.0,146.39406749697037,100.0
1.0,146.47797787633908,100.0
1.0,146.5618882557078,100.0
1.0,146.64579863507652,100.0
1.0,146.72970901444523,100.0
1.0,146.81361939381395,100.0
1.0,146.89752977318267,100.0
1.0,146.9814401525514,100.0
1.0,147.0653505319201,100.0
1.0,147.14926091128882,100.0
1.0,147.23317129065754,100.0
1.0,147.31708167002625,100.0
1.0,147.40099204939497,100.0
1.0,147.4849024287637,100.0
1.0,147.5688128081324,100.0
1.0,147.65272318750112,100.0
1.0,147.73663356686984,100.0
1.0,147.82054394623856,100.0
1.0,147.90445432560728,100.0
1.0,147.988364704976,100.0
1.0,148.0722750843447,100.0
1.0,148.15618546371343,100.0
1.0,148.24009584308214,100.0
1.0,148.32400622245086,100.0
1.0,148.40791660181958,100.0
1.0,148.4918269811883,100.0
1.0,148.575737360557,100.0
1.0,148.65964773992573,100.0
1.0,148.74355811929445,100.0
1.0,148.82746849866317,100.0
1.0,148.91137887803188,100.0
1.0,148.9952892574006,100.0
1.0,149.07919963676932,100.0
1.0,149.16311001613803,100.0
1.0,149.24702039550675,100.0
1.0,149.33093077487547,100.0
1.0,149.4148411542442,100.0
1.0,149.4987515336129,100.0
1.0,149.58266191298162,100.0
1.0,149.66657229235034,100.0
1.0,149.75048267171906,100.0
1.0,149.83439305108777,100.0
1.0,149.9183034304565,100.0
1.0,150.0022138098252,100.0
1.0,150.08612418919392,100.0
1.0,150.17003456856264,100.0
1.0,150.25394494793136,100.0
1.0,150.33785532730008,100.0
1.0,150.4217657066688,100.0
1.0,150.5056760860375,100.0
1.0,150.58958646540623,100.0
1.0,150.67349684477495,100.0
1.0,150.75740722414366,100.0
1.0,150.84131760351238,100.0
1.0,150.9252279828811,100.0
1.0,151.00913836224981,100.0
1.0,151.09304874161853,100.0
1.0,151.17695912098725,100.0
1.0,151.26086950035597,100.0
1.0,151.34477987972468,100.0
1.0,151.4286902590934,100.0
1.0,151.51260063846212,100.0
1.0,151.59651101783084,100.0
1.0,151.68042139719955,100.0
1.0,151.76433177656827,100.0
1.0,151.848242155937,100.0
1.0,151.9321525353057,100.0
1.0,152.01606291467442,100.0
1.0,152.09997329404314,100.0
1.0,152.18388367341186,100.0
1.0,152.26779405278057,100.0
1.0,152.3517044321493,100.0
1.0,152.435614811518,100.0
1.0,152.51952519088672,100.0
1.0,152.60343557025544,100.0
1.0,152.68734594962416,100.0
1.0,152.77125632899288,100.0
1.0,152.8551667083616,100.0
1.0,152.9390770877303,100.0
1.0,153.02298746709903,100.0
1.0,153.10689784646775,100.0
1.0,153.19080822583646,100.0
1.0,153.27471860520518,100.0
1.0,153.3586289845739,100.0
1.0,153.44253936394261,100.0
1.0,153.52644974331133,100.0
1.0,153.61036012268005,100.0
1.0,153.69427050204877,100.0
1.0,153.77818088141748,100.0
1.0,153.8620912607862,100.0
1.0,153.94600164015492,100.0
1.0,154.02991201952364,100.0
1.0,154.11382239889235,100.0
1.0,154.19773277826107,100.0
1.0,154.2816431576298,100.0
1.0,154.3655535369985,100.0
1.0,154.44946391636722,100.0
1.0,154.53337429573594,100.0
1.0,154.61728467510466,100.0
1.0,154.70119505447337,100.0
1.0,154.7851054338421,100.0
1.0,154.8690158132108,100.0
1.0,154.95292619257953,100.0
1.0,155.03683657194824,100.0
1.0,155.12074695131696,100.0
1.0,155.20465733068568,100.0
1.0,155.2885677100544,100.0
1.0,155.3724780894231,100.0
1.0,155.45638846879183,100.0
1.0,155.54029884816055,100.0
1.0,155.62420922752926,100.0
1.0,155.70811960689798,100.0
1.0,155.7920299862667,100.0
1.0,155.87594036563542,100.0
1.0,155.95985074500413,100.0
1.0,156.04376112437285,100.0
1.0,156.12767150374157,100.0
1.0,156.21158188311028,100.0
1.0,156.295492262479,100.0
1.0,156.37940264184772,100.0
1.0,156.46331302121644,100.0
1.0,156.54722340058515,100.0
1.0,156.63113377995387,100.0
1.0,156.7150441593226,100.0
1.0,156.7989545386913,100.0
1.0,156.88286491806002,100.0
1.0,156.96677529742874,100.0
1.0,157.05068567679746,100.0
1.0,157.13459605616617,100.0
1.0,157.2185064355349,100.0
1.0,157.3024168149036,100.0
1.0,157.38632719427233,100.0
1.0,157.47023757364104,100.0
1.0,157.55414795300976,100.0
1.0,157.63805833237848,100.0
1.0,157.7219687117472,100.0
1.0,157.8058790911159,100.0
1.0,157.88978947048463,100.0
1.0,157.97369984985335,100.0
1.0,158.05761022922206,100.0
1.0,158.14152060859078,100.0
1.0,158.2254309879595,100.0
1.0,158.30934136732822,100.0
1.0,158.39325174669693,100.0
1.0,158.47716212606565,100.0
1.0,158.56107250543437,100.0
1.0,158.64498288480308,100.0
1.0,158.7288932641718,100.0
1.0,158.81280364354052,100.0
1.0,158.89671402290924,100.0
1.0,158.98062440227795,100.0
1.0,159.06453478164667,100.0
1.0,159.1484451610154,100.0
1.0,159.2323555403841,100.0
1.0,159.31626591975282,100.0
1.0,159.40017629912154,100.0
1.0,159.48408667849026,100.0
1.0,159.56799705785897,100.0
1.0,159.6519074372277,100.0
1.0,159.7358178165964,100.0
1.0,159.81972819596513,100.0
1.0,159.90363857533384,100.0
1.0,159.98754895470256,100.0
1.0,160.07145933407128,100.0
1.0,160.15536971344,100.0
1.0,160.2392800928087,100.0
1.0,160.32319047217743,100.0
1.0,160.40710085154615,100.0
1.0,160.49101123091486,100.0
1.0,160.57492161028358,100.0
1.0,160.6588319896523,100.0
1.0,160.74274236902102,100.0
1.0,160.82665274838973,100.0
1.0,160.91056312775845,100.0
1.0,160.99447350712717,100.0
1.0,161.07838388649589,100.0
1.0,161.1622942658646,100.0
1.0,161.24620464523332,100.0
1.0,161.33011502460204,100.0
1.0,161.41402540397075,100.0
1.0,161.49793578333947,100.0
1.0,161.5818461627082,100.0
1.0,161.6657565420769,100.0
1.0,161.74966692144562,100.0
1.0,161.83357730081434,100.0
1.0,161.91748768018306,100.0
1.0,162.00139805955178,100.0
1.0,162.0853084389205,100.0
1.0,162.1692188182892,100.0
1.0,162.25312919765793,100.0
1.0,162.33703957702664,100.0
1.0,162.42094995639536,100.0
1.0,162.50486033576408,100.0
1.0,162.5887707151328,100.0
1.0,162.6726810945015,100.0
1.0,162.75659147387023,100.0
1.0,162.84050185323895,100.0
1.0,162.92441223260766,100.0
1.0,163.00832261197638,100.0
1.0,163.0922329913451,100.0
1.0,163.17614337071382,100.0
1.0,163.26005375008253,100.0
1.0,163.34396412945125,100.0
1.0,163.42787450881997,100.0
1.0,163.51178488818869,100.0
1.0,163.5956952675574,100.0
1.0,163.67960564692612,100.0
1.0,163.76351602629484,100.0
1.0,163.84742640566355,100.0
1.0,163.93133678503227,100.0
1.0,164.015247164401,100.0
1.0,164.0991575437697,100.0
1.0,164.18306792313842,100.0
1.0,164.26697830250714,100.0
1.0,164.35088868187586,100.0
1.0,164.43479906124458,100.0
1.0,164.5187094406133,100.0
1.0,164.602619819982,100.0
1.0,164.68653019935073,100.0
1.0,164.77044057871944,100.0
1.0,164.85435095808816,100.0
1.0,164.93826133745688,100.0
1.0,165.0221717168256,100.0
1.0,165.1060820961943,100.0
1.0,165.18999247556303,100.0
1.0,165.27390285493175,100.0
1.0,165.35781323430047,100.0
1.0,165.44172361366918,100.0
1.0,165.5256339930379,100.0
1.0,165.60954437240662,100.0
1.0,165.69345475177533,100.0
1.0,165.77736513114405,100.0
1.0,165.86127551051277,100.0
1.0,165.9451858898815,100.0
1.0,166.0290962692502,100.0
1.0,166.11300664861892,100.0
1.0,166.19691702798764,100.0
1.0,166.28082740735636,100.0
1.0,166.36473778672507,100.0
1.0,166.4486481660938,100.0
1.0,166.5325585454625,100.0
1.0,166.61646892483122,100.0
1.0,166.70037930419994,100.0
1.0,166.78428968356866,100.0
1.0,166.86820006293738,100.0
1.0,166.9521104423061,100.0
1.0,167.0360208216748,100.0
1.0,167.11993120104353,100.0
1.0,167.20384158041225,100.0
1.0,167.28775195978096,100.0
1.0,167.37166233914968,100.0
1.0,167.4555727185184,100.0
1.0,167.5394830978871,100.0
1.0,167.62339347725583,100.0
1.0,167.70730385662455,100.0
1.0,167.79121423599327,100.0
1.0,167.87512461536198,100.0
1.0,167.9590349947307,100.0
1.0,168.04294537409942,100.0
1.0,168.12685575346813,100.0
1.0,168.21076613283685,100.0
1.0,168.29467651220557,100.0
1.0,168.3785868915743,100.0
1.0,168.462497270943,100.0
1.0,168.54640765031172,100.0
1.0,168.63031802968044,100.0
1.0,168.71422840904916,100.0
1.0,168.79813878841787,100.0
1.0,168.8820491677866,100.0
1.0,168.9659595471553,100.0
1.0,169.04986992652402,100.0
1.0,169.13378030589274,100.0
1.0,169.21769068526146,100.0
1.0,169.30160106463018,100.0
1.0,169.3855114439989,100.0
1.0,169.4694218233676,100.0
1.0,169.55333220273633,100.0
1.0,169.63724258210505,100.0
1.0,169.72115296147376,100.0
1.0,169.80506334084248,100.0
1.0,169.8889737202112,100.0
1.0,169.97288409957991,100.0
1.0,170.05679447894863,100.0
1.0,170.14070485831735,100.0
1.0,170.22461523768607,100.0
1.0,170.30852561705478,100.0
1.0,170.3924359964235,100.0
1.0,170.47634637579222,100.0
1.0,170.56025675516094,100.0
1.0,170.64416713452965,100.0
1.0,170.72807751389837,100.0
1.0,170.8119878932671,100.0
1.0,170.8958982726358,100.0
1.0,170.97980865200452,100.0
1.0,171.06371903137324,100.0
1.0,171.14762941074196,100.0
1.0,171.23153979011067,100.0
1.0,171.3154501694794,100.0
1.0,171.3993605488481,100.0
1.0,171.48327092821683,100.0
1.0,171.56718130758554,100.0
1.0,171.65109168695426,100.0
1.0,171.73500206632298,100.0
1.0,171.8189124456917,100.0
1.0,171.9028228250604,100.0
1.0,171.98673320442913,100.0
1.0,172.07064358379785,100.0
1.0,172.15455396316656,100.0
1.0,172.23846434253528,100.0
1.0,172.322374721904,100.0
1.0,172.40628510127272,100.0
1.0,172.49019548064143,100.0
1.0,172.57410586001015,100.0
1.0,172.65801623937887,100.0
1.0,172.74192661874758,100.0
1.0,172.8258369981163,100.0
1.0,172.90974737748502,100.0
1.0,172.99365775685374,100.0
1.0,173.07756813622245,100.0
1.0,173.16147851559117,100.0
1.0,173.2453888949599,100.0
1.0,173.3292992743286,100.0
1.0,173.42168710759196,100.0
1.0,173.51407494085532,100.0
1.0,173.60646277411868,100.0
1.0,173.69885060738204,100.0
1.0,173.7912384406454,100.0
1.0,173.87801648964214,100.0
1.0,173.96479453863887,100.0
1.0,174.0515725876356,100.0
1.0,174.13835063663234,100.0
1.0,174.22512868562907,100.0
1.0,174.3119067346258,100.0
1.0,174.39868478362254,100.0
1.0,174.48546283261928,100.0
1.0,174.59122416495842,100.0
1.0,174.66918703808656,100.0
1.0,174.7471499112147,100.0
1.0,174.82511278434285,100.0
1.0,174.903075657471,100.0
1.0,174.98103853059914,100.0
1.0,175.05900140372728,100.0
1.0,175.13696427685542,100.0
1.0,175.21492714998357,100.0
1.0,175.22781979382648,100.0
1.0,175.2407124376694,100.0
1.0,175.25360508151232,100.0
1.0,175.26649772535524,100.0
1.0,175.29228301304107,100.0
1.0,175.3180683007269,100.0
1.0,175.34385358841274,100.0
1.0,175.39381074655205,100.0
1.0,175.44376790469136,100.0
1.0,175.49372506283066,100.0
1.0,175.54368222096997,100.0
1.0,175.59363937910928,100.0
1.0,175.64359653724858,100.0
1.0,175.6935536953879,100.0
1.0,175.7435108535272,100.0
1.0,175.7934680116665,100.0
1.0,175.84921968644684,100.0
1.0,175.90497136122718,100.0
1.0,175.95137060805916,100.0
1.0,175.99776985489115,100.0
1.0,176.04416910172313,100.0
1.0,176.09894556368693,100.0
1.0,176.15372202565072,100.0
1.0,176.20849848761452,100.0
1.0,176.26327494957832,100.0
1.0,176.32491453969604,100.0
1.0,176.38655412981376,100.0
1.0,176.44819371993148,100.0
1.0,176.49774545852026,100.0
1.0,176.54729719710903,100.0
1.0,176.5968489356978,100.0
1.0,176.64640067428658,100.0
1.0,176.70100140285678,100.0
1.0,176.75560213142697,100.0
1.0,176.81020285999716,100.0
1.0,176.86480358856736,100.0
1.0,176.91940431713755,100.0
1.0,176.97400504570774,100.0
1.0,176.97401385610067,100.0
1.0,176.9740226664936,100.0
1.0,176.97403147688652,100.0
1.0,176.97404028727945,100.0
1.0,176.97404909767238,100.0
1.0,176.9740667184582,100.0
1.0,176.97408433924403,100.0
1.0,176.97422664159245,100.0
1.0,176.97436894394087,100.0
1.0,176.97476551038707,100.0
1.0,176.97516207683327,100.0
1.0,176.9763133094352,100.0
1.0,176.97746454203713,100.0
1.0,176.98103558666227,100.0
1.0,176.98460663128742,100.0
1.0,177.0018943505234,100.0
1.0,177.01918206975938,100.0
1.0,177.03942855533043,100.0
1.0,177.05967504090148,100.0
1.0,177.07992152647253,100.0
1.0,177.11892587275707,100.0
1.0,177.15793021904162,100.0
1.0,177.19693456532616,100.0
1.0,177.24898938645336,100.0
1.0,177.30104420758056,100.0
1.0,177.35309902870776,100.0
1.0,177.40515384983496,100.0
1.0,177.45720867096216,100.0
1.0,177.50926349208936,100.0
1.0,177.5783468217197,100.0
1.0,177.64743015135002,100.0
1.0,177.71651348098035,100.0
1.0,177.78559681061068,100.0
1.0,177.85468014024102,100.0
1.0,177.92376346987135,100.0
1.0,177.99284679950168,100.0
1.0,178.0706001678963,100.0
1.0,178.1483535362909,100.0
1.0,178.2261069046855,100.0
1.0,178.30386027308012,100.0
1.0,178.38161364147473,100.0
1.0,178.45936700986934,100.0
1.0,178.53712037826395,100.0
1.0,178.6262409876182,100.0
1.0,178.71536159697243,100.0
1.0,178.80448220632667,100.0
1.0,178.8936028156809,100.0
1.0,178.98272342503515,100.0
1.0,179.0718440343894,100.0
1.0,179.16096464374363,100.0
1.0,179.25008525309786,100.0
1.0,179.2624120977008,100.0
1.0,179.2647058878935,100.0
1.0,179.26699967808622,100.0
1.0,179.26929346827893,100.0
1.0,179.27388104866435,100.0
1.0,179.27846862904977,100.0
1.0,179.29636335834232,100.0
1.0,179.31425808763487,100.0
1.0,179.33215281692742,100.0
1.0,179.39377633851345,100.0
1.0,179.44487276237268,100.0
1.0,179.48645495583975,100.0
1.0,179.5280371493068,100.0
1.0,179.56961934277388,100.0
1.0,179.62023610904657,100.0
1.0,179.67085287531927,100.0
1.0,179.72146964159197,100.0
1.0,179.77963301666628,100.0
1.0,179.8377963917406,100.0
1.0,179.8959597668149,100.0
1.0,179.90479444825232,100.0
1.0,179.91362912968972,100.0
1.0,179.92246381112713,100.0
1.0,179.93574357916467,100.0
1.0,179.9490233472022,100.0
1.0,179.96230311523973,100.0
1.0,180.01045731272546,100.0
1.0,180.0586115102112,100.0
1.0,180.10676570769692,100.0
1.0,180.17128914318462,100.0
1.0,180.23581257867232,100.0
1.0,180.30033601416002,100.0
1.0,180.36485944964772,100.0
1.0,180.45237639768152,100.0
1.0,180.5398933457153,100.0
1.0,180.6274102937491,100.0
1.0,180.7149272417829,100.0
1.0,180.8024441898167,100.0
1.0,180.8899611378505,100.0
1.0,180.9774780858843,100.0
1.0,181.047663675218,100.0
1.0,181.0997700069224,100.0
1.0,181.1518763386268,100.0
1.0,181.20398267033121,100.0
1.0,181.25608900203562,100.0
1.0,181.32601715289505,100.0
1.0,181.39594530375447,100.0
1.0,181.4658734546139,100.0
1.0,181.53580160547332,100.0
1.0,181.6172682366185,100.0
1.0,181.69873486776365,100.0
1.0,181.7802014989088,100.0
1.0,181.86166813005397,100.0
1.0,181.94313476119913,100.0
1.0,182.0246013923443,100.0
1.0,182.10606802348946,100.0
1.0,182.18753465463462,100.0
1.0,182.26900128577978,100.0
1.0,182.33410085431893,100.0
1.0,182.38777482445244,100.0
1.0,182.44144879458594,100.0
1.0,182.49512276471944,100.0
1.0,182.54879673485294,100.0
1.0,182.62178353545485,100.0
1.0,182.69477033605676,100.0
1.0,182.76775713665867,100.0
1.0,182.84074393726058,100.0
1.0,182.92457509569417,100.0
1.0,183.00840625412775,100.0
1.0,183.07781323662027,100.0
1.0,183.08922838327177,100.0
1.0,183.10064352992327,100.0
1.0,183.11205867657478,100.0
1.0,183.12347382322628,100.0
1.0,183.14630411652928,100.0
1.0,183.16913440983228,100.0
1.0,183.19196470313528,100.0
1.0,183.2572984881688,100.0
1.0,183.32263227320232,100.0
1.0,183.38796605823583,100.0
1.0,183.45329984326935,100.0
1.0,183.5422168198599,100.0
1.0,183.63113379645046,100.0
1.0,183.720050773041,100.0
1.0,183.80896774963156,100.0
1.0,183.89788472622212,100.0
1.0,183.98680170281267,100.0
1.0,184.07571867940322,100.0
1.0,184.16463565599378,100.0
1.0,184.25355263258433,100.0
1.0,184.34246960917488,100.0
1.0,184.43138658576544,100.0
1.0,184.4463457490294,100.0
1.0,184.46130491229337,100.0
1.0,184.47626407555734,100.0
1.0,184.4912232388213,100.0
1.0,184.51671275121777,100.0
1.0,184.54220226361423,100.0
1.0,184.5676917760107,100.0
1.0,184.61908493654394,100.0
1.0,184.6704780970772,100.0
1.0,184.72187125761045,100.0
1.0,184.7732644181437,100.0
1.0,184.82465757867695,100.0
1.0,184.8760507392102,100.0
1.0,184.92744389974345,100.0
1.0,184.9788370602767,100.0
1.0,185.03023022080995,100.0
1.0,185.08858121094678,100.0
1.0,185.14693220108362,100.0
1.0,185.1952487765135,100.0
1.0,185.24356535194337,100.0
1.0,185.29188192737325,100.0
1.0,185.34896658323447,100.0
1.0,185.4060512390957,100.0
1.0,185.4631358949569,100.0
1.0,185.52022055081812,100.0
1.0,185.58424341501637,100.0
1.0,185.64826627921462,100.0
1.0,185.71228914341287,100.0
1.0,185.76392153792202,100.0
1.0,185.81555393243116,100.0
1.0,185.8671863269403,100.0
1.0,185.91881872144944,100.0
1.0,185.97045111595858,100.0
1.0,186.02208351046772,100.0
1.0,186.07371590497686,100.0
1.0,186.125348299486,100.0
1.0,186.17698069399515,100.0
1.0,186.2286130885043,100.0
1.0,186.22862155339425,100.0
1.0,186.2286300182842,100.0
1.0,186.22863848317417,100.0
1.0,186.22864694806412,100.0
1.0,186.22865541295408,100.0
1.0,186.228672342734,100.0
1.0,186.22868927251392,100.0
1.0,186.2288208074239,100.0
1.0,186.22895234233386,100.0
1.0,186.2293604769394,100.0
1.0,186.22976861154496,100.0
1.0,186.23094325336692,100.0
1.0,186.23211789518888,100.0
1.0,186.23538793824133,100.0
1.0,186.23865798129378,100.0
1.0,186.25044890336957,100.0
1.0,186.26223982544536,100.0
1.0,186.28203894373712,100.0
1.0,186.30183806202888,100.0
1.0,186.33063706902868,100.0
1.0,186.3594360760285,100.0
1.0,186.3882350830283,100.0
1.0,186.44608114441013,100.0
1.0,186.50392720579197,100.0
1.0,186.5617732671738,100.0
1.0,186.6306485096411,100.0
1.0,186.6995237521084,100.0
1.0,186.7683989945757,100.0
1.0,186.837274237043,100.0
1.0,186.91335620963818,100.0
1.0,186.98943818223336,100.0
1.0,187.06552015482853,100.0
1.0,187.1416021274237,100.0
1.0,187.2176841000189,100.0
1.0,187.29376607261406,100.0
1.0,187.36984804520924,100.0
1.0,187.45450295931818,100.0
1.0,187.53915787342711,100.0
1.0,187.62381278753605,100.0
1.0,187.708467701645,100.0
1.0,187.79312261575393,100.0
1.0,187.87777752986287,100.0
1.0,187.9624324439718,100.0
1.0,188.04708735808074,100.0
1.0,188.13174227218968,100.0
1.0,188.21639718629862,100.0
1.0,188.30105210040756,100.0
1.0,188.3857070145165,100.0
1.0,188.47036192862544,100.0
1.0,188.55501684273437,100.0
1.0,188.6396717568433,100.0
1.0,188.72432667095225,100.0
1.0,188.8089815850612,100.0
1.0,188.89363649917013,100.0
1.0,188.97829141327907,100.0
1.0,189.062946327388,100.0
1.0,189.14760124149694,100.0
1.0,189.23225615560588,100.0
1.0,189.31691106971482,100.0
1.0,189.40156598382376,100.0
1.0,189.4862208979327,100.0
1.0,189.57087581204163,100.0
1.0,189.65553072615057,100.0
1.0,189.7401856402595,100.0
1.0,189.82484055436845,100.0
1.0,189.9094954684774,100.0
1.0,189.99415038258633,100.0
1.0,190.05914812717816,100.0
1.0,190.07015498730604,100.0
1.0,190.08116184743392,100.0
1.0,190.0921687075618,100.0
1.0,190.11418242781755,100.0
1.0,190.1361961480733,100.0
1.0,190.15820986832907,100.0
1.0,190.21191721749818,100.0
1.0,190.2656245666673,100.0
1.0,190.31933191583641,100.0
1.0,190.37853013527277,100.0
1.0,190.43772835470912,100.0
1.0,190.49692657414548,100.0
1.0,190.55612479358183,100.0
1.0,190.61532301301818,100.0
1.0,190.67452123245454,100.0
1.0,190.7337194518909,100.0
1.0,190.8019378476262,100.0
1.0,190.8701562433615,100.0
1.0,190.9383746390968,100.0
1.0,191.0065930348321,100.0
1.0,191.0748114305674,100.0
1.0,191.1430298263027,100.0
1.0,191.211248222038,100.0
1.0,191.29100273701218,100.0
1.0,191.37075725198636,100.0
1.0,191.45051176696055,100.0
1.0,191.53026628193473,100.0
1.0,191.6100207969089,100.0
1.0,191.6897753118831,100.0
1.0,191.76952982685728,100.0
1.0,191.84928434183146,100.0
1.0,191.92903885680565,100.0
1.0,192.00879337177983,100.0
1.0,192.02051829832524,100.0
1.0,192.03224322487065,100.0
1.0,192.04396815141607,100.0
1.0,192.05951376012152,100.0
1.0,192.07505936882697,100.0
1.0,192.1031637127299,100.0
1.0,192.13126805663282,100.0
1.0,192.15937240053574,100.0
1.0,192.20435569305073,100.0
1.0,192.2493389855657,100.0
1.0,192.2943222780807,100.0
1.0,192.3588068247152,100.0
1.0,192.4232913713497,100.0
1.0,192.4877759179842,100.0
1.0,192.5522604646187,100.0
1.0,192.61674501125322,100.0
1.0,192.68122955788772,100.0
1.0,192.74571410452222,100.0
1.0,192.82369753540698,100.0
1.0,192.90168096629174,100.0
1.0,192.9796643971765,100.0
1.0,193.05764782806125,100.0
1.0,193.135631258946,100.0
1.0,193.21361468983076,100.0
1.0,193.29159812071552,100.0
1.0,193.36958155160028,100.0
1.0,193.44756498248503,100.0
1.0,193.51176635565008,100.0
1.0,193.57596772881513,100.0
1.0,193.64016910198018,100.0
1.0,193.70437047514523,100.0
1.0,193.77781068945632,100.0
1.0,193.8512509037674,100.0
1.0,193.91136063980915,100.0
1.0,193.97147037585088,100.0
1.0,194.03158011189262,100.0
1.0,194.09168984793436,100.0
1.0,194.17072344081677,100.0
1.0,194.24975703369918,100.0
1.0,194.3287906265816,100.0
1.0,194.407824219464,100.0
1.0,194.48685781234641,100.0
1.0,194.56589140522883,100.0
1.0,194.64492499811124,100.0
1.0,194.73514553696822,100.0
1.0,194.8253660758252,100.0
1.0,194.91558661468218,100.0
1.0,195.00580715353917,100.0
1.0,195.09602769239615,100.0
1.0,195.18624823125313,100.0
1.0,195.2764687701101,100.0
1.0,195.3666893089671,100.0
1.0,195.45690984782408,100.0
1.0,195.46996399293712,100.0
1.0,195.48301813805017,100.0
1.0,195.49607228316322,100.0
1.0,195.5126370059616,100.0
1.0,195.52920172876,100.0
1.0,195.5457664515584,100.0
1.0,195.57726192932105,100.0
1.0,195.60875740708371,100.0
1.0,195.64025288484638,100.0
1.0,195.6985182955581,100.0
1.0,195.75678370626983,100.0
1.0,195.81504911698156,100.0
1.0,195.87331452769328,100.0
1.0,195.9654354219086,100.0
1.0,196.05755631612394,100.0
1.0,196.14967721033926,100.0
1.0,196.2417981045546,100.0
1.0,196.33391899876992,100.0
1.0,196.42603989298524,100.0
1.0,196.51816078720057,100.0
1.0,196.59041187799338,100.0
1.0,196.64557382741614,100.0
1.0,196.7007357768389,100.0
1.0,196.75589772626168,100.0
1.0,196.81105967568445,100.0
1.0,196.89547439058353,100.0
1.0,196.9798891054826,100.0
1.0,197.0643038203817,100.0
1.0,197.14871853528078,100.0
1.0,197.23313325017986,100.0
1.0,197.31754796507894,100.0
1.0,197.40196267997803,100.0
1.0,197.46981408071906,100.0
1.0,197.4809553091578,100.0
1.0,197.49209653759652,100.0
1.0,197.50323776603526,100.0
1.0,197.52552022291272,100.0
1.0,197.54780267979018,100.0
1.0,197.57008513666764,100.0
1.0,197.6285191314196,100.0
1.0,197.68695312617157,100.0
1.0,197.74538712092354,100.0
1.0,197.8038211156755,100.0
1.0,197.86225511042747,100.0
1.0,197.92068910517943,100.0
1.0,197.99974464517808,100.0
1.0,198.07880018517673,100.0
1.0,198.1443069565767,100.0
1.0,198.2098137279767,100.0
1.0,198.27532049937668,100.0
1.0,198.34082727077666,100.0
1.0,198.41987996148984,100.0
1.0,198.49893265220302,100.0
1.0,198.5779853429162,100.0
1.0,198.6570380336294,100.0
1.0,198.73609072434257,100.0
1.0,198.81514341505576,100.0
1.0,198.89419610576894,100.0
1.0,198.98232326223726,100.0
1.0,199.07045041870558,100.0
1.0,199.1585775751739,100.0
1.0,199.2467047316422,100.0
1.0,199.33483188811053,100.0
1.0,199.42295904457885,100.0
1.0,199.51108620104716,100.0
1.0,199.59921335751548,100.0
1.0,199.6873405139838,100.0
1.0,199.77546767045212,100.0
1.0,199.88386127227952,100.0
1.0,199.99225487410692,100.0
1.0,200.10064847593432,100.0
1.0,200.20904207776172,100.0
1.0,200.31743567958912,100.0
1.0,200.42582928141653,100.0
1.0,200.53422288324393,100.0
1.0,200.64261648507133,100.0
1.0,200.75101008689873,100.0
1.0,200.85940368872613,100.0
1.0,200.96779729055353,100.0
1.0,201.07619089238094,100.0
1.0,201.18458449420834,100.0
1.0,201.29297809603574,100.0
1.0,201.40137169786314,100.0
1.0,201.50976529969054,100.0
1.0,201.61815890151794,100.0
1.0,201.72655250334535,100.0
1.0,201.83494610517275,100.0
1.0,201.94333970700015,100.0
1.0,202.05173330882755,100.0
1.0,202.16012691065495,100.0
1.0,202.26852051248235,100.0
1.0,202.37691411430976,100.0
1.0,202.48530771613716,100.0
1.0,202.59370131796456,100.0
1.0,202.70209491979196,100.0
1.0,202.81048852161936,100.0
1.0,202.91888212344676,100.0
1.0,203.02727572527417,100.0
1.0,203.13566932710157,100.0
1.0,203.24406292892897,100.0
1.0,203.35245653075637,100.0
1.0,203.46085013258377,100.0
1.0,203.56924373441117,100.0
1.0,203.67763733623858,100.0
1.0,203.78603093806598,100.0
1.0,203.89442453989338,100.0
1.0,204.00281814172078,100.0
1.0,204.11121174354818,100.0
1.0,204.21960534537558,100.0
1.0,204.32799894720299,100.0
1.0,204.4363925490304,100.0
1.0,204.52150326712055,100.0
1.0,204.6066139852107,100.0
1.0,204.69172470330088,100.0
1.0,204.77683542139104,100.0
1.0,204.8619461394812,100.0
1.0,204.94705685757137,100.0
1.0,205.0131931253955,100.0
1.0,205.07932939321964,100.0
1.0,205.129190352239,100.0
1.0,205.17905131125835,100.0
1.0,205.2183467871922,100.0
1.0,205.25764226312603,100.0
1.0,205.29693773905987,100.0
1.0,205.3362332149937,100.0
1.0,205.3857996534811,100.0
1.0,205.42170999894697,100.0
1.0,205.45762034441285,100.0
1.0,205.48334924948853,100.0
1.0,205.5090781545642,100.0
1.0,205.52842225665907,100.0
1.0,205.54776635875393,100.0
1.0,205.56318738131282,100.0
1.0,205.5786084038717,100.0
1.0,205.59402942643058,100.0
1.0,205.60612277532402,100.0
1.0,205.6085414451027,100.0
1.0,205.61096011488138,100.0
1.0,205.61337878466006,100.0
1.0,205.61821612421744,100.0
1.0,205.62305346377482,100.0
1.0,205.6278908033322,100.0
1.0,205.63741647019847,100.0
1.0,205.64694213706474,100.0
1.0,205.656467803931,100.0
1.0,205.66599347079728,100.0
1.0,205.67772790911948,100.0
1.0,205.6894623474417,100.0
1.0,205.6986672343297,100.0
1.0,205.7078721212177,100.0
1.0,205.7170770081057,100.0
1.0,205.7262818949937,100.0
1.0,205.7354867818817,100.0
1.0,205.74595976319893,100.0
1.0,205.75643274451616,100.0
1.0,205.7669057258334,100.0
1.0,205.77737870715063,100.0
1.0,205.79999004293992,100.0
1.0,205.82260137872922,100.0
1.0,205.8452127145185,100.0
1.0,205.8678240503078,100.0
1.0,205.9057967309111,100.0
1.0,205.9437694115144,100.0
1.0,205.9817420921177,100.0
1.0,206.01971477272102,100.0
1.0,206.08257772418497,100.0
1.0,206.14544067564893,100.0
1.0,206.20830362711288,100.0
1.0,206.27116657857684,100.0
1.0,206.3812800570839,100.0
1.0,206.49139353559096,100.0
1.0,206.56219700206165,100.0
1.0,206.63300046853234,100.0
1.0,206.70380393500304,100.0
1.0,206.71184839709932,100.0
1.0,206.7198928591956,100.0
1.0,206.72793732129188,100.0
1.0,206.74402624548443,100.0
1.0,206.760115169677,100.0
1.0,206.77620409386955,100.0
1.0,206.81581459352265,100.0
1.0,206.85542509317574,100.0
1.0,206.89503559282883,100.0
1.0,206.93464609248193,100.0
1.0,206.98199461051817,100.0
1.0,207.02934312855442,100.0
1.0,207.07669164659066,100.0
1.0,207.14737217232604,100.0
1.0,207.21805269806143,100.0
1.0,207.2887332237968,100.0
1.0,207.3594137495322,100.0
1.0,207.43009427526758,100.0
1.0,207.50077480100296,100.0
1.0,207.57145532673835,100.0
1.0,207.64213585247373,100.0
1.0,207.7128163782091,100.0
1.0,207.7834969039445,100.0
1.0,207.85417742967988,100.0
1.0,207.92485795541526,100.0
1.0,207.99553848115065,100.0
1.0,208.09567588315596,100.0
1.0,208.19581328516128,100.0
1.0,208.2959506871666,100.0
1.0,208.3960880891719,100.0
1.0,208.5238159820092,100.0
1.0,208.6515438748465,100.0
1.0,208.7792717676838,100.0
1.0,208.9069996605211,100.0
1.0,209.0347275533584,100.0
1.0,209.1624554461957,100.0
1.0,209.33783952087157,100.0
1.0,209.51322359554743,100.0
1.0,209.6886076702233,100.0
1.0,209.86399174489915,100.0
1.0,210.1306588912948,100.0
1.0,210.39732603769042,100.0
1.0,210.66399318408605,100.0
1.0,211.08087253027983,100.0
1.0,211.49775187647361,100.0
1.0,211.9146312226674,100.0
1.0,212.59880526094682,100.0
1.0,213.28297929922624,100.0
1.0,213.96715333750566,100.0
1.0,214.6513273757851,100.0
1.0,215.46756171955425,100.0
1.0,216.28379606332342,100.0
1.0,217.1000304070926,100.0
1.0,218.92443202797307,100.0
1.0,220.74883364885355,100.0
1.0,222.57323526973403,100.0
1.0,231.5445199378357,100.0
1.0,240.51580460593738,100.0
1.0,300.7807062575502,100.0
1.0,361.04560790916304,100.0
1.0,963.6946244252915,100.0
1.0,1566.3436409414198,100.0
1.0,2500.0,100.0
