g,t,width
0.01,0.0,1.952171791117621
0.01,0.0008161702203116059,1.952171791117621
0.01,0.0010202127753895073,1.952171791117621
0.01,0.0010329654350818762,1.952171791117621
0.01,0.001045718094774245,1.952171791117621
0.01,0.0010487773573140855,1.952171791117621
0.01,0.001051836619853926,1.952171791117621
0.01,0.0010548958823937665,1.952171791117621
0.01,0.001057955144933607,1.952171791117621
0.01,0.0010610144074734474,1.952171791117621
0.01,0.001064073670013288,1.952171791117621
0.01,0.0010671329325531284,1.952171791117621
0.01,0.0010701921950929689,1.952171791117621
0.01,0.0010732514576328094,1.952171791117621
0.01,0.0010763107201726498,1.952171791117621
0.01,0.0010793699827124903,1.952171791117621
0.01,0.0010824292452523308,1.952171791117621
0.01,0.0010854885077921713,1.952171791117621
0.01,0.0010885477703320118,1.952171791117621
0.01,0.0010916070328718522,1.952171791117621
0.01,0.0010946662954116927,1.952171791117621
0.01,0.0010977255579515332,1.952171791117621
0.01,0.0011038440830312142,1.952171791117621
0.01,0.0011099626081108951,1.952171791117621
0.01,0.0011711478589077051,1.952171791117621
0.01,0.0012323331097045152,1.952171791117621
0.01,0.0018441856176726152,1.952171791117621
0.01,0.0024560381256407155,1.952171791117621
0.01,0.0041089807783513885,1.952171791117621
0.01,0.0057619234310620614,1.952171791117621
0.01,0.008353067526163372,1.7569546120058561
0.01,0.010944211621264684,1.7569546120058561
0.01,0.013535355716365997,1.7569546120058561
0.01,0.017770283861842515,1.7569546120058561
0.01,0.022005212007319034,1.7569546120058561
0.01,0.026240140152795553,1.5617374328940912
0.01,0.03047506829827207,1.5617374328940912
0.01,0.03527662937431033,1.5617374328940912
0.01,0.040078190450348584,1.3665202537823404
0.01,0.04487975152638684,1.3665202537823404
0.01,0.049681312602425094,1.1713030746705755
0.01,0.0550530806132773,1.1713030746705755
0.01,0.06042484862412951,0.9760858955588105
0.01,0.06579661663498171,0.7808687164470456
0.01,0.07116838464583392,0.5856515373352806
0.01,0.07654015265668612,0.19521717911176495
0.01,0.08191192066753833,0.0
0.01,0.08728368867839054,0.0
0.01,0.09265545668924274,0.0
0.01,0.09668132719862906,0.0
0.01,0.10005643361364276,0.0
0.01,0.10343154002865647,0.0
0.01,0.10680664644367018,0.0
0.01,0.11212464603669008,0.0
0.01,0.11744264562970998,0.0
0.01,0.12276064522272988,0.0
0.01,0.12998332186035663,0.0
0.01,0.1372059984979834,0.0
0.01,0.14442867513561017,0.0
0.01,0.15165135177323694,0.0
0.01,0.15970239702397948,0.0
0.01,0.16775344227472205,0.0
0.01,0.17580448752546463,0.0
0.01,0.1838555327762072,0.0
0.01,0.19415037594648907,0.0
0.01,0.20444521911677094,0.0
0.01,0.2147400622870528,0.0
0.01,0.230158802937412,0.0
0.01,0.2455775435877712,0.0
0.01,0.2609962842381304,0.0
0.01,0.28279469586770206,0.0
0.01,0.3045931074972737,0.0
0.01,0.32639151912684533,0.0
0.01,0.35782299017573876,0.0
0.01,0.3892544612246322,0.0
0.01,0.42068593227352563,0.0
0.01,0.46762479805150836,0.0
0.01,0.514563663829491,3.709126403123477
0.01,0.5615025296074738,3.904343582235242
0.01,0.6341299301442863,3.904343582235242
0.01,0.7067573306810988,3.904343582235242
0.01,0.7793847312179113,4.099560761346993
0.01,0.8887110568461561,4.099560761346993
0.01,0.998037382474401,4.099560761346993
0.01,1.1073637081026457,4.099560761346993
0.01,1.2556185936398268,4.099560761346993
0.01,1.4038734791770078,4.099560761346993
0.01,1.5521283647141888,4.294777940458758
0.01,1.7003832502513698,4.294777940458758
0.01,1.8928919922473122,4.294777940458758
0.01,2.0854007342432546,4.294777940458758
0.01,2.2779094762391967,4.294777940458758
0.01,2.470418218235139,4.294777940458758
0.01,2.662926960231081,4.294777940458758
0.01,2.855435702227023,4.294777940458758
0.01,3.0479444442229653,4.294777940458758
0.01,3.2404531862189074,4.294777940458758
0.01,3.4329619282148496,4.294777940458758
0.01,3.6254706702107917,4.294777940458758
0.01,3.817979412206734,4.294777940458758
0.01,4.010488154202676,4.294777940458758
0.01,4.202996896198618,4.294777940458758
0.01,4.39550563819456,4.294777940458758
0.01,4.647195789590663,4.489995119570523
0.01,4.898885940986766,4.489995119570523
0.01,5.1505760923828685,4.489995119570523
0.01,5.402266243778971,4.489995119570523
0.01,6.250062954876337,4.489995119570523
0.01,7.0978596659737025,4.489995119570523
0.01,7.945656377071068,4.489995119570523
0.01,9.19108575782554,4.685212298682288
0.01,10.436515138580011,4.685212298682288
0.01,11.681944519334483,4.685212298682288
0.01,13.269013532346971,4.685212298682288
0.01,14.85608254535946,4.880429477794053
0.01,16.443151558371948,4.880429477794053
0.01,18.030220571384437,4.880429477794053
0.01,19.617289584396925,5.075646656905803
0.01,21.204358597409414,5.075646656905803
0.01,22.791427610421902,5.075646656905803
0.01,24.37849662343439,5.270863836017568
0.01,25.96556563644688,5.270863836017568
0.01,27.552634649459367,5.466081015129333
0.01,29.395853033291665,5.466081015129333
0.01,31.239071417123963,5.466081015129333
0.01,33.08228980095626,5.661298194241098
0.01,34.92550818478856,5.661298194241098
0.01,36.76872656862086,5.856515373352863
0.01,38.611944952453165,5.856515373352863
0.01,40.455163336285466,6.051732552464614
0.01,42.29838172011777,6.051732552464614
0.01,44.14160010395007,6.051732552464614
0.01,45.98481848778237,6.246949731576379
0.01,47.82803687161467,6.246949731576379
0.01,49.67125525544697,6.442166910688144
0.01,51.514473639279274,6.442166910688144
0.01,53.357692023111575,6.637384089799895
0.01,55.200910406943876,6.637384089799895
0.01,57.04412879077618,6.637384089799895
0.01,58.88734717460848,6.8326012689116595
0.01,60.73056555844078,6.8326012689116595
0.01,62.57378394227308,7.0278184480234245
0.01,64.41700232610538,7.0278184480234245
0.01,66.26022070993767,7.223035627135189
0.01,68.10343909376996,7.223035627135189
0.01,69.94665747760226,7.418252806246954
0.01,71.78987586143455,7.418252806246954
0.01,73.63309424526685,7.613469985358705
0.01,75.47631262909914,7.613469985358705
0.01,77.31953101293144,7.80868716447047
0.01,79.16274939676373,7.80868716447047
0.01,81.00596778059602,7.80868716447047
0.01,82.84918616442832,8.003904343582235
0.01,84.69240454826061,8.003904343582235
0.01,86.5356229320929,8.199121522694
0.01,88.3788413159252,8.199121522694
0.01,90.2220596997575,8.394338701805765
0.01,92.06527808358979,8.394338701805765
0.01,93.90849646742208,8.589555880917516
0.01,95.75171485125438,8.589555880917516
0.01,97.59493323508667,8.78477306002928
0.01,99.43815161891897,8.78477306002928
0.01,101.28137000275126,8.979990239141046
0.01,103.12458838658355,8.979990239141046
0.01,104.96780677041585,9.17520741825281
0.01,106.81102515424814,9.17520741825281
0.01,108.65424353808044,9.370424597364575
0.01,110.49746192191273,9.370424597364575
0.01,112.34068030574502,9.565641776476326
0.01,114.18389868957732,9.565641776476326
0.01,116.02711707340961,9.760858955588091
0.01,117.87033545724191,9.760858955588091
0.01,119.7135538410742,9.956076134699856
0.01,121.5567722249065,9.956076134699856
0.01,123.39999060873879,10.151293313811621
0.01,125.24320899257108,10.151293313811621
0.01,127.08642737640338,10.346510492923386
0.01,128.92964576023567,10.346510492923386
0.01,130.77286414406797,10.541727672035137
0.01,132.61608252790026,10.541727672035137
0.01,134.45930091173256,10.736944851146902
0.01,136.30251929556485,10.736944851146902
0.01,138.14573767939714,10.932162030258667
0.01,139.98895606322944,10.932162030258667
0.01,141.83217444706173,11.127379209370417
0.01,143.67539283089403,11.127379209370417
0.01,145.51861121472632,11.322596388482182
0.01,147.36182959855861,11.322596388482182
0.01,149.2050479823909,11.517813567593947
0.01,151.0482663662232,11.517813567593947
0.01,152.8914847500555,11.713030746705712
0.01,154.7347031338878,11.713030746705712
0.01,156.57792151772009,11.908247925817477
0.01,158.42113990155238,11.908247925817477
0.01,160.26435828538467,12.103465104929228
0.01,162.10757666921697,12.103465104929228
0.01,163.95079505304926,12.298682284040993
0.01,165.79401343688156,12.298682284040993
0.01,167.63723182071385,12.493899463152758
0.01,169.48045020454614,12.493899463152758
0.01,171.32366858837844,12.689116642264523
0.01,173.16688697221073,12.689116642264523
0.01,175.01010535604303,12.884333821376288
0.01,176.85332373987532,12.884333821376288
0.01,178.69654212370762,13.079551000488038
0.01,180.5397605075399,13.079551000488038
0.01,182.3829788913722,13.274768179599803
0.01,184.2261972752045,13.274768179599803
0.01,186.0694156590368,13.469985358711568
0.01,187.9126340428691,13.469985358711568
0.01,189.75585242670138,13.665202537823333
0.01,191.59907081053368,13.665202537823333
0.01,193.44228919436597,13.860419716935098
0.01,195.28550757819826,14.055636896046849
0.01,197.12872596203056,14.055636896046849
0.01,198.97194434586285,14.250854075158614
0.01,200.81516272969515,14.250854075158614
0.01,202.65838111352744,14.446071254270379
0.01,204.50159949735973,14.446071254270379
0.01,206.34481788119203,14.64128843338213
0.01,208.18803626502432,14.64128843338213
0.01,210.03125464885662,14.836505612493895
0.01,211.8744730326889,14.836505612493895
0.01,213.7176914165212,15.03172279160566
0.01,215.5609098003535,15.03172279160566
0.01,217.4041281841858,15.226939970717424
0.01,219.2473465680181,15.226939970717424
0.01,221.09056495185038,15.42215714982919
0.01,222.93378333568268,15.61737432894094
0.01,224.77700171951497,15.61737432894094
0.01,226.62022010334726,15.812591508052705
0.01,228.46343848717956,15.812591508052705
0.01,230.30665687101185,16.00780868716447
0.01,232.14987525484415,16.00780868716447
0.01,233.99309363867644,16.203025866276235
0.01,235.83631202250874,16.203025866276235
0.01,237.67953040634103,16.398243045388
0.01,239.52274879017332,16.398243045388
0.01,241.36596717400562,16.59346022449975
0.01,243.2091855578379,16.788677403611516
0.01,244.74378013834095,16.788677403611516
0.01,246.278374718844,16.788677403611516
0.01,247.81296929934703,16.98389458272328
0.01,249.34756387985007,16.98389458272328
0.01,250.8821584603531,17.179111761835046
0.01,252.41675304085615,17.179111761835046
0.01,253.9513476213592,17.37432894094681
0.01,255.48594220186223,17.37432894094681
0.01,257.02053678236524,17.56954612005856
0.01,258.5551313628683,17.56954612005856
0.01,260.0897259433713,17.764763299170326
0.01,261.62432052387436,17.764763299170326
0.01,263.1589151043774,17.95998047828209
0.01,264.69350968488044,17.95998047828209
0.01,266.2281042653835,18.155197657393856
0.01,267.7626988458865,18.155197657393856
0.01,269.29729342638956,18.155197657393856
0.01,270.8318880068926,18.35041483650562
0.01,272.36648258739564,18.35041483650562
0.01,273.9010771678987,18.54563201561737
0.01,275.4356717484017,18.54563201561737
0.01,276.97026632890476,18.740849194729137
0.01,278.5048609094078,18.740849194729137
0.01,280.03945548991084,18.9360663738409
0.01,281.5740500704139,18.9360663738409
0.01,283.1086446509169,19.131283552952652
0.01,284.64323923141995,19.131283552952652
0.01,286.177833811923,19.326500732064417
0.01,287.71242839242603,19.326500732064417
0.01,289.2470229729291,19.521717911176182
0.01,290.7816175534321,19.521717911176182
0.01,292.31621213393515,19.716935090287947
0.01,293.8508067144382,19.716935090287947
0.01,295.38540129494123,19.912152269399712
0.01,296.9199958754443,19.912152269399712
0.01,298.4545904559473,20.107369448511463
0.01,299.98918503645035,20.107369448511463
0.01,301.5237796169534,20.107369448511463
0.01,303.05837419745643,20.302586627623228
0.01,304.59296877795947,20.302586627623228
0.01,306.1275633584625,20.497803806734993
0.01,307.66215793896555,20.497803806734993
0.01,309.1967525194686,20.693020985846758
0.01,310.73134709997163,20.693020985846758
0.01,312.26594168047467,20.888238164958523
0.01,313.8005362609777,20.888238164958523
0.01,315.33513084148075,21.083455344070273
0.01,316.8697254219838,21.083455344070273
0.01,318.4043200024868,21.27867252318204
0.01,319.93891458298987,21.27867252318204
0.01,321.4735091634929,21.473889702293803
0.01,323.00810374399595,21.473889702293803
0.01,324.542698324499,21.66910688140557
0.01,326.077292905002,21.66910688140557
0.01,327.61188748550506,21.864324060517333
0.01,329.1464820660081,21.864324060517333
0.01,330.68107664651114,22.059541239629084
0.01,332.2156712270142,22.059541239629084
0.01,333.7502658075172,22.25475841874085
0.01,335.28486038802026,22.25475841874085
0.01,336.8194549685233,22.449975597852614
0.01,338.35404954902634,22.449975597852614
0.01,339.8886441295294,22.64519277696438
0.01,341.4232387100324,22.64519277696438
0.01,342.95783329053546,22.840409956076144
0.01,344.4924278710385,22.840409956076144
0.01,346.02702245154154,23.035627135187895
0.01,347.5616170320446,23.035627135187895
0.01,349.0962116125476,23.23084431429966
0.01,350.63080619305066,23.23084431429966
0.01,352.1654007735537,23.426061493411424
0.01,353.69999535405674,23.426061493411424
0.01,355.2345899345598,23.621278672523175
0.01,356.7691845150628,23.621278672523175
0.01,358.30377909556586,23.81649585163494
0.01,359.8383736760689,23.81649585163494
0.01,361.37296825657194,24.011713030746705
0.01,362.907562837075,24.011713030746705
0.01,364.442157417578,24.20693020985847
0.01,365.97675199808106,24.20693020985847
0.01,367.5113465785841,24.402147388970235
0.01,369.04594115908714,24.402147388970235
0.01,370.5805357395902,24.597364568081986
0.01,372.1151303200932,24.597364568081986
0.01,373.64972490059625,24.79258174719375
0.01,375.1843194810993,24.79258174719375
0.01,376.71891406160233,24.987798926305516
0.01,378.2535086421054,24.987798926305516
0.01,379.7881032226084,25.18301610541728
0.01,381.32269780311145,25.378233284529045
0.01,382.8572923836145,25.378233284529045
0.01,384.39188696411753,25.573450463640796
0.01,385.9264815446206,25.573450463640796
0.01,387.4610761251236,25.76866764275256
0.01,388.99567070562665,25.76866764275256
0.01,390.5302652861297,25.963884821864326
0.01,392.06485986663273,25.963884821864326
0.01,393.59945444713577,26.15910200097609
0.01,395.1340490276388,26.15910200097609
0.01,396.66864360814185,26.354319180087856
0.01,398.2032381886449,26.354319180087856
0.01,399.73783276914793,26.549536359199607
0.01,401.27242734965097,26.549536359199607
0.01,402.807021930154,26.74475353831137
0.01,404.34161651065705,26.74475353831137
0.01,405.8762110911601,26.939970717423137
0.01,407.4108056716631,26.939970717423137
0.01,408.94540025216617,27.135187896534887
0.01,410.4799948326692,27.330405075646652
0.01,412.01458941317225,27.330405075646652
0.01,413.5491839936753,27.525622254758417
0.01,415.0837785741783,27.525622254758417
0.01,416.61837315468136,27.720839433870182
0.01,418.1529677351844,27.720839433870182
0.01,419.68756231568744,27.916056612981947
0.01,421.2221568961905,27.916056612981947
0.01,422.7567514766935,28.111273792093698
0.01,424.29134605719656,28.111273792093698
0.01,425.8259406376996,28.306490971205463
0.01,427.36053521820264,28.306490971205463
0.01,428.8951297987057,28.501708150317228
0.01,430.4297243792087,28.501708150317228
0.01,431.96431895971176,28.696925329428993
0.01,433.4989135402148,28.892142508540758
0.01,435.03350812071784,28.892142508540758
0.01,436.5681027012209,29.08735968765251
0.01,438.1026972817239,29.08735968765251
0.01,439.63729186222696,29.282576866764273
0.01,441.17188644273,29.282576866764273
0.01,442.70648102323304,29.47779404587604
0.01,444.2410756037361,29.47779404587604
0.01,445.7756701842391,29.673011224987803
0.01,447.31026476474216,29.673011224987803
0.01,448.8448593452452,29.86822840409957
0.01,450.37945392574824,30.06344558321132
0.01,451.9140485062513,30.06344558321132
0.01,453.4486430867543,30.258662762323084
0.01,454.71905465886215,30.258662762323084
0.01,455.98946623097,30.45387994143485
0.01,457.2598778030778,30.45387994143485
0.01,458.53028937518565,30.649097120546614
0.01,459.8007009472935,30.649097120546614
0.01,461.0711125194013,30.649097120546614
0.01,462.34152409150914,30.84431429965838
0.01,463.611935663617,30.84431429965838
0.01,464.8823472357248,31.03953147877013
0.01,466.15275880783264,31.03953147877013
0.01,467.4231703799405,31.234748657881894
0.01,468.6935819520483,31.234748657881894
0.01,469.96399352415614,31.42996583699366
0.01,471.23440509626397,31.42996583699366
0.01,472.5048166683718,31.62518301610541
0.01,473.77522824047963,31.62518301610541
0.01,475.04563981258747,31.820400195217175
0.01,476.3160513846953,31.820400195217175
0.01,477.58646295680313,31.820400195217175
0.01,478.85687452891096,32.01561737432894
0.01,480.1272861010188,32.01561737432894
0.01,481.39769767312663,32.210834553440705
0.01,482.66810924523446,32.210834553440705
0.01,483.9385208173423,32.40605173255247
0.01,485.2089323894501,32.40605173255247
0.01,486.47934396155796,32.60126891166422
0.01,487.7497555336658,32.60126891166422
0.01,489.0201671057736,32.796486090775986
0.01,490.29057867788146,32.796486090775986
0.01,491.5609902499893,32.99170326988775
0.01,492.8314018220971,32.99170326988775
0.01,494.10181339420495,33.186920448999516
0.01,495.3722249663128,33.186920448999516
0.01,496.6426365384206,33.38213762811128
0.01,497.91304811052845,33.38213762811128
0.01,499.1834596826363,33.38213762811128
0.01,500.4538712547441,33.57735480722303
0.01,501.72428282685195,33.57735480722303
0.01,502.9946943989598,33.772571986334796
0.01,504.2651059710676,33.772571986334796
0.01,505.53551754317544,33.96778916544656
0.01,506.8059291152833,33.96778916544656
0.01,508.0763406873911,34.163006344558326
0.01,509.34675225949894,34.163006344558326
0.01,510.6171638316068,34.35822352367009
0.01,511.8875754037146,34.35822352367009
0.01,513.1579869758225,34.55344070278184
0.01,514.4283985479303,34.55344070278184
0.01,515.6988101200382,34.74865788189361
0.01,516.969221692146,34.74865788189361
0.01,518.2396332642538,34.94387506100537
0.01,519.5100448363617,34.94387506100537
0.01,520.7804564084695,35.13909224011714
0.01,522.0508679805773,35.13909224011714
0.01,523.3212795526852,35.3343094192289
0.01,524.591691124793,35.3343094192289
0.01,525.8621026969008,35.52952659834065
0.01,527.1325142690087,35.52952659834065
0.01,528.4029258411165,35.72474377745242
0.01,529.6733374132243,35.72474377745242
0.01,530.9437489853321,35.91996095656418
0.01,532.21416055744,35.91996095656418
0.01,533.4845721295478,36.11517813567593
0.01,534.7549837016556,36.11517813567593
0.01,536.0253952737635,36.3103953147877
0.01,537.2958068458713,36.3103953147877
0.01,538.5662184179791,36.50561249389946
0.01,539.836629990087,36.50561249389946
0.01,541.1070415621948,36.50561249389946
0.01,542.3774531343026,36.70082967301123
0.01,543.6478647064105,36.70082967301123
0.01,544.9182762785183,36.89604685212299
0.01,546.1886878506261,36.89604685212299
0.01,547.459099422734,37.09126403123474
0.01,548.7295109948418,37.09126403123474
0.01,549.9999225669496,37.28648121034651
0.01,551.2703341390575,37.28648121034651
0.01,552.5407457111653,37.48169838945827
0.01,553.8111572832731,37.48169838945827
0.01,555.081568855381,37.67691556857004
0.01,556.3519804274888,37.67691556857004
0.01,557.6223919995966,37.8721327476818
0.01,558.8928035717045,37.8721327476818
0.01,560.1632151438123,38.067349926793554
0.01,561.4336267159201,38.067349926793554
0.01,562.704038288028,38.26256710590532
0.01,563.7624890063158,38.26256710590532
0.01,564.8209397246037,38.457784285017084
0.01,565.8793904428916,38.457784285017084
0.01,566.9378411611794,38.65300146412885
0.01,567.9962918794673,38.65300146412885
0.01,569.0547425977552,38.65300146412885
0.01,570.1131933160431,38.848218643240614
0.01,571.1716440343309,38.848218643240614
0.01,572.2300947526188,39.043435822352365
0.01,573.2885454709067,39.043435822352365
0.01,574.3469961891946,39.23865300146413
0.01,575.4054469074824,39.23865300146413
0.01,576.4638976257703,39.23865300146413
0.01,577.5223483440582,39.433870180575894
0.01,578.580799062346,39.433870180575894
0.01,579.6392497806339,39.629087359687645
0.01,580.6977004989218,39.629087359687645
0.01,581.7561512172097,39.82430453879941
0.01,582.8146019354975,39.82430453879941
0.01,583.8730526537854,39.82430453879941
0.01,584.9315033720733,40.019521717911175
0.01,585.9899540903612,40.019521717911175
0.01,587.048404808649,40.21473889702294
0.01,588.1068555269369,40.21473889702294
0.01,589.1653062452248,40.409956076134705
0.01,590.2237569635126,40.409956076134705
0.01,591.2822076818005,40.409956076134705
0.01,592.3406584000884,40.605173255246456
0.01,593.3991091183763,40.605173255246456
0.01,594.4575598366641,40.80039043435822
0.01,595.516010554952,40.80039043435822
0.01,596.5744612732399,40.995607613469986
0.01,597.6329119915277,40.995607613469986
0.01,598.6913627098156,40.995607613469986
0.01,599.7498134281035,41.19082479258175
0.01,600.6120244609137,41.19082479258175
0.01,601.474235493724,41.386041971693516
0.01,602.3364465265342,41.386041971693516
0.01,603.1986575593445,41.386041971693516
0.01,604.0608685921547,41.581259150805266
0.01,604.923079624965,41.581259150805266
0.01,605.7852906577752,41.581259150805266
0.01,606.6475016905855,41.77647632991703
0.01,607.5097127233958,41.77647632991703
0.01,608.371923756206,41.77647632991703
0.01,609.4028558679198,41.971693509028796
0.01,610.4337879796336,41.971693509028796
0.01,611.4647200913474,42.16691068814056
0.01,612.4956522030612,42.16691068814056
0.01,613.526584314775,42.362127867252326
0.01,614.5575164264889,42.362127867252326
0.01,615.5884485382027,42.362127867252326
0.01,616.6193806499165,42.55734504636408
0.01,617.6503127616303,42.55734504636408
0.01,618.6812448733441,42.75256222547584
0.01,619.7121769850579,42.75256222547584
0.01,620.7431090967717,42.94777940458761
0.01,621.7740412084855,42.94777940458761
0.01,622.8049733201993,42.94777940458761
0.01,623.8359054319131,43.14299658369937
0.01,624.866837543627,43.14299658369937
0.01,625.8977696553408,43.33821376281114
0.01,626.9287017670546,43.33821376281114
0.01,627.9596338787684,43.53343094192289
0.01,629.1111619756971,43.53343094192289
0.01,630.2626900726258,43.72864812103465
0.01,631.4142181695545,43.72864812103465
0.01,632.3417106478379,43.72864812103465
0.01,633.2692031261213,43.92386530014642
0.01,634.1966956044047,43.92386530014642
0.01,635.1241880826881,44.11908247925817
0.01,636.0516805609715,44.11908247925817
0.01,636.9791730392549,44.11908247925817
0.01,637.9066655175383,44.31429965836993
0.01,638.8341579958217,44.31429965836993
0.01,639.5867042951512,44.31429965836993
0.01,640.3392505944807,44.5095168374817
0.01,641.0917968938103,44.5095168374817
0.01,641.8443431931398,44.5095168374817
0.01,642.8106320167594,44.70473401659346
0.01,643.776920840379,44.70473401659346
0.01,644.7432096639986,44.89995119570523
0.01,645.7094984876182,44.89995119570523
0.01,646.6757873112379,45.09516837481698
0.01,647.6420761348575,45.09516837481698
0.01,648.6083649584771,45.09516837481698
0.01,649.5746537820967,45.29038555392874
0.01,650.5409426057163,45.29038555392874
0.01,651.5072314293359,45.48560273304051
0.01,652.4735202529555,45.48560273304051
0.01,653.4398090765751,45.48560273304051
0.01,654.2256790139509,45.68081991215227
0.01,655.0115489513266,45.68081991215227
0.01,655.7974188887024,45.68081991215227
0.01,656.5832888260782,45.87603709126404
0.01,657.4715801625497,45.87603709126404
0.01,658.3598714990212,46.07125427037579
0.01,659.2481628354927,46.07125427037579
0.01,660.1364541719643,46.07125427037579
0.01,661.1185908756369,46.266471449487554
0.01,662.1007275793095,46.266471449487554
0.01,663.0828642829821,46.46168862859932
0.01,664.0650009866547,46.46168862859932
0.01,665.0471376903273,46.46168862859932
0.01,666.0292743939999,46.656905807711084
0.01,667.0114110976725,46.656905807711084
0.01,668.1369484711526,46.85212298682285
0.01,669.2624858446326,46.85212298682285
0.01,670.3880232181126,47.0473401659346
0.01,671.5135605915926,47.0473401659346
0.01,672.6390979650727,47.242557345046365
0.01,673.7646353385527,47.242557345046365
0.01,674.8901727120327,47.43777452415813
0.01,676.0157100855128,47.43777452415813
0.01,677.1412474589928,47.632991703269894
0.01,678.2667848324728,47.632991703269894
0.01,679.3923222059528,47.82820888238166
0.01,680.5178595794329,47.82820888238166
0.01,681.6433969529129,48.02342606149341
0.01,682.7689343263929,48.02342606149341
0.01,683.894471699873,48.218643240605175
0.01,685.020009073353,48.218643240605175
0.01,686.145546446833,48.41386041971694
0.01,687.271083820313,48.41386041971694
0.01,688.3966211937931,48.60907759882869
0.01,689.5221585672731,48.60907759882869
0.01,690.6476959407531,48.804294777940456
0.01,691.7732333142332,48.804294777940456
0.01,692.8987706877132,48.99951195705222
0.01,694.0243080611932,48.99951195705222
0.01,695.1498454346732,49.194729136163986
0.01,696.2753828081533,49.194729136163986
0.01,697.4009201816333,49.38994631527575
0.01,698.5264575551133,49.38994631527575
0.01,699.6519949285934,49.5851634943875
0.01,700.7775323020734,49.5851634943875
0.01,701.9030696755534,49.780380673499266
0.01,703.0286070490334,49.780380673499266
0.01,704.1541444225135,49.97559785261103
0.01,705.2796817959935,49.97559785261103
0.01,706.4052191694735,50.170815031722796
0.01,707.5307565429536,50.170815031722796
0.01,708.6562939164336,50.36603221083456
0.01,709.7818312899136,50.36603221083456
0.01,710.9073686633936,50.56124938994631
0.01,712.0329060368737,50.56124938994631
0.01,713.1584434103537,50.75646656905808
0.01,714.2839807838337,50.75646656905808
0.01,715.4095181573138,50.95168374816984
0.01,716.5350555307938,50.95168374816984
0.01,717.6605929042738,51.14690092728161
0.01,718.588823388172,51.14690092728161
0.01,719.5170538720703,51.34211810639337
0.01,720.4452843559685,51.34211810639337
0.01,721.3735148398667,51.34211810639337
0.01,722.301745323765,51.53733528550512
0.01,723.2299758076632,51.53733528550512
0.01,724.1582062915614,51.73255246461689
0.01,725.0864367754597,51.73255246461689
0.01,726.0146672593579,51.92776964372865
0.01,726.9428977432561,51.92776964372865
0.01,727.8711282271544,51.92776964372865
0.01,728.7993587110526,52.1229868228404
0.01,729.7275891949508,52.1229868228404
0.01,730.7595640283037,52.31820400195217
0.01,731.7915388616565,52.31820400195217
0.01,732.6250429446854,52.51342118106393
0.01,733.4585470277144,52.51342118106393
0.01,734.2920511107434,52.51342118106393
0.01,735.1255551937724,52.7086383601757
0.01,735.9590592768013,52.7086383601757
0.01,736.7925633598303,52.7086383601757
0.01,737.469613253048,52.90385553928746
0.01,737.5873296689921,52.90385553928746
0.01,737.7050460849362,52.90385553928746
0.01,737.8227625008802,52.90385553928746
0.01,738.0581953327684,52.90385553928746
0.01,738.2936281646565,52.90385553928746
0.01,738.5290609965447,52.90385553928746
0.01,739.1768966097427,53.09907271839921
0.01,739.8247322229407,53.09907271839921
0.01,740.4725678361388,53.09907271839921
0.01,741.1204034493368,53.09907271839921
0.01,742.1373369338622,53.29428989751098
0.01,743.1542704183877,53.29428989751098
0.01,744.1712039029131,53.48950707662274
0.01,745.1881373874386,53.48950707662274
0.01,746.205070871964,53.68472425573451
0.01,747.2220043564895,53.68472425573451
0.01,748.238937841015,53.87994143484627
0.01,749.2558713255404,53.87994143484627
0.01,750.2728048100658,54.075158613958024
0.01,751.2897382945913,54.075158613958024
0.01,752.3066717791168,54.27037579306979
0.01,753.3236052636422,54.27037579306979
0.01,754.3405387481677,54.465592972181554
0.01,755.3574722326931,54.465592972181554
0.01,756.3744057172186,54.66081015129332
0.01,757.391339201744,54.66081015129332
0.01,758.4082726862695,54.856027330405084
0.01,759.4252061707949,54.856027330405084
0.01,760.4421396553204,55.051244509516835
0.01,761.4590731398458,55.051244509516835
0.01,762.4760066243713,55.051244509516835
0.01,763.4929401088967,55.2464616886286
0.01,764.5098735934222,55.2464616886286
0.01,765.5268070779476,55.441678867740364
0.01,766.5437405624731,55.441678867740364
0.01,767.5606740469985,55.63689604685213
0.01,768.68303099905,55.63689604685213
0.01,769.8053879511014,55.832113225963894
0.01,770.9277449031528,55.832113225963894
0.01,772.0501018552042,56.027330405075645
0.01,773.1724588072556,56.222547584187396
0.01,774.294815759307,56.222547584187396
0.01,775.4171727113584,56.41776476329919
0.01,776.5395296634098,56.41776476329919
0.01,777.6618866154612,56.61298194241094
0.01,778.7842435675126,56.61298194241094
0.01,779.6870805145209,56.80819912152269
0.01,780.5899174615291,56.80819912152269
0.01,781.4927544085374,57.003416300634456
0.01,782.3955913555457,57.003416300634456
0.01,783.2984283025539,57.003416300634456
0.01,784.2012652495622,57.198633479746206
0.01,785.1041021965705,57.198633479746206
0.01,786.0069391435787,57.393850658858
0.01,786.909776090587,57.393850658858
0.01,787.8126130375953,57.58906783796975
0.01,788.7154499846035,57.58906783796975
0.01,789.7512864825713,57.58906783796975
0.01,790.7871229805392,57.7842850170815
0.01,791.822959478507,57.7842850170815
0.01,792.8587959764748,57.979502196193266
0.01,793.8946324744426,57.979502196193266
0.01,794.9304689724104,58.17471937530502
0.01,795.9663054703782,58.17471937530502
0.01,796.1377544348381,58.36993655441678
0.01,796.3092033992981,58.36993655441678
0.01,796.480652363758,58.36993655441678
0.01,796.652101328218,58.36993655441678
0.01,796.9906539937857,58.36993655441678
0.01,797.3292066593534,58.36993655441678
0.01,797.6677593249211,58.36993655441678
0.01,798.2471786131538,58.56515373352856
0.01,798.8265979013864,58.56515373352856
0.01,799.4060171896191,58.56515373352856
0.01,800.1018617548351,58.56515373352856
0.01,800.7977063200511,58.76037091264031
0.01,801.4935508852672,58.76037091264031
0.01,802.1893954504832,58.95558809175208
0.01,802.8852400156992,58.95558809175208
0.01,803.5810845809152,58.95558809175208
0.01,804.2769291461312,59.15080527086383
0.01,804.9727737113473,59.15080527086383
0.01,805.6686182765633,59.15080527086383
0.01,806.3644628417793,59.34602244997559
0.01,807.0603074069953,59.34602244997559
0.01,807.7561519722113,59.34602244997559
0.01,808.4519965374274,59.54123962908737
0.01,809.1478411026434,59.54123962908737
0.01,809.8436856678594,59.54123962908737
0.01,810.5395302330754,59.73645680819912
0.01,811.2353747982914,59.73645680819912
0.01,811.9312193635075,59.73645680819912
0.01,812.6270639287235,59.93167398731089
0.01,813.3229084939395,59.93167398731089
0.01,814.0187530591555,59.93167398731089
0.01,814.7145976243715,60.12689116642264
0.01,815.4104421895876,60.12689116642264
0.01,816.1062867548036,60.12689116642264
0.01,816.8021313200196,60.3221083455344
0.01,817.4979758852356,60.3221083455344
0.01,818.1938204504517,60.3221083455344
0.01,818.8896650156677,60.51732552464618
0.01,819.7574643951739,60.51732552464618
0.01,820.6252637746801,60.71254270375793
0.01,821.4930631541863,60.71254270375793
0.01,822.3608625336925,60.71254270375793
0.01,823.2286619131987,60.9077598828697
0.01,824.0964612927049,60.9077598828697
0.01,824.9642606722111,61.10297706198145
0.01,825.8320600517173,61.10297706198145
0.01,826.5420433264463,61.2981942410932
0.01,827.2520266011753,61.2981942410932
0.01,827.9620098759043,61.2981942410932
0.01,828.6719931506333,61.49341142020499
0.01,829.4724133696774,61.49341142020499
0.01,830.2728335887215,61.49341142020499
0.01,831.0732538077656,61.68862859931674
0.01,831.8736740268097,61.68862859931674
0.01,832.6740942458538,61.88384577842851
0.01,833.4745144648979,61.88384577842851
0.01,834.274934683942,61.88384577842851
0.01,835.0753549029861,62.07906295754026
0.01,835.8757751220302,62.07906295754026
0.01,836.6761953410743,62.27428013665201
0.01,837.5571910889944,62.27428013665201
0.01,838.4381868369145,62.27428013665201
0.01,839.3191825848346,62.4694973157638
0.01,840.2001783327547,62.4694973157638
0.01,840.9170009107714,62.664714494875554
0.01,841.6338234887882,62.664714494875554
0.01,842.3506460668049,62.664714494875554
0.01,843.0674686448216,62.85993167398732
0.01,843.7842912228383,62.85993167398732
0.01,844.501113800855,63.05514885309907
0.01,845.2179363788717,63.05514885309907
0.01,846.0731382292515,63.05514885309907
0.01,846.9283400796313,63.25036603221082
0.01,847.7835419300111,63.25036603221082
0.01,848.6387437803909,63.445583211322614
0.01,849.4939456307707,63.445583211322614
0.01,850.3491474811505,63.445583211322614
0.01,851.2043493315302,63.640800390434364
0.01,852.05955118191,63.640800390434364
0.01,852.9147530322898,63.83601756954613
0.01,853.7699548826696,63.83601756954613
0.01,854.6251567330494,64.03123474865788
0.01,855.4803585834292,64.03123474865788
0.01,856.335560433809,64.22645192776963
0.01,857.1907622841887,64.22645192776963
0.01,858.0459641345685,64.22645192776963
0.01,858.9011659849483,64.42166910688142
0.01,859.7563678353281,64.42166910688142
0.01,860.6115696857079,64.61688628599317
0.01,861.4667715360877,64.61688628599317
0.01,862.3219733864674,64.81210346510493
0.01,863.1771752368472,64.81210346510493
0.01,864.032377087227,64.81210346510493
0.01,864.8875789376068,65.00732064421669
0.01,865.7427807879866,65.00732064421669
0.01,866.422893372035,65.20253782332844
0.01,867.1030059560834,65.20253782332844
0.01,867.7831185401318,65.20253782332844
0.01,868.4632311241802,65.39775500244023
0.01,869.2386450856723,65.39775500244023
0.01,870.0140590471643,65.59297218155199
0.01,870.6132109202956,65.59297218155199
0.01,870.7116448966642,65.59297218155199
0.01,870.8100788730328,65.59297218155199
0.01,870.9085128494014,65.59297218155199
0.01,871.1053808021385,65.59297218155199
0.01,871.3022487548756,65.59297218155199
0.01,871.4991167076126,65.59297218155199
0.01,872.0536963223211,65.78818936066374
0.01,872.6082759370296,65.78818936066374
0.01,873.1628555517381,65.78818936066374
0.01,873.7174351664465,65.78818936066374
0.01,874.6253272933293,65.9834065397755
0.01,875.533219420212,65.9834065397755
0.01,876.4411115470948,66.17862371888725
0.01,877.3490036739776,66.17862371888725
0.01,878.2568958008603,66.37384089799905
0.01,879.1647879277431,66.37384089799905
0.01,880.0726800546258,66.5690580771108
0.01,880.9805721815086,66.5690580771108
0.01,881.8884643083913,66.76427525622255
0.01,882.7963564352741,66.76427525622255
0.01,883.7042485621569,66.95949243533431
0.01,884.6121406890396,66.95949243533431
0.01,885.5200328159224,67.15470961444606
0.01,886.4279249428051,67.15470961444606
0.01,887.3358170696879,67.15470961444606
0.01,888.2437091965706,67.34992679355783
0.01,889.1516013234534,67.34992679355783
0.01,890.0594934503362,67.5451439726696
0.01,890.9673855772189,67.5451439726696
0.01,891.8752777041017,67.74036115178136
0.01,892.7831698309844,67.74036115178136
0.01,893.6910619578672,67.93557833089312
0.01,894.59895408475,67.93557833089312
0.01,895.5068462116327,68.13079551000487
0.01,896.4147383385155,68.13079551000487
0.01,897.3226304653982,68.32601268911664
0.01,898.230522592281,68.32601268911664
0.01,899.1384147191637,68.52122986822842
0.01,900.0463068460465,68.52122986822842
0.01,900.9541989729292,68.71644704734017
0.01,901.862091099812,68.71644704734017
0.01,902.7699832266948,68.91166422645193
0.01,903.6778753535775,68.91166422645193
0.01,904.5857674804603,69.10688140556368
0.01,905.493659607343,69.10688140556368
0.01,906.4015517342258,69.30209858467543
0.01,907.3094438611085,69.30209858467543
0.01,908.2173359879913,69.30209858467543
0.01,909.1252281148741,69.49731576378723
0.01,910.0331202417568,69.49731576378723
0.01,910.9410123686396,69.69253294289898
0.01,911.8489044955223,69.69253294289898
0.01,912.7567966224051,69.88775012201074
0.01,913.6646887492878,69.88775012201074
0.01,914.5725808761706,70.0829673011225
0.01,915.4804730030534,70.0829673011225
0.01,916.3883651299361,70.27818448023424
0.01,917.2962572568189,70.27818448023424
0.01,918.2041493837016,70.47340165934604
0.01,919.1120415105844,70.47340165934604
0.01,920.0199336374671,70.66861883845779
0.01,920.9278257643499,70.66861883845779
0.01,921.8357178912327,70.86383601756955
0.01,922.7436100181154,70.86383601756955
0.01,923.6515021449982,71.0590531966813
0.01,924.5593942718809,71.0590531966813
0.01,925.4672863987637,71.25427037579306
0.01,926.3751785256464,71.25427037579306
0.01,927.2830706525292,71.44948755490485
0.01,928.190962779412,71.44948755490485
0.01,929.0988549062947,71.6447047340166
0.01,930.0067470331775,71.6447047340166
0.01,930.9146391600602,71.83992191312836
0.01,931.822531286943,71.83992191312836
0.01,932.7304234138257,72.03513909224012
0.01,933.6383155407085,72.03513909224012
0.01,934.5462076675913,72.23035627135187
0.01,935.454099794474,72.23035627135187
0.01,936.3619919213568,72.23035627135187
0.01,937.2698840482395,72.42557345046365
0.01,938.1777761751223,72.42557345046365
0.01,939.085668302005,72.62079062957541
0.01,939.9935604288878,72.62079062957541
0.01,940.9014525557706,72.81600780868717
0.01,941.8093446826533,72.81600780868717
0.01,942.7172368095361,73.01122498779893
0.01,943.6251289364188,73.01122498779893
0.01,944.5330210633016,73.20644216691068
0.01,945.4409131901843,73.20644216691068
0.01,946.3488053170671,73.40165934602246
0.01,947.2566974439499,73.40165934602246
0.01,948.1645895708326,73.59687652513422
0.01,949.0724816977154,73.59687652513422
0.01,949.9803738245981,73.79209370424599
0.01,950.8882659514809,73.79209370424599
0.01,951.7961580783636,73.98731088335774
0.01,952.7040502052464,73.98731088335774
0.01,953.6119423321292,74.18252806246949
0.01,954.5198344590119,74.18252806246949
0.01,955.4277265858947,74.37774524158127
0.01,956.3356187127774,74.37774524158127
0.01,957.2435108396602,74.57296242069303
0.01,958.151402966543,74.57296242069303
0.01,959.0592950934257,74.7681795998048
0.01,959.9671872203085,74.7681795998048
0.01,960.8750793471912,74.96339677891655
0.01,961.782971474074,74.96339677891655
0.01,962.6908636009567,75.1586139580283
0.01,963.5987557278395,75.1586139580283
0.01,964.5066478547222,75.35383113714005
0.01,965.414539981605,75.35383113714005
0.01,966.3224321084878,75.54904831625184
0.01,967.2303242353705,75.54904831625184
0.01,968.1382163622533,75.7442654953636
0.01,969.046108489136,75.7442654953636
0.01,969.9540006160188,75.93948267447536
0.01,970.8618927429015,75.93948267447536
0.01,971.7697848697843,76.13469985358711
0.01,972.6776769966671,76.13469985358711
0.01,973.5855691235498,76.32991703269886
0.01,974.4934612504326,76.32991703269886
0.01,975.4013533773153,76.52513421181065
0.01,976.3092455041981,76.52513421181065
0.01,977.2171376310808,76.72035139092242
0.01,978.1250297579636,76.72035139092242
0.01,979.0329218848464,76.91556857003417
0.01,979.9408140117291,76.91556857003417
0.01,980.8487061386119,77.11078574914592
0.01,981.7565982654946,77.11078574914592
0.01,982.6644903923774,77.30600292825767
0.01,983.5723825192601,77.30600292825767
0.01,983.6698518249046,77.30600292825767
0.01,983.7673211305491,77.30600292825767
0.01,983.8647904361936,77.30600292825767
0.01,984.0597290474826,77.30600292825767
0.01,984.2546676587716,77.50122010736946
0.01,984.4496062700606,77.50122010736946
0.01,984.7200798165746,77.50122010736946
0.01,984.9905533630887,77.50122010736946
0.01,985.2610269096027,77.50122010736946
0.01,985.2965454051196,77.50122010736946
0.01,985.3320639006364,77.50122010736946
0.01,985.3675823961532,77.50122010736946
0.01,985.4386193871869,77.50122010736946
0.01,985.5096563782206,77.50122010736946
0.01,985.5806933692543,77.50122010736946
0.01,985.736595840596,77.50122010736946
0.01,985.8924983119377,77.50122010736946
0.01,986.0484007832795,77.69643728648123
0.01,986.2043032546212,77.69643728648123
0.01,986.3915575010325,77.69643728648123
0.01,986.5788117474438,77.69643728648123
0.01,986.766065993855,77.69643728648123
0.01,986.9533202402663,77.69643728648123
0.01,987.2008774505944,77.69643728648123
0.01,987.4484346609224,77.69643728648123
0.01,987.6959918712505,77.69643728648123
0.01,988.0754494613494,77.89165446559298
0.01,988.4549070514483,77.89165446559298
0.01,988.8343646415473,77.89165446559298
0.01,989.3386344563853,77.89165446559298
0.01,989.8429042712233,78.08687164470473
0.01,990.3471740860614,78.08687164470473
0.01,990.8514439008994,78.08687164470473
0.01,991.3557137157375,78.08687164470473
0.01,991.8599835305755,78.28208882381648
0.01,992.3642533454135,78.28208882381648
0.01,992.8685231602516,78.28208882381648
0.01,993.3727929750896,78.47730600292827
0.01,993.8770627899277,78.47730600292827
0.01,994.3813326047657,78.47730600292827
0.01,994.8856024196037,78.47730600292827
0.01,995.45731124182,78.67252318204002
0.01,996.0290200640362,78.67252318204002
0.01,996.4843660386578,78.67252318204002
0.01,996.9397120132793,78.86774036115179
0.01,997.3950579879008,78.86774036115179
0.01,997.5033302335045,78.86774036115179
0.01,997.6116024791081,78.86774036115179
0.01,997.7198747247118,78.86774036115179
0.01,997.8878837881264,78.86774036115179
0.01,998.055892851541,78.86774036115179
0.01,998.2912003764573,78.86774036115179
0.01,998.5265079013735,78.86774036115179
0.01,998.7618154262898,79.06295754026354
0.01,999.1601996229169,79.06295754026354
0.01,999.5585838195441,79.06295754026354
0.01,999.9569680161712,79.06295754026354
0.01,1000.5302355797801,79.06295754026354
0.01,1001.1035031433889,79.25817471937529
0.01,1001.6767707069978,79.25817471937529
0.01,1002.2500382706066,79.25817471937529
0.01,1002.8233058342155,79.45339189848708
0.01,1003.3965733978243,79.45339189848708
0.01,1003.9698409614332,79.45339189848708
0.01,1004.543108525042,79.64860907759883
0.01,1005.1163760886509,79.64860907759883
0.01,1005.6896436522597,79.64860907759883
0.01,1006.2629112158686,79.8438262567106
0.01,1006.8361787794775,79.8438262567106
0.01,1007.4094463430863,79.8438262567106
0.01,1008.125500822434,80.03904343582235
0.01,1008.8415553017817,80.03904343582235
0.01,1009.5576097811294,80.03904343582235
0.01,1010.2736642604771,80.2342606149341
0.01,1010.9897187398248,80.2342606149341
0.01,1011.7057732191724,80.2342606149341
0.01,1012.4218276985201,80.42947779404588
0.01,1013.1378821778678,80.42947779404588
0.01,1013.8539366572155,80.62469497315764
0.01,1014.5699911365632,80.62469497315764
0.01,1015.2860456159109,80.62469497315764
0.01,1016.0021000952586,80.81991215226941
0.01,1016.7181545746063,80.81991215226941
0.01,1017.612657682873,80.81991215226941
0.01,1018.5071607911397,81.01512933138116
0.01,1019.4016638994063,81.01512933138116
0.01,1020.296167007673,81.21034651049291
0.01,1021.1254749845293,81.21034651049291
0.01,1021.9547829613856,81.40556368960469
0.01,1022.7840909382419,81.40556368960469
0.01,1023.6133989150982,81.40556368960469
0.01,1024.4427068919545,81.60078086871646
0.01,1025.2720148688109,81.60078086871646
0.01,1026.1013228456673,81.60078086871646
0.01,1026.9306308225237,81.79599804782822
0.01,1027.75993879938,81.79599804782822
0.01,1028.5892467762365,81.99121522693997
0.01,1029.4185547530928,81.99121522693997
0.01,1030.0797289372192,81.99121522693997
0.01,1030.6276675081222,81.99121522693997
0.01,1031.175606079025,82.18643240605172
0.01,1031.723544649928,82.18643240605172
0.01,1032.271483220831,82.18643240605172
0.01,1032.9115292683723,82.18643240605172
0.01,1033.5515753159136,82.3816495851635
0.01,1034.191621363455,82.3816495851635
0.01,1034.8316674109963,82.3816495851635
0.01,1035.4717134585376,82.3816495851635
0.01,1036.111759506079,82.57686676427527
0.01,1036.7518055536202,82.57686676427527
0.01,1037.5676594083018,82.57686676427527
0.01,1038.3835132629833,82.77208394338703
0.01,1039.199367117665,82.77208394338703
0.01,1040.0152209723465,82.77208394338703
0.01,1040.831074827028,82.96730112249878
0.01,1041.6469286817096,82.96730112249878
0.01,1042.4627825363912,82.96730112249878
0.01,1043.2786363910727,83.16251830161053
0.01,1044.0944902457543,83.16251830161053
0.01,1044.9103441004359,83.16251830161053
0.01,1045.8973412918003,83.35773548072228
0.01,1046.8843384831648,83.35773548072228
0.01,1047.8713356745293,83.35773548072228
0.01,1048.8583328658938,83.55295265983408
0.01,1049.8453300572583,83.55295265983408
0.01,1050.8323272486227,83.55295265983408
0.01,1051.8193244399872,83.74816983894584
0.01,1053.0376613441804,83.74816983894584
0.01,1054.2559982483735,83.94338701805759
0.01,1055.4743351525667,83.94338701805759
0.01,1056.6926720567599,83.94338701805759
0.01,1057.911008960953,84.13860419716934
0.01,1059.1293458651462,84.13860419716934
0.01,1060.3476827693394,84.3338213762811
0.01,1061.5660196735325,84.3338213762811
0.01,1062.4824516127196,84.3338213762811
0.01,1063.3988835519067,84.52903855539289
0.01,1064.3153154910938,84.52903855539289
0.01,1065.2317474302808,84.52903855539289
0.01,1066.458773737223,84.72425573450465
0.01,1067.6858000441653,84.72425573450465
0.01,1068.9128263511075,84.72425573450465
0.01,1070.1398526580497,84.9194729136164
0.01,1071.3668789649919,84.9194729136164
0.01,1072.593905271934,85.11469009272815
0.01,1073.8209315788763,85.11469009272815
0.01,1075.0479578858185,85.11469009272815
0.01,1076.0171708716282,85.3099072718399
0.01,1076.9863838574379,85.3099072718399
0.01,1077.9555968432476,85.3099072718399
0.01,1078.9248098290573,85.5051244509517
0.01,1080.297014205696,85.5051244509517
0.01,1081.669218582335,85.5051244509517
0.01,1083.0414229589737,85.70034163006346
0.01,1084.4136273356125,85.70034163006346
0.01,1085.7858317122514,85.89555880917521
0.01,1087.1580360888902,85.89555880917521
0.01,1088.530240465529,86.09077598828696
0.01,1089.9024448421678,86.09077598828696
0.01,1091.2746492188066,86.09077598828696
0.01,1092.6468535954455,86.28599316739871
0.01,1094.0190579720843,86.28599316739871
0.01,1095.391262348723,86.48121034651051
0.01,1096.763466725362,86.48121034651051
0.01,1098.1356711020007,86.48121034651051
0.01,1099.5078754786396,86.67642752562226
0.01,1100.8800798552784,86.67642752562226
0.01,1102.2522842319172,86.87164470473402
0.01,1103.624488608556,86.87164470473402
0.01,1104.9966929851948,86.87164470473402
0.01,1106.3688973618337,87.06686188384577
0.01,1107.7411017384725,87.06686188384577
0.01,1109.1133061151113,87.26207906295753
0.01,1110.4855104917501,87.26207906295753
0.01,1111.857714868389,87.26207906295753
0.01,1113.2299192450278,87.45729624206932
0.01,1114.874271066329,87.45729624206932
0.01,1116.51862288763,87.65251342118107
0.01,1118.1629747089312,87.65251342118107
0.01,1119.8073265302323,87.84773060029283
0.01,1121.4516783515335,87.84773060029283
0.01,1123.0960301728346,88.04294777940459
0.01,1124.7403819941358,88.04294777940459
0.01,1126.384733815437,88.23816495851634
0.01,1128.029085636738,88.23816495851634
0.01,1129.6734374580392,88.23816495851634
0.01,1131.3177892793403,88.43338213762813
0.01,1132.9621411006415,88.43338213762813
0.01,1134.6064929219426,88.62859931673988
0.01,1136.2508447432438,88.62859931673988
0.01,1137.895196564545,88.82381649585164
0.01,1139.539548385846,88.82381649585164
0.01,1141.1839002071472,89.0190336749634
0.01,1142.8282520284483,89.0190336749634
0.01,1144.4726038497495,89.21425085407515
0.01,1146.1169556710506,89.21425085407515
0.01,1147.7613074923518,89.21425085407515
0.01,1149.405659313653,89.40946803318693
0.01,1151.050011134954,89.40946803318693
0.01,1152.2446839509605,89.60468521229869
0.01,1153.2286990598905,89.60468521229869
0.01,1154.2127141688204,89.60468521229869
0.01,1155.1967292777504,89.60468521229869
0.01,1156.1807443866803,89.79990239141046
0.01,1157.3592289602225,89.79990239141046
0.01,1158.5377135337646,89.79990239141046
0.01,1159.7161981073068,89.9951195705222
0.01,1160.894682680849,89.9951195705222
0.01,1162.1925401867518,89.9951195705222
0.01,1163.4903976926546,90.19033674963396
0.01,1164.7882551985574,90.19033674963396
0.01,1166.0861127044602,90.19033674963396
0.01,1167.7292635647675,90.38555392874574
0.01,1169.3724144250748,90.38555392874574
0.01,1170.7353077697312,90.38555392874574
0.01,1172.0982011143876,90.5807711078575
0.01,1173.461094459044,90.5807711078575
0.01,1174.8239878037004,90.77598828696927
0.01,1176.1868811483569,90.77598828696927
0.01,1177.5497744930133,90.77598828696927
0.01,1178.9126678376697,90.97120546608102
0.01,1180.275561182326,90.97120546608102
0.01,1181.6384545269825,90.97120546608102
0.01,1183.001347871639,91.16642264519277
0.01,1184.652780551381,91.16642264519277
0.01,1186.3042132311232,91.16642264519277
0.01,1187.9556459108653,91.36163982430455
0.01,1189.6070785906074,91.36163982430455
0.01,1191.5107590476882,91.55685700341631
0.01,1193.414439504769,91.55685700341631
0.01,1195.3181199618498,91.75207418252808
0.01,1197.2218004189306,91.75207418252808
0.01,1199.1254808760114,91.94729136163983
0.01,1201.0291613330921,91.94729136163983
0.01,1202.932841790173,92.14250854075158
0.01,1204.5111187524174,92.14250854075158
0.01,1206.0893957146618,92.14250854075158
0.01,1207.6676726769062,92.33772571986333
0.01,1209.2459496391507,92.33772571986333
0.01,1210.8242266013951,92.53294289897512
0.01,1212.4025035636396,92.53294289897512
0.01,1213.980780525884,92.53294289897512
0.01,1215.764302102306,92.72816007808689
0.01,1217.5478236787278,92.72816007808689
0.01,1219.3313452551497,92.92337725719864
0.01,1221.1148668315716,92.92337725719864
0.01,1222.8983884079935,93.11859443631039
0.01,1224.6819099844154,93.11859443631039
0.01,1226.4654315608373,93.11859443631039
0.01,1228.2489531372592,93.31381161542214
0.01,1230.032474713681,93.31381161542214
0.01,1231.815996290103,93.50902879453393
0.01,1233.5995178665248,93.50902879453393
0.01,1235.3830394429467,93.7042459736457
0.01,1237.1665610193686,93.7042459736457
0.01,1238.9500825957905,93.89946315275745
0.01,1240.7336041722124,93.89946315275745
0.01,1242.5171257486343,93.89946315275745
0.01,1244.3006473250562,94.0946803318692
0.01,1246.084168901478,94.0946803318692
0.01,1247.5657978655586,94.28989751098095
0.01,1249.047426829639,94.28989751098095
0.01,1250.5290557937196,94.28989751098095
0.01,1252.0106847578002,94.48511469009274
0.01,1253.6410494988563,94.48511469009274
0.01,1255.2714142399125,94.48511469009274
0.01,1256.9017789809686,94.68033186920451
0.01,1258.5321437220248,94.68033186920451
0.01,1260.162508463081,94.87554904831626
0.01,1261.792873204137,94.87554904831626
0.01,1263.4232379451933,94.87554904831626
0.01,1265.0536026862494,95.07076622742801
0.01,1266.6839674273056,95.07076622742801
0.01,1268.3143321683617,95.26598340653976
0.01,1269.9446969094179,95.26598340653976
0.01,1271.575061650474,95.26598340653976
0.01,1273.2054263915302,95.46120058565155
0.01,1275.014516457191,95.46120058565155
0.01,1276.8236065228516,95.6564177647633
0.01,1278.6326965885123,95.6564177647633
0.01,1280.441786654173,95.6564177647633
0.01,1282.2508767198337,95.85163494387507
0.01,1284.0599667854945,95.85163494387507
0.01,1285.8690568511552,96.04685212298682
0.01,1287.8620389784787,96.04685212298682
0.01,1289.8550211058023,96.24206930209857
0.01,1291.8480032331258,96.24206930209857
0.01,1293.8409853604494,96.43728648121036
0.01,1295.833967487773,96.43728648121036
0.01,1297.8269496150965,96.63250366032212
0.01,1299.81993174242,96.63250366032212
0.01,1301.8129138697436,96.82772083943388
0.01,1303.8058959970672,96.82772083943388
0.01,1305.7988781243907,96.82772083943388
0.01,1307.7918602517143,97.02293801854563
0.01,1309.7848423790379,97.02293801854563
0.01,1311.7778245063614,97.21815519765738
0.01,1313.770806633685,97.21815519765738
0.01,1315.7637887610085,97.41337237676916
0.01,1317.756770888332,97.41337237676916
0.01,1319.9642428527156,97.60858955588093
0.01,1322.1717148170992,97.60858955588093
0.01,1324.3791867814828,97.80380673499269
0.01,1326.5866587458663,97.80380673499269
0.01,1328.7941307102499,97.99902391410444
0.01,1331.0016026746334,97.99902391410444
0.01,1333.209074639017,98.19424109321619
0.01,1335.4165466034005,98.19424109321619
0.01,1337.624018567784,98.38945827232797
0.01,1339.8314905321677,98.38945827232797
0.01,1342.0389624965512,98.58467545143974
0.01,1344.2464344609348,98.7798926305515
0.01,1346.4539064253183,98.7798926305515
0.01,1348.661378389702,98.97510980966325
0.01,1350.8688503540855,98.97510980966325
0.01,1353.076322318469,99.170326988775
0.01,1355.2837942828526,99.170326988775
0.01,1357.4912662472361,99.36554416788678
0.01,1359.6987382116197,99.36554416788678
0.01,1361.9062101760032,99.56076134699855
0.01,1364.1136821403868,99.56076134699855
0.01,1366.3211541047704,99.75597852611031
0.01,1368.528626069154,99.75597852611031
0.01,1370.7360980335375,99.95119570522206
0.01,1372.943569997921,99.95119570522206
0.01,1375.1510419623046,100.14641288433381
0.01,1377.3585139266881,100.14641288433381
0.01,1379.5659858910717,100.34163006344556
0.01,1381.7734578554553,100.34163006344556
0.01,1383.9809298198388,100.53684724255736
0.01,1386.1884017842224,100.53684724255736
0.01,1388.395873748606,100.73206442166912
0.01,1390.6033457129895,100.73206442166912
0.01,1392.810817677373,100.92728160078087
0.01,1395.0182896417566,100.92728160078087
0.01,1397.2257616061402,101.12249877989262
0.01,1399.4332335705237,101.12249877989262
0.01,1401.6407055349073,101.31771595900437
0.01,1403.8481774992908,101.31771595900437
0.01,1406.0556494636744,101.51293313811617
0.01,1408.263121428058,101.51293313811617
0.01,1410.4705933924415,101.70815031722793
0.01,1412.678065356825,101.70815031722793
0.01,1414.8855373212086,101.90336749633968
0.01,1417.0930092855922,101.90336749633968
0.01,1419.3004812499757,102.09858467545143
0.01,1421.5079532143593,102.09858467545143
0.01,1423.7154251787429,102.29380185456318
0.01,1425.9228971431264,102.29380185456318
0.01,1428.13036910751,102.48901903367498
0.01,1430.3378410718935,102.48901903367498
0.01,1432.545313036277,102.68423621278674
0.01,1434.7527850006607,102.68423621278674
0.01,1436.9602569650442,102.8794533918985
0.01,1439.1677289294278,102.8794533918985
0.01,1441.3752008938113,103.07467057101024
0.01,1443.5826728581949,103.07467057101024
0.01,1445.7901448225784,103.269887750122
0.01,1447.997616786962,103.269887750122
0.01,1450.2050887513456,103.46510492923379
0.01,1452.4125607157291,103.46510492923379
0.01,1454.6200326801127,103.46510492923379
0.01,1456.8275046444962,103.66032210834554
0.01,1459.0349766088798,103.66032210834554
0.01,1461.2424485732633,103.8555392874573
0.01,1463.449920537647,103.8555392874573
0.01,1465.6573925020305,104.05075646656906
0.01,1467.864864466414,104.05075646656906
0.01,1470.0723364307976,104.2459736456808
0.01,1472.2798083951811,104.2459736456808
0.01,1474.4872803595647,104.4411908247926
0.01,1476.6947523239483,104.4411908247926
0.01,1478.9022242883318,104.63640800390435
0.01,1481.1096962527154,104.63640800390435
0.01,1483.317168217099,104.83162518301611
0.01,1485.5246401814825,104.83162518301611
0.01,1487.732112145866,105.02684236212787
0.01,1489.9395841102496,105.02684236212787
0.01,1492.1470560746332,105.22205954123962
0.01,1494.3545280390167,105.22205954123962
0.01,1496.5620000034003,105.4172767203514
0.01,1498.7694719677838,105.4172767203514
0.01,1500.9769439321674,105.61249389946316
0.01,1503.184415896551,105.61249389946316
0.01,1505.3918878609345,105.80771107857493
0.01,1507.599359825318,105.80771107857493
0.01,1509.8068317897016,106.00292825768668
0.01,1512.0143037540852,106.00292825768668
0.01,1514.2217757184687,106.00292825768668
0.01,1516.4292476828523,106.19814543679843
0.01,1518.6367196472359,106.19814543679843
0.01,1520.8441916116194,106.3933626159102
0.01,1523.051663576003,106.3933626159102
0.01,1525.2591355403865,106.58857979502197
0.01,1527.46660750477,106.58857979502197
0.01,1529.6740794691536,106.78379697413374
0.01,1531.8815514335372,106.78379697413374
0.01,1534.0890233979208,106.97901415324549
0.01,1536.2964953623043,106.97901415324549
0.01,1538.5039673266879,107.17423133235724
0.01,1540.7114392910714,107.17423133235724
0.01,1542.918911255455,107.36944851146902
0.01,1545.1263832198385,107.36944851146902
0.01,1547.333855184222,107.36944851146902
0.01,1549.5413271486057,107.56466569058078
0.01,1551.7487991129892,107.56466569058078
0.01,1553.9562710773728,107.75988286969255
0.01,1556.1637430417563,107.75988286969255
0.01,1558.37121500614,107.9551000488043
0.01,1560.5786869705234,107.9551000488043
0.01,1562.786158934907,108.15031722791605
0.01,1564.9936308992906,108.15031722791605
0.01,1567.2011028636741,108.3455344070278
0.01,1569.4085748280577,108.3455344070278
0.01,1571.6160467924412,108.3455344070278
0.01,1573.8235187568248,108.54075158613959
0.01,1576.0309907212084,108.54075158613959
0.01,1578.238462685592,108.73596876525136
0.01,1580.4459346499755,108.73596876525136
0.01,1582.653406614359,108.93118594436311
0.01,1584.8608785787426,108.93118594436311
0.01,1587.0683505431261,109.12640312347486
0.01,1589.2758225075097,109.12640312347486
0.01,1591.4832944718933,109.32162030258661
0.01,1593.6907664362768,109.32162030258661
0.01,1595.8982384006604,109.32162030258661
0.01,1598.105710365044,109.5168374816984
0.01,1600.3131823294275,109.5168374816984
0.01,1602.0797823706337,109.71205466081017
0.01,1603.8463824118398,109.71205466081017
0.01,1605.612982453046,109.71205466081017
0.01,1607.3795824942522,109.90727183992192
0.01,1609.1461825354584,109.90727183992192
0.01,1610.9127825766645,109.90727183992192
0.01,1612.6793826178707,110.10248901903367
0.01,1614.445982659077,110.10248901903367
0.01,1616.212582700283,110.29770619814542
0.01,1617.9791827414892,110.29770619814542
0.01,1619.7457827826954,110.29770619814542
0.01,1621.5123828239016,110.49292337725721
0.01,1623.2789828651078,110.49292337725721
0.01,1625.045582906314,110.49292337725721
0.01,1626.8121829475201,110.68814055636898
0.01,1628.5787829887263,110.68814055636898
0.01,1630.3453830299325,110.68814055636898
0.01,1632.1119830711386,110.88335773548073
0.01,1633.8785831123448,110.88335773548073
0.01,1635.645183153551,110.88335773548073
0.01,1637.4117831947572,111.07857491459248
0.01,1639.1783832359633,111.07857491459248
0.01,1640.9449832771695,111.27379209370423
0.01,1642.7115833183757,111.27379209370423
0.01,1644.4781833595819,111.27379209370423
0.01,1646.244783400788,111.46900927281602
0.01,1648.0113834419942,111.46900927281602
0.01,1649.7779834832004,111.46900927281602
0.01,1651.5445835244066,111.66422645192777
0.01,1653.3111835656127,111.66422645192777
0.01,1655.077783606819,111.66422645192777
0.01,1656.844383648025,111.85944363103954
0.01,1658.6109836892313,111.85944363103954
0.01,1660.3775837304374,111.85944363103954
0.01,1662.3407939484755,112.05466081015129
0.01,1664.3040041665136,112.05466081015129
0.01,1666.2672143845516,112.24987798926304
0.01,1668.2304246025897,112.24987798926304
0.01,1670.1936348206277,112.24987798926304
0.01,1672.1568450386658,112.44509516837483
0.01,1674.1200552567038,112.44509516837483
0.01,1676.083265474742,112.44509516837483
0.01,1678.04647569278,112.64031234748659
0.01,1680.009685910818,112.64031234748659
0.01,1682.2712226520935,112.83552952659835
0.01,1684.532759393369,112.83552952659835
0.01,1686.7942961346444,113.0307467057101
0.01,1689.0558328759198,113.0307467057101
0.01,1691.5693551823877,113.22596388482185
0.01,1694.0828774888555,113.22596388482185
0.01,1696.5963997953234,113.42118106393364
0.01,1699.1099221017912,113.42118106393364
0.01,1701.623444408259,113.6163982430454
0.01,1704.136966714727,113.6163982430454
0.01,1706.6504890211947,113.6163982430454
0.01,1709.1640113276626,113.81161542215716
0.01,1711.2170271196044,113.81161542215716
0.01,1713.2700429115462,114.00683260126891
0.01,1715.323058703488,114.00683260126891
0.01,1717.3760744954297,114.20204978038066
0.01,1719.6416445044779,114.20204978038066
0.01,1721.907214513526,114.20204978038066
0.01,1724.1727845225741,114.39726695949244
0.01,1726.4383545316223,114.39726695949244
0.01,1728.7039245406704,114.5924841386042
0.01,1730.9694945497185,114.5924841386042
0.01,1733.2350645587667,114.78770131771597
0.01,1735.5006345678148,114.78770131771597
0.01,1737.766204576863,114.98291849682772
0.01,1740.031774585911,114.98291849682772
0.01,1742.5642763968222,114.98291849682772
0.01,1745.0967782077332,115.17813567593947
0.01,1747.6292800186443,115.17813567593947
0.01,1750.1617818295554,115.37335285505125
0.01,1752.6942836404664,115.37335285505125
0.01,1755.2267854513775,115.56857003416302
0.01,1757.7592872622886,115.56857003416302
0.01,1760.2917890731997,115.76378721327478
0.01,1762.8242908841107,115.76378721327478
0.01,1765.3567926950218,115.95900439238653
0.01,1767.8892945059329,115.95900439238653
0.01,1770.421796316844,116.15422157149828
0.01,1772.954298127755,116.15422157149828
0.01,1775.486799938666,116.34943875061006
0.01,1778.0193017495772,116.34943875061006
0.01,1780.5518035604882,116.54465592972183
0.01,1783.0843053713993,116.54465592972183
0.01,1785.6168071823104,116.73987310883359
0.01,1788.1493089932214,116.73987310883359
0.01,1790.6818108041325,116.93509028794534
0.01,1793.2143126150436,116.93509028794534
0.01,1795.7468144259547,117.1303074670571
0.01,1798.2793162368657,117.1303074670571
0.01,1800.8118180477768,117.32552464616884
0.01,1803.3443198586879,117.32552464616884
0.01,1805.876821669599,117.32552464616884
0.01,1808.40932348051,117.52074182528064
0.01,1810.941825291421,117.52074182528064
0.01,1813.4743271023322,117.7159590043924
0.01,1816.0068289132432,117.7159590043924
0.01,1818.5393307241543,117.91117618350415
0.01,1821.0718325350654,117.91117618350415
0.01,1823.6043343459764,118.1063933626159
0.01,1826.1368361568875,118.1063933626159
0.01,1828.6693379677986,118.30161054172765
0.01,1831.2018397787097,118.30161054172765
0.01,1833.7343415896207,118.49682772083945
0.01,1836.2668434005318,118.49682772083945
0.01,1838.7993452114429,118.69204489995121
0.01,1841.331847022354,118.69204489995121
0.01,1843.864348833265,118.88726207906296
0.01,1846.396850644176,118.88726207906296
0.01,1848.9293524550872,118.88726207906296
0.01,1851.4618542659982,119.08247925817471
0.01,1853.9943560769093,119.08247925817471
0.01,1856.5268578878204,119.27769643728647
0.01,1859.0593596987314,119.27769643728647
0.01,1861.5918615096425,119.47291361639826
0.01,1864.1243633205536,119.47291361639826
0.01,1866.6568651314647,119.66813079551002
0.01,1869.1893669423757,119.66813079551002
0.01,1871.7218687532868,119.86334797462177
0.01,1874.2543705641979,119.86334797462177
0.01,1876.786872375109,120.05856515373353
0.01,1879.31937418602,120.05856515373353
0.01,1881.851875996931,120.05856515373353
0.01,1884.3843778078422,120.25378233284528
0.01,1886.9168796187532,120.25378233284528
0.01,1889.4493814296643,120.44899951195707
0.01,1891.9818832405754,120.44899951195707
0.01,1894.5143850514864,120.64421669106882
0.01,1897.0468868623975,120.64421669106882
0.01,1899.5793886733086,120.83943387018059
0.01,1902.1118904842197,120.83943387018059
0.01,1904.6443922951307,121.03465104929234
0.01,1907.1768941060418,121.03465104929234
0.01,1909.7093959169529,121.22986822840409
0.01,1912.241897727864,121.22986822840409
0.01,1914.774399538775,121.22986822840409
0.01,1917.306901349686,121.42508540751588
0.01,1919.8394031605972,121.42508540751588
0.01,1922.3719049715082,121.62030258662763
0.01,1924.9044067824193,121.62030258662763
0.01,1927.4369085933304,121.8155197657394
0.01,1929.9694104042414,121.8155197657394
0.01,1932.5019122151525,122.01073694485115
0.01,1935.0344140260636,122.01073694485115
0.01,1937.5669158369747,122.01073694485115
0.01,1940.0994176478857,122.2059541239629
0.01,1942.6319194587968,122.2059541239629
0.01,1945.1644212697079,122.40117130307468
0.01,1947.255745174788,122.40117130307468
0.01,1949.347069079868,122.59638848218644
0.01,1951.4383929849482,122.59638848218644
0.01,1953.5297168900283,122.59638848218644
0.01,1955.9419936347647,122.7916056612982
0.01,1958.354270379501,122.7916056612982
0.01,1960.7665471242374,122.98682284040996
0.01,1963.1788238689737,122.98682284040996
0.01,1965.59110061371,122.98682284040996
0.01,1967.4492434365002,123.18204001952171
0.01,1967.7651654631968,123.18204001952171
0.01,1968.0810874898934,123.18204001952171
0.01,1968.39700951659,123.18204001952171
0.01,1969.0288535699833,123.18204001952171
0.01,1969.6606976233766,123.18204001952171
0.01,1970.2925416767698,123.18204001952171
0.01,1972.0278499488184,123.37725719863349
0.01,1973.763158220867,123.37725719863349
0.01,1975.4984664929154,123.37725719863349
0.01,1977.233774764964,123.37725719863349
0.01,1979.9442393782997,123.57247437774525
0.01,1982.6547039916354,123.57247437774525
0.01,1985.3651686049711,123.76769155685702
0.01,1988.0756332183068,123.76769155685702
0.01,1990.7860978316426,123.96290873596877
0.01,1993.4965624449783,123.96290873596877
0.01,1996.207027058314,124.15812591508052
0.01,1998.9174916716497,124.15812591508052
0.01,2000.0,124.15812591508052
0.1,0.0,1.952171791117621
0.1,0.0008139841700278525,1.952171791117621
0.1,0.0010174802125348156,1.952171791117621
0.1,0.0010301987151915008,1.952171791117621
0.1,0.001042917217848186,1.952171791117621
0.1,0.0010459761224407068,1.952171791117621
0.1,0.0010490350270332275,1.952171791117621
0.1,0.0010520939316257482,1.952171791117621
0.1,0.0010551528362182688,1.952171791117621
0.1,0.0010582117408107895,1.952171791117621
0.1,0.0010612706454033102,1.952171791117621
0.1,0.001064329549995831,1.952171791117621
0.1,0.0010673884545883516,1.952171791117621
0.1,0.0010704473591808723,1.952171791117621
0.1,0.001073506263773393,1.952171791117621
0.1,0.0010765651683659137,1.952171791117621
0.1,0.0010796240729584344,1.952171791117621
0.1,0.001082682977550955,1.952171791117621
0.1,0.0010857418821434758,1.952171791117621
0.1,0.0010888007867359965,1.952171791117621
0.1,0.0010918596913285171,1.952171791117621
0.1,0.0010949185959210378,1.952171791117621
0.1,0.0011010364051060792,1.952171791117621
0.1,0.0011071542142911206,1.952171791117621
0.1,0.001168332306141535,1.952171791117621
0.1,0.0012295103979919496,1.952171791117621
0.1,0.0018412913164960946,1.952171791117621
0.1,0.0024530722350002395,1.952171791117621
0.1,0.0041055199591527244,1.952171791117621
0.1,0.00575796768330521,1.952171791117621
0.1,0.008347657542471031,1.7569546120058561
0.1,0.010937347401636852,1.7569546120058561
0.1,0.013527037260802673,1.7569546120058561
0.1,0.01776283580790734,1.7569546120058561
0.1,0.021998634355012005,1.7569546120058561
0.1,0.02623443290211667,1.5617374328940912
0.1,0.030470231449221338,1.5617374328940912
0.1,0.03527006938769559,1.5617374328940912
0.1,0.04006990732616984,1.3665202537823404
0.1,0.0448697452646441,1.3665202537823404
0.1,0.04966958320311836,1.1713030746705755
0.1,0.05504095024414776,1.1713030746705755
0.1,0.06041231728517717,0.9760858955588105
0.1,0.06578368432620657,0.7808687164470456
0.1,0.07115505136723597,0.5856515373352806
0.1,0.07652641840826538,0.19521717911176495
0.1,0.08189778544929478,0.0
0.1,0.08726915249032419,0.0
0.1,0.09264051953135359,0.0
0.1,0.09665748212195845,0.0
0.1,0.10002370547632587,0.0
0.1,0.1033899288306933,0.0
0.1,0.10675615218506072,0.0
0.1,0.11207866833113996,0.0
0.1,0.11740118447721919,0.0
0.1,0.12272370062329842,0.0
0.1,0.12991280999350638,0.0
0.1,0.13710191936371433,0.0
0.1,0.14429102873392227,0.0
0.1,0.15148013810413022,0.0
0.1,0.15954360200091175,0.0
0.1,0.16760706589769328,0.0
0.1,0.1756705297944748,0.0
0.1,0.18373399369125634,0.0
0.1,0.19405832638467274,0.0
0.1,0.2043826590780891,0.0
0.1,0.21470699177150548,0.0
0.1,0.23017848688807196,0.0
0.1,0.24564998200463845,0.0
0.1,0.2611214771212049,0.0
0.1,0.28295318305014927,0.0
0.1,0.3047848889790936,0.0
0.1,0.32661659490803796,0.0
0.1,0.3581092865031851,0.0
0.1,0.3896019780983322,0.0
0.1,0.4210946696934793,0.0
0.1,0.4681592608562952,3.709126403123477
0.1,0.5152238520191111,3.904343582235242
0.1,0.5622884431819271,3.904343582235242
0.1,0.6352395456588917,3.904343582235242
0.1,0.7081906481358564,4.099560761346993
0.1,0.7811417506128211,4.099560761346993
0.1,0.8939812653931738,4.099560761346993
0.1,1.0068207801735265,4.099560761346993
0.1,1.1196602949538792,4.294777940458758
0.1,1.2906052775503618,4.294777940458758
0.1,1.4615502601468444,4.294777940458758
0.1,1.632495242743327,4.294777940458758
0.1,1.8034402253398096,4.294777940458758
0.1,1.9743852079362922,4.489995119570523
0.1,2.1401302218679423,4.489995119570523
0.1,2.3058752357995926,4.489995119570523
0.1,2.471620249731243,4.489995119570523
0.1,2.773871219126578,4.489995119570523
0.1,3.076122188521913,4.685212298682288
0.1,3.378373157917248,4.685212298682288
0.1,3.752781481910487,4.685212298682288
0.1,4.127189805903726,4.880429477794053
0.1,4.501598129896966,4.880429477794053
0.1,4.876006453890205,4.880429477794053
0.1,5.250414777883444,5.075646656905803
0.1,5.624823101876683,5.075646656905803
0.1,5.999231425869922,5.075646656905803
0.1,6.373639749863162,5.270863836017568
0.1,6.748048073856401,5.270863836017568
0.1,7.12245639784964,5.270863836017568
0.1,7.5387994207093625,5.466081015129333
0.1,7.955142443569085,5.466081015129333
0.1,8.371485466428808,5.661298194241098
0.1,8.78782848928853,5.661298194241098
0.1,9.204171512148253,5.856515373352863
0.1,9.620514535007976,5.856515373352863
0.1,10.036857557867698,5.856515373352863
0.1,10.45320058072742,6.051732552464614
0.1,10.869543603587143,6.051732552464614
0.1,11.285886626446866,6.246949731576379
0.1,11.702229649306588,6.246949731576379
0.1,12.11857267216631,6.442166910688144
0.1,12.534915695026033,6.442166910688144
0.1,12.951258717885755,6.637384089799895
0.1,13.367601740745478,6.637384089799895
0.1,13.7839447636052,6.8326012689116595
0.1,14.200287786464923,6.8326012689116595
0.1,14.616630809324645,6.8326012689116595
0.1,15.032973832184368,7.0278184480234245
0.1,15.44931685504409,7.0278184480234245
0.1,15.865659877903813,7.223035627135189
0.1,16.282002900763537,7.223035627135189
0.1,16.74189650653217,7.418252806246954
0.1,17.201790112300806,7.418252806246954
0.1,17.66168371806944,7.613469985358705
0.1,18.04280673369525,7.613469985358705
0.1,18.42392974932106,7.80868716447047
0.1,18.805052764946872,7.80868716447047
0.1,19.186175780572682,8.003904343582235
0.1,19.567298796198493,8.003904343582235
0.1,19.948421811824304,8.199121522694
0.1,20.329544827450114,8.199121522694
0.1,20.710667843075925,8.394338701805765
0.1,21.091790858701735,8.394338701805765
0.1,21.472913874327546,8.589555880917516
0.1,21.854036889953356,8.589555880917516
0.1,22.235159905579167,8.78477306002928
0.1,22.616282921204977,8.78477306002928
0.1,22.997405936830788,8.979990239141046
0.1,23.3785289524566,8.979990239141046
0.1,23.75965196808241,9.17520741825281
0.1,24.14077498370822,9.17520741825281
0.1,24.52189799933403,9.370424597364575
0.1,24.90302101495984,9.370424597364575
0.1,25.28414403058565,9.565641776476326
0.1,25.66526704621146,9.565641776476326
0.1,26.046390061837272,9.760858955588091
0.1,26.427513077463082,9.760858955588091
0.1,26.808636093088893,9.956076134699856
0.1,27.189759108714703,9.956076134699856
0.1,27.570882124340514,10.151293313811621
0.1,27.952005139966325,10.151293313811621
0.1,28.333128155592135,10.346510492923386
0.1,28.714251171217946,10.346510492923386
0.1,29.095374186843756,10.541727672035137
0.1,29.476497202469567,10.541727672035137
0.1,29.857620218095377,10.736944851146902
0.1,30.169291816221794,10.736944851146902
0.1,30.48096341434821,10.932162030258667
0.1,30.792635012474626,10.932162030258667
0.1,31.104306610601043,10.932162030258667
0.1,31.41597820872746,11.127379209370417
0.1,31.727649806853876,11.127379209370417
0.1,32.03932140498029,11.322596388482182
0.1,32.35099300310671,11.322596388482182
0.1,32.662664601233125,11.517813567593947
0.1,32.97433619935954,11.517813567593947
0.1,33.28600779748596,11.517813567593947
0.1,33.597679395612374,11.713030746705712
0.1,33.90935099373879,11.713030746705712
0.1,34.22102259186521,11.908247925817477
0.1,34.53269418999162,11.908247925817477
0.1,34.84436578811804,12.103465104929228
0.1,35.156037386244456,12.103465104929228
0.1,35.46770898437087,12.298682284040993
0.1,35.77938058249729,12.298682284040993
0.1,36.091052180623706,12.493899463152758
0.1,36.40272377875012,12.493899463152758
0.1,36.71439537687654,12.493899463152758
0.1,37.026066975002955,12.689116642264523
0.1,37.33773857312937,12.689116642264523
0.1,37.64941017125579,12.884333821376288
0.1,37.961081769382204,12.884333821376288
0.1,38.27275336750862,13.079551000488038
0.1,38.58442496563504,13.079551000488038
0.1,38.89609656376145,13.274768179599803
0.1,39.20776816188787,13.274768179599803
0.1,39.519439760014286,13.469985358711568
0.1,39.8311113581407,13.469985358711568
0.1,40.14278295626712,13.665202537823333
0.1,40.454454554393536,13.665202537823333
0.1,40.76612615251995,13.860419716935098
0.1,41.07779775064637,13.860419716935098
0.1,41.389469348772785,14.055636896046849
0.1,41.7011409468992,14.055636896046849
0.1,42.01281254502562,14.250854075158614
0.1,42.324484143152034,14.250854075158614
0.1,42.63615574127845,14.446071254270379
0.1,42.94782733940487,14.446071254270379
0.1,43.25949893753128,14.64128843338213
0.1,43.5711705356577,14.64128843338213
0.1,43.882842133784116,14.836505612493895
0.1,44.19451373191053,14.836505612493895
0.1,44.50618533003695,14.836505612493895
0.1,44.817856928163366,15.03172279160566
0.1,45.12952852628978,15.226939970717424
0.1,45.4412001244162,15.226939970717424
0.1,45.752871722542615,15.42215714982919
0.1,46.06454332066903,15.42215714982919
0.1,46.37621491879545,15.61737432894094
0.1,46.687886516921864,15.61737432894094
0.1,46.99955811504828,15.812591508052705
0.1,47.3112297131747,15.812591508052705
0.1,47.62290131130111,16.00780868716447
0.1,47.93457290942753,16.00780868716447
0.1,48.246244507553946,16.203025866276235
0.1,48.50554687763725,16.203025866276235
0.1,48.764849247720555,16.203025866276235
0.1,49.02415161780386,16.398243045388
0.1,49.283453987887164,16.398243045388
0.1,49.54275635797047,16.59346022449975
0.1,49.80205872805377,16.59346022449975
0.1,50.06136109813708,16.788677403611516
0.1,50.35150651418922,16.788677403611516
0.1,50.64165193024136,16.98389458272328
0.1,50.9317973462935,16.98389458272328
0.1,51.22194276234564,17.179111761835046
0.1,51.51208817839778,17.179111761835046
0.1,51.80223359444992,17.37432894094681
0.1,52.092379010502064,17.37432894094681
0.1,52.382524426554205,17.56954612005856
0.1,52.672669842606346,17.56954612005856
0.1,52.96281525865849,17.764763299170326
0.1,53.25296067471063,17.764763299170326
0.1,53.54310609076277,17.95998047828209
0.1,53.83325150681491,17.95998047828209
0.1,54.12339692286705,18.155197657393856
0.1,54.41354233891919,18.155197657393856
0.1,54.703687754971334,18.35041483650562
0.1,54.993833171023475,18.35041483650562
0.1,55.283978587075616,18.54563201561737
0.1,55.57412400312776,18.54563201561737
0.1,55.8642694191799,18.740849194729137
0.1,56.15441483523204,18.740849194729137
0.1,56.44456025128418,18.9360663738409
0.1,56.73470566733632,18.9360663738409
0.1,57.02485108338846,19.131283552952652
0.1,57.3149964994406,19.131283552952652
0.1,57.605141915492744,19.326500732064417
0.1,57.895287331544885,19.521717911176182
0.1,58.18543274759703,19.521717911176182
0.1,58.47557816364917,19.716935090287947
0.1,58.76572357970131,19.716935090287947
0.1,59.05586899575345,19.912152269399712
0.1,59.34601441180559,19.912152269399712
0.1,59.63615982785773,20.107369448511463
0.1,59.92630524390987,20.107369448511463
0.1,60.165118894332274,20.302586627623228
0.1,60.403932544754674,20.302586627623228
0.1,60.642746195177075,20.497803806734993
0.1,60.881559845599476,20.497803806734993
0.1,61.12037349602188,20.497803806734993
0.1,61.35918714644428,20.693020985846758
0.1,61.59800079686668,20.693020985846758
0.1,61.83681444728908,20.888238164958523
0.1,62.07562809771148,20.888238164958523
0.1,62.31444174813388,21.083455344070273
0.1,62.55325539855628,21.083455344070273
0.1,62.79206904897868,21.27867252318204
0.1,63.03088269940108,21.27867252318204
0.1,63.269696349823484,21.473889702293803
0.1,63.508510000245884,21.473889702293803
0.1,63.747323650668285,21.66910688140557
0.1,63.986137301090686,21.66910688140557
0.1,64.2249509515131,21.66910688140557
0.1,64.4637646019355,21.864324060517333
0.1,64.7357060321582,21.864324060517333
0.1,65.00764746238092,22.059541239629084
0.1,65.27958889260363,22.059541239629084
0.1,65.55153032282634,22.25475841874085
0.1,65.82347175304905,22.449975597852614
0.1,66.09541318327176,22.449975597852614
0.1,66.36735461349447,22.64519277696438
0.1,66.63929604371718,22.64519277696438
0.1,66.91123747393989,22.840409956076144
0.1,67.1831789041626,22.840409956076144
0.1,67.45512033438531,23.035627135187895
0.1,67.72706176460802,23.035627135187895
0.1,67.99900319483073,23.23084431429966
0.1,68.27094462505345,23.23084431429966
0.1,68.54288605527616,23.426061493411424
0.1,68.81482748549887,23.426061493411424
0.1,69.08676891572158,23.621278672523175
0.1,69.35871034594429,23.81649585163494
0.1,69.630651776167,23.81649585163494
0.1,69.90259320638971,24.011713030746705
0.1,70.12561213075442,24.011713030746705
0.1,70.34863105511913,24.20693020985847
0.1,70.57164997948384,24.20693020985847
0.1,70.79466890384855,24.20693020985847
0.1,71.01768782821325,24.402147388970235
0.1,71.24070675257796,24.402147388970235
0.1,71.46372567694267,24.597364568081986
0.1,71.68674460130738,24.597364568081986
0.1,71.90976352567209,24.79258174719375
0.1,72.1327824500368,24.79258174719375
0.1,72.35580137440151,24.987798926305516
0.1,72.57882029876622,24.987798926305516
0.1,72.80183922313093,24.987798926305516
0.1,73.02485814749564,25.18301610541728
0.1,73.24787707186034,25.18301610541728
0.1,73.47089599622505,25.378233284529045
0.1,73.69391492058976,25.378233284529045
0.1,73.91693384495447,25.573450463640796
0.1,74.13995276931918,25.573450463640796
0.1,74.36297169368389,25.76866764275256
0.1,74.5859906180486,25.76866764275256
0.1,74.8090095424133,25.963884821864326
0.1,74.95687803301419,25.963884821864326
0.1,75.07839857207638,25.963884821864326
0.1,75.19991911113857,25.963884821864326
0.1,75.32143965020076,26.15910200097609
0.1,75.44296018926295,26.15910200097609
0.1,75.57127945725978,26.15910200097609
0.1,75.6995987252566,26.15910200097609
0.1,75.82791799325344,26.354319180087856
0.1,75.95623726125027,26.354319180087856
0.1,76.13586245467094,26.354319180087856
0.1,76.31548764809162,26.549536359199607
0.1,76.4951128415123,26.549536359199607
0.1,76.67473803493297,26.549536359199607
0.1,76.85436322835365,26.74475353831137
0.1,77.03398842177432,26.74475353831137
0.1,77.213613615195,26.74475353831137
0.1,77.42403195141284,26.939970717423137
0.1,77.59626537713467,26.939970717423137
0.1,77.7684988028565,27.135187896534887
0.1,77.94073222857833,27.135187896534887
0.1,78.11296565430015,27.135187896534887
0.1,78.28519908002198,27.330405075646652
0.1,78.45743250574381,27.330405075646652
0.1,78.62966593146564,27.330405075646652
0.1,78.89796505510017,27.525622254758417
0.1,79.1662641787347,27.525622254758417
0.1,79.43456330236924,27.720839433870182
0.1,79.70286242600378,27.720839433870182
0.1,79.97116154963831,27.720839433870182
0.1,80.23946067327284,27.916056612981947
0.1,80.50775979690738,27.916056612981947
0.1,80.81129045870017,28.111273792093698
0.1,81.11482112049296,28.111273792093698
0.1,81.41835178228575,28.306490971205463
0.1,81.72188244407855,28.306490971205463
0.1,82.02541310587134,28.501708150317228
0.1,82.27477963832969,28.501708150317228
0.1,82.52414617078804,28.501708150317228
0.1,82.7735127032464,28.696925329428993
0.1,83.02287923570475,28.696925329428993
0.1,83.2722457681631,28.696925329428993
0.1,83.52161230062146,28.892142508540758
0.1,83.55942318076207,28.892142508540758
0.1,83.59723406090268,28.892142508540758
0.1,83.63504494104329,28.892142508540758
0.1,83.69171925166775,28.892142508540758
0.1,83.74839356229221,28.892142508540758
0.1,83.82618745535672,28.892142508540758
0.1,83.90398134842123,28.892142508540758
0.1,83.98177524148574,28.892142508540758
0.1,84.13118572223519,28.892142508540758
0.1,84.28059620298464,29.08735968765251
0.1,84.43000668373409,29.08735968765251
0.1,84.65420129802189,29.08735968765251
0.1,84.87839591230968,29.08735968765251
0.1,85.10259052659748,29.282576866764273
0.1,85.32678514088528,29.282576866764273
0.1,85.55097975517307,29.282576866764273
0.1,85.77517436946087,29.47779404587604
0.1,86.08235530166255,29.47779404587604
0.1,86.38953623386422,29.47779404587604
0.1,86.6448484790628,29.673011224987803
0.1,86.90016072426138,29.673011224987803
0.1,87.15547296945996,29.673011224987803
0.1,87.41078521465855,29.86822840409957
0.1,87.72036264509008,29.86822840409957
0.1,88.02994007552161,29.86822840409957
0.1,88.33951750595314,30.06344558321132
0.1,88.64909493638467,30.06344558321132
0.1,88.9586723668162,30.258662762323084
0.1,89.26824979724773,30.258662762323084
0.1,89.57782722767926,30.258662762323084
0.1,89.8874046581108,30.45387994143485
0.1,90.19698208854233,30.45387994143485
0.1,90.50655951897386,30.45387994143485
0.1,90.81613694940539,30.649097120546614
0.1,91.12571437983692,30.649097120546614
0.1,91.43529181026845,30.84431429965838
0.1,91.74486924069998,30.84431429965838
0.1,92.05444667113152,30.84431429965838
0.1,92.36402410156305,31.03953147877013
0.1,92.72701025574362,31.03953147877013
0.1,93.0899964099242,31.03953147877013
0.1,93.45298256410477,31.234748657881894
0.1,93.81596871828535,31.234748657881894
0.1,94.17895487246592,31.42996583699366
0.1,94.5419410266465,31.42996583699366
0.1,94.90492718082707,31.62518301610541
0.1,95.26791333500765,31.62518301610541
0.1,95.63089948918822,31.62518301610541
0.1,95.9938856433688,31.820400195217175
0.1,96.43081101026465,31.820400195217175
0.1,96.8677363771605,32.01561737432894
0.1,97.22648194348284,32.01561737432894
0.1,97.58522750980518,32.210834553440705
0.1,97.94397307612752,32.210834553440705
0.1,98.30271864244986,32.210834553440705
0.1,98.6614642087722,32.40605173255247
0.1,99.02020977509454,32.40605173255247
0.1,99.37895534141688,32.60126891166422
0.1,99.73770090773922,32.60126891166422
0.1,100.09644647406157,32.60126891166422
0.1,100.4551920403839,32.796486090775986
0.1,100.81393760670625,32.796486090775986
0.1,101.17268317302859,32.99170326988775
0.1,101.53142873935093,32.99170326988775
0.1,101.89017430567327,32.99170326988775
0.1,102.24891987199561,33.186920448999516
0.1,102.60766543831795,33.186920448999516
0.1,103.03514288018673,33.38213762811128
0.1,103.4626203220555,33.38213762811128
0.1,103.89009776392427,33.57735480722303
0.1,104.31757520579305,33.57735480722303
0.1,104.74505264766182,33.772571986334796
0.1,105.1725300895306,33.772571986334796
0.1,105.60000753139937,33.96778916544656
0.1,106.02748497326814,33.96778916544656
0.1,106.45496241513692,34.163006344558326
0.1,106.88243985700569,34.163006344558326
0.1,107.30991729887447,34.35822352367009
0.1,107.73739474074324,34.35822352367009
0.1,108.16487218261202,34.55344070278184
0.1,108.59234962448079,34.55344070278184
0.1,109.01982706634956,34.55344070278184
0.1,109.44730450821834,34.74865788189361
0.1,109.87478195008711,34.74865788189361
0.1,110.30225939195589,34.94387506100537
0.1,110.72973683382466,34.94387506100537
0.1,111.15721427569343,35.13909224011714
0.1,111.58469171756221,35.13909224011714
0.1,112.01216915943098,35.3343094192289
0.1,112.43964660129976,35.3343094192289
0.1,112.86712404316853,35.52952659834065
0.1,113.2946014850373,35.52952659834065
0.1,113.72207892690608,35.52952659834065
0.1,114.14955636877485,35.72474377745242
0.1,114.57703381064363,35.72474377745242
0.1,115.08460203899446,35.91996095656418
0.1,115.5921702673453,35.91996095656418
0.1,116.09973849569613,36.11517813567593
0.1,116.60730672404696,36.11517813567593
0.1,117.1148749523978,36.3103953147877
0.1,117.62244318074863,36.3103953147877
0.1,118.13001140909947,36.50561249389946
0.1,118.6375796374503,36.70082967301123
0.1,119.14514786580114,36.70082967301123
0.1,119.65271609415197,36.89604685212299
0.1,120.1602843225028,36.89604685212299
0.1,120.66785255085364,37.09126403123474
0.1,121.17542077920447,37.09126403123474
0.1,121.6829890075553,37.28648121034651
0.1,122.19055723590614,37.28648121034651
0.1,122.69812546425698,37.48169838945827
0.1,123.20569369260781,37.48169838945827
0.1,123.71326192095864,37.67691556857004
0.1,124.22083014930948,37.67691556857004
0.1,124.72839837766031,37.8721327476818
0.1,125.23596660601115,37.8721327476818
0.1,125.74353483436198,38.067349926793554
0.1,126.25110306271282,38.067349926793554
0.1,126.75867129106365,38.26256710590532
0.1,127.26623951941448,38.26256710590532
0.1,127.77380774776532,38.457784285017084
0.1,128.28137597611615,38.457784285017084
0.1,128.788944204467,38.65300146412885
0.1,129.29651243281782,38.65300146412885
0.1,129.80408066116865,38.65300146412885
0.1,130.3116488895195,38.848218643240614
0.1,130.81921711787032,38.848218643240614
0.1,131.32678534622116,39.043435822352365
0.1,131.834353574572,39.043435822352365
0.1,132.34192180292283,39.23865300146413
0.1,132.84949003127366,39.23865300146413
0.1,133.3570582596245,39.433870180575894
0.1,133.86462648797533,39.433870180575894
0.1,134.37219471632616,39.629087359687645
0.1,134.879762944677,39.629087359687645
0.1,135.38733117302783,39.82430453879941
0.1,135.89489940137867,39.82430453879941
0.1,136.4024676297295,40.019521717911175
0.1,136.91003585808033,40.019521717911175
0.1,137.41760408643117,40.21473889702294
0.1,137.925172314782,40.21473889702294
0.1,138.43274054313284,40.21473889702294
0.1,138.94030877148367,40.409956076134705
0.1,139.4478769998345,40.409956076134705
0.1,139.95544522818534,40.605173255246456
0.1,140.46301345653617,40.605173255246456
0.1,140.970581684887,40.80039043435822
0.1,141.47814991323784,40.80039043435822
0.1,141.98571814158868,40.995607613469986
0.1,142.4932863699395,40.995607613469986
0.1,143.00085459829035,40.995607613469986
0.1,143.50842282664118,41.19082479258175
0.1,144.015991054992,41.19082479258175
0.1,144.52355928334285,41.386041971693516
0.1,145.03112751169368,41.386041971693516
0.1,145.53869574004452,41.581259150805266
0.1,146.04626396839535,41.581259150805266
0.1,146.55383219674619,41.77647632991703
0.1,147.06140042509702,41.77647632991703
0.1,147.56896865344785,41.77647632991703
0.1,148.0765368817987,41.971693509028796
0.1,148.48924443423664,41.971693509028796
0.1,148.9019519866746,42.16691068814056
0.1,149.31465953911254,42.16691068814056
0.1,149.7273670915505,42.16691068814056
0.1,150.19124274988772,42.362127867252326
0.1,150.65511840822495,42.362127867252326
0.1,151.11899406656218,42.362127867252326
0.1,151.5828697248994,42.55734504636408
0.1,152.04674538323664,42.55734504636408
0.1,152.51062104157387,42.55734504636408
0.1,152.87683735444756,42.75256222547584
0.1,152.93486954884773,42.75256222547584
0.1,152.9929017432479,42.75256222547584
0.1,153.05093393764807,42.75256222547584
0.1,153.1669983264484,42.75256222547584
0.1,153.28306271524875,42.75256222547584
0.1,153.3991271040491,42.75256222547584
0.1,153.75203163378941,42.75256222547584
0.1,154.10493616352974,42.94777940458761
0.1,154.45784069327007,42.94777940458761
0.1,154.8107452230104,42.94777940458761
0.1,155.16364975275073,43.14299658369937
0.1,155.51655428249106,43.14299658369937
0.1,155.8694588122314,43.14299658369937
0.1,156.22236334197171,43.14299658369937
0.1,156.57526787171204,43.33821376281114
0.1,156.9684757246624,43.33821376281114
0.1,157.2875551019644,43.33821376281114
0.1,157.60663447926638,43.33821376281114
0.1,157.92571385656836,43.53343094192289
0.1,158.30647628496243,43.53343094192289
0.1,158.6872387133565,43.53343094192289
0.1,159.06800114175056,43.72864812103465
0.1,159.51629784167397,43.72864812103465
0.1,159.9645945415974,43.72864812103465
0.1,160.4128912415208,43.92386530014642
0.1,160.86118794144423,43.92386530014642
0.1,161.30948464136765,43.92386530014642
0.1,161.75778134129106,44.11908247925817
0.1,162.20607804121448,44.11908247925817
0.1,162.70919469921893,44.11908247925817
0.1,163.21231135722337,44.31429965836993
0.1,163.71542801522781,44.31429965836993
0.1,164.21854467323226,44.31429965836993
0.1,164.82021341628658,44.5095168374817
0.1,165.4218821593409,44.5095168374817
0.1,166.02355090239521,44.70473401659346
0.1,166.62521964544953,44.70473401659346
0.1,167.3287948595376,44.89995119570523
0.1,167.90327485207484,44.89995119570523
0.1,168.4777548446121,44.89995119570523
0.1,169.05223483714934,45.09516837481698
0.1,169.6267148296866,45.09516837481698
0.1,170.2627590443328,45.29038555392874
0.1,170.898803258979,45.29038555392874
0.1,171.41748257292122,45.29038555392874
0.1,171.93616188686343,45.48560273304051
0.1,172.45484120080565,45.48560273304051
0.1,172.97352051474786,45.48560273304051
0.1,173.57948947087507,45.68081991215227
0.1,173.66958020554497,45.68081991215227
0.1,173.6838364066299,45.68081991215227
0.1,173.6980926077148,45.68081991215227
0.1,173.72660500988462,45.68081991215227
0.1,173.75511741205443,45.68081991215227
0.1,173.88595173112049,45.68081991215227
0.1,174.01678605018654,45.68081991215227
0.1,174.21739325677447,45.68081991215227
0.1,174.4180004633624,45.68081991215227
0.1,174.61860766995034,45.68081991215227
0.1,175.01581388357081,45.87603709126404
0.1,175.4130200971913,45.87603709126404
0.1,175.81022631081177,45.87603709126404
0.1,176.4107758317509,46.07125427037579
0.1,177.01132535269002,46.07125427037579
0.1,177.61187487362915,46.07125427037579
0.1,178.21242439456827,46.266471449487554
0.1,178.31422128063275,46.266471449487554
0.1,178.41601816669723,46.266471449487554
0.1,178.5178150527617,46.266471449487554
0.1,178.7214088248907,46.266471449487554
0.1,178.92500259701967,46.266471449487554
0.1,179.12859636914865,46.266471449487554
0.1,179.7349829781873,46.266471449487554
0.1,180.34136958722596,46.46168862859932
0.1,180.9477561962646,46.46168862859932
0.1,181.55414280530326,46.46168862859932
0.1,182.33878745146703,46.656905807711084
0.1,183.1234320976308,46.656905807711084
0.1,183.7517789331922,46.85212298682285
0.1,184.38012576875363,46.85212298682285
0.1,185.00847260431505,46.85212298682285
0.1,185.63681943987646,47.0473401659346
0.1,186.3723282028897,47.0473401659346
0.1,187.10783696590292,47.0473401659346
0.1,187.84334572891615,47.242557345046365
0.1,188.57885449192938,47.242557345046365
0.1,189.3143632549426,47.242557345046365
0.1,190.04987201795583,47.242557345046365
0.1,190.78538078096906,47.43777452415813
0.1,191.5208895439823,47.43777452415813
0.1,192.25639830699552,47.43777452415813
0.1,192.99190707000875,47.632991703269894
0.1,193.72741583302198,47.632991703269894
0.1,194.4629245960352,47.632991703269894
0.1,195.19843335904844,47.632991703269894
0.1,195.93394212206167,47.632991703269894
0.1,196.6694508850749,47.82820888238166
0.1,197.40495964808812,47.82820888238166
0.1,198.14046841110135,47.82820888238166
0.1,198.87597717411458,47.82820888238166
0.1,199.6114859371278,47.82820888238166
0.1,200.22047102687577,47.82820888238166
0.1,200.70536240527855,47.82820888238166
0.1,201.19025378368133,47.82820888238166
0.1,201.6751451620841,47.82820888238166
0.1,202.16003654048689,47.82820888238166
0.1,202.84834396465806,47.82820888238166
0.1,203.53665138882923,48.02342606149341
0.1,204.2249588130004,48.02342606149341
0.1,204.91326623717157,48.02342606149341
0.1,205.60157366134274,48.02342606149341
0.1,206.2898810855139,48.02342606149341
0.1,206.97818850968508,48.02342606149341
0.1,207.08602695091372,48.02342606149341
0.1,207.19386539214236,48.02342606149341
0.1,207.301703833371,48.02342606149341
0.1,207.51738071582827,48.02342606149341
0.1,207.73305759828554,48.02342606149341
0.1,208.04413913617904,48.02342606149341
0.1,208.35522067407254,48.02342606149341
0.1,208.66630221196604,48.02342606149341
0.1,209.05902284545385,48.02342606149341
0.1,209.45174347894167,48.02342606149341
0.1,209.84446411242948,48.02342606149341
0.1,210.2371847459173,48.02342606149341
0.1,210.6299053794051,48.02342606149341
0.1,211.0226260128929,48.02342606149341
0.1,211.35131100085474,48.218643240605175
0.1,211.67999598881656,48.218643240605175
0.1,212.00868097677838,48.218643240605175
0.1,212.45144310029414,48.218643240605175
0.1,212.8942052238099,48.218643240605175
0.1,213.33696734732567,48.218643240605175
0.1,213.77972947084143,48.41386041971694
0.1,214.2224915943572,48.41386041971694
0.1,214.57908257481375,48.41386041971694
0.1,214.9356735552703,48.41386041971694
0.1,215.29226453572687,48.41386041971694
0.1,215.8469588313547,48.60907759882869
0.1,216.30140415945914,48.60907759882869
0.1,216.75584948756358,48.60907759882869
0.1,217.21029481566802,48.60907759882869
0.1,217.74562268890367,48.804294777940456
0.1,218.2809505621393,48.804294777940456
0.1,218.81627843537495,48.99951195705222
0.1,219.3516063086106,48.99951195705222
0.1,219.88693418184624,48.99951195705222
0.1,220.4222620550819,49.194729136163986
0.1,220.95758992831753,49.194729136163986
0.1,221.49291780155318,49.194729136163986
0.1,222.02824567478882,49.38994631527575
0.1,222.56357354802446,49.38994631527575
0.1,223.0989014212601,49.5851634943875
0.1,223.53484696250098,49.5851634943875
0.1,223.97079250374185,49.5851634943875
0.1,224.40673804498272,49.780380673499266
0.1,224.8426835862236,49.780380673499266
0.1,225.27862912746446,49.780380673499266
0.1,225.71457466870532,49.97559785261103
0.1,226.1505202099462,49.97559785261103
0.1,226.58646575118706,50.170815031722796
0.1,227.02241129242793,50.170815031722796
0.1,227.4583568336688,50.170815031722796
0.1,227.89430237490967,50.36603221083456
0.1,228.33024791615054,50.36603221083456
0.1,228.7661934573914,50.36603221083456
0.1,229.2548039587582,50.56124938994631
0.1,229.743414460125,50.56124938994631
0.1,230.2320249614918,50.75646656905808
0.1,230.72063546285858,50.75646656905808
0.1,231.20924596422537,50.75646656905808
0.1,231.69785646559217,50.95168374816984
0.1,232.18646696695896,50.95168374816984
0.1,232.7242185966099,51.14690092728161
0.1,233.26197022626081,51.14690092728161
0.1,233.79972185591174,51.34211810639337
0.1,234.33747348556267,51.34211810639337
0.1,234.8752251152136,51.53733528550512
0.1,235.41297674486452,51.53733528550512
0.1,235.95072837451545,51.73255246461689
0.1,236.48848000416638,51.73255246461689
0.1,237.0262316338173,51.73255246461689
0.1,237.56398326346823,51.92776964372865
0.1,238.10173489311916,51.92776964372865
0.1,238.63948652277008,52.1229868228404
0.1,239.177238152421,52.1229868228404
0.1,239.71498978207194,52.31820400195217
0.1,240.25274141172287,52.31820400195217
0.1,240.7904930413738,52.51342118106393
0.1,241.32824467102472,52.51342118106393
0.1,241.86599630067565,52.7086383601757
0.1,242.40374793032657,52.7086383601757
0.1,242.9414995599775,52.90385553928746
0.1,243.47925118962843,52.90385553928746
0.1,244.01700281927936,53.09907271839921
0.1,244.55475444893028,53.09907271839921
0.1,245.0925060785812,53.29428989751098
0.1,245.63025770823214,53.29428989751098
0.1,246.16800933788306,53.29428989751098
0.1,246.705760967534,53.48950707662274
0.1,247.24351259718492,53.48950707662274
0.1,247.78126422683584,53.68472425573451
0.1,248.31901585648677,53.68472425573451
0.1,248.8567674861377,53.87994143484627
0.1,249.39451911578863,53.87994143484627
0.1,249.93227074543955,54.075158613958024
0.1,250.47002237509048,54.075158613958024
0.1,251.0077740047414,54.27037579306979
0.1,251.54552563439233,54.27037579306979
0.1,252.08327726404326,54.465592972181554
0.1,252.6210288936942,54.465592972181554
0.1,253.15878052334511,54.66081015129332
0.1,253.69653215299604,54.66081015129332
0.1,254.23428378264697,54.856027330405084
0.1,254.7720354122979,54.856027330405084
0.1,255.30978704194882,55.051244509516835
0.1,255.84753867159975,55.051244509516835
0.1,256.3852903012507,55.2464616886286
0.1,256.9230419309016,55.2464616886286
0.1,257.46079356055253,55.441678867740364
0.1,257.99854519020346,55.441678867740364
0.1,258.5362968198544,55.441678867740364
0.1,259.0740484495053,55.63689604685213
0.1,259.61180007915624,55.63689604685213
0.1,260.14955170880717,55.832113225963894
0.1,260.6873033384581,55.832113225963894
0.1,261.225054968109,56.027330405075645
0.1,261.76280659775995,56.027330405075645
0.1,262.3005582274109,56.222547584187396
0.1,262.8383098570618,56.222547584187396
0.1,263.37606148671273,56.41776476329919
0.1,263.91381311636366,56.41776476329919
0.1,264.4515647460146,56.61298194241094
0.1,264.86690838897806,56.61298194241094
0.1,265.2041154886253,56.61298194241094
0.1,265.5413225882725,56.80819912152269
0.1,265.87852968791975,56.80819912152269
0.1,266.215736787567,56.80819912152269
0.1,266.66202268265005,57.003416300634456
0.1,267.1083085777331,57.003416300634456
0.1,267.5545944728162,57.198633479746206
0.1,268.00088036789924,57.198633479746206
0.1,268.4471662629823,57.198633479746206
0.1,268.8168746448296,57.393850658858
0.1,269.18658302667694,57.393850658858
0.1,269.55629140852426,57.393850658858
0.1,269.9259997903716,57.58906783796975
0.1,270.33545295735405,57.58906783796975
0.1,270.7449061243365,57.58906783796975
0.1,271.154359291319,57.7842850170815
0.1,271.56381245830147,57.7842850170815
0.1,272.020008860655,57.7842850170815
0.1,272.4762052630086,57.979502196193266
0.1,272.93240166536214,57.979502196193266
0.1,273.3885980677157,58.17471937530502
0.1,273.7582626245474,58.17471937530502
0.1,274.1279271813791,58.17471937530502
0.1,274.4975917382108,58.36993655441678
0.1,274.8672562950425,58.36993655441678
0.1,275.29756810067965,58.36993655441678
0.1,275.7278799063168,58.56515373352856
0.1,276.1581917119539,58.56515373352856
0.1,276.58850351759105,58.76037091264031
0.1,277.0188153232282,58.76037091264031
0.1,277.4491271288653,58.76037091264031
0.1,277.87943893450245,58.95558809175208
0.1,278.3097507401396,58.95558809175208
0.1,278.7400625457767,59.15080527086383
0.1,279.17037435141384,59.15080527086383
0.1,279.600686157051,59.15080527086383
0.1,280.0309979626881,59.34602244997559
0.1,280.46130976832524,59.34602244997559
0.1,280.94719062849464,59.34602244997559
0.1,281.43307148866404,59.54123962908737
0.1,281.91895234883344,59.54123962908737
0.1,282.40483320900285,59.73645680819912
0.1,282.89071406917225,59.73645680819912
0.1,283.37659492934165,59.93167398731089
0.1,283.86247578951105,59.93167398731089
0.1,284.34835664968045,60.12689116642264
0.1,284.83423750984986,60.12689116642264
0.1,285.32011837001926,60.12689116642264
0.1,285.80599923018866,60.3221083455344
0.1,286.29188009035806,60.3221083455344
0.1,286.77776095052747,60.51732552464618
0.1,287.26364181069687,60.51732552464618
0.1,287.74952267086627,60.71254270375793
0.1,288.2354035310357,60.71254270375793
0.1,288.7212843912051,60.71254270375793
0.1,289.2071652513745,60.9077598828697
0.1,289.6930461115439,60.9077598828697
0.1,290.1789269717133,61.10297706198145
0.1,290.6648078318827,61.10297706198145
0.1,291.1506886920521,61.2981942410932
0.1,291.68824221454474,61.2981942410932
0.1,292.2257957370374,61.49341142020499
0.1,292.76334925953006,61.49341142020499
0.1,293.3009027820227,61.68862859931674
0.1,293.8384563045154,61.68862859931674
0.1,294.37600982700803,61.68862859931674
0.1,294.9135633495007,61.88384577842851
0.1,295.45111687199335,61.88384577842851
0.1,295.988670394486,62.07906295754026
0.1,296.52622391697867,62.07906295754026
0.1,297.0637774394713,62.27428013665201
0.1,297.601330961964,62.27428013665201
0.1,298.13888448445664,62.4694973157638
0.1,298.6764380069493,62.4694973157638
0.1,299.21399152944196,62.664714494875554
0.1,299.7515450519346,62.664714494875554
0.1,300.28909857442727,62.85993167398732
0.1,300.82665209691993,62.85993167398732
0.1,301.3642056194126,63.05514885309907
0.1,301.778342884782,63.05514885309907
0.1,302.1133703234742,63.05514885309907
0.1,302.44839776216645,63.25036603221082
0.1,302.7834252008587,63.25036603221082
0.1,303.1184526395509,63.25036603221082
0.1,303.56077215072975,63.445583211322614
0.1,304.00309166190857,63.445583211322614
0.1,304.4454111730874,63.640800390434364
0.1,304.8877306842662,63.640800390434364
0.1,305.33005019544504,63.640800390434364
0.1,305.77236970662386,63.83601756954613
0.1,306.2146892178027,63.83601756954613
0.1,306.6570087289815,63.83601756954613
0.1,307.09932824016033,64.03123474865788
0.1,307.54164775133916,64.03123474865788
0.1,308.0707417154617,64.22645192776963
0.1,308.5998356795842,64.22645192776963
0.1,309.1289296437067,64.42166910688142
0.1,309.65802360782925,64.42166910688142
0.1,310.1871175719518,64.61688628599317
0.1,310.7162115360743,64.61688628599317
0.1,311.2453055001968,64.81210346510493
0.1,311.77439946431934,64.81210346510493
0.1,312.30349342844187,65.00732064421669
0.1,312.8325873925644,65.00732064421669
0.1,313.3616813566869,65.00732064421669
0.1,313.89077532080944,65.20253782332844
0.1,314.41986928493196,65.20253782332844
0.1,314.9489632490545,65.39775500244023
0.1,315.478057213177,65.39775500244023
0.1,316.00715117729953,65.59297218155199
0.1,316.53624514142206,65.59297218155199
0.1,317.0653391055446,65.78818936066374
0.1,317.5944330696671,65.78818936066374
0.1,318.1235270337896,65.9834065397755
0.1,318.65262099791215,65.9834065397755
0.1,319.1817149620347,66.17862371888725
0.1,319.7108089261572,66.17862371888725
0.1,320.2399028902797,66.37384089799905
0.1,320.76899685440225,66.37384089799905
0.1,321.29809081852477,66.5690580771108
0.1,321.8271847826473,66.5690580771108
0.1,322.3562787467698,66.76427525622255
0.1,322.768193437552,66.76427525622255
0.1,323.18010812833415,66.76427525622255
0.1,323.5920228191163,66.95949243533431
0.1,324.0039375098985,66.95949243533431
0.1,324.41585220068066,66.95949243533431
0.1,324.82776689146283,67.15470961444606
0.1,325.239681582245,67.15470961444606
0.1,325.70490158055287,67.34992679355783
0.1,326.17012157886074,67.34992679355783
0.1,326.6353415771686,67.34992679355783
0.1,327.1005615754765,67.5451439726696
0.1,327.56578157378436,67.5451439726696
0.1,328.03100157209224,67.74036115178136
0.1,328.4962215704001,67.74036115178136
0.1,328.961441568708,67.74036115178136
0.1,329.42666156701586,67.93557833089312
0.1,329.89188156532373,67.93557833089312
0.1,330.3571015636316,68.13079551000487
0.1,330.8223215619395,68.13079551000487
0.1,331.28754156024735,68.32601268911664
0.1,331.7527615585552,68.32601268911664
0.1,332.2179815568631,68.32601268911664
0.1,332.68320155517097,68.52122986822842
0.1,333.14842155347884,68.52122986822842
0.1,333.6136415517867,68.71644704734017
0.1,334.0788615500946,68.71644704734017
0.1,334.54408154840246,68.71644704734017
0.1,334.6243871129546,68.91166422645193
0.1,334.7046926775067,68.91166422645193
0.1,334.78499824205886,68.91166422645193
0.1,334.865303806611,68.91166422645193
0.1,335.02591493571526,68.91166422645193
0.1,335.18652606481953,68.91166422645193
0.1,335.3471371939238,68.91166422645193
0.1,335.6508077281659,68.91166422645193
0.1,335.954478262408,69.10688140556368
0.1,336.25814879665006,69.10688140556368
0.1,336.56181933089215,69.10688140556368
0.1,337.05217600129254,69.30209858467543
0.1,337.5425326716929,69.30209858467543
0.1,338.0328893420933,69.49731576378723
0.1,338.5232460124937,69.49731576378723
0.1,339.0136026828941,69.49731576378723
0.1,339.5039593532945,69.69253294289898
0.1,339.99431602369486,69.69253294289898
0.1,340.48467269409525,69.88775012201074
0.1,340.97502936449564,69.88775012201074
0.1,341.465386034896,70.0829673011225
0.1,341.9557427052964,70.0829673011225
0.1,342.4460993756968,70.27818448023424
0.1,342.9364560460972,70.27818448023424
0.1,343.4268127164976,70.27818448023424
0.1,343.91716938689797,70.47340165934604
0.1,344.40752605729836,70.47340165934604
0.1,344.89788272769874,70.66861883845779
0.1,345.38823939809913,70.66861883845779
0.1,345.8785960684995,70.86383601756955
0.1,346.3689527388999,70.86383601756955
0.1,346.8593094093003,70.86383601756955
0.1,347.3496660797007,71.0590531966813
0.1,347.84002275010107,71.0590531966813
0.1,348.33037942050146,71.25427037579306
0.1,348.82073609090185,71.25427037579306
0.1,349.31109276130223,71.44948755490485
0.1,349.8014494317026,71.44948755490485
0.1,350.291806102103,71.6447047340166
0.1,350.7821627725034,71.6447047340166
0.1,351.2725194429038,71.6447047340166
0.1,351.7628761133042,71.83992191312836
0.1,352.25323278370456,71.83992191312836
0.1,352.74358945410495,72.03513909224012
0.1,353.23394612450534,72.03513909224012
0.1,353.7243027949057,72.23035627135187
0.1,354.2146594653061,72.23035627135187
0.1,354.7050161357065,72.23035627135187
0.1,355.1953728061069,72.42557345046365
0.1,355.6857294765073,72.42557345046365
0.1,356.17608614690766,72.62079062957541
0.1,356.66644281730805,72.62079062957541
0.1,357.15679948770844,72.81600780868717
0.1,357.6471561581088,72.81600780868717
0.1,358.1375128285092,73.01122498779893
0.1,358.6278694989096,73.01122498779893
0.1,359.11822616931,73.01122498779893
0.1,359.6085828397104,73.20644216691068
0.1,360.09893951011077,73.20644216691068
0.1,360.58929618051116,73.40165934602246
0.1,361.07965285091154,73.40165934602246
0.1,361.57000952131193,73.59687652513422
0.1,362.0603661917123,73.59687652513422
0.1,362.5507228621127,73.59687652513422
0.1,363.0410795325131,73.79209370424599
0.1,363.5314362029135,73.79209370424599
0.1,364.02179287331387,73.98731088335774
0.1,364.51214954371426,73.98731088335774
0.1,365.00250621411465,74.18252806246949
0.1,365.49286288451503,74.18252806246949
0.1,365.9832195549154,74.37774524158127
0.1,366.4735762253158,74.37774524158127
0.1,366.9639328957162,74.37774524158127
0.1,367.4542895661166,74.57296242069303
0.1,367.944646236517,74.57296242069303
0.1,368.43500290691736,74.7681795998048
0.1,368.92535957731775,74.7681795998048
0.1,369.41571624771814,74.96339677891655
0.1,369.9060729181185,74.96339677891655
0.1,370.3964295885189,75.1586139580283
0.1,370.8867862589193,75.1586139580283
0.1,371.3771429293197,75.1586139580283
0.1,371.8674995997201,75.35383113714005
0.1,372.35785627012046,75.35383113714005
0.1,372.84821294052085,75.54904831625184
0.1,373.33856961092124,75.54904831625184
0.1,373.8289262813216,75.7442654953636
0.1,374.319282951722,75.7442654953636
0.1,374.8096396221224,75.7442654953636
0.1,375.2999962925228,75.93948267447536
0.1,375.7903529629232,75.93948267447536
0.1,376.28070963332357,76.13469985358711
0.1,376.77106630372396,76.13469985358711
0.1,377.26142297412434,76.32991703269886
0.1,377.75177964452473,76.32991703269886
0.1,378.2421363149251,76.52513421181065
0.1,378.7324929853255,76.52513421181065
0.1,379.2228496557259,76.52513421181065
0.1,379.7132063261263,76.72035139092242
0.1,380.20356299652667,76.72035139092242
0.1,380.69391966692706,76.91556857003417
0.1,381.18427633732745,76.91556857003417
0.1,381.67463300772783,77.11078574914592
0.1,382.1649896781282,77.11078574914592
0.1,382.6553463485286,77.11078574914592
0.1,383.145703018929,77.30600292825767
0.1,383.6360596893294,77.30600292825767
0.1,384.1264163597298,77.50122010736946
0.1,384.61677303013016,77.50122010736946
0.1,385.10712970053055,77.69643728648123
0.1,385.59748637093094,77.69643728648123
0.1,386.0878430413313,77.89165446559298
0.1,386.5781997117317,77.89165446559298
0.1,387.0685563821321,77.89165446559298
0.1,387.5589130525325,78.08687164470473
0.1,388.0492697229329,78.08687164470473
0.1,388.53962639333326,78.28208882381648
0.1,389.02998306373365,78.28208882381648
0.1,389.52033973413404,78.47730600292827
0.1,390.01069640453443,78.47730600292827
0.1,390.5010530749348,78.47730600292827
0.1,390.9914097453352,78.67252318204002
0.1,391.4817664157356,78.67252318204002
0.1,391.972123086136,78.86774036115179
0.1,392.46247975653637,78.86774036115179
0.1,392.95283642693676,79.06295754026354
0.1,393.44319309733714,79.06295754026354
0.1,393.93354976773753,79.25817471937529
0.1,394.4239064381379,79.25817471937529
0.1,394.9142631085383,79.25817471937529
0.1,395.4046197789387,79.45339189848708
0.1,395.8949764493391,79.45339189848708
0.1,396.38533311973947,79.64860907759883
0.1,396.87568979013986,79.64860907759883
0.1,397.36604646054025,79.8438262567106
0.1,397.85640313094063,79.8438262567106
0.1,398.346759801341,80.03904343582235
0.1,398.8371164717414,80.03904343582235
0.1,399.3274731421418,80.03904343582235
0.1,399.8178298125422,80.2342606149341
0.1,400.3081864829426,80.2342606149341
0.1,400.79854315334296,80.42947779404588
0.1,401.28889982374335,80.42947779404588
0.1,401.77925649414374,80.62469497315764
0.1,402.2696131645441,80.62469497315764
0.1,402.7599698349445,80.62469497315764
0.1,403.2503265053449,80.81991215226941
0.1,403.7406831757453,80.81991215226941
0.1,404.2310398461457,81.01512933138116
0.1,404.72139651654606,81.01512933138116
0.1,405.21175318694645,81.21034651049291
0.1,405.70210985734684,81.21034651049291
0.1,406.19246652774723,81.40556368960469
0.1,406.6828231981476,81.40556368960469
0.1,407.173179868548,81.40556368960469
0.1,407.6635365389484,81.60078086871646
0.1,408.1538932093488,81.60078086871646
0.1,408.64424987974917,81.79599804782822
0.1,409.13460655014956,81.79599804782822
0.1,409.62496322054994,81.99121522693997
0.1,410.11531989095033,81.99121522693997
0.1,410.6056765613507,81.99121522693997
0.1,411.0960332317511,82.18643240605172
0.1,411.5863899021515,82.18643240605172
0.1,412.0767465725519,82.3816495851635
0.1,412.56710324295227,82.3816495851635
0.1,413.05745991335266,82.57686676427527
0.1,413.54781658375305,82.57686676427527
0.1,414.03817325415343,82.77208394338703
0.1,414.5285299245538,82.77208394338703
0.1,415.0188865949542,82.77208394338703
0.1,415.5092432653546,82.96730112249878
0.1,415.999599935755,82.96730112249878
0.1,416.4899566061554,83.16251830161053
0.1,416.98031327655576,83.16251830161053
0.1,417.47066994695615,83.35773548072228
0.1,417.96102661735654,83.35773548072228
0.1,418.4513832877569,83.35773548072228
0.1,418.9417399581573,83.55295265983408
0.1,419.4320966285577,83.55295265983408
0.1,419.9224532989581,83.74816983894584
0.1,420.4128099693585,83.74816983894584
0.1,420.90316663975887,83.94338701805759
0.1,421.39352331015925,83.94338701805759
0.1,421.88387998055964,84.13860419716934
0.1,422.37423665096003,84.13860419716934
0.1,422.8645933213604,84.13860419716934
0.1,423.3549499917608,84.3338213762811
0.1,423.8453066621612,84.3338213762811
0.1,424.3356633325616,84.52903855539289
0.1,424.82602000296197,84.52903855539289
0.1,425.31637667336236,84.72425573450465
0.1,425.80673334376274,84.72425573450465
0.1,426.29709001416313,84.72425573450465
0.1,426.7874466845635,84.9194729136164
0.1,427.2778033549639,84.9194729136164
0.1,427.7681600253643,85.11469009272815
0.1,428.2585166957647,85.11469009272815
0.1,428.74887336616507,85.3099072718399
0.1,429.23923003656546,85.3099072718399
0.1,429.72958670696585,85.5051244509517
0.1,430.21994337736623,85.5051244509517
0.1,430.7103000477666,85.5051244509517
0.1,431.200656718167,85.70034163006346
0.1,431.6910133885674,85.70034163006346
0.1,432.1813700589678,85.89555880917521
0.1,432.6717267293682,85.89555880917521
0.1,433.16208339976856,86.09077598828696
0.1,433.65244007016895,86.09077598828696
0.1,434.14279674056934,86.09077598828696
0.1,434.6331534109697,86.28599316739871
0.1,435.1235100813701,86.28599316739871
0.1,435.6138667517705,86.48121034651051
0.1,436.1861561611719,86.48121034651051
0.1,436.75844557057326,86.67642752562226
0.1,437.33073497997464,86.67642752562226
0.1,437.8003460731924,86.87164470473402
0.1,438.2699571664101,86.87164470473402
0.1,438.73956825962784,87.06686188384577
0.1,439.2091793528456,87.06686188384577
0.1,439.6787904460633,87.06686188384577
0.1,440.14840153928105,87.26207906295753
0.1,440.6180126324988,87.26207906295753
0.1,441.0876237257165,87.45729624206932
0.1,441.55723481893426,87.45729624206932
0.1,442.026845912152,87.65251342118107
0.1,442.49645700536973,87.65251342118107
0.1,442.96606809858747,87.65251342118107
0.1,443.4356791918052,87.84773060029283
0.1,443.90529028502294,87.84773060029283
0.1,444.3749013782407,88.04294777940459
0.1,444.8445124714584,88.04294777940459
0.1,445.31412356467615,88.04294777940459
0.1,445.7837346578939,88.23816495851634
0.1,446.2533457511116,88.23816495851634
0.1,446.72295684432936,88.43338213762813
0.1,447.1925679375471,88.43338213762813
0.1,447.66217903076483,88.62859931673988
0.1,448.13179012398257,88.62859931673988
0.1,448.6014012172003,88.62859931673988
0.1,449.07101231041804,88.82381649585164
0.1,449.5406234036358,88.82381649585164
0.1,450.0102344968535,89.0190336749634
0.1,450.47984559007125,89.0190336749634
0.1,450.949456683289,89.0190336749634
0.1,451.4190677765067,89.21425085407515
0.1,451.88867886972446,89.21425085407515
0.1,452.3582899629422,89.40946803318693
0.1,452.82790105615993,89.40946803318693
0.1,453.2113930679049,89.60468521229869
0.1,453.5948850796499,89.60468521229869
0.1,453.97837709139486,89.60468521229869
0.1,454.36186910313984,89.79990239141046
0.1,454.7453611148848,89.79990239141046
0.1,455.1288531266298,89.79990239141046
0.1,455.51234513837477,89.9951195705222
0.1,455.95275251651987,89.9951195705222
0.1,456.39315989466496,89.9951195705222
0.1,456.83356727281006,90.19033674963396
0.1,457.27397465095515,90.19033674963396
0.1,457.71438202910025,90.38555392874574
0.1,458.15478940724535,90.38555392874574
0.1,458.59519678539044,90.38555392874574
0.1,458.9218727761041,90.5807711078575
0.1,459.2485487668178,90.5807711078575
0.1,459.5752247575315,90.5807711078575
0.1,459.90190074824517,90.5807711078575
0.1,460.28897376789143,90.77598828696927
0.1,460.6760467875377,90.77598828696927
0.1,461.06311980718397,90.97120546608102
0.1,461.45019282683023,90.97120546608102
0.1,461.8372658464765,90.97120546608102
0.1,462.22433886612276,91.16642264519277
0.1,462.61141188576903,91.16642264519277
0.1,463.062661158461,91.16642264519277
0.1,463.513910431153,91.36163982430455
0.1,463.965159703845,91.36163982430455
0.1,464.416408976537,91.55685700341631
0.1,464.867658249229,91.55685700341631
0.1,465.318907521921,91.55685700341631
0.1,465.770156794613,91.75207418252808
0.1,466.221406067305,91.75207418252808
0.1,466.5815258892965,91.75207418252808
0.1,466.94164571128795,91.94729136163983
0.1,467.3017655332794,91.94729136163983
0.1,467.6618853552709,91.94729136163983
0.1,468.07115005686853,92.14250854075158
0.1,468.48041475846617,92.14250854075158
0.1,468.8896794600638,92.14250854075158
0.1,469.29894416166144,92.33772571986333
0.1,469.7082088632591,92.33772571986333
0.1,470.1174735648567,92.53294289897512
0.1,470.52673826645434,92.53294289897512
0.1,470.936002968052,92.53294289897512
0.1,471.3452676696496,92.72816007808689
0.1,471.75453237124725,92.72816007808689
0.1,472.17732440270544,92.72816007808689
0.1,472.6001164341636,92.92337725719864
0.1,473.0229084656218,92.92337725719864
0.1,473.44570049708,93.11859443631039
0.1,473.8684925285382,93.11859443631039
0.1,474.29128455999637,93.11859443631039
0.1,474.35574097688203,93.11859443631039
0.1,474.367141858576,93.11859443631039
0.1,474.37854274027,93.11859443631039
0.1,474.389943621964,93.11859443631039
0.1,474.41274538535197,93.11859443631039
0.1,474.43554714873994,93.11859443631039
0.1,474.53717164610447,93.31381161542214
0.1,474.638796143469,93.31381161542214
0.1,474.77779574417787,93.31381161542214
0.1,474.91679534488674,93.31381161542214
0.1,475.0557949455956,93.31381161542214
0.1,475.28872752888003,93.31381161542214
0.1,475.52166011216445,93.31381161542214
0.1,475.7545926954489,93.50902879453393
0.1,476.0975301009457,93.50902879453393
0.1,476.4404675064425,93.50902879453393
0.1,476.7834049119393,93.7042459736457
0.1,477.12634231743607,93.7042459736457
0.1,477.46927972293287,93.7042459736457
0.1,477.81221712842967,93.7042459736457
0.1,478.15515453392646,93.89946315275745
0.1,478.49809193942326,93.89946315275745
0.1,478.84102934492006,93.89946315275745
0.1,479.18396675041686,94.0946803318692
0.1,479.5654876975442,94.0946803318692
0.1,479.94700864467154,94.0946803318692
0.1,480.3285295917989,94.28989751098095
0.1,480.7100505389262,94.28989751098095
0.1,481.09157148605357,94.28989751098095
0.1,481.4730924331809,94.48511469009274
0.1,481.85461338030825,94.48511469009274
0.1,482.2985864800403,94.48511469009274
0.1,482.7425595797723,94.68033186920451
0.1,483.18653267950435,94.68033186920451
0.1,483.6305057792364,94.87554904831626
0.1,484.0744788789684,94.87554904831626
0.1,484.51845197870045,94.87554904831626
0.1,484.9624250784325,95.07076622742801
0.1,485.4063981781645,95.07076622742801
0.1,485.7653828893915,95.26598340653976
0.1,486.1243676006185,95.26598340653976
0.1,486.48335231184547,95.26598340653976
0.1,486.84233702307245,95.26598340653976
0.1,487.24889255790504,95.46120058565155
0.1,487.65544809273763,95.46120058565155
0.1,488.0620036275702,95.6564177647633
0.1,488.4685591624028,95.6564177647633
0.1,488.8751146972354,95.6564177647633
0.1,489.281670232068,95.85163494387507
0.1,489.6882257669006,95.85163494387507
0.1,490.0947813017332,95.85163494387507
0.1,490.50133683656577,96.04685212298682
0.1,490.90789237139836,96.04685212298682
0.1,491.4091788608546,96.24206930209857
0.1,491.9104653503108,96.24206930209857
0.1,492.411751839767,96.24206930209857
0.1,492.91303832922324,96.43728648121036
0.1,493.41432481867946,96.43728648121036
0.1,493.9156113081357,96.63250366032212
0.1,494.4168977975919,96.63250366032212
0.1,494.9181842870481,96.82772083943388
0.1,495.41947077650434,96.82772083943388
0.1,495.92075726596056,97.02293801854563
0.1,496.4220437554168,97.02293801854563
0.1,496.923330244873,97.02293801854563
0.1,497.4246167343292,97.21815519765738
0.1,497.92590322378544,97.21815519765738
0.1,498.42718971324166,97.41337237676916
0.1,498.9284762026979,97.41337237676916
0.1,499.4297626921541,97.60858955588093
0.1,499.9310491816103,97.60858955588093
0.1,500.43233567106654,97.80380673499269
0.1,500.93362216052276,97.80380673499269
0.1,501.434908649979,97.80380673499269
0.1,501.9361951394352,97.99902391410444
0.1,502.4374816288914,97.99902391410444
0.1,502.93876811834764,98.19424109321619
0.1,503.44005460780386,98.19424109321619
0.1,503.9413410972601,98.38945827232797
0.1,504.4426275867163,98.38945827232797
0.1,504.9439140761725,98.58467545143974
0.1,505.44520056562874,98.58467545143974
0.1,505.94648705508496,98.58467545143974
0.1,506.4477735445412,98.7798926305515
0.1,506.9490600339974,98.7798926305515
0.1,507.4503465234536,98.97510980966325
0.1,507.95163301290984,98.97510980966325
0.1,508.45291950236606,99.170326988775
0.1,508.9542059918223,99.170326988775
0.1,509.4554924812785,99.36554416788678
0.1,509.9567789707347,99.36554416788678
0.1,510.45806546019094,99.56076134699855
0.1,510.95935194964716,99.56076134699855
0.1,511.4606384391034,99.56076134699855
0.1,511.9619249285596,99.75597852611031
0.1,512.4632114180158,99.75597852611031
0.1,512.964497907472,99.95119570522206
0.1,513.4657843969283,99.95119570522206
0.1,513.9670708863845,100.14641288433381
0.1,514.4683573758407,100.14641288433381
0.1,514.9696438652969,100.34163006344556
0.1,515.4709303547531,100.34163006344556
0.1,515.9722168442094,100.34163006344556
0.1,516.4735033336656,100.53684724255736
0.1,516.9747898231218,100.53684724255736
0.1,517.476076312578,100.73206442166912
0.1,517.9773628020342,100.73206442166912
0.1,518.4786492914905,100.92728160078087
0.1,518.9799357809467,100.92728160078087
0.1,519.4812222704029,101.12249877989262
0.1,519.9825087598591,101.12249877989262
0.1,520.4837952493153,101.12249877989262
0.1,520.9850817387716,101.31771595900437
0.1,521.4863682282278,101.31771595900437
0.1,521.987654717684,101.51293313811617
0.1,522.4889412071402,101.51293313811617
0.1,522.9902276965964,101.70815031722793
0.1,523.4915141860527,101.70815031722793
0.1,523.9928006755089,101.90336749633968
0.1,524.4940871649651,101.90336749633968
0.1,524.9953736544213,101.90336749633968
0.1,525.4966601438775,102.09858467545143
0.1,525.9979466333338,102.09858467545143
0.1,526.49923312279,102.29380185456318
0.1,527.0005196122462,102.29380185456318
0.1,527.5018061017024,102.48901903367498
0.1,528.0030925911586,102.48901903367498
0.1,528.5043790806149,102.68423621278674
0.1,529.0056655700711,102.68423621278674
0.1,529.5069520595273,102.68423621278674
0.1,530.0082385489835,102.8794533918985
0.1,530.5095250384397,102.8794533918985
0.1,531.010811527896,103.07467057101024
0.1,531.5120980173522,103.07467057101024
0.1,532.0133845068084,103.269887750122
0.1,532.5146709962646,103.269887750122
0.1,533.0159574857208,103.46510492923379
0.1,533.517243975177,103.46510492923379
0.1,534.0185304646333,103.46510492923379
0.1,534.5198169540895,103.66032210834554
0.1,535.0211034435457,103.66032210834554
0.1,535.5223899330019,103.8555392874573
0.1,536.0236764224582,103.8555392874573
0.1,536.5249629119144,104.05075646656906
0.1,537.0262494013706,104.05075646656906
0.1,537.5275358908268,104.2459736456808
0.1,538.028822380283,104.2459736456808
0.1,538.5301088697393,104.2459736456808
0.1,539.0313953591955,104.4411908247926
0.1,539.5326818486517,104.4411908247926
0.1,540.0339683381079,104.63640800390435
0.1,540.5352548275641,104.63640800390435
0.1,541.0365413170204,104.83162518301611
0.1,541.5378278064766,104.83162518301611
0.1,542.0391142959328,105.02684236212787
0.1,542.540400785389,105.02684236212787
0.1,543.0416872748452,105.02684236212787
0.1,543.5429737643015,105.22205954123962
0.1,544.0442602537577,105.22205954123962
0.1,544.5455467432139,105.4172767203514
0.1,545.0468332326701,105.4172767203514
0.1,545.5481197221263,105.61249389946316
0.1,546.0494062115825,105.61249389946316
0.1,546.5506927010388,105.80771107857493
0.1,547.051979190495,105.80771107857493
0.1,547.5532656799512,105.80771107857493
0.1,548.0545521694074,106.00292825768668
0.1,548.5558386588636,106.00292825768668
0.1,549.0571251483199,106.19814543679843
0.1,549.5584116377761,106.19814543679843
0.1,550.0596981272323,106.3933626159102
0.1,550.5609846166885,106.3933626159102
0.1,551.0622711061447,106.58857979502197
0.1,551.563557595601,106.58857979502197
0.1,552.0648440850572,106.58857979502197
0.1,552.5661305745134,106.78379697413374
0.1,553.0674170639696,106.78379697413374
0.1,553.5687035534258,106.97901415324549
0.1,554.0699900428821,106.97901415324549
0.1,554.5712765323383,107.17423133235724
0.1,555.0725630217945,107.17423133235724
0.1,555.5738495112507,107.36944851146902
0.1,556.075136000707,107.36944851146902
0.1,556.5764224901632,107.36944851146902
0.1,557.0777089796194,107.56466569058078
0.1,557.5789954690756,107.56466569058078
0.1,558.0802819585318,107.75988286969255
0.1,558.581568447988,107.75988286969255
0.1,559.0828549374443,107.9551000488043
0.1,559.5841414269005,107.9551000488043
0.1,560.0854279163567,108.15031722791605
0.1,560.5867144058129,108.15031722791605
0.1,561.0880008952691,108.15031722791605
0.1,561.5892873847254,108.3455344070278
0.1,562.0905738741816,108.3455344070278
0.1,562.5918603636378,108.54075158613959
0.1,563.093146853094,108.54075158613959
0.1,563.5944333425502,108.73596876525136
0.1,564.0957198320065,108.73596876525136
0.1,564.5970063214627,108.93118594436311
0.1,565.0982928109189,108.93118594436311
0.1,565.5995793003751,108.93118594436311
0.1,566.1008657898313,109.12640312347486
0.1,566.6021522792876,109.12640312347486
0.1,567.1034387687438,109.32162030258661
0.1,567.6047252582,109.32162030258661
0.1,568.1060117476562,109.5168374816984
0.1,568.6072982371124,109.5168374816984
0.1,569.1085847265687,109.5168374816984
0.1,569.6098712160249,109.71205466081017
0.1,570.1111577054811,109.71205466081017
0.1,570.6124441949373,109.90727183992192
0.1,571.1137306843935,109.90727183992192
0.1,571.6150171738498,110.10248901903367
0.1,572.116303663306,110.10248901903367
0.1,572.6175901527622,110.29770619814542
0.1,573.1188766422184,110.29770619814542
0.1,573.6201631316746,110.29770619814542
0.1,574.1214496211309,110.49292337725721
0.1,574.6227361105871,110.49292337725721
0.1,575.1240226000433,110.68814055636898
0.1,575.6253090894995,110.68814055636898
0.1,576.1265955789557,110.88335773548073
0.1,576.627882068412,110.88335773548073
0.1,577.1291685578682,111.07857491459248
0.1,577.6304550473244,111.07857491459248
0.1,578.1317415367806,111.07857491459248
0.1,578.6330280262368,111.27379209370423
0.1,579.1343145156931,111.27379209370423
0.1,579.6356010051493,111.46900927281602
0.1,580.1368874946055,111.46900927281602
0.1,580.6381739840617,111.66422645192777
0.1,581.1394604735179,111.66422645192777
0.1,581.6407469629742,111.85944363103954
0.1,582.1420334524304,111.85944363103954
0.1,582.6433199418866,111.85944363103954
0.1,583.1446064313428,112.05466081015129
0.1,583.645892920799,112.05466081015129
0.1,584.1471794102553,112.24987798926304
0.1,584.6484658997115,112.24987798926304
0.1,585.1497523891677,112.44509516837483
0.1,585.6510388786239,112.44509516837483
0.1,586.1523253680801,112.64031234748659
0.1,586.6536118575364,112.64031234748659
0.1,587.1548983469926,112.64031234748659
0.1,587.6561848364488,112.83552952659835
0.1,588.157471325905,112.83552952659835
0.1,588.6587578153612,113.0307467057101
0.1,589.1600443048175,113.0307467057101
0.1,589.6613307942737,113.22596388482185
0.1,590.1626172837299,113.22596388482185
0.1,590.6639037731861,113.22596388482185
0.1,591.1651902626423,113.42118106393364
0.1,591.6664767520986,113.42118106393364
0.1,592.1677632415548,113.6163982430454
0.1,592.669049731011,113.6163982430454
0.1,593.1703362204672,113.81161542215716
0.1,593.6716227099234,113.81161542215716
0.1,594.1729091993797,114.00683260126891
0.1,594.6741956888359,114.00683260126891
0.1,595.1754821782921,114.00683260126891
0.1,595.6767686677483,114.20204978038066
0.1,596.1780551572045,114.20204978038066
0.1,596.6793416466608,114.39726695949244
0.1,597.180628136117,114.39726695949244
0.1,597.6819146255732,114.5924841386042
0.1,598.1832011150294,114.5924841386042
0.1,598.6844876044856,114.78770131771597
0.1,599.1857740939419,114.78770131771597
0.1,599.6870605833981,114.78770131771597
0.1,600.1883470728543,114.98291849682772
0.1,600.6896335623105,114.98291849682772
0.1,601.1909200517667,115.17813567593947
0.1,601.692206541223,115.17813567593947
0.1,602.1934930306792,115.37335285505125
0.1,602.6947795201354,115.37335285505125
0.1,603.1960660095916,115.37335285505125
0.1,603.6973524990478,115.56857003416302
0.1,604.1986389885041,115.56857003416302
0.1,604.6999254779603,115.76378721327478
0.1,605.2012119674165,115.76378721327478
0.1,605.7024984568727,115.95900439238653
0.1,606.2037849463289,115.95900439238653
0.1,606.7050714357852,116.15422157149828
0.1,607.2063579252414,116.15422157149828
0.1,607.7076444146976,116.15422157149828
0.1,608.2089309041538,116.34943875061006
0.1,608.71021739361,116.34943875061006
0.1,609.2115038830663,116.54465592972183
0.1,609.7127903725225,116.54465592972183
0.1,610.2140768619787,116.73987310883359
0.1,610.7153633514349,116.73987310883359
0.1,611.2166498408911,116.93509028794534
0.1,611.7179363303474,116.93509028794534
0.1,612.2192228198036,116.93509028794534
0.1,612.7205093092598,117.1303074670571
0.1,613.221795798716,117.1303074670571
0.1,613.7230822881722,117.32552464616884
0.1,614.2243687776285,117.32552464616884
0.1,614.7256552670847,117.52074182528064
0.1,615.2269417565409,117.52074182528064
0.1,615.7282282459971,117.52074182528064
0.1,616.2295147354533,117.7159590043924
0.1,616.7308012249096,117.7159590043924
0.1,617.2320877143658,117.91117618350415
0.1,617.733374203822,117.91117618350415
0.1,618.2346606932782,118.1063933626159
0.1,618.7359471827344,118.1063933626159
0.1,619.2372336721907,118.30161054172765
0.1,619.7385201616469,118.30161054172765
0.1,620.2398066511031,118.30161054172765
0.1,620.7410931405593,118.49682772083945
0.1,621.2423796300155,118.49682772083945
0.1,621.7436661194718,118.69204489995121
0.1,622.244952608928,118.69204489995121
0.1,622.7462390983842,118.88726207906296
0.1,623.2475255878404,118.88726207906296
0.1,623.7488120772966,118.88726207906296
0.1,624.2500985667529,119.08247925817471
0.1,624.7513850562091,119.08247925817471
0.1,625.2526715456653,119.27769643728647
0.1,625.7539580351215,119.27769643728647
0.1,626.2552445245777,119.47291361639826
0.1,626.756531014034,119.47291361639826
0.1,627.2578175034902,119.66813079551002
0.1,627.7591039929464,119.66813079551002
0.1,628.2603904824026,119.66813079551002
0.1,628.7616769718588,119.86334797462177
0.1,629.262963461315,119.86334797462177
0.1,629.7642499507713,120.05856515373353
0.1,630.2655364402275,120.05856515373353
0.1,630.7668229296837,120.25378233284528
0.1,631.2681094191399,120.25378233284528
0.1,631.7693959085962,120.25378233284528
0.1,632.2706823980524,120.44899951195707
0.1,632.7719688875086,120.44899951195707
0.1,633.2732553769648,120.64421669106882
0.1,633.774541866421,120.64421669106882
0.1,634.2758283558773,120.83943387018059
0.1,634.7771148453335,120.83943387018059
0.1,635.2784013347897,121.03465104929234
0.1,635.7796878242459,121.03465104929234
0.1,636.2809743137021,121.03465104929234
0.1,636.7822608031584,121.22986822840409
0.1,637.2835472926146,121.22986822840409
0.1,637.7848337820708,121.42508540751588
0.1,638.286120271527,121.42508540751588
0.1,638.7874067609832,121.62030258662763
0.1,639.2886932504395,121.62030258662763
0.1,639.7899797398957,121.62030258662763
0.1,640.2912662293519,121.8155197657394
0.1,640.7925527188081,121.8155197657394
0.1,641.2938392082643,122.01073694485115
0.1,641.7951256977206,122.01073694485115
0.1,642.2964121871768,122.2059541239629
0.1,642.797698676633,122.2059541239629
0.1,643.2989851660892,122.2059541239629
0.1,643.8002716555454,122.40117130307468
0.1,644.3015581450016,122.40117130307468
0.1,644.8028446344579,122.59638848218644
0.1,645.3041311239141,122.59638848218644
0.1,645.8054176133703,122.7916056612982
0.1,646.3067041028265,122.7916056612982
0.1,646.8079905922827,122.98682284040996
0.1,647.309277081739,122.98682284040996
0.1,647.8105635711952,122.98682284040996
0.1,648.3118500606514,123.18204001952171
0.1,648.8131365501076,123.18204001952171
0.1,649.3144230395638,123.37725719863349
0.1,649.8157095290201,123.37725719863349
0.1,650.3169960184763,123.57247437774525
0.1,650.8182825079325,123.57247437774525
0.1,651.3195689973887,123.57247437774525
0.1,651.820855486845,123.76769155685702
0.1,652.3221419763012,123.76769155685702
0.1,652.8234284657574,123.96290873596877
0.1,653.3247149552136,123.96290873596877
0.1,653.8260014446698,124.15812591508052
0.1,654.327287934126,124.15812591508052
0.1,654.8285744235823,124.15812591508052
0.1,655.3298609130385,124.3533430941923
0.1,655.8311474024947,124.3533430941923
0.1,656.3324338919509,124.54856027330406
0.1,656.8337203814071,124.54856027330406
0.1,657.3350068708634,124.74377745241583
0.1,657.8362933603196,124.74377745241583
0.1,658.3375798497758,124.93899463152758
0.1,658.838866339232,124.93899463152758
0.1,659.3401528286882,124.93899463152758
0.1,659.8414393181445,125.13421181063933
0.1,660.3427258076007,125.13421181063933
0.1,660.8440122970569,125.32942898975108
0.1,661.3452987865131,125.32942898975108
0.1,661.8465852759693,125.52464616886287
0.1,662.3478717654256,125.52464616886287
0.1,662.8491582548818,125.52464616886287
0.1,663.350444744338,125.71986334797464
0.1,663.8517312337942,125.71986334797464
0.1,664.3530177232504,125.91508052708639
0.1,664.8543042127067,125.91508052708639
0.1,665.3555907021629,126.11029770619814
0.1,665.8568771916191,126.11029770619814
0.1,666.3581636810753,126.11029770619814
0.1,666.8594501705315,126.30551488530989
0.1,667.3607366599878,126.30551488530989
0.1,667.862023149444,126.50073206442168
0.1,668.3633096389002,126.50073206442168
0.1,668.8645961283564,126.69594924353345
0.1,669.3658826178126,126.69594924353345
0.1,669.8671691072689,126.69594924353345
0.1,670.3684555967251,126.8911664226452
0.1,670.8697420861813,126.8911664226452
0.1,671.3710285756375,127.08638360175695
0.1,671.8723150650937,127.08638360175695
0.1,672.37360155455,127.2816007808687
0.1,672.8748880440062,127.2816007808687
0.1,673.3761745334624,127.2816007808687
0.1,673.8774610229186,127.4768179599805
0.1,674.3787475123748,127.4768179599805
0.1,674.8800340018311,127.67203513909226
0.1,675.3813204912873,127.67203513909226
0.1,675.8826069807435,127.86725231820401
0.1,676.3838934701997,127.86725231820401
0.1,676.8851799596559,127.86725231820401
0.1,677.3864664491122,128.06246949731576
0.1,677.8877529385684,128.06246949731576
0.1,678.4404594874112,128.2576866764275
0.1,678.8916770089896,128.2576866764275
0.1,679.3428945305681,128.45290385553932
0.1,679.7941120521465,128.45290385553932
0.1,680.2453295737249,128.45290385553932
0.1,680.6965470953033,128.64812103465107
0.1,681.1477646168818,128.64812103465107
0.1,681.2163801309492,128.64812103465107
0.1,681.2849956450167,128.64812103465107
0.1,681.3536111590842,128.64812103465107
0.1,681.4222266731516,128.64812103465107
0.1,681.5227442291939,128.64812103465107
0.1,681.6232617852362,128.84333821376282
0.1,681.7237793412785,128.84333821376282
0.1,682.0398005698693,128.84333821376282
0.1,682.35582179846,128.84333821376282
0.1,682.6718430270508,128.84333821376282
0.1,682.9878642556416,129.03855539287457
0.1,683.3038854842324,129.03855539287457
0.1,683.6199067128232,129.03855539287457
0.1,684.047884251195,129.23377257198632
0.1,684.4758617895668,129.23377257198632
0.1,684.9038393279386,129.23377257198632
0.1,685.3318168663104,129.42898975109813
0.1,685.7597944046822,129.42898975109813
0.1,686.187771943054,129.42898975109813
0.1,686.6157494814258,129.62420693020988
0.1,687.0437270197976,129.62420693020988
0.1,687.4717045581694,129.81942410932163
0.1,687.8996820965413,129.81942410932163
0.1,688.3276596349131,129.81942410932163
0.1,688.7556371732849,130.01464128843338
0.1,689.1836147116567,130.01464128843338
0.1,689.623459939158,130.01464128843338
0.1,690.0633051666593,130.20985846754513
0.1,690.5031503941607,130.20985846754513
0.1,690.942995621662,130.4050756466569
0.1,691.3828408491634,130.4050756466569
0.1,691.8226860766647,130.4050756466569
0.1,692.1678440765359,130.6002928257687
0.1,692.513002076407,130.6002928257687
0.1,692.8581600762782,130.6002928257687
0.1,693.2033180761493,130.6002928257687
0.1,693.5924353524717,130.79551000488044
0.1,693.9815526287941,130.79551000488044
0.1,694.3706699051165,130.79551000488044
0.1,694.7597871814389,130.9907271839922
0.1,695.2540035877365,130.9907271839922
0.1,695.7482199940341,131.18594436310394
0.1,696.2424364003317,131.18594436310394
0.1,696.7366528066293,131.18594436310394
0.1,697.2308692129269,131.38116154221572
0.1,697.7250856192245,131.38116154221572
0.1,698.2193020255221,131.5763787213275
0.1,698.7720430050997,131.5763787213275
0.1,699.3247839846773,131.77159590043925
0.1,699.8775249642549,131.77159590043925
0.1,700.4302659438325,131.966813079551
0.1,700.9830069234101,131.966813079551
0.1,701.5357479029877,132.16203025866275
0.1,702.0884888825653,132.16203025866275
0.1,702.641229862143,132.16203025866275
0.1,703.1939708417206,132.35724743777453
0.1,703.7467118212982,132.35724743777453
0.1,704.2994528008758,132.5524646168863
0.1,704.8521937804534,132.5524646168863
0.1,705.404934760031,132.74768179599806
0.1,705.9576757396086,132.74768179599806
0.1,706.5104167191862,132.9428989751098
0.1,707.0631576987638,132.9428989751098
0.1,707.6158986783414,133.13811615422156
0.1,708.168639657919,133.13811615422156
0.1,708.7213806374966,133.33333333333331
0.1,709.2741216170742,133.33333333333331
0.1,709.8268625966518,133.52855051244512
0.1,710.3796035762294,133.52855051244512
0.1,710.932344555807,133.52855051244512
0.1,711.4850855353847,133.72376769155687
0.1,712.0378265149623,133.72376769155687
0.1,712.5905674945399,133.91898487066862
0.1,713.1433084741175,133.91898487066862
0.1,713.6960494536951,134.11420204978037
0.1,714.2487904332727,134.11420204978037
0.1,714.8015314128503,134.30941922889212
0.1,715.3542723924279,134.30941922889212
0.1,715.9070133720055,134.50463640800393
0.1,716.4597543515831,134.50463640800393
0.1,717.0124953311607,134.69985358711568
0.1,717.5652363107383,134.69985358711568
0.1,718.1179772903159,134.89507076622743
0.1,718.6707182698935,134.89507076622743
0.1,719.2234592494711,134.89507076622743
0.1,719.7762002290488,135.09028794533918
0.1,720.3289412086264,135.09028794533918
0.1,720.881682188204,135.28550512445094
0.1,721.4344231677816,135.28550512445094
0.1,721.9871641473592,135.48072230356274
0.1,722.5399051269368,135.48072230356274
0.1,723.0926461065144,135.6759394826745
0.1,723.645387086092,135.6759394826745
0.1,724.1981280656696,135.87115666178624
0.1,724.7508690452472,135.87115666178624
0.1,725.3036100248248,136.066373840898
0.1,725.8563510044024,136.066373840898
0.1,726.40909198398,136.26159102000975
0.1,726.9618329635576,136.26159102000975
0.1,727.5145739431352,136.26159102000975
0.1,728.0673149227129,136.45680819912153
0.1,728.6200559022905,136.45680819912153
0.1,729.1727968818681,136.6520253782333
0.1,729.7255378614457,136.6520253782333
0.1,730.2782788410233,136.84724255734506
0.1,730.8310198206009,136.84724255734506
0.1,731.3837608001785,137.0424597364568
0.1,731.9365017797561,137.0424597364568
0.1,732.4892427593337,137.23767691556856
0.1,733.0419837389113,137.23767691556856
0.1,733.5947247184889,137.43289409468034
0.1,734.1474656980665,137.43289409468034
0.1,734.7002066776441,137.43289409468034
0.1,735.2529476572217,137.62811127379211
0.1,735.8056886367993,137.62811127379211
0.1,736.358429616377,137.82332845290387
0.1,736.9111705959546,137.82332845290387
0.1,737.4639115755322,138.01854563201562
0.1,738.0166525551098,138.01854563201562
0.1,738.5693935346874,138.21376281112737
0.1,739.122134514265,138.21376281112737
0.1,739.6748754938426,138.40897999023915
0.1,740.2276164734202,138.40897999023915
0.1,740.7803574529978,138.60419716935093
0.1,741.3330984325754,138.60419716935093
0.1,741.885839412153,138.60419716935093
0.1,742.4385803917306,138.79941434846268
0.1,742.9913213713082,138.79941434846268
0.1,743.5440623508858,138.99463152757443
0.1,744.0968033304634,138.99463152757443
0.1,744.649544310041,139.18984870668618
0.1,745.2022852896187,139.18984870668618
0.1,745.7550262691963,139.38506588579796
0.1,746.3077672487739,139.38506588579796
0.1,746.8605082283515,139.58028306490974
0.1,747.4132492079291,139.58028306490974
0.1,747.9659901875067,139.7755002440215
0.1,748.5187311670843,139.7755002440215
0.1,749.0714721466619,139.7755002440215
0.1,749.6242131262395,139.97071742313324
0.1,750.1769541058171,139.97071742313324
0.1,750.7296950853947,140.165934602245
0.1,751.2824360649723,140.165934602245
0.1,751.8351770445499,140.36115178135677
0.1,752.3879180241275,140.36115178135677
0.1,752.9406590037052,140.55636896046855
0.1,753.4933999832828,140.55636896046855
0.1,754.0461409628604,140.7515861395803
0.1,754.598881942438,140.7515861395803
0.1,755.1516229220156,140.7515861395803
0.1,755.7043639015932,140.94680331869205
0.1,756.2571048811708,140.94680331869205
0.1,756.8098458607484,141.1420204978038
0.1,757.362586840326,141.1420204978038
0.1,757.9153278199036,141.33723767691558
0.1,758.4680687994812,141.33723767691558
0.1,759.0208097790588,141.53245485602736
0.1,759.5735507586364,141.53245485602736
0.1,760.126291738214,141.7276720351391
0.1,760.6790327177916,141.7276720351391
0.1,761.2317736973692,141.7276720351391
0.1,761.7845146769469,141.92288921425086
0.1,762.3372556565245,141.92288921425086
0.1,762.8899966361021,142.1181063933626
0.1,763.4427376156797,142.1181063933626
0.1,763.9954785952573,142.31332357247436
0.1,764.5482195748349,142.31332357247436
0.1,765.1009605544125,142.50854075158617
0.1,765.6537015339901,142.50854075158617
0.1,766.2064425135677,142.70375793069792
0.1,766.7591834931453,142.70375793069792
0.1,767.3119244727229,142.70375793069792
0.1,767.8646654523005,142.89897510980967
0.1,768.4174064318781,142.89897510980967
0.1,768.9701474114557,143.09419228892142
0.1,769.5228883910333,143.09419228892142
0.1,770.075629370611,143.28940946803317
0.1,770.6283703501886,143.28940946803317
0.1,771.1811113297662,143.48462664714498
0.1,771.7338523093438,143.48462664714498
0.1,772.2865932889214,143.67984382625673
0.1,772.839334268499,143.67984382625673
0.1,773.3920752480766,143.67984382625673
0.1,773.9448162276542,143.87506100536848
0.1,774.4975572072318,143.87506100536848
0.1,775.0502981868094,144.07027818448023
0.1,775.603039166387,144.07027818448023
0.1,776.1557801459646,144.26549536359198
0.1,776.7085211255422,144.26549536359198
0.1,777.2612621051198,144.46071254270376
0.1,777.8140030846974,144.46071254270376
0.1,778.366744064275,144.65592972181554
0.1,778.9194850438527,144.65592972181554
0.1,779.4722260234303,144.65592972181554
0.1,780.0249670030079,144.8511469009273
0.1,780.5777079825855,144.8511469009273
0.1,781.1304489621631,145.04636408003904
0.1,781.6831899417407,145.04636408003904
0.1,782.2359309213183,145.2415812591508
0.1,782.7886719008959,145.2415812591508
0.1,783.3414128804735,145.43679843826257
0.1,783.8941538600511,145.43679843826257
0.1,784.4468948396287,145.43679843826257
0.1,784.9996358192063,145.63201561737435
0.1,785.5523767987839,145.63201561737435
0.1,786.1051177783615,145.8272327964861
0.1,786.6578587579392,145.8272327964861
0.1,787.2105997375168,146.02244997559785
0.1,787.7633407170944,146.02244997559785
0.1,788.316081696672,146.2176671547096
0.1,788.8688226762496,146.2176671547096
0.1,789.4215636558272,146.41288433382138
0.1,789.9743046354048,146.41288433382138
0.1,790.5270456149824,146.41288433382138
0.1,791.07978659456,146.60810151293316
0.1,791.6325275741376,146.60810151293316
0.1,792.1852685537152,146.8033186920449
0.1,792.7380095332928,146.8033186920449
0.1,793.2907505128704,146.99853587115666
0.1,793.843491492448,146.99853587115666
0.1,794.3962324720256,147.1937530502684
0.1,794.9489734516033,147.1937530502684
0.1,795.5017144311809,147.1937530502684
0.1,796.0544554107585,147.3889702293802
0.1,796.6071963903361,147.3889702293802
0.1,797.1599373699137,147.58418740849197
0.1,797.7126783494913,147.58418740849197
0.1,798.2654193290689,147.77940458760372
0.1,798.8181603086465,147.77940458760372
0.1,799.3709012882241,147.97462176671547
0.1,799.9236422678017,147.97462176671547
0.1,800.4763832473793,147.97462176671547
0.1,801.0291242269569,148.16983894582722
0.1,801.5818652065345,148.16983894582722
0.1,802.1346061861121,148.365056124939
0.1,802.6873471656897,148.365056124939
0.1,803.2400881452674,148.56027330405078
0.1,803.792829124845,148.56027330405078
0.1,804.3455701044226,148.75549048316253
0.1,804.8983110840002,148.75549048316253
0.1,805.4510520635778,148.75549048316253
0.1,806.0037930431554,148.95070766227428
0.1,806.556534022733,148.95070766227428
0.1,807.1092750023106,149.14592484138603
0.1,807.6620159818882,149.14592484138603
0.1,808.2147569614658,149.3411420204978
0.1,808.7674979410434,149.3411420204978
0.1,809.320238920621,149.5363591996096
0.1,809.8729799001986,149.5363591996096
0.1,810.4257208797762,149.5363591996096
0.1,810.9784618593538,149.73157637872134
0.1,811.5312028389314,149.73157637872134
0.1,812.083943818509,149.9267935578331
0.1,812.6366847980867,149.9267935578331
0.1,813.1894257776643,150.12201073694484
0.1,813.7421667572419,150.12201073694484
0.1,814.2949077368195,150.12201073694484
0.1,814.8476487163971,150.3172279160566
0.1,815.4003896959747,150.3172279160566
0.1,815.9531306755523,150.5124450951684
0.1,816.5058716551299,150.5124450951684
0.1,817.0586126347075,150.70766227428015
0.1,817.6113536142851,150.70766227428015
0.1,818.1640945938627,150.9028794533919
0.1,818.7168355734403,150.9028794533919
0.1,819.2695765530179,150.9028794533919
0.1,819.8223175325955,151.09809663250365
0.1,820.3750585121732,151.09809663250365
0.1,820.9277994917508,151.2933138116154
0.1,821.4805404713284,151.2933138116154
0.1,822.033281450906,151.4885309907272
0.1,822.5860224304836,151.4885309907272
0.1,823.1387634100612,151.68374816983896
0.1,823.6915043896388,151.68374816983896
0.1,824.2442453692164,151.68374816983896
0.1,824.796986348794,151.87896534895071
0.1,825.3497273283716,151.87896534895071
0.1,825.9024683079492,152.07418252806247
0.1,826.4552092875268,152.07418252806247
0.1,827.0079502671044,152.26939970717422
0.1,827.560691246682,152.26939970717422
0.1,828.1134322262596,152.26939970717422
0.1,828.6661732058373,152.46461688628602
0.1,829.2189141854149,152.46461688628602
0.1,829.7716551649925,152.65983406539777
0.1,830.3243961445701,152.65983406539777
0.1,830.8771371241477,152.85505124450953
0.1,831.4298781037253,152.85505124450953
0.1,831.9826190833029,152.85505124450953
0.1,832.5353600628805,153.05026842362128
0.1,833.0881010424581,153.05026842362128
0.1,833.6408420220357,153.24548560273303
0.1,834.1935830016133,153.24548560273303
0.1,834.7463239811909,153.4407027818448
0.1,835.2990649607685,153.4407027818448
0.1,835.8518059403461,153.63591996095658
0.1,836.4045469199237,153.63591996095658
0.1,836.9572878995014,153.63591996095658
0.1,837.510028879079,153.83113714006834
0.1,838.0627698586566,153.83113714006834
0.1,838.6155108382342,154.0263543191801
0.1,839.1682518178118,154.0263543191801
0.1,839.7209927973894,154.22157149829184
0.1,840.273733776967,154.22157149829184
0.1,840.8264747565446,154.22157149829184
0.1,841.3792157361222,154.41678867740362
0.1,841.9319567156998,154.41678867740362
0.1,842.4846976952774,154.6120058565154
0.1,843.037438674855,154.6120058565154
0.1,843.5901796544326,154.80722303562715
0.1,844.1429206340102,154.80722303562715
0.1,844.6956616135878,154.80722303562715
0.1,845.2484025931655,155.0024402147389
0.1,845.8011435727431,155.0024402147389
0.1,846.3538845523207,155.19765739385065
0.1,846.9066255318983,155.19765739385065
0.1,847.4593665114759,155.39287457296243
0.1,848.0121074910535,155.39287457296243
0.1,848.4516488673856,155.39287457296243
0.1,848.8911902437178,155.5880917520742
0.1,849.33073162005,155.5880917520742
0.1,849.7702729963821,155.5880917520742
0.1,850.2098143727143,155.78330893118596
0.1,850.6493557490464,155.78330893118596
0.1,851.0888971253786,155.78330893118596
0.1,851.657447242705,155.9785261102977
0.1,852.2259973600313,155.9785261102977
0.1,852.7945474773577,156.17374328940946
0.1,853.3630975946841,156.17374328940946
0.1,853.9316477120104,156.36896046852124
0.1,854.5001978293368,156.36896046852124
0.1,855.0687479466632,156.56417764763302
0.1,855.6372980639895,156.56417764763302
0.1,856.2058481813159,156.56417764763302
0.1,856.7743982986423,156.75939482674477
0.1,857.3429484159686,156.75939482674477
0.1,857.911498533295,156.95461200585652
0.1,858.4800486506214,156.95461200585652
0.1,859.0485987679477,157.14982918496827
0.1,859.6171488852741,157.14982918496827
0.1,860.1856990026005,157.14982918496827
0.1,860.7542491199268,157.34504636408005
0.1,861.3227992372532,157.34504636408005
0.1,861.8913493545796,157.54026354319183
0.1,862.4598994719059,157.54026354319183
0.1,863.0284495892323,157.73548072230358
0.1,863.5969997065587,157.73548072230358
0.1,864.165549823885,157.93069790141533
0.1,864.7340999412114,157.93069790141533
0.1,865.3026500585378,157.93069790141533
0.1,865.8712001758641,158.12591508052708
0.1,866.4397502931905,158.12591508052708
0.1,867.0083004105169,158.32113225963883
0.1,867.5768505278432,158.32113225963883
0.1,868.1454006451696,158.51634943875064
0.1,868.713950762496,158.51634943875064
0.1,869.2825008798224,158.51634943875064
0.1,869.8510509971487,158.7115666178624
0.1,870.4196011144751,158.7115666178624
0.1,870.9881512318015,158.90678379697414
0.1,871.5567013491278,158.90678379697414
0.1,872.1252514664542,159.1020009760859
0.1,872.6938015837806,159.1020009760859
0.1,873.2623517011069,159.29721815519764
0.1,873.8309018184333,159.29721815519764
0.1,874.3994519357597,159.29721815519764
0.1,874.968002053086,159.49243533430945
0.1,875.5365521704124,159.49243533430945
0.1,876.1051022877388,159.6876525134212
0.1,876.6736524050651,159.6876525134212
0.1,877.2422025223915,159.88286969253295
0.1,877.8107526397179,159.88286969253295
0.1,878.3793027570442,159.88286969253295
0.1,878.9478528743706,160.0780868716447
0.1,879.516402991697,160.0780868716447
0.1,880.0849531090233,160.27330405075645
0.1,880.6535032263497,160.27330405075645
0.1,881.2220533436761,160.46852122986826
0.1,881.7906034610024,160.46852122986826
0.1,882.3591535783288,160.46852122986826
0.1,882.9277036956552,160.66373840898
0.1,883.4962538129815,160.66373840898
0.1,884.0648039303079,160.85895558809176
0.1,884.6333540476343,160.85895558809176
0.1,885.2019041649606,161.0541727672035
0.1,885.770454282287,161.0541727672035
0.1,886.3390043996134,161.0541727672035
0.1,886.9075545169397,161.24938994631526
0.1,887.4761046342661,161.24938994631526
0.1,888.0446547515925,161.44460712542704
0.1,888.6132048689188,161.44460712542704
0.1,889.1817549862452,161.63982430453882
0.1,889.7503051035716,161.63982430453882
0.1,890.318855220898,161.63982430453882
0.1,890.8874053382243,161.83504148365057
0.1,891.4559554555507,161.83504148365057
0.1,892.024505572877,162.03025866276232
0.1,892.5930556902034,162.03025866276232
0.1,893.1616058075298,162.22547584187407
0.1,893.7301559248561,162.22547584187407
0.1,894.2987060421825,162.22547584187407
0.1,894.8672561595089,162.42069302098585
0.1,895.4358062768353,162.42069302098585
0.1,896.0043563941616,162.61591020009763
0.1,896.572906511488,162.61591020009763
0.1,897.1414566288144,162.81112737920938
0.1,897.7100067461407,162.81112737920938
0.1,898.2785568634671,162.81112737920938
0.1,898.8471069807935,163.00634455832113
0.1,899.4156570981198,163.00634455832113
0.1,899.9842072154462,163.20156173743288
0.1,900.5527573327726,163.20156173743288
0.1,901.1213074500989,163.39677891654466
0.1,901.6898575674253,163.39677891654466
0.1,902.2584076847517,163.39677891654466
0.1,902.826957802078,163.59199609565644
0.1,903.3955079194044,163.59199609565644
0.1,903.9640580367308,163.7872132747682
0.1,904.5326081540571,163.7872132747682
0.1,905.1011582713835,163.98243045387994
0.1,905.6697083887099,163.98243045387994
0.1,906.2382585060362,163.98243045387994
0.1,906.8068086233626,164.1776476329917
0.1,907.375358740689,164.1776476329917
0.1,907.9439088580153,164.37286481210347
0.1,908.5124589753417,164.37286481210347
0.1,909.0810090926681,164.56808199121525
0.1,909.6495592099944,164.56808199121525
0.1,910.1086848191483,164.56808199121525
0.1,910.5678104283021,164.763299170327
0.1,911.0269360374559,164.763299170327
0.1,911.4860616466098,164.763299170327
0.1,911.9734632206745,164.95851634943875
0.1,912.4608647947392,164.95851634943875
0.1,912.948266368804,164.95851634943875
0.1,913.4356679428687,165.1537335285505
0.1,913.9230695169334,165.1537335285505
0.1,914.4104710909982,165.1537335285505
0.1,914.4818434181791,165.34895070766228
0.1,914.4936966052056,165.34895070766228
0.1,914.5055497922322,165.34895070766228
0.1,914.5292561662852,165.34895070766228
0.1,914.5529625403383,165.34895070766228
0.1,914.6645431499912,165.34895070766228
0.1,914.7761237596442,165.34895070766228
0.1,914.9362550765974,165.34895070766228
0.1,915.0963863935506,165.34895070766228
0.1,915.2565177105038,165.34895070766228
0.1,915.5532424929334,165.34895070766228
0.1,915.8499672753629,165.54416788677406
0.1,916.1466920577925,165.54416788677406
0.1,916.5869810783116,165.54416788677406
0.1,917.0272700988307,165.54416788677406
0.1,917.4675591193499,165.7393850658858
0.1,917.907848139869,165.7393850658858
0.1,918.4152827741502,165.7393850658858
0.1,918.9227174084315,165.93460224499756
0.1,919.4301520427127,165.93460224499756
0.1,919.937586676994,166.12981942410931
0.1,920.4985560373141,166.12981942410931
0.1,921.0595253976342,166.12981942410931
0.1,921.6204947579542,166.3250366032211
0.1,922.1814641182743,166.3250366032211
0.1,922.7424334785944,166.52025378233287
0.1,923.3034028389145,166.52025378233287
0.1,923.7489647058137,166.52025378233287
0.1,924.1945265727129,166.71547096144462
0.1,924.6400884396121,166.71547096144462
0.1,925.0856503065113,166.71547096144462
0.1,925.5947531722146,166.91068814055637
0.1,926.1038560379179,166.91068814055637
0.1,926.5160453567485,166.91068814055637
0.1,926.928234675579,167.10590531966812
0.1,927.3404239944095,167.10590531966812
0.1,927.7526133132401,167.10590531966812
0.1,928.2173888803252,167.30112249877988
0.1,928.6821644474103,167.30112249877988
0.1,928.7690049832229,167.30112249877988
0.1,928.7827837901049,167.30112249877988
0.1,928.7965625969869,167.30112249877988
0.1,928.8103414038688,167.30112249877988
0.1,928.8378990176328,167.30112249877988
0.1,928.8654566313968,167.30112249877988
0.1,928.9853126653567,167.30112249877988
0.1,929.1051686993166,167.30112249877988
0.1,929.273773305941,167.30112249877988
0.1,929.4423779125653,167.49633967789168
0.1,929.6109825191897,167.49633967789168
0.1,929.9023090960904,167.49633967789168
0.1,930.1936356729911,167.49633967789168
0.1,930.4849622498919,167.49633967789168
0.1,930.9045495072869,167.69155685700343
0.1,931.324136764682,167.69155685700343
0.1,931.743724022077,167.69155685700343
0.1,932.163311279472,167.88677403611518
0.1,932.5828985368671,167.88677403611518
0.1,933.0024857942622,167.88677403611518
0.1,933.4220730516572,167.88677403611518
0.1,933.8416603090523,168.08199121522694
0.1,934.2612475664473,168.08199121522694
0.1,934.6808348238424,168.08199121522694
0.1,935.1004220812374,168.2772083943387
0.1,935.5200093386325,168.2772083943387
0.1,935.9395965960275,168.2772083943387
0.1,936.452177110806,168.47242557345047
0.1,936.9647576255845,168.47242557345047
0.1,937.477338140363,168.47242557345047
0.1,937.9899186551415,168.66764275256224
0.1,938.50249916992,168.66764275256224
0.1,939.0150796846985,168.862859931674
0.1,939.527660199477,168.862859931674
0.1,940.0938117322088,168.862859931674
0.1,940.6599632649405,169.05807711078575
0.1,941.2261147976723,169.05807711078575
0.1,941.792266330404,169.2532942898975
0.1,942.3584178631357,169.2532942898975
0.1,942.9245693958675,169.2532942898975
0.1,943.4907209285992,169.44851146900928
0.1,944.056872461331,169.44851146900928
0.1,944.6230239940627,169.64372864812105
0.1,945.1891755267944,169.64372864812105
0.1,945.7553270595262,169.64372864812105
0.1,946.3214785922579,169.8389458272328
0.1,946.8876301249896,169.8389458272328
0.1,947.5249678159444,170.03416300634456
0.1,948.1623055068991,170.03416300634456
0.1,948.7996431978538,170.2293801854563
0.1,949.4369808888085,170.2293801854563
0.1,950.0743185797633,170.4245973645681
0.1,950.711656270718,170.4245973645681
0.1,951.3489939616727,170.4245973645681
0.1,951.9863316526274,170.61981454367987
0.1,952.6236693435822,170.61981454367987
0.1,953.2610070345369,170.81503172279162
0.1,953.8983447254916,170.81503172279162
0.1,954.5356824164463,171.01024890190337
0.1,955.173020107401,171.01024890190337
0.1,955.8103577983558,171.20546608101512
0.1,956.4476954893105,171.20546608101512
0.1,957.0850331802652,171.4006832601269
0.1,957.7223708712199,171.4006832601269
0.1,958.2339064825886,171.4006832601269
0.1,958.7454420939573,171.59590043923868
0.1,959.256977705326,171.59590043923868
0.1,959.7685133166947,171.59590043923868
0.1,960.2800489280634,171.79111761835043
0.1,960.791584539432,171.79111761835043
0.1,961.3031201508007,171.98633479746218
0.1,961.8776584220955,171.98633479746218
0.1,962.4521966933902,171.98633479746218
0.1,963.0267349646849,172.18155197657393
0.1,963.6012732359796,172.18155197657393
0.1,964.1758115072744,172.3767691556857
0.1,964.7503497785691,172.3767691556857
0.1,965.3248880498638,172.3767691556857
0.1,965.8994263211586,172.5719863347975
0.1,966.4739645924533,172.5719863347975
0.1,967.048502863748,172.76720351390924
0.1,967.6230411350427,172.76720351390924
0.1,968.1975794063375,172.76720351390924
0.1,968.7721176776322,172.962420693021
0.1,969.3466559489269,172.962420693021
0.1,969.9211942202217,173.15763787213274
0.1,970.4957324915164,173.15763787213274
0.1,971.0702707628111,173.15763787213274
0.1,971.7042994679405,173.35285505124452
0.1,972.3383281730698,173.35285505124452
0.1,972.9723568781992,173.5480722303563
0.1,973.6063855833286,173.5480722303563
0.1,974.2404142884579,173.74328940946805
0.1,974.8744429935873,173.74328940946805
0.1,975.5084716987167,173.9385065885798
0.1,976.142500403846,173.9385065885798
0.1,976.7765291089754,174.13372376769155
0.1,977.4105578141048,174.13372376769155
0.1,977.5220837560523,174.13372376769155
0.1,977.6336096979999,174.13372376769155
0.1,977.7451356399474,174.13372376769155
0.1,977.856661581895,174.13372376769155
0.1,978.0462110248492,174.13372376769155
0.1,978.2357604678034,174.32894094680333
0.1,978.4253099107576,174.32894094680333
0.1,978.8343677279976,174.32894094680333
0.1,979.2434255452375,174.32894094680333
0.1,979.6524833624775,174.5241581259151
0.1,980.1748442472899,174.5241581259151
0.1,980.6972051321023,174.5241581259151
0.1,981.2195660169148,174.71937530502686
0.1,981.7419269017272,174.71937530502686
0.1,982.2642877865396,174.71937530502686
0.1,982.786648671352,174.9145924841386
0.1,983.3090095561645,174.9145924841386
0.1,983.8313704409769,174.9145924841386
0.1,984.3537313257893,175.10980966325036
0.1,984.8760922106018,175.10980966325036
0.1,985.3984530954142,175.3050268423621
0.1,985.9208139802266,175.3050268423621
0.1,986.443174865039,175.3050268423621
0.1,986.9655357498515,175.50024402147392
0.1,987.4878966346639,175.50024402147392
0.1,988.0102575194763,175.50024402147392
0.1,988.5326184042888,175.69546120058567
0.1,988.9675669386811,175.69546120058567
0.1,989.4025154730734,175.69546120058567
0.1,989.8374640074658,175.89067837969742
0.1,990.2724125418581,175.89067837969742
0.1,990.8086194666505,175.89067837969742
0.1,991.3448263914429,176.08589555880917
0.1,991.8810333162353,176.08589555880917
0.1,992.4172402410277,176.08589555880917
0.1,992.9534471658201,176.28111273792092
0.1,993.3712788677456,176.28111273792092
0.1,993.789110569671,176.28111273792092
0.1,994.2069422715965,176.4763299170327
0.1,994.624773973522,176.4763299170327
0.1,995.1289235775879,176.4763299170327
0.1,995.6330731816538,176.67154709614448
0.1,996.1372227857197,176.67154709614448
0.1,996.6413723897856,176.67154709614448
0.1,997.1455219938515,176.86676427525623
0.1,997.6496715979174,176.86676427525623
0.1,998.1538212019833,176.86676427525623
0.1,998.6579708060492,177.06198145436798
0.1,999.1621204101151,177.06198145436798
0.1,999.666270014181,177.06198145436798
0.1,1000.1704196182469,177.25719863347973
0.1,1000.6745692223128,177.25719863347973
0.1,1001.1787188263787,177.4524158125915
0.1,1001.6828684304446,177.4524158125915
0.1,1002.1870180345105,177.4524158125915
0.1,1002.6911676385764,177.6476329917033
0.1,1003.1953172426423,177.6476329917033
0.1,1003.6994668467082,177.6476329917033
0.1,1004.2036164507741,177.84285017081504
0.1,1004.7899863343459,177.84285017081504
0.1,1005.2766441105618,177.84285017081504
0.1,1005.7633018867778,178.0380673499268
0.1,1006.2499596629937,178.0380673499268
0.1,1006.7366174392096,178.0380673499268
0.1,1007.2232752154255,178.23328452903854
0.1,1007.7677089755704,178.23328452903854
0.1,1008.3121427357153,178.23328452903854
0.1,1008.8565764958602,178.42850170815032
0.1,1009.4010102560051,178.42850170815032
0.1,1009.94544401615,178.6237188872621
0.1,1010.5813310191737,178.6237188872621
0.1,1011.2172180221975,178.6237188872621
0.1,1011.8531050252212,178.81893606637385
0.1,1012.488992028245,178.81893606637385
0.1,1013.1248790312687,179.0141532454856
0.1,1013.7607660342925,179.0141532454856
0.1,1014.3966530373162,179.20937042459735
0.1,1015.03254004034,179.20937042459735
0.1,1015.6684270433637,179.20937042459735
0.1,1016.3043140463875,179.40458760370913
0.1,1016.9402010494113,179.40458760370913
0.1,1017.576088052435,179.5998047828209
0.1,1018.2119750554588,179.5998047828209
0.1,1018.8478620584825,179.79502196193266
0.1,1019.4837490615063,179.79502196193266
0.1,1020.11963606453,179.79502196193266
0.1,1020.7555230675538,179.9902391410444
0.1,1021.3914100705775,179.9902391410444
0.1,1022.0272970736013,180.18545632015616
0.1,1022.663184076625,180.18545632015616
0.1,1023.2990710796488,180.38067349926794
0.1,1023.9349580826726,180.38067349926794
0.1,1024.5708450856964,180.57589067837972
0.1,1025.2067320887202,180.57589067837972
0.1,1025.842619091744,180.57589067837972
0.1,1026.4785060947677,180.77110785749147
0.1,1027.1143930977914,180.77110785749147
0.1,1027.7502801008152,180.96632503660322
0.1,1028.386167103839,180.96632503660322
0.1,1029.0220541068627,181.16154221571497
0.1,1029.6579411098865,181.16154221571497
0.1,1030.2938281129102,181.16154221571497
0.1,1030.929715115934,181.35675939482675
0.1,1031.5656021189577,181.35675939482675
0.1,1032.2014891219815,181.55197657393853
0.1,1032.8373761250052,181.55197657393853
0.1,1033.473263128029,181.55197657393853
0.1,1034.1091501310527,181.74719375305028
0.1,1034.7450371340765,181.74719375305028
0.1,1035.3809241371002,181.94241093216203
0.1,1036.016811140124,181.94241093216203
0.1,1036.6526981431477,182.13762811127378
0.1,1037.2885851461715,182.13762811127378
0.1,1037.9244721491953,182.13762811127378
0.1,1038.560359152219,182.33284529038556
0.1,1039.1962461552428,182.33284529038556
0.1,1039.8321331582665,182.52806246949734
0.1,1040.4680201612903,182.52806246949734
0.1,1040.9725722092471,182.7232796486091
0.1,1041.477124257204,182.7232796486091
0.1,1041.9816763051608,182.7232796486091
0.1,1042.4862283531177,182.91849682772084
0.1,1043.0428618764781,182.91849682772084
0.1,1043.5994953998386,182.91849682772084
0.1,1044.156128923199,183.1137140068326
0.1,1044.7127624465595,183.1137140068326
0.1,1045.26939596992,183.1137140068326
0.1,1045.8260294932804,183.30893118594435
0.1,1046.2618196829549,183.30893118594435
0.1,1046.617157284979,183.30893118594435
0.1,1046.972494887003,183.50414836505615
0.1,1047.327832489027,183.50414836505615
0.1,1047.6831700910511,183.50414836505615
0.1,1048.095740403417,183.50414836505615
0.1,1048.508310715783,183.6993655441679
0.1,1048.9208810281489,183.6993655441679
0.1,1049.3334513405148,183.6993655441679
0.1,1049.7460216528807,183.6993655441679
0.1,1050.1585919652466,183.89458272327965
0.1,1050.5711622776125,183.89458272327965
0.1,1050.9837325899784,183.89458272327965
0.1,1051.3963029023444,183.89458272327965
0.1,1051.8088732147103,184.0897999023914
0.1,1052.3345215081574,184.0897999023914
0.1,1052.8601698016046,184.0897999023914
0.1,1053.3858180950517,184.28501708150316
0.1,1053.9114663884989,184.28501708150316
0.1,1054.437114681946,184.28501708150316
0.1,1054.9627629753932,184.48023426061494
0.1,1055.4884112688403,184.48023426061494
0.1,1056.068858295078,184.67545143972671
0.1,1056.6493053213155,184.67545143972671
0.1,1057.2297523475531,184.67545143972671
0.1,1057.8101993737907,184.87066861883847
0.1,1058.3906464000283,184.87066861883847
0.1,1058.971093426266,184.87066861883847
0.1,1059.5515404525036,185.06588579795022
0.1,1060.1319874787412,185.06588579795022
0.1,1060.7124345049788,185.26110297706197
0.1,1061.2928815312164,185.26110297706197
0.1,1061.873328557454,185.26110297706197
0.1,1062.4537755836916,185.45632015617375
0.1,1063.0342226099292,185.45632015617375
0.1,1063.6146696361668,185.45632015617375
0.1,1064.1951166624044,185.65153733528552
0.1,1064.775563688642,185.65153733528552
0.1,1065.3560107148796,185.84675451439728
0.1,1065.9364577411172,185.84675451439728
0.1,1066.5169047673548,185.84675451439728
0.1,1067.0973517935925,186.04197169350903
0.1,1067.67779881983,186.04197169350903
0.1,1068.2582458460677,186.23718887262078
0.1,1068.8386928723053,186.23718887262078
0.1,1069.4191398985429,186.23718887262078
0.1,1069.9995869247805,186.43240605173256
0.1,1070.6453444868978,186.43240605173256
0.1,1071.291102049015,186.43240605173256
0.1,1071.9368596111324,186.62762323084434
0.1,1072.4652110873453,186.62762323084434
0.1,1072.904537011998,186.8228404099561
0.1,1073.3438629366506,186.8228404099561
0.1,1073.7831888613032,186.8228404099561
0.1,1074.2225147859558,186.8228404099561
0.1,1074.7871020069078,187.01805758906784
0.1,1075.3516892278599,187.01805758906784
0.1,1075.916276448812,187.01805758906784
0.1,1076.480863669764,187.2132747681796
0.1,1077.045450890716,187.2132747681796
0.1,1077.610038111668,187.40849194729137
0.1,1078.17462533262,187.40849194729137
0.1,1078.739212553572,187.40849194729137
0.1,1079.3037997745241,187.60370912640315
0.1,1079.8683869954762,187.60370912640315
0.1,1080.4577427458896,187.60370912640315
0.1,1081.047098496303,187.7989263055149
0.1,1081.6364542467165,187.7989263055149
0.1,1082.22580999713,187.99414348462665
0.1,1082.8151657475435,187.99414348462665
0.1,1083.404521497957,187.99414348462665
0.1,1083.9938772483704,188.1893606637384
0.1,1084.5832329987838,188.1893606637384
0.1,1085.1725887491973,188.1893606637384
0.1,1085.7619444996108,188.38457784285018
0.1,1086.3513002500242,188.38457784285018
0.1,1086.9406560004377,188.57979502196196
0.1,1087.5300117508511,188.57979502196196
0.1,1088.1193675012646,188.57979502196196
0.1,1088.708723251678,188.7750122010737
0.1,1089.2980790020915,188.7750122010737
0.1,1089.887434752505,188.7750122010737
0.1,1090.4767905029184,188.97022938018546
0.1,1091.066146253332,188.97022938018546
0.1,1091.5400309229492,189.1654465592972
0.1,1092.0139155925665,189.1654465592972
0.1,1092.4878002621838,189.1654465592972
0.1,1092.961684931801,189.1654465592972
0.1,1093.532111466009,189.360663738409
0.1,1094.1025380002168,189.360663738409
0.1,1094.1882907082704,189.360663738409
0.1,1094.2020259482415,189.360663738409
0.1,1094.2157611882126,189.360663738409
0.1,1094.2432316681547,189.360663738409
0.1,1094.270702148097,189.360663738409
0.1,1094.3976128043496,189.360663738409
0.1,1094.5245234606023,189.360663738409
0.1,1094.7074742632904,189.55588091752077
0.1,1094.8904250659784,189.55588091752077
0.1,1095.0733758686665,189.55588091752077
0.1,1095.4145616456597,189.55588091752077
0.1,1095.7557474226528,189.55588091752077
0.1,1096.096933199646,189.55588091752077
0.1,1096.6148920582239,189.75109809663252
0.1,1097.1328509168018,189.75109809663252
0.1,1097.6508097753797,189.75109809663252
0.1,1098.1687686339576,189.94631527574427
0.1,1098.6867274925355,189.94631527574427
0.1,1099.2046863511134,189.94631527574427
0.1,1099.7226452096913,190.14153245485602
0.1,1100.2406040682692,190.14153245485602
0.1,1100.7585629268472,190.14153245485602
0.1,1101.276521785425,190.3367496339678
0.1,1101.8538608648264,190.3367496339678
0.1,1102.4311999442277,190.3367496339678
0.1,1103.008539023629,190.53196681307958
0.1,1103.5858781030304,190.53196681307958
0.1,1104.1632171824317,190.72718399219133
0.1,1104.740556261833,190.72718399219133
0.1,1105.3178953412344,190.72718399219133
0.1,1105.8952344206357,190.92240117130308
0.1,1106.472573500037,190.92240117130308
0.1,1107.0499125794383,190.92240117130308
0.1,1107.6272516588397,191.11761835041483
0.1,1108.204590738241,191.11761835041483
0.1,1108.7819298176423,191.11761835041483
0.1,1109.3592688970436,191.3128355295266
0.1,1109.936607976445,191.3128355295266
0.1,1110.5139470558463,191.5080527086384
0.1,1111.1726793469627,191.5080527086384
0.1,1111.831411638079,191.5080527086384
0.1,1112.4901439291955,191.70326988775014
0.1,1113.1488762203119,191.70326988775014
0.1,1113.8076085114283,191.8984870668619
0.1,1114.4663408025447,191.8984870668619
0.1,1115.125073093661,191.8984870668619
0.1,1115.7838053847775,192.09370424597364
0.1,1116.4425376758938,192.09370424597364
0.1,1117.1012699670102,192.2889214250854
0.1,1117.7600022581266,192.2889214250854
0.1,1118.418734549243,192.48413860419717
0.1,1119.0774668403594,192.48413860419717
0.1,1119.7361991314758,192.48413860419717
0.1,1120.3949314225922,192.67935578330895
0.1,1121.0536637137086,192.67935578330895
0.1,1121.712396004825,192.8745729624207
0.1,1122.3711282959414,192.8745729624207
0.1,1123.0298605870578,192.8745729624207
0.1,1123.5571747108886,193.06979014153245
0.1,1124.0844888347194,193.06979014153245
0.1,1124.6118029585502,193.06979014153245
0.1,1125.139117082381,193.2650073206442
0.1,1125.6664312062119,193.2650073206442
0.1,1126.1937453300427,193.2650073206442
0.1,1126.7210594538735,193.46022449975598
0.1,1126.7210789169524,193.46022449975598
0.1,1126.7210983800312,193.46022449975598
0.1,1126.72111784311,193.46022449975598
0.1,1126.721137306189,193.46022449975598
0.1,1126.7211567692677,193.46022449975598
0.1,1126.7211956954252,193.46022449975598
0.1,1126.7212346215827,193.46022449975598
0.1,1126.721513489538,193.46022449975598
0.1,1126.7217923574933,193.46022449975598
0.1,1126.7230043501843,193.46022449975598
0.1,1126.7242163428753,193.46022449975598
0.1,1126.727658341866,193.46022449975598
0.1,1126.7311003408565,193.46022449975598
0.1,1126.7395019903395,193.46022449975598
0.1,1126.7479036398224,193.46022449975598
0.1,1126.7726541563188,193.46022449975598
0.1,1126.7974046728152,193.46022449975598
0.1,1126.877451142609,193.46022449975598
0.1,1126.957497612403,193.46022449975598
0.1,1127.1558929871615,193.46022449975598
0.1,1127.35428836192,193.46022449975598
0.1,1127.5526837366785,193.46022449975598
0.1,1127.9789074191956,193.46022449975598
0.1,1128.4051311017126,193.65544167886776
0.1,1128.8313547842297,193.65544167886776
0.1,1129.2575784667467,193.65544167886776
0.1,1129.6838021492638,193.8506588579795
0.1,1130.1100258317808,193.8506588579795
0.1,1130.6842101739167,193.8506588579795
0.1,1131.2583945160525,193.8506588579795
0.1,1131.7334113251484,194.04587603709126
0.1,1132.2084281342443,194.04587603709126
0.1,1132.6834449433402,194.04587603709126
0.1,1133.158461752436,194.241093216203
0.1,1133.755455941024,194.241093216203
0.1,1134.3524501296117,194.241093216203
0.1,1134.9494443181995,194.4363103953148
0.1,1135.5464385067874,194.4363103953148
0.1,1136.1434326953752,194.4363103953148
0.1,1136.740426883963,194.63152757442657
0.1,1137.3374210725508,194.63152757442657
0.1,1137.9344152611386,194.82674475353832
0.1,1138.5314094497264,194.82674475353832
0.1,1139.1284036383142,194.82674475353832
0.1,1139.725397826902,195.02196193265007
0.1,1140.3223920154899,195.02196193265007
0.1,1140.9193862040777,195.02196193265007
0.1,1141.6024549102847,195.21717911176182
0.1,1142.2855236164917,195.21717911176182
0.1,1142.9685923226987,195.4123962908736
0.1,1143.6516610289057,195.4123962908736
0.1,1144.3347297351127,195.60761346998538
0.1,1145.0177984413197,195.60761346998538
0.1,1145.7008671475267,195.60761346998538
0.1,1146.3839358537336,195.80283064909713
0.1,1147.0670045599406,195.80283064909713
0.1,1147.7500732661476,195.99804782820888
0.1,1148.4331419723546,195.99804782820888
0.1,1149.1162106785616,195.99804782820888
0.1,1149.7992793847686,196.19326500732063
0.1,1150.4823480909756,196.19326500732063
0.1,1151.1654167971826,196.3884821864324
0.1,1151.8484855033896,196.3884821864324
0.1,1152.5315542095966,196.3884821864324
0.1,1153.2146229158036,196.5836993655442
0.1,1153.8976916220106,196.5836993655442
0.1,1154.5807603282176,196.77891654465594
0.1,1155.2638290344246,196.77891654465594
0.1,1155.9468977406316,196.9741337237677
0.1,1156.6299664468386,196.9741337237677
0.1,1157.3130351530456,196.9741337237677
0.1,1157.9961038592526,197.16935090287944
0.1,1158.6791725654596,197.16935090287944
0.1,1159.3622412716666,197.36456808199122
0.1,1160.0453099778736,197.36456808199122
0.1,1160.7283786840806,197.36456808199122
0.1,1161.1975639859636,197.559785261103
0.1,1161.6667492878466,197.559785261103
0.1,1161.7250176037812,197.559785261103
0.1,1161.7832859197158,197.559785261103
0.1,1161.8415542356504,197.559785261103
0.1,1161.9580908675196,197.559785261103
0.1,1162.0746274993887,197.559785261103
0.1,1162.191164131258,197.559785261103
0.1,1162.3618858193697,197.559785261103
0.1,1162.5326075074815,197.75500244021475
0.1,1162.7033291955934,197.75500244021475
0.1,1162.8740508837052,197.75500244021475
0.1,1163.0112670106976,197.75500244021475
0.1,1163.14848313769,197.75500244021475
0.1,1163.2422551358375,197.75500244021475
0.1,1163.336027133985,197.75500244021475
0.1,1163.403719325338,197.75500244021475
0.1,1163.4577220525862,197.75500244021475
0.1,1163.5117247798344,197.75500244021475
0.1,1163.5502094410258,197.75500244021475
0.1,1163.582133426452,197.75500244021475
0.1,1163.614057411878,197.75500244021475
0.1,1163.637626440493,197.75500244021475
0.1,1163.661195469108,197.75500244021475
0.1,1163.6847644977229,197.75500244021475
0.1,1163.7083335263378,197.559785261103
0.1,1163.7238251643737,197.559785261103
0.1,1163.7269234919809,197.559785261103
0.1,1163.730021819588,197.559785261103
0.1,1163.7331201471952,197.559785261103
0.1,1163.7393168024096,197.559785261103
0.1,1163.745513457624,197.559785261103
0.1,1163.7517101128383,197.559785261103
0.1,1163.7579067680526,197.559785261103
0.1,1163.7718377522342,197.559785261103
0.1,1163.7857687364158,197.559785261103
0.1,1163.7996997205973,197.36456808199122
0.1,1163.813630704779,197.36456808199122
0.1,1163.8275616889605,197.36456808199122
0.1,1163.8436704660357,197.36456808199122
0.1,1163.859779243111,197.559785261103
0.1,1163.8758880201863,197.559785261103
0.1,1163.8919967972615,197.559785261103
0.1,1163.9175906537414,197.559785261103
0.1,1163.9431845102213,197.559785261103
0.1,1163.9687783667011,197.559785261103
0.1,1163.994372223181,197.75500244021475
0.1,1164.0359574505787,197.75500244021475
0.1,1164.0775426779765,197.9502196193265
0.1,1164.1191279053742,197.9502196193265
0.1,1164.160713132772,197.9502196193265
0.1,1164.2245740134088,198.14543679843825
0.1,1164.2884348940456,198.14543679843825
0.1,1164.3522957746825,198.34065397755003
0.1,1164.4161566553194,198.34065397755003
0.1,1164.5212014598048,198.5358711566618
0.1,1164.6262462642903,198.73108833577356
0.1,1164.7312910687758,198.73108833577356
0.1,1164.8363358732613,198.9263055148853
0.1,1165.026951399348,199.12152269399706
0.1,1165.2175669254348,199.31673987310884
0.1,1165.4081824515215,199.51195705222062
0.1,1165.8858470681803,199.90239141044412
0.1,1166.363511684839,199.90239141044412
0.1,1166.8411763014979,199.90239141044412
0.1,1167.3188409181566,199.90239141044412
0.1,1167.8927801481273,199.90239141044412
0.1,1167.9959046684771,199.90239141044412
0.1,1168.099029188827,199.90239141044412
0.1,1168.2021537091769,199.90239141044412
0.1,1168.4084027498766,199.90239141044412
0.1,1168.6146517905763,199.90239141044412
0.1,1168.9546741005981,199.90239141044412
0.1,1169.29469641062,199.90239141044412
0.1,1169.6347187206418,199.90239141044412
0.1,1170.1415327825566,199.90239141044412
0.1,1170.5421529242572,199.90239141044412
0.1,1170.853153182195,199.90239141044412
0.1,1171.108822790207,199.90239141044412
0.1,1171.3033391363672,199.90239141044412
0.1,1171.4978554825275,199.90239141044412
0.1,1171.6235564575175,199.90239141044412
0.1,1171.7492574325074,199.90239141044412
0.1,1171.8457360450775,199.90239141044412
0.1,1171.9422146576476,199.90239141044412
0.1,1172.0386932702177,199.90239141044412
0.1,1172.1197798155556,199.90239141044412
0.1,1172.1850976857206,199.90239141044412
0.1,1172.2504155558856,199.90239141044412
0.1,1172.3157334260507,199.90239141044412
0.1,1172.403956387911,199.90239141044412
0.1,1172.4921793497713,199.90239141044412
0.1,1172.5804023116316,199.90239141044412
0.1,1172.6891738578543,199.90239141044412
0.1,1172.797945404077,199.90239141044412
0.1,1172.9067169502996,199.90239141044412
0.1,1173.0513607393111,199.90239141044412
0.1,1173.1960045283226,199.90239141044412
0.1,1173.3406483173342,199.90239141044412
0.1,1173.5427546858095,199.90239141044412
0.1,1173.744861054285,199.90239141044412
0.1,1173.9469674227603,199.90239141044412
0.1,1174.1490737912357,199.90239141044412
0.1,1174.4855462696712,199.90239141044412
0.1,1174.8220187481068,199.90239141044412
0.1,1175.1584912265423,199.90239141044412
0.1,1175.7791381594297,199.90239141044412
0.1,1176.3997850923172,199.90239141044412
0.1,1177.0204320252046,199.90239141044412
0.1,1177.641078958092,199.90239141044412
0.1,1178.296353383854,199.90239141044412
0.1,1178.951627809616,199.90239141044412
0.1,1179.4516183622757,199.90239141044412
0.1,1179.545152852842,199.90239141044412
0.1,1179.6386873434083,199.90239141044412
0.1,1179.7322218339746,199.90239141044412
0.1,1179.9192908151072,199.90239141044412
0.1,1180.1063597962398,199.90239141044412
0.1,1180.2934287773724,199.90239141044412
0.1,1180.6670012744733,199.90239141044412
0.1,1181.0405737715741,199.90239141044412
0.1,1181.414146268675,199.90239141044412
0.1,1181.8618569191276,199.90239141044412
0.1,1182.3095675695802,199.90239141044412
0.1,1182.7572782200327,199.90239141044412
0.1,1183.2049888704853,199.90239141044412
0.1,1183.8738021241986,199.90239141044412
0.1,1184.542615377912,199.90239141044412
0.1,1185.2114286316253,199.90239141044412
0.1,1185.8802418853386,199.90239141044412
0.1,1186.9331423055169,199.90239141044412
0.1,1187.9860427256951,199.90239141044412
0.1,1188.18621863101,199.90239141044412
0.1,1188.3863945363248,199.90239141044412
0.1,1188.5865704416397,199.90239141044412
0.1,1188.9869222522693,199.90239141044412
0.1,1189.387274062899,199.90239141044412
0.1,1189.7876258735287,199.90239141044412
0.1,1190.8597125440378,199.90239141044412
0.1,1191.931799214547,199.90239141044412
0.1,1193.0038858850562,199.90239141044412
0.1,1194.2931369801292,199.90239141044412
0.1,1195.5823880752023,199.90239141044412
0.1,1196.8716391702753,199.90239141044412
0.1,1198.1608902653484,199.90239141044412
0.1,1200.005886926518,199.90239141044412
0.1,1201.8508835876878,199.90239141044412
0.1,1203.6958802488575,199.90239141044412
0.1,1206.353823254608,199.90239141044412
0.1,1209.0117662603584,199.90239141044412
0.1,1211.6697092661088,199.90239141044412
0.1,1215.9126601984676,199.90239141044412
0.1,1220.1556111308264,199.90239141044412
0.1,1224.3985620631852,199.90239141044412
0.1,1229.862307573582,199.90239141044412
0.1,1235.3260530839789,199.90239141044412
0.1,1240.7897985943757,199.90239141044412
0.1,1246.2535441047726,199.90239141044412
0.1,1254.3319566170394,199.90239141044412
0.1,1262.4103691293062,199.90239141044412
0.1,1270.488781641573,199.90239141044412
0.1,1287.4083924575032,199.90239141044412
0.1,1304.3280032734333,199.90239141044412
0.1,1321.2476140893634,199.90239141044412
0.1,1407.6157368638037,199.90239141044412
0.1,1493.983859638244,199.90239141044412
0.1,2000.0,199.90239141044412
1.0,0.0,1.952171791117621
1.0,0.0007927509350547997,1.952171791117621
1.0,0.0009909386688184995,1.952171791117621
1.0,0.0010033254021787309,1.952171791117621
1.0,0.0010157121355389622,1.952171791117621
1.0,0.0010187693574926083,1.952171791117621
1.0,0.0010218265794462544,1.952171791117621
1.0,0.0010248838013999005,1.952171791117621
1.0,0.0010279410233535466,1.952171791117621
1.0,0.0010309982453071927,1.952171791117621
1.0,0.0010340554672608388,1.952171791117621
1.0,0.001037112689214485,1.952171791117621
1.0,0.001040169911168131,1.952171791117621
1.0,0.0010432271331217771,1.952171791117621
1.0,0.0010462843550754232,1.952171791117621
1.0,0.0010493415770290694,1.952171791117621
1.0,0.0010523987989827155,1.952171791117621
1.0,0.0010554560209363616,1.952171791117621
1.0,0.0010585132428900077,1.952171791117621
1.0,0.0010615704648436538,1.952171791117621
1.0,0.0010646276867972999,1.952171791117621
1.0,0.001067684908750946,1.952171791117621
1.0,0.0010737993526582382,1.952171791117621
1.0,0.0010799137965655304,1.952171791117621
1.0,0.0011410582356384531,1.952171791117621
1.0,0.0012022026747113758,1.952171791117621
1.0,0.0018136470654406033,1.952171791117621
1.0,0.0024250914561698305,1.952171791117621
1.0,0.004072392211064452,1.952171791117621
1.0,0.005719692965959073,1.952171791117621
1.0,0.008294726124909373,1.7569546120058561
1.0,0.010869759283859673,1.7569546120058561
1.0,0.013444792442809973,1.7569546120058561
1.0,0.01768977881237266,1.7569546120058561
1.0,0.021934765181935344,1.7569546120058561
1.0,0.02617975155149803,1.5617374328940912
1.0,0.030424737921060714,1.5617374328940912
1.0,0.03520697167332837,1.5617374328940912
1.0,0.03998920542559603,1.5617374328940912
1.0,0.04477143917786369,1.3665202537823404
1.0,0.049553672930131354,1.3665202537823404
1.0,0.05492337365463422,1.1713030746705755
1.0,0.060293074379137085,1.1713030746705755
1.0,0.06566277510363995,0.9760858955588105
1.0,0.07103247582814282,0.9760858955588105
1.0,0.07640217655264568,0.7808687164470456
1.0,0.08177187727714855,0.5856515373352806
1.0,0.08714157800165141,0.19521717911176495
1.0,0.09251127872615428,0.0
1.0,0.09329778828410062,0.0
1.0,0.09408429784204697,0.0
1.0,0.09487080739999332,0.0
1.0,0.09644382651588601,0.0
1.0,0.0980168456317787,0.0
1.0,0.10208839079724995,0.0
1.0,0.10615993596272119,0.0
1.0,0.11023148112819244,0.0
1.0,0.11713739500930598,0.0
1.0,0.1240433088904195,0.0
1.0,0.13094922277153304,0.0
1.0,0.13785513665264656,0.0
1.0,0.1465968764226065,0.0
1.0,0.15533861619256642,0.0
1.0,0.16408035596252635,0.0
1.0,0.17282209573248627,0.0
1.0,0.1830139263506113,0.0
1.0,0.19320575696873635,0.0
1.0,0.20339758758686138,0.0
1.0,0.20510670648197826,0.0
1.0,0.20681582537709514,0.0
1.0,0.20852494427221202,0.0
1.0,0.21194318206244578,0.0
1.0,0.21536141985267954,0.0
1.0,0.22547882620394621,0.0
1.0,0.2355962325552129,0.0
1.0,0.25414273124753056,0.0
1.0,0.27268922993984823,0.0
1.0,0.2912357286321659,0.0
1.0,0.3222411798991563,3.904343582235242
1.0,0.3532466311661467,3.904343582235242
1.0,0.3842520824331371,4.099560761346993
1.0,0.41525753370012747,4.099560761346993
1.0,0.4580158687113547,4.294777940458758
1.0,0.500774203722582,4.294777940458758
1.0,0.5435325387338092,4.294777940458758
1.0,0.6238687004602563,4.489995119570523
1.0,0.7042048621867034,4.489995119570523
1.0,0.7845410239131505,4.685212298682288
1.0,0.8648771856395976,4.685212298682288
1.0,0.9727993688008267,4.880429477794053
1.0,1.0807215519620559,4.880429477794053
1.0,1.188643735123285,5.075646656905803
1.0,1.2965659182845142,5.075646656905803
1.0,1.4044881014457433,5.270863836017568
1.0,1.5124102846069725,5.270863836017568
1.0,1.6203324677682016,5.466081015129333
1.0,1.7282546509294308,5.466081015129333
1.0,1.83617683409066,5.661298194241098
1.0,1.9243751110232152,5.661298194241098
1.0,2.012573387955771,5.856515373352863
1.0,2.100771664888326,5.856515373352863
1.0,2.1889699418208814,6.051732552464614
1.0,2.286318664105482,6.051732552464614
1.0,2.383667386390082,6.246949731576379
1.0,2.4642006975382196,6.246949731576379
1.0,2.544734008686357,6.442166910688144
1.0,2.6252673198344945,6.442166910688144
1.0,2.705800630982632,6.637384089799895
1.0,2.7979555055677485,6.637384089799895
1.0,2.890110380152865,6.8326012689116595
1.0,2.9640210390713944,6.8326012689116595
1.0,3.0379316979899236,7.0278184480234245
1.0,3.111842356908453,7.0278184480234245
1.0,3.185753015826982,7.223035627135189
1.0,3.259663674745511,7.223035627135189
1.0,3.3335743336640404,7.223035627135189
1.0,3.4074849925825696,7.418252806246954
1.0,3.481395651501099,7.418252806246954
1.0,3.555306310419628,7.613469985358705
1.0,3.6292169693381573,7.613469985358705
1.0,3.7031276282566865,7.80868716447047
1.0,3.7770382871752157,7.80868716447047
1.0,3.850948946093745,8.003904343582235
1.0,3.924859605012274,8.003904343582235
1.0,3.9987702639308034,8.003904343582235
1.0,4.072680922849333,8.199121522694
1.0,4.155727483665499,8.199121522694
1.0,4.238774044481666,8.394338701805765
1.0,4.299871366569855,8.394338701805765
1.0,4.360968688658044,8.589555880917516
1.0,4.422066010746233,8.589555880917516
1.0,4.4831633328344225,8.589555880917516
1.0,4.544260654922612,8.78477306002928
1.0,4.605357977010801,8.78477306002928
1.0,4.66645529909899,8.78477306002928
1.0,4.7344455471974705,8.78477306002928
1.0,4.802435795295951,8.78477306002928
1.0,4.870426043394431,8.979990239141046
1.0,4.938416291492912,8.979990239141046
1.0,5.032990111282553,8.979990239141046
1.0,5.127563931072194,8.979990239141046
1.0,5.222137750861835,8.979990239141046
1.0,5.316711570651476,8.979990239141046
1.0,5.42561232684527,8.979990239141046
1.0,5.534513083039064,9.17520741825281
1.0,5.643413839232858,9.17520741825281
1.0,5.752314595426652,9.17520741825281
1.0,5.861215351620446,9.17520741825281
1.0,5.97011610781424,9.17520741825281
1.0,6.060095140382416,9.17520741825281
1.0,6.1500741729505926,9.17520741825281
1.0,6.240053205518769,9.17520741825281
1.0,6.330032238086945,9.17520741825281
1.0,6.420011270655121,9.370424597364575
1.0,6.509990303223297,9.370424597364575
1.0,6.5999693357914735,9.370424597364575
1.0,6.616640237171305,9.370424597364575
1.0,6.633311138551137,9.370424597364575
1.0,6.649982039930968,9.370424597364575
1.0,6.683323842690632,9.370424597364575
1.0,6.716665645450295,9.370424597364575
1.0,6.775111306859956,9.565641776476326
1.0,6.833556968269617,9.565641776476326
1.0,6.892002629679278,9.565641776476326
1.0,6.985450511493516,9.565641776476326
1.0,7.078898393307754,9.760858955588091
1.0,7.172346275121992,9.760858955588091
1.0,7.26579415693623,9.760858955588091
1.0,7.359242038750468,9.760858955588091
1.0,7.452689920564706,9.956076134699856
1.0,7.557224570675961,9.956076134699856
1.0,7.661759220787217,9.956076134699856
1.0,7.766293870898473,10.151293313811621
1.0,7.870828521009728,10.151293313811621
1.0,7.975363171120984,10.151293313811621
1.0,8.079897821232239,10.346510492923386
1.0,8.184432471343493,10.346510492923386
1.0,8.288967121454748,10.346510492923386
1.0,8.393501771566003,10.541727672035137
1.0,8.498036421677257,10.541727672035137
1.0,8.633529636339276,10.736944851146902
1.0,8.769022851001294,10.736944851146902
1.0,8.904516065663312,10.932162030258667
1.0,9.04000928032533,10.932162030258667
1.0,9.175502494987349,11.127379209370417
1.0,9.310995709649367,11.127379209370417
1.0,9.423298761384068,11.322596388482182
1.0,9.535601813118769,11.322596388482182
1.0,9.64790486485347,11.517813567593947
1.0,9.76020791658817,11.517813567593947
1.0,9.872510968322871,11.713030746705712
1.0,9.984814020057572,11.713030746705712
1.0,10.097117071792272,11.908247925817477
1.0,10.190405167061858,11.908247925817477
1.0,10.283693262331443,12.103465104929228
1.0,10.376981357601029,12.103465104929228
1.0,10.470269452870614,12.103465104929228
1.0,10.5635575481402,12.298682284040993
1.0,10.656845643409785,12.298682284040993
1.0,10.75013373867937,12.493899463152758
1.0,10.821784714560566,12.493899463152758
1.0,10.880255233786349,12.493899463152758
1.0,10.93872575301213,12.689116642264523
1.0,10.997196272237913,12.689116642264523
1.0,11.055666791463695,12.689116642264523
1.0,11.143716301342009,12.884333821376288
1.0,11.231765811220322,12.884333821376288
1.0,11.319815321098636,12.884333821376288
1.0,11.40786483097695,13.079551000488038
1.0,11.495914340855263,13.079551000488038
1.0,11.583963850733577,13.274768179599803
1.0,11.67201336061189,13.274768179599803
1.0,11.760062870490204,13.469985358711568
1.0,11.848112380368518,13.469985358711568
1.0,11.936161890246831,13.469985358711568
1.0,12.024211400125145,13.665202537823333
1.0,12.112260910003458,13.665202537823333
1.0,12.200310419881772,13.860419716935098
1.0,12.288359929760086,13.860419716935098
1.0,12.3764094396384,14.055636896046849
1.0,12.388552326354265,14.055636896046849
1.0,12.400695213070131,14.055636896046849
1.0,12.412838099785997,14.055636896046849
1.0,12.427028476477538,14.055636896046849
1.0,12.44121885316908,14.055636896046849
1.0,12.465175187296092,14.055636896046849
1.0,12.489131521423104,14.055636896046849
1.0,12.513087855550117,14.055636896046849
1.0,12.565226425120189,14.250854075158614
1.0,12.617364994690261,14.250854075158614
1.0,12.669503564260333,14.250854075158614
1.0,12.721642133830406,14.250854075158614
1.0,12.773780703400478,14.446071254270379
1.0,12.82591927297055,14.446071254270379
1.0,12.896059082024262,14.446071254270379
1.0,12.966198891077974,14.446071254270379
1.0,13.023928118900368,14.64128843338213
1.0,13.081657346722762,14.64128843338213
1.0,13.139386574545156,14.64128843338213
1.0,13.19711580236755,14.836505612493895
1.0,13.263606852347937,14.836505612493895
1.0,13.330097902328324,14.836505612493895
1.0,13.396588952308711,15.03172279160566
1.0,13.463080002289098,15.03172279160566
1.0,13.54267777282103,15.03172279160566
1.0,13.622275543352961,15.226939970717424
1.0,13.701873313884892,15.226939970717424
1.0,13.767077248176872,15.226939970717424
1.0,13.83228118246885,15.42215714982919
1.0,13.89748511676083,15.42215714982919
1.0,13.96268905105281,15.42215714982919
1.0,14.043435304769764,15.61737432894094
1.0,14.124181558486718,15.61737432894094
1.0,14.204927812203673,15.812591508052705
1.0,14.285674065920627,15.812591508052705
1.0,14.366420319637582,15.812591508052705
1.0,14.447166573354536,16.00780868716447
1.0,14.527912827071491,16.00780868716447
1.0,14.608659080788446,16.203025866276235
1.0,14.6894053345054,16.203025866276235
1.0,14.770151588222355,16.203025866276235
1.0,14.782180750233367,16.203025866276235
1.0,14.79420991224438,16.398243045388
1.0,14.806239074255393,16.398243045388
1.0,14.818268236266405,16.398243045388
1.0,14.839055051493798,16.398243045388
1.0,14.85984186672119,16.398243045388
1.0,14.880628681948583,16.398243045388
1.0,14.936534846689652,16.398243045388
1.0,14.99244101143072,16.59346022449975
1.0,15.04834717617179,16.59346022449975
1.0,15.11895585054508,16.59346022449975
1.0,15.189564524918369,16.788677403611516
1.0,15.260173199291659,16.788677403611516
1.0,15.330781873664948,16.788677403611516
1.0,15.416554355150303,16.98389458272328
1.0,15.502326836635659,16.98389458272328
1.0,15.588099318121014,16.98389458272328
1.0,15.673871799606369,17.179111761835046
1.0,15.759644281091724,17.179111761835046
1.0,15.845416762577079,17.37432894094681
1.0,15.857581447049823,17.37432894094681
1.0,15.869746131522566,17.37432894094681
1.0,15.88191081599531,17.37432894094681
1.0,15.894075500468054,17.37432894094681
1.0,15.910557051691159,17.37432894094681
1.0,15.927038602914264,17.37432894094681
1.0,15.943520154137369,17.37432894094681
1.0,15.998492182692559,17.56954612005856
1.0,16.053464211247746,17.56954612005856
1.0,16.108436239802934,17.56954612005856
1.0,16.16845304547005,17.56954612005856
1.0,16.228469851137163,17.764763299170326
1.0,16.288486656804277,17.764763299170326
1.0,16.348503462471392,17.764763299170326
1.0,16.432646340724684,17.95998047828209
1.0,16.516789218977976,17.95998047828209
1.0,16.60093209723127,18.155197657393856
1.0,16.68507497548456,18.155197657393856
1.0,16.769217853737853,18.155197657393856
1.0,16.853360731991145,18.35041483650562
1.0,16.937503610244438,18.35041483650562
1.0,17.02164648849773,18.54563201561737
1.0,17.105789366751022,18.54563201561737
1.0,17.189932245004314,18.54563201561737
1.0,17.274075123257607,18.740849194729137
1.0,17.3582180015109,18.740849194729137
1.0,17.44236087976419,18.9360663738409
1.0,17.526503758017483,18.9360663738409
1.0,17.610646636270776,19.131283552952652
1.0,17.694789514524068,19.131283552952652
1.0,17.77893239277736,19.131283552952652
1.0,17.863075271030652,19.326500732064417
1.0,17.947218149283945,19.326500732064417
1.0,18.031361027537237,19.521717911176182
1.0,18.11550390579053,19.521717911176182
1.0,18.19964678404382,19.521717911176182
1.0,18.283789662297114,19.716935090287947
1.0,18.367932540550406,19.716935090287947
1.0,18.452075418803698,19.912152269399712
1.0,18.53621829705699,19.912152269399712
1.0,18.620361175310283,20.107369448511463
1.0,18.704504053563575,20.107369448511463
1.0,18.788646931816867,20.107369448511463
1.0,18.87278981007016,20.302586627623228
1.0,18.95693268832345,20.302586627623228
1.0,19.041075566576744,20.497803806734993
1.0,19.125218444830036,20.497803806734993
1.0,19.20936132308333,20.497803806734993
1.0,19.29350420133662,20.693020985846758
1.0,19.377647079589913,20.693020985846758
1.0,19.461789957843205,20.888238164958523
1.0,19.545932836096497,20.888238164958523
1.0,19.63007571434979,21.083455344070273
1.0,19.714218592603082,21.083455344070273
1.0,19.798361470856374,21.083455344070273
1.0,19.882504349109666,21.27867252318204
1.0,19.96664722736296,21.27867252318204
1.0,20.05079010561625,21.473889702293803
1.0,20.134932983869543,21.473889702293803
1.0,20.219075862122835,21.66910688140557
1.0,20.303218740376128,21.66910688140557
1.0,20.38736161862942,21.66910688140557
1.0,20.471504496882712,21.864324060517333
1.0,20.555647375136004,21.864324060517333
1.0,20.639790253389297,22.059541239629084
1.0,20.72393313164259,22.059541239629084
1.0,20.80807600989588,22.059541239629084
1.0,20.82016014284199,22.25475841874085
1.0,20.832244275788096,22.25475841874085
1.0,20.844328408734203,22.25475841874085
1.0,20.85641254168031,22.25475841874085
1.0,20.87323353656362,22.25475841874085
1.0,20.890054531446932,22.25475841874085
1.0,20.906875526330243,22.25475841874085
1.0,20.96325322623056,22.25475841874085
1.0,21.019630926130876,22.25475841874085
1.0,21.076008626031193,22.449975597852614
1.0,21.146650885183398,22.449975597852614
1.0,21.217293144335603,22.449975597852614
1.0,21.287935403487808,22.64519277696438
1.0,21.358577662640013,22.64519277696438
1.0,21.44484082495024,22.840409956076144
1.0,21.53110398726047,22.840409956076144
1.0,21.617367149570697,22.840409956076144
1.0,21.703630311880925,23.035627135187895
1.0,21.789893474191153,23.035627135187895
1.0,21.87615663650138,23.23084431429966
1.0,21.888238680842793,23.23084431429966
1.0,21.900320725184205,23.23084431429966
1.0,21.912402769525617,23.23084431429966
1.0,21.92448481386703,23.23084431429966
1.0,21.940658239511656,23.23084431429966
1.0,21.956831665156283,23.23084431429966
1.0,21.97300509080091,23.23084431429966
1.0,22.027950261346184,23.426061493411424
1.0,22.08289543189146,23.426061493411424
1.0,22.137840602436732,23.426061493411424
1.0,22.19808307153833,23.426061493411424
1.0,22.25832554063993,23.621278672523175
1.0,22.31856800974153,23.621278672523175
1.0,22.37881047884313,23.621278672523175
1.0,22.46291133858211,23.81649585163494
1.0,22.54701219832109,23.81649585163494
1.0,22.631113058060073,24.011713030746705
1.0,22.715213917799055,24.011713030746705
1.0,22.799314777538036,24.011713030746705
1.0,22.883415637277018,24.20693020985847
1.0,22.967516497016,24.20693020985847
1.0,23.05161735675498,24.402147388970235
1.0,23.135718216493963,24.402147388970235
1.0,23.219819076232945,24.402147388970235
1.0,23.303919935971926,24.597364568081986
1.0,23.388020795710908,24.597364568081986
1.0,23.47212165544989,24.79258174719375
1.0,23.55622251518887,24.79258174719375
1.0,23.640323374927853,24.987798926305516
1.0,23.724424234666834,24.987798926305516
1.0,23.788458980826764,24.987798926305516
1.0,23.839017416333004,25.18301610541728
1.0,23.889575851839243,25.18301610541728
1.0,23.940134287345483,25.18301610541728
1.0,23.990692722851723,25.18301610541728
1.0,24.067617371482715,25.378233284529045
1.0,24.144542020113708,25.378233284529045
1.0,24.2214666687447,25.378233284529045
1.0,24.298391317375692,25.573450463640796
1.0,24.375315966006685,25.573450463640796
1.0,24.452240614637677,25.76866764275256
1.0,24.52916526326867,25.76866764275256
1.0,24.606089911899662,25.76866764275256
1.0,24.661505721449895,25.963884821864326
1.0,24.71692153100013,25.963884821864326
1.0,24.77233734055036,25.963884821864326
1.0,24.827753150100595,25.963884821864326
1.0,24.883168959650828,26.15910200097609
1.0,24.93858476920106,26.15910200097609
1.0,24.994000578751294,26.15910200097609
1.0,25.005349561573425,26.15910200097609
1.0,25.016698544395556,26.15910200097609
1.0,25.028047527217687,26.15910200097609
1.0,25.041610548304256,26.354319180087856
1.0,25.055173569390824,26.354319180087856
1.0,25.073282417973125,26.354319180087856
1.0,25.091391266555426,26.354319180087856
1.0,25.109500115137728,26.354319180087856
1.0,25.148307530102688,26.354319180087856
1.0,25.18711494506765,26.354319180087856
1.0,25.22592236003261,26.354319180087856
1.0,25.2772366705356,26.549536359199607
1.0,25.328550981038592,26.549536359199607
1.0,25.379865291541584,26.549536359199607
1.0,25.431179602044576,26.549536359199607
1.0,25.482493912547568,26.74475353831137
1.0,25.53380822305056,26.74475353831137
1.0,25.59590301697696,26.74475353831137
1.0,25.657997810903357,26.939970717423137
1.0,25.720092604829755,26.939970717423137
1.0,25.782187398756154,26.939970717423137
1.0,25.85064371552042,27.135187896534887
1.0,25.919100032284685,27.135187896534887
1.0,25.98755634904895,27.135187896534887
1.0,26.056012665813217,27.330405075646652
1.0,26.13729930317084,27.330405075646652
1.0,26.21858594052846,27.330405075646652
1.0,26.29987257788608,27.525622254758417
1.0,26.381159215243702,27.525622254758417
1.0,26.462445852601324,27.720839433870182
1.0,26.543732489958945,27.720839433870182
1.0,26.625019127316566,27.720839433870182
1.0,26.706305764674187,27.916056612981947
1.0,26.78759240203181,27.916056612981947
1.0,26.86887903938943,28.111273792093698
1.0,26.95016567674705,28.111273792093698
1.0,27.031452314104673,28.111273792093698
1.0,27.112738951462294,28.306490971205463
1.0,27.194025588819915,28.306490971205463
1.0,27.275312226177537,28.501708150317228
1.0,27.356598863535158,28.501708150317228
1.0,27.446147691394415,28.501708150317228
1.0,27.535696519253673,28.696925329428993
1.0,27.607405579639472,28.696925329428993
1.0,27.679114640025272,28.892142508540758
1.0,27.750823700411072,28.892142508540758
1.0,27.82253276079687,28.892142508540758
1.0,27.89424182118267,29.08735968765251
1.0,27.96595088156847,29.08735968765251
1.0,28.03765994195427,29.08735968765251
1.0,28.10936900234007,29.282576866764273
1.0,28.123454597216128,29.282576866764273
1.0,28.137540192092185,29.282576866764273
1.0,28.151625786968243,29.282576866764273
1.0,28.1657113818443,29.282576866764273
1.0,28.193882571596415,29.282576866764273
1.0,28.22205376134853,29.282576866764273
1.0,28.250224951100645,29.282576866764273
1.0,28.29771496002563,29.47779404587604
1.0,28.345204968950615,29.47779404587604
1.0,28.3926949778756,29.47779404587604
1.0,28.45244676758218,29.47779404587604
1.0,28.512198557288762,29.673011224987803
1.0,28.571950346995344,29.673011224987803
1.0,28.631702136701925,29.673011224987803
1.0,28.711222688807307,29.86822840409957
1.0,28.79074324091269,29.86822840409957
1.0,28.870263793018072,30.06344558321132
1.0,28.949784345123454,30.06344558321132
1.0,29.029304897228837,30.06344558321132
1.0,29.10882544933422,30.258662762323084
1.0,29.1883460014396,30.258662762323084
1.0,29.277486093046182,30.45387994143485
1.0,29.366626184652763,30.45387994143485
1.0,29.455766276259343,30.45387994143485
1.0,29.544906367865924,30.649097120546614
1.0,29.634046459472504,30.649097120546614
1.0,29.723186551079085,30.84431429965838
1.0,29.812326642685665,30.84431429965838
1.0,29.901466734292246,31.03953147877013
1.0,29.990606825898826,31.03953147877013
1.0,30.079746917505407,31.234748657881894
1.0,30.168887009111987,31.234748657881894
1.0,30.258027100718568,31.234748657881894
1.0,30.328091312525693,31.42996583699366
1.0,30.398155524332818,31.42996583699366
1.0,30.468219736139943,31.62518301610541
1.0,30.53828394794707,31.62518301610541
1.0,30.61964529924639,31.62518301610541
1.0,30.70100665054571,31.820400195217175
1.0,30.763939682988294,31.820400195217175
1.0,30.826872715430877,31.820400195217175
1.0,30.88980574787346,32.01561737432894
1.0,30.952738780316043,32.01561737432894
1.0,31.027896682691853,32.01561737432894
1.0,31.103054585067664,32.210834553440705
1.0,31.178212487443474,32.210834553440705
1.0,31.253370389819285,32.210834553440705
1.0,31.328528292195095,32.40605173255247
1.0,31.403686194570906,32.40605173255247
1.0,31.478844096946716,32.60126891166422
1.0,31.554001999322526,32.60126891166422
1.0,31.629159901698337,32.60126891166422
1.0,31.704317804074147,32.796486090775986
1.0,31.779475706449958,32.796486090775986
1.0,31.854633608825768,32.796486090775986
1.0,31.92979151120158,32.99170326988775
1.0,31.988289212439003,32.99170326988775
1.0,32.037030613916755,32.99170326988775
1.0,32.085772015394504,33.186920448999516
1.0,32.13451341687225,33.186920448999516
1.0,32.18325481835,33.186920448999516
1.0,32.253642734076635,33.186920448999516
1.0,32.32403064980327,33.38213762811128
1.0,32.394418565529904,33.38213762811128
1.0,32.46480648125654,33.38213762811128
1.0,32.53519439698317,33.57735480722303
1.0,32.60558231270981,33.57735480722303
1.0,32.67597022843644,33.57735480722303
1.0,32.75673951502493,33.772571986334796
1.0,32.837508801613424,33.772571986334796
1.0,32.918278088201916,33.96778916544656
1.0,32.99904737479041,33.96778916544656
1.0,33.0798166613789,34.163006344558326
1.0,33.16058594796739,34.163006344558326
1.0,33.17318151817695,34.163006344558326
1.0,33.17553263357901,34.163006344558326
1.0,33.17788374898107,34.163006344558326
1.0,33.180234864383124,34.163006344558326
1.0,33.184937095187244,34.163006344558326
1.0,33.189639325991365,34.163006344558326
1.0,33.20905258472874,34.163006344558326
1.0,33.22846584346611,34.163006344558326
1.0,33.247879102203484,34.163006344558326
1.0,33.303401937881716,34.35822352367009
1.0,33.35892477355995,34.35822352367009
1.0,33.41444760923818,34.35822352367009
1.0,33.47070107661483,34.35822352367009
1.0,33.52695454399148,34.55344070278184
1.0,33.58320801136813,34.55344070278184
1.0,33.63946147874478,34.55344070278184
1.0,33.72407606000891,34.74865788189361
1.0,33.808690641273046,34.74865788189361
1.0,33.89330522253718,34.94387506100537
1.0,33.97791980380131,34.94387506100537
1.0,34.06253438506545,34.94387506100537
1.0,34.14714896632958,35.13909224011714
1.0,34.231763547593715,35.13909224011714
1.0,34.31637812885785,35.3343094192289
1.0,34.32841776209006,35.3343094192289
1.0,34.33067251431388,35.3343094192289
1.0,34.3329272665377,35.3343094192289
1.0,34.33518201876152,35.3343094192289
1.0,34.33969152320917,35.3343094192289
1.0,34.344201027656815,35.3343094192289
1.0,34.361950175653725,35.3343094192289
1.0,34.379699323650634,35.3343094192289
1.0,34.404526585891006,35.3343094192289
1.0,34.42935384813138,35.3343094192289
1.0,34.45418111037175,35.3343094192289
1.0,34.500911371971,35.52952659834065
1.0,34.54764163357025,35.52952659834065
1.0,34.5943718951695,35.52952659834065
1.0,34.65493262080645,35.52952659834065
1.0,34.715493346443395,35.72474377745242
1.0,34.77605407208034,35.72474377745242
1.0,34.83661479771729,35.72474377745242
1.0,34.91540078093418,35.91996095656418
1.0,34.99418676415107,35.91996095656418
1.0,35.072972747367956,35.91996095656418
1.0,35.151758730584845,36.11517813567593
1.0,35.230544713801734,36.11517813567593
1.0,35.30933069701862,36.3103953147877
1.0,35.38811668023551,36.3103953147877
1.0,35.4669026634524,36.3103953147877
1.0,35.54568864666929,36.50561249389946
1.0,35.62447462988618,36.50561249389946
1.0,35.70326061310307,36.70082967301123
1.0,35.78204659631996,36.70082967301123
1.0,35.86083257953685,36.70082967301123
1.0,35.939618562753736,36.89604685212299
1.0,36.018404545970625,36.89604685212299
1.0,36.097190529187515,37.09126403123474
1.0,36.175976512404404,37.09126403123474
1.0,36.25476249562129,37.09126403123474
1.0,36.33354847883818,37.28648121034651
1.0,36.41233446205507,37.28648121034651
1.0,36.49112044527196,37.28648121034651
1.0,36.56990642848885,37.48169838945827
1.0,36.64869241170574,37.48169838945827
1.0,36.72747839492263,37.67691556857004
1.0,36.80626437813952,37.67691556857004
1.0,36.885050361356406,37.67691556857004
1.0,36.963836344573295,37.8721327476818
1.0,37.042622327790184,37.8721327476818
1.0,37.12140831100707,38.067349926793554
1.0,37.20019429422396,38.067349926793554
1.0,37.27898027744085,38.067349926793554
1.0,37.35776626065774,38.26256710590532
1.0,37.4224562941377,38.26256710590532
1.0,37.487146327617666,38.26256710590532
1.0,37.55183636109763,38.457784285017084
1.0,37.61652639457759,38.457784285017084
1.0,37.69025771280781,38.457784285017084
1.0,37.76398903103802,38.65300146412885
1.0,37.83772034926824,38.65300146412885
1.0,37.911451667498454,38.848218643240614
1.0,37.98518298572867,38.848218643240614
1.0,38.058914303958886,38.848218643240614
1.0,38.1326456221891,39.043435822352365
1.0,38.20637694041932,39.043435822352365
1.0,38.280108258649534,39.043435822352365
1.0,38.35383957687975,39.23865300146413
1.0,38.427570895109966,39.23865300146413
1.0,38.50130221334018,39.23865300146413
1.0,38.5750335315704,39.433870180575894
1.0,38.64751925607264,39.433870180575894
1.0,38.702554834884324,39.433870180575894
1.0,38.75759041369601,39.629087359687645
1.0,38.81262599250769,39.629087359687645
1.0,38.867661571319374,39.629087359687645
1.0,38.938141689452515,39.82430453879941
1.0,39.008621807585655,39.82430453879941
1.0,39.079101925718795,39.82430453879941
1.0,39.134326280342066,40.019521717911175
1.0,39.17931907687026,40.019521717911175
1.0,39.22431187339845,40.019521717911175
1.0,39.26930466992664,40.019521717911175
1.0,39.31429746645483,40.21473889702294
1.0,39.38195298660624,40.21473889702294
1.0,39.44960850675764,40.21473889702294
1.0,39.51726402690905,40.409956076134705
1.0,39.58491954706045,40.409956076134705
1.0,39.66925602580136,40.409956076134705
1.0,39.75359250454227,40.605173255246456
1.0,39.83792898328318,40.605173255246456
1.0,39.922265462024086,40.80039043435822
1.0,40.006601940764995,40.80039043435822
1.0,40.103828156380025,40.80039043435822
1.0,40.177267315199906,40.995607613469986
1.0,40.250706474019786,40.995607613469986
1.0,40.32414563283967,41.19082479258175
1.0,40.39758479165955,41.19082479258175
1.0,40.47102395047943,41.19082479258175
1.0,40.54446310929931,41.386041971693516
1.0,40.61790226811919,41.386041971693516
1.0,40.62949861269905,41.386041971693516
1.0,40.641094957278916,41.386041971693516
1.0,40.65269130185878,41.386041971693516
1.0,40.664287646438645,41.386041971693516
1.0,40.68748033559837,41.386041971693516
1.0,40.7106730247581,41.386041971693516
1.0,40.73386571391783,41.581259150805266
1.0,40.78193531688481,41.581259150805266
1.0,40.830004919851795,41.581259150805266
1.0,40.87807452281878,41.581259150805266
1.0,40.93823827758148,41.77647632991703
1.0,40.99840203234419,41.77647632991703
1.0,41.05856578710689,41.77647632991703
1.0,41.1187295418696,41.971693509028796
1.0,41.19557345938886,41.971693509028796
1.0,41.27241737690812,41.971693509028796
1.0,41.349261294427386,42.16691068814056
1.0,41.42610521194665,42.16691068814056
1.0,41.51140995015906,42.16691068814056
1.0,41.59671468837148,42.362127867252326
1.0,41.61010363649898,42.362127867252326
1.0,41.623492584626476,42.362127867252326
1.0,41.636881532753975,42.362127867252326
1.0,41.650270480881474,42.362127867252326
1.0,41.677048377136465,42.362127867252326
1.0,41.703826273391456,42.362127867252326
1.0,41.73060416964645,42.55734504636408
1.0,41.7777902127241,42.55734504636408
1.0,41.82497625580175,42.55734504636408
1.0,41.8721622988794,42.55734504636408
1.0,41.93176619017067,42.75256222547584
1.0,41.99137008146194,42.75256222547584
1.0,42.050973972753205,42.75256222547584
1.0,42.11057786404447,42.75256222547584
1.0,42.19054081390914,42.94777940458761
1.0,42.2705037637738,42.94777940458761
1.0,42.35046671363847,43.14299658369937
1.0,42.43042966350313,43.14299658369937
1.0,42.5103926133678,43.14299658369937
1.0,42.590355563232464,43.33821376281114
1.0,42.67031851309713,43.33821376281114
1.0,42.76250195566907,43.53343094192289
1.0,42.85468539824102,43.53343094192289
1.0,42.94686884081296,43.72864812103465
1.0,43.039052283384905,43.72864812103465
1.0,43.13123572595685,43.92386530014642
1.0,43.22341916852879,43.92386530014642
1.0,43.315602611100736,43.92386530014642
1.0,43.40778605367268,44.11908247925817
1.0,43.499969496244624,44.11908247925817
1.0,43.59215293881657,44.31429965836993
1.0,43.68433638138851,44.31429965836993
1.0,43.776519823960456,44.5095168374817
1.0,43.8687032665324,44.5095168374817
1.0,43.960886709104344,44.70473401659346
1.0,44.05307015167629,44.70473401659346
1.0,44.14525359424823,44.89995119570523
1.0,44.237437036820175,44.89995119570523
1.0,44.32962047939212,44.89995119570523
1.0,44.42180392196406,45.09516837481698
1.0,44.51398736453601,45.09516837481698
1.0,44.60617080710795,45.29038555392874
1.0,44.698354249679895,45.29038555392874
1.0,44.71219420262329,45.29038555392874
1.0,44.72603415556668,45.29038555392874
1.0,44.73987410851007,45.48560273304051
1.0,44.753714061453465,45.48560273304051
1.0,44.77813290789307,45.48560273304051
1.0,44.80255175433267,45.48560273304051
1.0,44.82697060077227,45.48560273304051
1.0,44.85138944721187,45.48560273304051
1.0,44.90151492470597,45.48560273304051
1.0,44.95164040220007,45.68081991215227
1.0,45.00176587969417,45.68081991215227
1.0,45.05189135718827,45.68081991215227
1.0,45.127878346233764,45.68081991215227
1.0,45.20386533527926,45.87603709126404
1.0,45.27985232432476,45.87603709126404
1.0,45.355839313370254,46.07125427037579
1.0,45.43182630241575,46.07125427037579
1.0,45.50781329146125,46.07125427037579
1.0,45.58380028050674,46.266471449487554
1.0,45.646568027347,46.266471449487554
1.0,45.65666326077842,46.266471449487554
1.0,45.666758494209844,46.266471449487554
1.0,45.676853727641266,46.266471449487554
1.0,45.6970441945041,46.266471449487554
1.0,45.71723466136694,46.266471449487554
1.0,45.73742512822977,46.266471449487554
1.0,45.786300513635055,46.46168862859932
1.0,45.83517589904034,46.46168862859932
1.0,45.88405128444562,46.46168862859932
1.0,45.944754020001994,46.656905807711084
1.0,46.00545675555837,46.656905807711084
1.0,46.066159491114746,46.656905807711084
1.0,46.12686222667112,46.656905807711084
1.0,46.206432734842025,46.85212298682285
1.0,46.28600324301293,46.85212298682285
1.0,46.36557375118383,47.0473401659346
1.0,46.445144259354734,47.0473401659346
1.0,46.52471476752564,47.0473401659346
1.0,46.60428527569654,47.242557345046365
1.0,46.68385578386744,47.242557345046365
1.0,46.77608195957057,47.43777452415813
1.0,46.86830813527369,47.43777452415813
1.0,46.96053431097682,47.632991703269894
1.0,47.052760486679944,47.632991703269894
1.0,47.14498666238307,47.632991703269894
1.0,47.237212838086194,47.82820888238166
1.0,47.32943901378932,47.82820888238166
1.0,47.421665189492444,48.02342606149341
1.0,47.51389136519557,48.02342606149341
1.0,47.606117540898694,48.218643240605175
1.0,47.69834371660182,48.218643240605175
1.0,47.790569892304944,48.41386041971694
1.0,47.88279606800807,48.41386041971694
1.0,47.975022243711194,48.60907759882869
1.0,48.06724841941432,48.60907759882869
1.0,48.159474595117445,48.804294777940456
1.0,48.25170077082057,48.804294777940456
1.0,48.343926946523695,48.804294777940456
1.0,48.43615312222682,48.99951195705222
1.0,48.528379297929945,48.99951195705222
1.0,48.62060547363307,49.194729136163986
1.0,48.712831649336195,49.194729136163986
1.0,48.72666374314992,49.194729136163986
1.0,48.740495836963646,49.194729136163986
1.0,48.75432793077737,49.38994631527575
1.0,48.7681600245911,49.38994631527575
1.0,48.792572255973134,49.38994631527575
1.0,48.81698448735517,49.38994631527575
1.0,48.84139671873721,49.38994631527575
1.0,48.865808950119245,49.38994631527575
1.0,48.91575710849727,49.38994631527575
1.0,48.96570526687529,49.5851634943875
1.0,49.01565342525331,49.5851634943875
1.0,49.065601583631334,49.5851634943875
1.0,49.1417681850932,49.5851634943875
1.0,49.21793478655506,49.780380673499266
1.0,49.29410138801693,49.780380673499266
1.0,49.37026798947879,49.97559785261103
1.0,49.446434590940655,49.97559785261103
1.0,49.52260119240252,49.97559785261103
1.0,49.59876779386438,50.170815031722796
1.0,49.66123163242778,50.170815031722796
1.0,49.671244078209426,50.170815031722796
1.0,49.681256523991074,50.170815031722796
1.0,49.69126896977272,50.170815031722796
1.0,49.71129386133601,50.170815031722796
1.0,49.7313187528993,50.170815031722796
1.0,49.75134364446259,50.170815031722796
1.0,49.80032449280757,50.36603221083456
1.0,49.84930534115255,50.36603221083456
1.0,49.89828618949753,50.36603221083456
1.0,49.959124187556675,50.36603221083456
1.0,50.01996218561582,50.56124938994631
1.0,50.08080018367496,50.56124938994631
1.0,50.1416381817341,50.56124938994631
1.0,50.22734380703411,50.75646656905808
1.0,50.31304943233412,50.75646656905808
1.0,50.398755057634126,50.95168374816984
1.0,50.484460682934134,50.95168374816984
1.0,50.57016630823414,51.14690092728161
1.0,50.65587193353415,51.14690092728161
1.0,50.66838897700985,51.14690092728161
1.0,50.680906020485544,51.14690092728161
1.0,50.69342306396124,51.14690092728161
1.0,50.70594010743694,51.14690092728161
1.0,50.72251013358376,51.14690092728161
1.0,50.739080159730584,51.14690092728161
1.0,50.75565018587741,51.14690092728161
1.0,50.77222021202423,51.34211810639337
1.0,50.82728346031938,51.34211810639337
1.0,50.88234670861453,51.34211810639337
1.0,50.937409956909676,51.34211810639337
1.0,50.991418692416616,51.53733528550512
1.0,51.045427427923556,51.53733528550512
1.0,51.0994361634305,51.53733528550512
1.0,51.15344489893744,51.53733528550512
1.0,51.23839360417124,51.73255246461689
1.0,51.32334230940505,51.73255246461689
1.0,51.408291014638856,51.92776964372865
1.0,51.49323971987266,51.92776964372865
1.0,51.57818842510647,52.1229868228404
1.0,51.663137130340274,52.1229868228404
1.0,51.74808583557408,52.1229868228404
1.0,51.83303454080789,52.31820400195217
1.0,51.91798324604169,52.31820400195217
1.0,52.0029319512755,52.51342118106393
1.0,52.087880656509306,52.51342118106393
1.0,52.17282936174311,52.7086383601757
1.0,52.25777806697692,52.7086383601757
1.0,52.342726772210725,52.7086383601757
1.0,52.42767547744453,52.90385553928746
1.0,52.51262418267834,52.90385553928746
1.0,52.59757288791214,53.09907271839921
1.0,52.68252159314595,53.09907271839921
1.0,52.767470298379756,53.09907271839921
1.0,52.85241900361356,53.29428989751098
1.0,52.93736770884737,53.29428989751098
1.0,53.005657603000785,53.48950707662274
1.0,53.0739474971542,53.48950707662274
1.0,53.14223739130762,53.48950707662274
1.0,53.21052728546103,53.68472425573451
1.0,53.27881717961445,53.68472425573451
1.0,53.347107073767866,53.68472425573451
1.0,53.41539696792128,53.87994143484627
1.0,53.47716829049992,53.87994143484627
1.0,53.5283150618983,53.87994143484627
1.0,53.579461833296676,54.075158613958024
1.0,53.61963321409097,54.075158613958024
1.0,53.65980459488526,54.075158613958024
1.0,53.69997597567955,54.075158613958024
1.0,53.74882273837126,54.075158613958024
1.0,53.79766950106297,54.27037579306979
1.0,53.84651626375468,54.27037579306979
1.0,53.90217404071192,54.27037579306979
1.0,53.95783181766916,54.27037579306979
1.0,54.0134895946264,54.465592972181554
1.0,54.06914737158364,54.465592972181554
1.0,54.12480514854088,54.465592972181554
1.0,54.18046292549812,54.66081015129332
1.0,54.23612070245536,54.66081015129332
1.0,54.30138829176458,54.66081015129332
1.0,54.366655881073804,54.66081015129332
1.0,54.431923470383026,54.856027330405084
1.0,54.49719105969225,54.856027330405084
1.0,54.55133558531865,54.856027330405084
1.0,54.605480110945045,55.051244509516835
1.0,54.65962463657144,55.051244509516835
1.0,54.71376916219784,55.051244509516835
1.0,54.78304319897379,55.051244509516835
1.0,54.83800305386707,55.2464616886286
1.0,54.892962908760346,55.2464616886286
1.0,54.94792276365362,55.2464616886286
1.0,55.0028826185469,55.441678867740364
1.0,55.071150833203475,55.441678867740364
1.0,55.13941904786005,55.441678867740364
1.0,55.20768726251663,55.63689604685213
1.0,55.275955477173206,55.63689604685213
1.0,55.34422369182978,55.63689604685213
1.0,55.41249190648636,55.832113225963894
1.0,55.480760121142936,55.832113225963894
1.0,55.54902833579951,55.832113225963894
1.0,55.61729655045609,56.027330405075645
1.0,55.685564765112666,56.027330405075645
1.0,55.763065025906315,56.027330405075645
1.0,55.84056528669996,56.222547584187396
1.0,55.91806554749361,56.222547584187396
1.0,55.99556580828726,56.41776476329919
1.0,56.07306606908091,56.41776476329919
1.0,56.15056632987456,56.41776476329919
1.0,56.228066590668206,56.61298194241094
1.0,56.305566851461855,56.61298194241094
1.0,56.3830671122555,56.61298194241094
1.0,56.44516744337222,56.80819912152269
1.0,56.50726777448894,56.80819912152269
1.0,56.569368105605655,56.80819912152269
1.0,56.63146843672237,57.003416300634456
1.0,56.702142937582344,57.003416300634456
1.0,56.77281743844232,57.003416300634456
1.0,56.84349193930229,57.198633479746206
1.0,56.91416644016226,57.198633479746206
1.0,56.96929993372493,57.198633479746206
1.0,56.97706095089817,57.198633479746206
1.0,56.98482196807141,57.198633479746206
1.0,56.992582985244645,57.198633479746206
1.0,57.00732758988023,57.393850658858
1.0,57.02207219451581,57.393850658858
1.0,57.03681679915139,57.393850658858
1.0,57.09962544439204,57.393850658858
1.0,57.16243408963269,57.393850658858
1.0,57.21176258091283,57.58906783796975
1.0,57.261091072192976,57.58906783796975
1.0,57.31041956347312,57.58906783796975
1.0,57.36798417424522,57.58906783796975
1.0,57.42554878501733,57.7842850170815
1.0,57.48311339578943,57.7842850170815
1.0,57.55020245936619,57.7842850170815
1.0,57.6040486973155,57.979502196193266
1.0,57.65789493526481,57.979502196193266
1.0,57.711741173214115,57.979502196193266
1.0,57.76558741116342,57.979502196193266
1.0,57.82486695758792,58.17471937530502
1.0,57.88414650401242,58.17471937530502
1.0,57.94342605043692,58.17471937530502
1.0,57.955191131957555,58.17471937530502
1.0,57.9569944983954,58.17471937530502
1.0,57.95879786483325,58.17471937530502
1.0,57.9606012312711,58.17471937530502
1.0,57.9642079641468,58.17471937530502
1.0,57.967814697022504,58.17471937530502
1.0,57.98505366259597,58.17471937530502
1.0,58.00229262816944,58.36993655441678
1.0,58.01953159374291,58.36993655441678
1.0,58.067230040352115,58.36993655441678
1.0,58.11492848696132,58.36993655441678
1.0,58.16262693357052,58.36993655441678
1.0,58.222926712483854,58.56515373352856
1.0,58.28322649139719,58.56515373352856
1.0,58.34352627031052,58.56515373352856
1.0,58.40382604922385,58.76037091264031
1.0,58.481916964424656,58.76037091264031
1.0,58.56000787962546,58.76037091264031
1.0,58.63809879482626,58.95558809175208
1.0,58.716189710027066,58.95558809175208
1.0,58.79428062522787,58.95558809175208
1.0,58.872371540428674,59.15080527086383
1.0,58.95046245562948,59.15080527086383
1.0,59.02855337083028,59.34602244997559
1.0,59.106644286031084,59.34602244997559
1.0,59.18473520123189,59.34602244997559
1.0,59.27307224695147,59.54123962908737
1.0,59.361409292671055,59.54123962908737
1.0,59.44974633839064,59.73645680819912
1.0,59.53808338411022,59.73645680819912
1.0,59.62642042982981,59.93167398731089
1.0,59.71475747554939,59.93167398731089
1.0,59.803094521268974,59.93167398731089
1.0,59.89143156698856,60.12689116642264
1.0,59.97976861270814,60.12689116642264
1.0,60.068105658427726,60.3221083455344
1.0,60.15644270414731,60.3221083455344
1.0,60.24477974986689,60.51732552464618
1.0,60.33311679558648,60.51732552464618
1.0,60.42145384130606,60.71254270375793
1.0,60.509790887025645,60.71254270375793
1.0,60.59812793274523,60.71254270375793
1.0,60.68646497846481,60.9077598828697
1.0,60.774802024184396,60.9077598828697
1.0,60.86313906990398,61.10297706198145
1.0,60.951476115623564,61.10297706198145
1.0,61.03981316134315,61.2981942410932
1.0,61.12815020706273,61.2981942410932
1.0,61.216487252782315,61.49341142020499
1.0,61.3048242985019,61.49341142020499
1.0,61.39316134422148,61.49341142020499
1.0,61.46522840516491,61.68862859931674
1.0,61.53729546610833,61.68862859931674
1.0,61.60936252705176,61.68862859931674
1.0,61.68142958799518,61.88384577842851
1.0,61.75349664893861,61.88384577842851
1.0,61.82556370988203,62.07906295754026
1.0,61.89763077082546,62.07906295754026
1.0,61.96969783176888,62.07906295754026
1.0,62.04176489271231,62.27428013665201
1.0,62.11383195365573,62.27428013665201
1.0,62.18589901459916,62.27428013665201
1.0,62.25796607554258,62.4694973157638
1.0,62.33003313648601,62.4694973157638
1.0,62.41121080054346,62.4694973157638
1.0,62.49238846460091,62.664714494875554
1.0,62.573566128658356,62.664714494875554
1.0,62.654743792715806,62.85993167398732
1.0,62.735921456773255,62.85993167398732
1.0,62.817099120830704,62.85993167398732
1.0,62.898276784888154,63.05514885309907
1.0,62.96466175709838,63.05514885309907
1.0,63.03104672930861,63.25036603221082
1.0,63.09743170151884,63.25036603221082
1.0,63.16381667372907,63.25036603221082
1.0,63.176395718144406,63.25036603221082
1.0,63.1787555731564,63.25036603221082
1.0,63.1811154281684,63.25036603221082
1.0,63.18347528318039,63.25036603221082
1.0,63.188194993204384,63.25036603221082
1.0,63.192914703228375,63.25036603221082
1.0,63.21289557213852,63.25036603221082
1.0,63.23287644104867,63.445583211322614
1.0,63.25285730995881,63.445583211322614
1.0,63.30718916906111,63.445583211322614
1.0,63.36152102816341,63.445583211322614
1.0,63.41585288726571,63.445583211322614
1.0,63.46798048784523,63.640800390434364
1.0,63.520108088424756,63.640800390434364
1.0,63.57223568900428,63.640800390434364
1.0,63.624363289583805,63.640800390434364
1.0,63.7097366186555,63.83601756954613
1.0,63.79510994772719,63.83601756954613
1.0,63.880483276798884,64.03123474865788
1.0,63.96585660587058,64.03123474865788
1.0,64.05122993494227,64.22645192776963
1.0,64.13660326401397,64.22645192776963
1.0,64.22197659308567,64.22645192776963
1.0,64.30734992215737,64.42166910688142
1.0,64.39272325122907,64.42166910688142
1.0,64.47809658030077,64.61688628599317
1.0,64.56346990937247,64.61688628599317
1.0,64.64884323844417,64.81210346510493
1.0,64.73421656751587,64.81210346510493
1.0,64.81958989658757,64.81210346510493
1.0,64.90496322565927,65.00732064421669
1.0,64.99033655473097,65.00732064421669
1.0,65.07570988380267,65.20253782332844
1.0,65.16108321287437,65.20253782332844
1.0,65.24645654194607,65.39775500244023
1.0,65.33182987101777,65.39775500244023
1.0,65.41720320008947,65.39775500244023
1.0,65.48589061407067,65.59297218155199
1.0,65.55457802805186,65.59297218155199
1.0,65.62326544203306,65.59297218155199
1.0,65.69195285601425,65.78818936066374
1.0,65.76064026999545,65.78818936066374
1.0,65.82932768397664,65.78818936066374
1.0,65.89801509795784,65.9834065397755
1.0,65.96670251193903,65.9834065397755
1.0,66.02120657528108,65.9834065397755
1.0,66.07571063862314,66.17862371888725
1.0,66.13021470196519,66.17862371888725
1.0,66.18471876530724,66.17862371888725
1.0,66.25090911262582,66.37384089799905
1.0,66.3170994599444,66.37384089799905
1.0,66.38328980726298,66.37384089799905
1.0,66.44948015458156,66.5690580771108
1.0,66.51567050190015,66.5690580771108
1.0,66.58186084921873,66.5690580771108
1.0,66.59059687416382,66.5690580771108
1.0,66.59933289910892,66.5690580771108
1.0,66.60806892405401,66.5690580771108
1.0,66.61996057690551,66.5690580771108
1.0,66.63185222975702,66.5690580771108
1.0,66.65249231677181,66.76427525622255
1.0,66.67313240378661,66.76427525622255
1.0,66.69377249080141,66.76427525622255
1.0,66.73610564674716,66.76427525622255
1.0,66.77843880269292,66.76427525622255
1.0,66.82077195863867,66.76427525622255
1.0,66.88073321250796,66.95949243533431
1.0,66.94069446637725,66.95949243533431
1.0,67.00065572024654,66.95949243533431
1.0,67.06061697411583,67.15470961444606
1.0,67.13618120658707,67.15470961444606
1.0,67.2117454390583,67.15470961444606
1.0,67.28730967152954,67.34992679355783
1.0,67.36287390400078,67.34992679355783
1.0,67.43843813647202,67.34992679355783
1.0,67.51400236894325,67.5451439726696
1.0,67.58956660141449,67.5451439726696
1.0,67.66513083388573,67.74036115178136
1.0,67.74069506635696,67.74036115178136
1.0,67.8162592988282,67.74036115178136
1.0,67.89182353129944,67.93557833089312
1.0,67.96738776377067,67.93557833089312
1.0,68.04295199624191,67.93557833089312
1.0,68.11851622871315,68.13079551000487
1.0,68.19408046118438,68.13079551000487
1.0,68.26964469365562,68.32601268911664
1.0,68.34520892612686,68.32601268911664
1.0,68.4207731585981,68.32601268911664
1.0,68.49633739106933,68.52122986822842
1.0,68.57190162354057,68.52122986822842
1.0,68.6474658560118,68.52122986822842
1.0,68.70723530754806,68.71644704734017
1.0,68.76700475908432,68.71644704734017
1.0,68.82677421062057,68.71644704734017
1.0,68.88654366215683,68.91166422645193
1.0,68.95774366228909,68.91166422645193
1.0,69.02894366242136,68.91166422645193
1.0,69.10014366255362,69.10688140556368
1.0,69.17134366268589,69.10688140556368
1.0,69.18218266516226,69.10688140556368
1.0,69.19024801155552,69.10688140556368
1.0,69.19831335794879,69.10688140556368
1.0,69.20637870434206,69.10688140556368
1.0,69.21744989095762,69.10688140556368
1.0,69.22852107757319,69.10688140556368
1.0,69.24639879778726,69.10688140556368
1.0,69.26427651800134,69.30209858467543
1.0,69.28522578182778,69.30209858467543
1.0,69.30617504565421,69.30209858467543
1.0,69.32712430948065,69.30209858467543
1.0,69.3929038823151,69.30209858467543
1.0,69.44365060264126,69.30209858467543
1.0,69.48277552755232,69.49731576378723
1.0,69.52190045246338,69.49731576378723
1.0,69.56102537737445,69.49731576378723
1.0,69.60875146340915,69.49731576378723
1.0,69.65647754944385,69.69253294289898
1.0,69.70420363547855,69.69253294289898
1.0,69.75991455177595,69.69253294289898
1.0,69.81562546807335,69.69253294289898
1.0,69.87133638437075,69.88775012201074
1.0,69.92704730066815,69.88775012201074
1.0,69.98275821696555,69.88775012201074
1.0,70.03846913326295,69.88775012201074
1.0,70.09418004956035,70.0829673011225
1.0,70.17168700629826,70.0829673011225
1.0,70.24919396303616,70.0829673011225
1.0,70.32670091977407,70.27818448023424
1.0,70.40420787651198,70.27818448023424
1.0,70.48171483324988,70.47340165934604
1.0,70.55922178998779,70.47340165934604
1.0,70.6367287467257,70.47340165934604
1.0,70.7142357034636,70.66861883845779
1.0,70.7917426602015,70.66861883845779
1.0,70.86924961693941,70.86383601756955
1.0,70.94675657367732,70.86383601756955
1.0,71.02426353041523,70.86383601756955
1.0,71.10177048715313,71.0590531966813
1.0,71.17927744389104,71.0590531966813
1.0,71.25678440062894,71.0590531966813
1.0,71.33429135736685,71.25427037579306
1.0,71.41179831410476,71.25427037579306
1.0,71.48930527084266,71.44948755490485
1.0,71.56681222758057,71.44948755490485
1.0,71.64431918431848,71.44948755490485
1.0,71.72182614105638,71.6447047340166
1.0,71.79933309779429,71.6447047340166
1.0,71.8768400545322,71.83992191312836
1.0,71.9543470112701,71.83992191312836
1.0,72.03185396800801,71.83992191312836
1.0,72.10936092474591,72.03513909224012
1.0,72.18686788148382,72.03513909224012
1.0,72.26437483822173,72.03513909224012
1.0,72.34188179495963,72.23035627135187
1.0,72.41938875169754,72.23035627135187
1.0,72.49689570843545,72.42557345046365
1.0,72.57440266517335,72.42557345046365
1.0,72.65190962191126,72.42557345046365
1.0,72.72941657864916,72.62079062957541
1.0,72.79072989048757,72.62079062957541
1.0,72.85204320232597,72.62079062957541
1.0,72.91335651416438,72.81600780868717
1.0,72.97466982600278,72.81600780868717
1.0,73.0449962602059,72.81600780868717
1.0,73.11532269440903,73.01122498779893
1.0,73.18564912861216,73.01122498779893
1.0,73.25597556281528,73.01122498779893
1.0,73.33684530065027,73.20644216691068
1.0,73.41771503848526,73.20644216691068
1.0,73.49858477632024,73.40165934602246
1.0,73.57945451415523,73.40165934602246
1.0,73.66032425199022,73.40165934602246
1.0,73.7411939898252,73.59687652513422
1.0,73.8220637276602,73.59687652513422
1.0,73.90293346549518,73.79209370424599
1.0,73.98380320333017,73.79209370424599
1.0,74.06467294116516,73.79209370424599
1.0,74.14554267900014,73.98731088335774
1.0,74.22641241683513,73.98731088335774
1.0,74.30728215467012,74.18252806246949
1.0,74.3881518925051,74.18252806246949
1.0,74.4690216303401,74.18252806246949
1.0,74.54989136817508,74.37774524158127
1.0,74.63076110601007,74.37774524158127
1.0,74.71163084384506,74.57296242069303
1.0,74.79250058168005,74.57296242069303
1.0,74.87337031951503,74.57296242069303
1.0,74.95424005735002,74.7681795998048
1.0,75.03510979518501,74.7681795998048
1.0,75.11597953302,74.96339677891655
1.0,75.19684927085498,74.96339677891655
1.0,75.27771900868997,74.96339677891655
1.0,75.35858874652496,75.1586139580283
1.0,75.43945848435995,75.1586139580283
1.0,75.52032822219493,75.35383113714005
1.0,75.60119796002992,75.35383113714005
1.0,75.68206769786491,75.35383113714005
1.0,75.7629374356999,75.54904831625184
1.0,75.84380717353488,75.54904831625184
1.0,75.90560859872309,75.7442654953636
1.0,75.95653239590227,75.7442654953636
1.0,76.00745619308145,75.7442654953636
1.0,76.05837999026063,75.7442654953636
1.0,76.10930378743981,75.93948267447536
1.0,76.1746904910077,75.93948267447536
1.0,76.24007719457558,75.93948267447536
1.0,76.30546389814346,76.13469985358711
1.0,76.356146019603,76.13469985358711
1.0,76.36436151844016,76.13469985358711
1.0,76.37257701727732,76.13469985358711
1.0,76.38079251611448,76.13469985358711
1.0,76.39229265290633,76.13469985358711
1.0,76.40379278969819,76.13469985358711
1.0,76.41529292649004,76.13469985358711
1.0,76.45350751430766,76.13469985358711
1.0,76.49172210212528,76.32991703269886
1.0,76.5299366899429,76.32991703269886
1.0,76.5910910103239,76.32991703269886
1.0,76.65224533070489,76.32991703269886
1.0,76.71339965108588,76.52513421181065
1.0,76.77455397146687,76.52513421181065
1.0,76.85685651921045,76.52513421181065
1.0,76.93915906695403,76.72035139092242
1.0,77.02146161469761,76.72035139092242
1.0,77.1037641624412,76.91556857003417
1.0,77.18606671018478,76.91556857003417
1.0,77.26836925792836,76.91556857003417
1.0,77.35067180567194,77.11078574914592
1.0,77.41369074130662,77.11078574914592
1.0,77.46422087777206,77.11078574914592
1.0,77.5147510142375,77.30600292825767
1.0,77.56528115070294,77.30600292825767
1.0,77.61581128716838,77.30600292825767
1.0,77.69251068754811,77.30600292825767
1.0,77.76921008792783,77.50122010736946
1.0,77.84590948830756,77.50122010736946
1.0,77.92260888868728,77.69643728648123
1.0,77.999308289067,77.69643728648123
1.0,78.07600768944673,77.69643728648123
1.0,78.15270708982645,77.89165446559298
1.0,78.21405727648974,77.89165446559298
1.0,78.2243958005001,77.89165446559298
1.0,78.23473432451047,77.89165446559298
1.0,78.24507284852083,77.89165446559298
1.0,78.26574989654156,77.89165446559298
1.0,78.2864269445623,77.89165446559298
1.0,78.30710399258302,78.08687164470473
1.0,78.35709776725255,78.08687164470473
1.0,78.40709154192209,78.08687164470473
1.0,78.45708531659162,78.08687164470473
1.0,78.51780097390166,78.28208882381648
1.0,78.5785166312117,78.28208882381648
1.0,78.63923228852174,78.28208882381648
1.0,78.69994794583178,78.47730600292827
1.0,78.7874756124523,78.47730600292827
1.0,78.87500327907281,78.47730600292827
1.0,78.96253094569333,78.67252318204002
1.0,79.03462356959783,78.67252318204002
1.0,79.10671619350232,78.86774036115179
1.0,79.17880881740682,78.86774036115179
1.0,79.25090144131131,78.86774036115179
1.0,79.33197472368211,79.06295754026354
1.0,79.4130480060529,79.06295754026354
1.0,79.4941212884237,79.06295754026354
1.0,79.5751945707945,79.25817471937529
1.0,79.65626785316529,79.25817471937529
1.0,79.73734113553608,79.45339189848708
1.0,79.81841441790688,79.45339189848708
1.0,79.89948770027767,79.45339189848708
1.0,79.91117451694326,79.64860907759883
1.0,79.92286133360885,79.64860907759883
1.0,79.93454815027444,79.64860907759883
1.0,79.94623496694003,79.64860907759883
1.0,79.96524347958822,79.64860907759883
1.0,79.98425199223642,79.64860907759883
1.0,80.00326050488462,79.64860907759883
1.0,80.05951017639663,79.64860907759883
1.0,80.11575984790863,79.8438262567106
1.0,80.17200951942064,79.8438262567106
1.0,80.24225868149735,79.8438262567106
1.0,80.31250784357405,80.03904343582235
1.0,80.38275700565076,80.03904343582235
1.0,80.45300616772747,80.03904343582235
1.0,80.53923134006332,80.2342606149341
1.0,80.62545651239918,80.2342606149341
1.0,80.71168168473504,80.42947779404588
1.0,80.7979068570709,80.42947779404588
1.0,80.88413202940676,80.42947779404588
1.0,80.97035720174262,80.62469497315764
1.0,80.98251958104812,80.62469497315764
1.0,80.99468196035363,80.62469497315764
1.0,81.00684433965914,80.62469497315764
1.0,81.01900671896465,80.62469497315764
1.0,81.03525546279377,80.62469497315764
1.0,81.0515042066229,80.62469497315764
1.0,81.06775295045202,80.62469497315764
1.0,81.12243707988397,80.81991215226941
1.0,81.17712120931591,80.81991215226941
1.0,81.23180533874786,80.81991215226941
1.0,81.2909870580542,80.81991215226941
1.0,81.35016877736054,81.01512933138116
1.0,81.40935049666687,81.01512933138116
1.0,81.46853221597321,81.01512933138116
1.0,81.55234252523617,81.21034651049291
1.0,81.63615283449913,81.21034651049291
1.0,81.71996314376209,81.40556368960469
1.0,81.80377345302504,81.40556368960469
1.0,81.887583762288,81.40556368960469
1.0,81.97139407155096,81.60078086871646
1.0,82.05520438081392,81.60078086871646
1.0,82.13901469007688,81.79599804782822
1.0,82.22282499933984,81.79599804782822
1.0,82.3066353086028,81.79599804782822
1.0,82.39044561786575,81.99121522693997
1.0,82.47425592712871,81.99121522693997
1.0,82.55806623639167,82.18643240605172
1.0,82.64187654565463,82.18643240605172
1.0,82.72568685491758,82.3816495851635
1.0,82.80949716418054,82.3816495851635
1.0,82.8933074734435,82.3816495851635
1.0,82.97711778270646,82.57686676427527
1.0,83.06092809196942,82.57686676427527
1.0,83.14473840123237,82.77208394338703
1.0,83.22854871049533,82.77208394338703
1.0,83.31235901975829,82.77208394338703
1.0,83.39616932902125,82.96730112249878
1.0,83.4799796382842,82.96730112249878
1.0,83.56378994754716,83.16251830161053
1.0,83.64760025681012,83.16251830161053
1.0,83.73141056607308,83.35773548072228
1.0,83.81522087533604,83.35773548072228
1.0,83.899031184599,83.35773548072228
1.0,83.98284149386195,83.55295265983408
1.0,84.06665180312491,83.55295265983408
1.0,84.15046211238787,83.74816983894584
1.0,84.23427242165083,83.74816983894584
1.0,84.31808273091379,83.74816983894584
1.0,84.40189304017674,83.94338701805759
1.0,84.4857033494397,83.94338701805759
1.0,84.56951365870266,84.13860419716934
1.0,84.65332396796562,84.13860419716934
1.0,84.73713427722858,84.3338213762811
1.0,84.82094458649154,84.3338213762811
1.0,84.9047548957545,84.3338213762811
1.0,84.98856520501745,84.52903855539289
1.0,85.07237551428041,84.52903855539289
1.0,85.15618582354337,84.72425573450465
1.0,85.23999613280633,84.72425573450465
1.0,85.32380644206928,84.72425573450465
1.0,85.40761675133224,84.9194729136164
1.0,85.4914270605952,84.9194729136164
1.0,85.57523736985816,85.11469009272815
1.0,85.65904767912112,85.11469009272815
1.0,85.74285798838407,85.3099072718399
1.0,85.82666829764703,85.3099072718399
1.0,85.91047860690999,85.3099072718399
1.0,85.99428891617295,85.5051244509517
1.0,86.0780992254359,85.5051244509517
1.0,86.16190953469886,85.70034163006346
1.0,86.24571984396182,85.70034163006346
1.0,86.32953015322478,85.70034163006346
1.0,86.41334046248774,85.89555880917521
1.0,86.4971507717507,85.89555880917521
1.0,86.58096108101365,86.09077598828696
1.0,86.66477139027661,86.09077598828696
1.0,86.74858169953957,86.28599316739871
1.0,86.83239200880253,86.28599316739871
1.0,86.91620231806549,86.28599316739871
1.0,87.00001262732845,86.48121034651051
1.0,87.0838229365914,86.48121034651051
1.0,87.16763324585436,86.67642752562226
1.0,87.25144355511732,86.67642752562226
1.0,87.33525386438028,86.67642752562226
1.0,87.41906417364324,86.87164470473402
1.0,87.5028744829062,86.87164470473402
1.0,87.58668479216915,87.06686188384577
1.0,87.67049510143211,87.06686188384577
1.0,87.75430541069507,87.26207906295753
1.0,87.83811571995803,87.26207906295753
1.0,87.92192602922098,87.26207906295753
1.0,88.00573633848394,87.45729624206932
1.0,88.0895466477469,87.45729624206932
1.0,88.17335695700986,87.65251342118107
1.0,88.25716726627282,87.65251342118107
1.0,88.34097757553577,87.65251342118107
1.0,88.42478788479873,87.84773060029283
1.0,88.50859819406169,87.84773060029283
1.0,88.59240850332465,88.04294777940459
1.0,88.6762188125876,88.04294777940459
1.0,88.76002912185056,88.23816495851634
1.0,88.84383943111352,88.23816495851634
1.0,88.92764974037648,88.23816495851634
1.0,89.01146004963944,88.43338213762813
1.0,89.0952703589024,88.43338213762813
1.0,89.17908066816535,88.62859931673988
1.0,89.26289097742831,88.62859931673988
1.0,89.34670128669127,88.62859931673988
1.0,89.43051159595423,88.82381649585164
1.0,89.51432190521719,88.82381649585164
1.0,89.59813221448015,89.0190336749634
1.0,89.6819425237431,89.0190336749634
1.0,89.76575283300606,89.21425085407515
1.0,89.84956314226902,89.21425085407515
1.0,89.93337345153198,89.21425085407515
1.0,90.01718376079494,89.40946803318693
1.0,90.1009940700579,89.40946803318693
1.0,90.18480437932085,89.60468521229869
1.0,90.26861468858381,89.60468521229869
1.0,90.35242499784677,89.60468521229869
1.0,90.43623530710973,89.79990239141046
1.0,90.52004561637268,89.79990239141046
1.0,90.60385592563564,89.9951195705222
1.0,90.6876662348986,89.9951195705222
1.0,90.77147654416156,90.19033674963396
1.0,90.85528685342452,90.19033674963396
1.0,90.93909716268747,90.19033674963396
1.0,91.02290747195043,90.38555392874574
1.0,91.10671778121339,90.38555392874574
1.0,91.19052809047635,90.5807711078575
1.0,91.2743383997393,90.5807711078575
1.0,91.35814870900226,90.5807711078575
1.0,91.44195901826522,90.77598828696927
1.0,91.52576932752818,90.77598828696927
1.0,91.60957963679114,90.97120546608102
1.0,91.6933899460541,90.97120546608102
1.0,91.77720025531706,91.16642264519277
1.0,91.86101056458001,91.16642264519277
1.0,91.94482087384297,91.16642264519277
1.0,92.02863118310593,91.36163982430455
1.0,92.11244149236889,91.36163982430455
1.0,92.19625180163185,91.55685700341631
1.0,92.2800621108948,91.55685700341631
1.0,92.36387242015776,91.55685700341631
1.0,92.44768272942072,91.75207418252808
1.0,92.53149303868368,91.75207418252808
1.0,92.61530334794664,91.94729136163983
1.0,92.6991136572096,91.94729136163983
1.0,92.78292396647255,92.14250854075158
1.0,92.86673427573551,92.14250854075158
1.0,92.95054458499847,92.14250854075158
1.0,93.03435489426143,92.33772571986333
1.0,93.11816520352438,92.33772571986333
1.0,93.20197551278734,92.53294289897512
1.0,93.2857858220503,92.53294289897512
1.0,93.36959613131326,92.53294289897512
1.0,93.45340644057622,92.72816007808689
1.0,93.53721674983917,92.72816007808689
1.0,93.62102705910213,92.92337725719864
1.0,93.70483736836509,92.92337725719864
1.0,93.78864767762805,93.11859443631039
1.0,93.872457986891,93.11859443631039
1.0,93.95626829615397,93.11859443631039
1.0,94.04007860541692,93.31381161542214
1.0,94.12388891467988,93.31381161542214
1.0,94.20769922394284,93.50902879453393
1.0,94.2915095332058,93.50902879453393
1.0,94.37531984246876,93.50902879453393
1.0,94.45913015173171,93.7042459736457
1.0,94.54294046099467,93.7042459736457
1.0,94.62675077025763,93.89946315275745
1.0,94.71056107952059,93.89946315275745
1.0,94.79437138878355,94.0946803318692
1.0,94.8781816980465,94.0946803318692
1.0,94.96199200730946,94.0946803318692
1.0,95.04580231657242,94.28989751098095
1.0,95.12961262583538,94.28989751098095
1.0,95.21342293509834,94.48511469009274
1.0,95.2972332443613,94.48511469009274
1.0,95.38104355362425,94.68033186920451
1.0,95.46485386288721,94.68033186920451
1.0,95.54866417215017,94.68033186920451
1.0,95.63247448141313,94.87554904831626
1.0,95.71628479067608,94.87554904831626
1.0,95.80009509993904,95.07076622742801
1.0,95.883905409202,95.07076622742801
1.0,95.96771571846496,95.07076622742801
1.0,96.05152602772792,95.26598340653976
1.0,96.13533633699087,95.26598340653976
1.0,96.21914664625383,95.46120058565155
1.0,96.30295695551679,95.46120058565155
1.0,96.38676726477975,95.6564177647633
1.0,96.47057757404271,95.6564177647633
1.0,96.55438788330567,95.6564177647633
1.0,96.63819819256862,95.85163494387507
1.0,96.72200850183158,95.85163494387507
1.0,96.80581881109454,96.04685212298682
1.0,96.8896291203575,96.04685212298682
1.0,96.97343942962046,96.04685212298682
1.0,97.05724973888341,96.24206930209857
1.0,97.14106004814637,96.24206930209857
1.0,97.22487035740933,96.43728648121036
1.0,97.30868066667229,96.43728648121036
1.0,97.39249097593525,96.63250366032212
1.0,97.4763012851982,96.63250366032212
1.0,97.56011159446116,96.63250366032212
1.0,97.64392190372412,96.82772083943388
1.0,97.72773221298708,96.82772083943388
1.0,97.81154252225004,97.02293801854563
1.0,97.895352831513,97.02293801854563
1.0,97.97916314077595,97.02293801854563
1.0,98.06297345003891,97.21815519765738
1.0,98.14678375930187,97.21815519765738
1.0,98.23059406856483,97.41337237676916
1.0,98.31440437782778,97.41337237676916
1.0,98.39821468709074,97.60858955588093
1.0,98.4820249963537,97.60858955588093
1.0,98.56583530561666,97.60858955588093
1.0,98.64964561487962,97.80380673499269
1.0,98.73345592414258,97.80380673499269
1.0,98.81726623340553,97.99902391410444
1.0,98.90107654266849,97.99902391410444
1.0,98.98488685193145,97.99902391410444
1.0,99.06869716119441,98.19424109321619
1.0,99.15250747045737,98.19424109321619
1.0,99.23631777972032,98.38945827232797
1.0,99.32012808898328,98.38945827232797
1.0,99.40393839824624,98.58467545143974
1.0,99.4877487075092,98.58467545143974
1.0,99.57155901677216,98.58467545143974
1.0,99.65536932603511,98.7798926305515
1.0,99.73917963529807,98.7798926305515
1.0,99.82298994456103,98.97510980966325
1.0,99.90680025382399,98.97510980966325
1.0,99.99061056308695,98.97510980966325
1.0,100.0744208723499,99.170326988775
1.0,100.15823118161286,99.170326988775
1.0,100.24204149087582,99.36554416788678
1.0,100.32585180013878,99.36554416788678
1.0,100.40966210940174,99.56076134699855
1.0,100.4934724186647,99.56076134699855
1.0,100.57728272792765,99.56076134699855
1.0,100.66109303719061,99.75597852611031
1.0,100.74490334645357,99.75597852611031
1.0,100.82871365571653,99.95119570522206
1.0,100.91252396497948,99.95119570522206
1.0,100.99633427424244,99.95119570522206
1.0,101.0801445835054,100.14641288433381
1.0,101.16395489276836,100.14641288433381
1.0,101.24776520203132,100.34163006344556
1.0,101.33157551129428,100.34163006344556
1.0,101.41538582055723,100.53684724255736
1.0,101.49919612982019,100.53684724255736
1.0,101.58300643908315,100.53684724255736
1.0,101.66681674834611,100.73206442166912
1.0,101.75062705760907,100.73206442166912
1.0,101.83443736687202,100.92728160078087
1.0,101.91824767613498,100.92728160078087
1.0,102.00205798539794,100.92728160078087
1.0,102.0858682946609,101.12249877989262
1.0,102.16967860392386,101.12249877989262
1.0,102.25348891318681,101.31771595900437
1.0,102.33729922244977,101.31771595900437
1.0,102.42110953171273,101.51293313811617
1.0,102.50491984097569,101.51293313811617
1.0,102.58873015023865,101.51293313811617
1.0,102.6725404595016,101.70815031722793
1.0,102.75635076876456,101.70815031722793
1.0,102.84016107802752,101.90336749633968
1.0,102.92397138729048,101.90336749633968
1.0,103.00778169655344,101.90336749633968
1.0,103.0915920058164,102.09858467545143
1.0,103.17540231507935,102.09858467545143
1.0,103.25921262434231,102.29380185456318
1.0,103.34302293360527,102.29380185456318
1.0,103.42683324286823,102.48901903367498
1.0,103.51064355213119,102.48901903367498
1.0,103.59445386139414,102.48901903367498
1.0,103.6782641706571,102.68423621278674
1.0,103.76207447992006,102.68423621278674
1.0,103.84588478918302,102.8794533918985
1.0,103.92969509844598,102.8794533918985
1.0,104.01350540770893,102.8794533918985
1.0,104.09731571697189,103.07467057101024
1.0,104.18112602623485,103.07467057101024
1.0,104.26493633549781,103.269887750122
1.0,104.34874664476077,103.269887750122
1.0,104.43255695402372,103.46510492923379
1.0,104.51636726328668,103.46510492923379
1.0,104.60017757254964,103.46510492923379
1.0,104.6839878818126,103.66032210834554
1.0,104.76779819107556,103.66032210834554
1.0,104.85160850033851,103.8555392874573
1.0,104.93541880960147,103.8555392874573
1.0,105.01922911886443,103.8555392874573
1.0,105.10303942812739,104.05075646656906
1.0,105.18684973739035,104.05075646656906
1.0,105.2706600466533,104.2459736456808
1.0,105.35447035591626,104.2459736456808
1.0,105.43828066517922,104.4411908247926
1.0,105.52209097444218,104.4411908247926
1.0,105.60590128370514,104.4411908247926
1.0,105.6897115929681,104.63640800390435
1.0,105.77352190223105,104.63640800390435
1.0,105.85733221149401,104.83162518301611
1.0,105.94114252075697,104.83162518301611
1.0,106.02495283001993,104.83162518301611
1.0,106.10876313928289,105.02684236212787
1.0,106.19257344854584,105.02684236212787
1.0,106.2763837578088,105.22205954123962
1.0,106.36019406707176,105.22205954123962
1.0,106.44400437633472,105.4172767203514
1.0,106.52781468559768,105.4172767203514
1.0,106.61162499486063,105.4172767203514
1.0,106.69543530412359,105.61249389946316
1.0,106.77924561338655,105.61249389946316
1.0,106.86305592264951,105.80771107857493
1.0,106.94686623191247,105.80771107857493
1.0,107.03067654117542,105.80771107857493
1.0,107.11448685043838,106.00292825768668
1.0,107.19829715970134,106.00292825768668
1.0,107.2821074689643,106.19814543679843
1.0,107.36591777822726,106.19814543679843
1.0,107.44972808749021,106.3933626159102
1.0,107.53353839675317,106.3933626159102
1.0,107.61734870601613,106.3933626159102
1.0,107.70115901527909,106.58857979502197
1.0,107.78496932454205,106.58857979502197
1.0,107.868779633805,106.78379697413374
1.0,107.95258994306796,106.78379697413374
1.0,108.03640025233092,106.78379697413374
1.0,108.12021056159388,106.97901415324549
1.0,108.20402087085684,106.97901415324549
1.0,108.2878311801198,107.17423133235724
1.0,108.37164148938275,107.17423133235724
1.0,108.45545179864571,107.36944851146902
1.0,108.53926210790867,107.36944851146902
1.0,108.62307241717163,107.36944851146902
1.0,108.70688272643459,107.56466569058078
1.0,108.79069303569754,107.56466569058078
1.0,108.8745033449605,107.75988286969255
1.0,108.95831365422346,107.75988286969255
1.0,109.04212396348642,107.75988286969255
1.0,109.12593427274938,107.9551000488043
1.0,109.20974458201233,107.9551000488043
1.0,109.29355489127529,108.15031722791605
1.0,109.37736520053825,108.15031722791605
1.0,109.46117550980121,108.3455344070278
1.0,109.54498581906417,108.3455344070278
1.0,109.62879612832712,108.3455344070278
1.0,109.71260643759008,108.54075158613959
1.0,109.79641674685304,108.54075158613959
1.0,109.880227056116,108.73596876525136
1.0,109.96403736537896,108.73596876525136
1.0,110.04784767464191,108.73596876525136
1.0,110.13165798390487,108.93118594436311
1.0,110.21546829316783,108.93118594436311
1.0,110.29927860243079,109.12640312347486
1.0,110.38308891169375,109.12640312347486
1.0,110.4668992209567,109.32162030258661
1.0,110.55070953021966,109.32162030258661
1.0,110.63451983948262,109.32162030258661
1.0,110.71833014874558,109.5168374816984
1.0,110.80214045800854,109.5168374816984
1.0,110.8859507672715,109.71205466081017
1.0,110.96976107653445,109.71205466081017
1.0,111.05357138579741,109.71205466081017
1.0,111.13738169506037,109.90727183992192
1.0,111.22119200432333,109.90727183992192
1.0,111.30500231358629,110.10248901903367
1.0,111.38881262284924,110.10248901903367
1.0,111.4726229321122,110.29770619814542
1.0,111.55643324137516,110.29770619814542
1.0,111.64024355063812,110.29770619814542
1.0,111.72405385990108,110.49292337725721
1.0,111.80786416916403,110.49292337725721
1.0,111.89167447842699,110.68814055636898
1.0,111.97548478768995,110.68814055636898
1.0,112.05929509695291,110.68814055636898
1.0,112.14310540621587,110.88335773548073
1.0,112.22691571547882,110.88335773548073
1.0,112.31072602474178,111.07857491459248
1.0,112.39453633400474,111.07857491459248
1.0,112.4783466432677,111.27379209370423
1.0,112.56215695253066,111.27379209370423
1.0,112.64596726179361,111.27379209370423
1.0,112.72977757105657,111.46900927281602
1.0,112.81358788031953,111.46900927281602
1.0,112.89739818958249,111.66422645192777
1.0,112.98120849884545,111.66422645192777
1.0,113.0737081706617,111.85944363103954
1.0,113.16620784247796,111.85944363103954
1.0,113.25870751429422,111.85944363103954
1.0,113.35120718611047,112.05466081015129
1.0,113.44370685792673,112.05466081015129
1.0,113.53620652974298,112.24987798926304
1.0,113.62870620155924,112.24987798926304
1.0,113.7212058733755,112.44509516837483
1.0,113.81370554519175,112.44509516837483
1.0,113.90620521700801,112.64031234748659
1.0,113.99870488882426,112.64031234748659
1.0,114.09120456064052,112.83552952659835
1.0,114.18370423245678,112.83552952659835
1.0,114.27620390427303,113.0307467057101
1.0,114.36870357608929,113.0307467057101
1.0,114.46120324790554,113.0307467057101
1.0,114.5537029197218,113.22596388482185
1.0,114.64620259153806,113.22596388482185
1.0,114.73870226335431,113.42118106393364
1.0,114.83120193517057,113.42118106393364
1.0,114.92370160698682,113.6163982430454
1.0,115.01620127880308,113.6163982430454
1.0,115.10870095061934,113.81161542215716
1.0,115.20120062243559,113.81161542215716
1.0,115.29370029425185,114.00683260126891
1.0,115.3861999660681,114.00683260126891
1.0,115.47869963788436,114.00683260126891
1.0,115.57119930970062,114.20204978038066
1.0,115.66369898151687,114.20204978038066
1.0,115.75619865333313,114.39726695949244
1.0,115.84869832514939,114.39726695949244
1.0,115.94119799696564,114.5924841386042
1.0,116.0336976687819,114.5924841386042
1.0,116.04752301881094,114.5924841386042
1.0,116.06134836883997,114.5924841386042
1.0,116.07517371886901,114.5924841386042
1.0,116.08899906889805,114.78770131771597
1.0,116.11294708443413,114.78770131771597
1.0,116.1368950999702,114.78770131771597
1.0,116.16084311550628,114.78770131771597
1.0,116.18479113104236,114.78770131771597
1.0,116.23514753321463,114.78770131771597
1.0,116.2855039353869,114.98291849682772
1.0,116.33586033755917,114.98291849682772
1.0,116.38621673973144,114.98291849682772
1.0,116.46286348079519,114.98291849682772
1.0,116.53951022185895,115.17813567593947
1.0,116.6161569629227,115.17813567593947
1.0,116.69280370398646,115.37335285505125
1.0,116.76945044505021,115.37335285505125
1.0,116.84609718611397,115.37335285505125
1.0,116.92274392717772,115.56857003416302
1.0,116.9847328655439,115.56857003416302
1.0,116.99469144911875,115.56857003416302
1.0,117.00465003269359,115.56857003416302
1.0,117.01460861626843,115.56857003416302
1.0,117.0345257834181,115.56857003416302
1.0,117.05444295056778,115.56857003416302
1.0,117.07436011771745,115.56857003416302
1.0,117.12353112851554,115.76378721327478
1.0,117.17270213931363,115.76378721327478
1.0,117.22187315011172,115.76378721327478
1.0,117.28287925653619,115.76378721327478
1.0,117.34388536296066,115.95900439238653
1.0,117.40489146938513,115.95900439238653
1.0,117.4658975758096,115.95900439238653
1.0,117.55174048065287,116.15422157149828
1.0,117.63758338549613,116.15422157149828
1.0,117.72342629033939,116.34943875061006
1.0,117.80926919518265,116.34943875061006
1.0,117.89511210002591,116.54465592972183
1.0,117.98095500486917,116.54465592972183
1.0,117.99341192053723,116.54465592972183
1.0,118.00586883620528,116.54465592972183
1.0,118.01832575187333,116.54465592972183
1.0,118.03078266754139,116.54465592972183
1.0,118.04724020254685,116.54465592972183
1.0,118.0636977375523,116.54465592972183
1.0,118.08015527255776,116.54465592972183
1.0,118.09661280756322,116.73987310883359
1.0,118.15181914904905,116.73987310883359
1.0,118.20702549053487,116.73987310883359
1.0,118.2622318320207,116.73987310883359
1.0,118.31655026628897,116.93509028794534
1.0,118.37086870055724,116.93509028794534
1.0,118.4251871348255,116.93509028794534
1.0,118.47950556909377,116.93509028794534
1.0,118.56442037419731,117.1303074670571
1.0,118.64933517930085,117.1303074670571
1.0,118.73424998440439,117.32552464616884
1.0,118.81916478950792,117.32552464616884
1.0,118.90407959461146,117.52074182528064
1.0,118.988994399715,117.52074182528064
1.0,119.07390920481853,117.52074182528064
1.0,119.15882400992207,117.7159590043924
1.0,119.24373881502561,117.7159590043924
1.0,119.32865362012915,117.91117618350415
1.0,119.41356842523268,117.91117618350415
1.0,119.49848323033622,117.91117618350415
1.0,119.58339803543976,118.1063933626159
1.0,119.6683128405433,118.1063933626159
1.0,119.75322764564683,118.30161054172765
1.0,119.83814245075037,118.30161054172765
1.0,119.9230572558539,118.49682772083945
1.0,120.00797206095744,118.49682772083945
1.0,120.09288686606098,118.49682772083945
1.0,120.17780167116452,118.69204489995121
1.0,120.26271647626805,118.69204489995121
1.0,120.34763128137159,118.88726207906296
1.0,120.43254608647513,118.88726207906296
1.0,120.51746089157866,119.08247925817471
1.0,120.6023756966822,119.08247925817471
1.0,120.68729050178574,119.08247925817471
1.0,120.77220530688928,119.27769643728647
1.0,120.85712011199281,119.27769643728647
1.0,120.94203491709635,119.47291361639826
1.0,121.02694972219989,119.47291361639826
1.0,121.11186452730342,119.66813079551002
1.0,121.19677933240696,119.66813079551002
1.0,121.2816941375105,119.66813079551002
1.0,121.36660894261404,119.86334797462177
1.0,121.45152374771757,119.86334797462177
1.0,121.53643855282111,120.05856515373353
1.0,121.62135335792465,120.05856515373353
1.0,121.70626816302818,120.05856515373353
1.0,121.79118296813172,120.25378233284528
1.0,121.87609777323526,120.25378233284528
1.0,121.9610125783388,120.44899951195707
1.0,122.04592738344233,120.44899951195707
1.0,122.13084218854587,120.64421669106882
1.0,122.2157569936494,120.64421669106882
1.0,122.30067179875294,120.64421669106882
1.0,122.38558660385648,120.83943387018059
1.0,122.47050140896002,120.83943387018059
1.0,122.55541621406356,121.03465104929234
1.0,122.64033101916709,121.03465104929234
1.0,122.72524582427063,121.22986822840409
1.0,122.81016062937417,121.22986822840409
1.0,122.8950754344777,121.22986822840409
1.0,122.97999023958124,121.42508540751588
1.0,123.06490504468478,121.42508540751588
1.0,123.14981984978832,121.62030258662763
1.0,123.23473465489185,121.62030258662763
1.0,123.31964945999539,121.8155197657394
1.0,123.40456426509893,121.8155197657394
1.0,123.48947907020246,121.8155197657394
1.0,123.574393875306,122.01073694485115
1.0,123.65930868040954,122.01073694485115
1.0,123.74422348551307,122.2059541239629
1.0,123.82913829061661,122.2059541239629
1.0,123.91405309572015,122.2059541239629
1.0,123.99896790082369,122.40117130307468
1.0,124.08388270592722,122.40117130307468
1.0,124.16879751103076,122.59638848218644
1.0,124.2537123161343,122.59638848218644
1.0,124.33862712123783,122.7916056612982
1.0,124.42354192634137,122.7916056612982
1.0,124.50845673144491,122.7916056612982
1.0,124.59337153654845,122.98682284040996
1.0,124.67828634165198,122.98682284040996
1.0,124.76320114675552,123.18204001952171
1.0,124.84811595185906,123.18204001952171
1.0,124.9330307569626,123.37725719863349
1.0,125.01794556206613,123.37725719863349
1.0,125.10286036716967,123.37725719863349
1.0,125.1877751722732,123.57247437774525
1.0,125.27268997737674,123.57247437774525
1.0,125.35760478248028,123.76769155685702
1.0,125.44251958758382,123.76769155685702
1.0,125.52743439268735,123.76769155685702
1.0,125.5969145805358,123.96290873596877
1.0,125.66639476838424,123.96290873596877
1.0,125.73587495623268,124.15812591508052
1.0,125.80535514408112,124.15812591508052
1.0,125.87483533192956,124.15812591508052
1.0,125.944315519778,124.3533430941923
1.0,126.01379570762644,124.3533430941923
1.0,126.08327589547488,124.3533430941923
1.0,126.15275608332333,124.54856027330406
1.0,126.22223627117177,124.54856027330406
1.0,126.31027770648117,124.54856027330406
1.0,126.39831914179058,124.74377745241583
1.0,126.48636057709999,124.74377745241583
1.0,126.5744020124094,124.93899463152758
1.0,126.6624434477188,124.93899463152758
1.0,126.73214162007459,124.93899463152758
1.0,126.80183979243037,125.13421181063933
1.0,126.87153796478616,125.13421181063933
1.0,126.94123613714194,125.32942898975108
1.0,127.01093430949773,125.32942898975108
1.0,127.08063248185351,125.32942898975108
1.0,127.1503306542093,125.52464616886287
1.0,127.21387032310166,125.52464616886287
1.0,127.27740999199402,125.52464616886287
1.0,127.34094966088638,125.71986334797464
1.0,127.40448932977874,125.71986334797464
1.0,127.47509157083695,125.71986334797464
1.0,127.54569381189516,125.91508052708639
1.0,127.61629605295337,125.91508052708639
1.0,127.68689829401158,125.91508052708639
1.0,127.7575005350698,126.11029770619814
1.0,127.828102776128,126.11029770619814
1.0,127.89870501718622,126.11029770619814
1.0,127.98337061854487,126.30551488530989
1.0,128.06803621990352,126.30551488530989
1.0,128.15270182126218,126.50073206442168
1.0,128.23736742262085,126.50073206442168
1.0,128.32203302397951,126.50073206442168
1.0,128.40669862533818,126.69594924353345
1.0,128.49136422669685,126.69594924353345
1.0,128.5760298280555,126.8911664226452
1.0,128.66069542941418,126.8911664226452
1.0,128.74536103077284,127.08638360175695
1.0,128.8300266321315,127.08638360175695
1.0,128.91469223349017,127.08638360175695
1.0,128.99935783484884,127.2816007808687
1.0,129.0840234362075,127.2816007808687
1.0,129.16868903756617,127.4768179599805
1.0,129.25335463892483,127.4768179599805
1.0,129.3380202402835,127.4768179599805
1.0,129.42268584164216,127.67203513909226
1.0,129.50735144300083,127.67203513909226
1.0,129.5920170443595,127.86725231820401
1.0,129.67668264571816,127.86725231820401
1.0,129.76134824707682,128.06246949731576
1.0,129.8460138484355,128.06246949731576
1.0,129.93067944979416,128.06246949731576
1.0,130.01534505115282,128.2576866764275
1.0,130.1000106525115,128.2576866764275
1.0,130.18467625387015,128.45290385553932
1.0,130.26934185522882,128.45290385553932
1.0,130.35400745658748,128.64812103465107
1.0,130.43867305794615,128.64812103465107
1.0,130.5233386593048,128.64812103465107
1.0,130.60800426066348,128.84333821376282
1.0,130.69266986202214,128.84333821376282
1.0,130.7773354633808,129.03855539287457
1.0,130.86200106473947,129.03855539287457
1.0,130.94666666609814,129.03855539287457
1.0,131.0313322674568,129.23377257198632
1.0,131.11599786881547,129.23377257198632
1.0,131.20066347017413,129.42898975109813
1.0,131.2853290715328,129.42898975109813
1.0,131.36999467289147,129.62420693020988
1.0,131.45466027425013,129.62420693020988
1.0,131.5393258756088,129.62420693020988
1.0,131.62399147696746,129.81942410932163
1.0,131.70865707832613,129.81942410932163
1.0,131.7933226796848,130.01464128843338
1.0,131.87798828104346,130.01464128843338
1.0,131.96265388240212,130.20985846754513
1.0,132.0473194837608,130.20985846754513
1.0,132.13198508511945,130.20985846754513
1.0,132.21665068647812,130.4050756466569
1.0,132.30131628783678,130.4050756466569
1.0,132.38598188919545,130.6002928257687
1.0,132.47064749055411,130.6002928257687
1.0,132.55531309191278,130.6002928257687
1.0,132.63997869327144,130.79551000488044
1.0,132.7246442946301,130.79551000488044
1.0,132.80930989598878,130.9907271839922
1.0,132.89397549734744,130.9907271839922
1.0,132.9786410987061,131.18594436310394
1.0,133.06330670006477,131.18594436310394
1.0,133.14797230142344,131.18594436310394
1.0,133.2326379027821,131.38116154221572
1.0,133.31730350414077,131.38116154221572
1.0,133.40196910549943,131.5763787213275
1.0,133.4866347068581,131.5763787213275
1.0,133.57130030821676,131.77159590043925
1.0,133.65596590957543,131.77159590043925
1.0,133.7406315109341,131.77159590043925
1.0,133.82529711229276,131.966813079551
1.0,133.90996271365142,131.966813079551
1.0,133.9946283150101,132.16203025866275
1.0,134.07929391636875,132.16203025866275
1.0,134.16395951772742,132.16203025866275
1.0,134.24862511908609,132.35724743777453
1.0,134.33329072044475,132.35724743777453
1.0,134.41795632180342,132.5524646168863
1.0,134.50262192316208,132.5524646168863
1.0,134.58728752452075,132.74768179599806
1.0,134.6719531258794,132.74768179599806
1.0,134.75661872723808,132.74768179599806
1.0,134.84128432859674,132.9428989751098
1.0,134.9259499299554,132.9428989751098
1.0,135.01061553131407,133.13811615422156
1.0,135.09528113267274,133.13811615422156
1.0,135.1799467340314,133.33333333333331
1.0,135.26461233539007,133.33333333333331
1.0,135.34927793674873,133.33333333333331
1.0,135.4339435381074,133.52855051244512
1.0,135.51860913946607,133.52855051244512
1.0,135.60327474082473,133.72376769155687
1.0,135.6879403421834,133.72376769155687
1.0,135.77260594354206,133.72376769155687
1.0,135.85727154490073,133.91898487066862
1.0,135.9419371462594,133.91898487066862
1.0,136.02660274761806,134.11420204978037
1.0,136.11126834897672,134.11420204978037
1.0,136.1959339503354,134.30941922889212
1.0,136.28059955169405,134.30941922889212
1.0,136.36526515305272,134.30941922889212
1.0,136.44993075441138,134.50463640800393
1.0,136.53459635577005,134.50463640800393
1.0,136.6192619571287,134.69985358711568
1.0,136.70392755848738,134.69985358711568
1.0,136.78859315984604,134.89507076622743
1.0,136.8732587612047,134.89507076622743
1.0,136.95792436256338,134.89507076622743
1.0,137.04258996392204,135.09028794533918
1.0,137.1272555652807,135.09028794533918
1.0,137.21192116663937,135.28550512445094
1.0,137.29658676799804,135.28550512445094
1.0,137.3812523693567,135.28550512445094
1.0,137.46591797071537,135.48072230356274
1.0,137.55058357207403,135.48072230356274
1.0,137.6352491734327,135.6759394826745
1.0,137.71991477479136,135.6759394826745
1.0,137.80458037615003,135.87115666178624
1.0,137.8892459775087,135.87115666178624
1.0,137.97391157886736,135.87115666178624
1.0,138.05857718022602,136.066373840898
1.0,138.1432427815847,136.066373840898
1.0,138.22790838294335,136.26159102000975
1.0,138.31257398430202,136.26159102000975
1.0,138.39723958566069,136.45680819912153
1.0,138.48190518701935,136.45680819912153
1.0,138.56657078837802,136.45680819912153
1.0,138.65123638973668,136.6520253782333
1.0,138.73590199109535,136.6520253782333
1.0,138.820567592454,136.84724255734506
1.0,138.90523319381268,136.84724255734506
1.0,138.98989879517134,136.84724255734506
1.0,139.07456439653,137.0424597364568
1.0,139.15922999788867,137.0424597364568
1.0,139.24389559924734,137.23767691556856
1.0,139.328561200606,137.23767691556856
1.0,139.41322680196467,137.43289409468034
1.0,139.49789240332333,137.43289409468034
1.0,139.582558004682,137.43289409468034
1.0,139.66722360604066,137.62811127379211
1.0,139.75188920739933,137.62811127379211
1.0,139.836554808758,137.82332845290387
1.0,139.92122041011666,137.82332845290387
1.0,140.00588601147533,138.01854563201562
1.0,140.090551612834,138.01854563201562
1.0,140.17521721419266,138.01854563201562
1.0,140.25988281555132,138.21376281112737
1.0,140.34454841691,138.21376281112737
1.0,140.42921401826865,138.40897999023915
1.0,140.51387961962732,138.40897999023915
1.0,140.59854522098598,138.40897999023915
1.0,140.68321082234465,138.60419716935093
1.0,140.7678764237033,138.60419716935093
1.0,140.85254202506198,138.79941434846268
1.0,140.93720762642064,138.79941434846268
1.0,141.0218732277793,138.99463152757443
1.0,141.10653882913797,138.99463152757443
1.0,141.19120443049664,138.99463152757443
1.0,141.2758700318553,139.18984870668618
1.0,141.36053563321397,139.18984870668618
1.0,141.44520123457264,139.38506588579796
1.0,141.5298668359313,139.38506588579796
1.0,141.61453243728997,139.58028306490974
1.0,141.69919803864863,139.58028306490974
1.0,141.7838636400073,139.58028306490974
1.0,141.86852924136596,139.7755002440215
1.0,141.95319484272463,139.7755002440215
1.0,142.0378604440833,139.97071742313324
1.0,142.12252604544196,139.97071742313324
1.0,142.20719164680062,139.97071742313324
1.0,142.2918572481593,140.165934602245
1.0,142.37652284951795,140.165934602245
1.0,142.46118845087662,140.36115178135677
1.0,142.54585405223528,140.36115178135677
1.0,142.63051965359395,140.55636896046855
1.0,142.71518525495262,140.55636896046855
1.0,142.79985085631128,140.55636896046855
1.0,142.88451645766995,140.7515861395803
1.0,142.9691820590286,140.7515861395803
1.0,143.05384766038728,140.94680331869205
1.0,143.13851326174594,140.94680331869205
1.0,143.2231788631046,141.1420204978038
1.0,143.30784446446327,141.1420204978038
1.0,143.39251006582194,141.1420204978038
1.0,143.4771756671806,141.33723767691558
1.0,143.56184126853927,141.33723767691558
1.0,143.64650686989793,141.53245485602736
1.0,143.7311724712566,141.53245485602736
1.0,143.81583807261526,141.53245485602736
1.0,143.90050367397393,141.7276720351391
1.0,143.9851692753326,141.7276720351391
1.0,144.06983487669126,141.92288921425086
1.0,144.15450047804993,141.92288921425086
1.0,144.2391660794086,142.1181063933626
1.0,144.32383168076726,142.1181063933626
1.0,144.40849728212592,142.1181063933626
1.0,144.4931628834846,142.31332357247436
1.0,144.57782848484325,142.31332357247436
1.0,144.66249408620192,142.50854075158617
1.0,144.74715968756058,142.50854075158617
1.0,144.83182528891925,142.70375793069792
1.0,144.9164908902779,142.70375793069792
1.0,145.00115649163658,142.70375793069792
1.0,145.08582209299524,142.89897510980967
1.0,145.1704876943539,142.89897510980967
1.0,145.25515329571257,143.09419228892142
1.0,145.33981889707124,143.09419228892142
1.0,145.4244844984299,143.09419228892142
1.0,145.50915009978857,143.28940946803317
1.0,145.59381570114724,143.28940946803317
1.0,145.6784813025059,143.48462664714498
1.0,145.76314690386457,143.48462664714498
1.0,145.84781250522323,143.67984382625673
1.0,145.9324781065819,143.67984382625673
1.0,146.01714370794056,143.67984382625673
1.0,146.10180930929923,143.87506100536848
1.0,146.1864749106579,143.87506100536848
1.0,146.27114051201656,144.07027818448023
1.0,146.35580611337522,144.07027818448023
1.0,146.4404717147339,144.26549536359198
1.0,146.52513731609255,144.26549536359198
1.0,146.60980291745122,144.26549536359198
1.0,146.69446851880988,144.46071254270376
1.0,146.77913412016855,144.46071254270376
1.0,146.86379972152722,144.65592972181554
1.0,146.94846532288588,144.65592972181554
1.0,147.03313092424455,144.65592972181554
1.0,147.1177965256032,144.8511469009273
1.0,147.20246212696188,144.8511469009273
1.0,147.28712772832054,145.04636408003904
1.0,147.3717933296792,145.04636408003904
1.0,147.45645893103787,145.2415812591508
1.0,147.54112453239654,145.2415812591508
1.0,147.6257901337552,145.2415812591508
1.0,147.71045573511387,145.43679843826257
1.0,147.79512133647253,145.43679843826257
1.0,147.8797869378312,145.63201561737435
1.0,147.96445253918986,145.63201561737435
1.0,148.04911814054853,145.8272327964861
1.0,148.1337837419072,145.8272327964861
1.0,148.21844934326586,145.8272327964861
1.0,148.30311494462453,146.02244997559785
1.0,148.3877805459832,146.02244997559785
1.0,148.47244614734186,146.2176671547096
1.0,148.55711174870052,146.2176671547096
1.0,148.6417773500592,146.41288433382138
1.0,148.72644295141785,146.41288433382138
1.0,148.81110855277652,146.41288433382138
1.0,148.89577415413518,146.60810151293316
1.0,148.98043975549385,146.60810151293316
1.0,149.0651053568525,146.8033186920449
1.0,149.14977095821118,146.8033186920449
1.0,149.23443655956984,146.8033186920449
1.0,149.3191021609285,146.99853587115666
1.0,149.40376776228717,146.99853587115666
1.0,149.48843336364584,147.1937530502684
1.0,149.5730989650045,147.1937530502684
1.0,149.65776456636317,147.3889702293802
1.0,149.74243016772184,147.3889702293802
1.0,149.8270957690805,147.3889702293802
1.0,149.91176137043917,147.58418740849197
1.0,149.99642697179783,147.58418740849197
1.0,150.0810925731565,147.77940458760372
1.0,150.16575817451516,147.77940458760372
1.0,150.25042377587383,147.97462176671547
1.0,150.3350893772325,147.97462176671547
1.0,150.41975497859116,147.97462176671547
1.0,150.50442057994982,148.16983894582722
1.0,150.5890861813085,148.16983894582722
1.0,150.67375178266715,148.365056124939
1.0,150.75841738402582,148.365056124939
1.0,150.84308298538448,148.365056124939
1.0,150.92774858674315,148.56027330405078
1.0,151.01241418810181,148.56027330405078
1.0,151.09707978946048,148.75549048316253
1.0,151.18174539081915,148.75549048316253
1.0,151.2664109921778,148.95070766227428
1.0,151.35107659353648,148.95070766227428
1.0,151.43574219489514,148.95070766227428
1.0,151.5204077962538,149.14592484138603
1.0,151.60507339761247,149.14592484138603
1.0,151.68973899897114,149.3411420204978
1.0,151.7744046003298,149.3411420204978
1.0,151.85907020168847,149.5363591996096
1.0,151.94373580304713,149.5363591996096
1.0,152.0284014044058,149.5363591996096
1.0,152.11306700576446,149.73157637872134
1.0,152.19773260712313,149.73157637872134
1.0,152.2823982084818,149.9267935578331
1.0,152.36706380984046,149.9267935578331
1.0,152.45172941119912,149.9267935578331
1.0,152.5363950125578,150.12201073694484
1.0,152.62106061391646,150.12201073694484
1.0,152.70572621527512,150.3172279160566
1.0,152.7903918166338,150.3172279160566
1.0,152.87505741799245,150.5124450951684
1.0,152.95972301935112,150.5124450951684
1.0,153.04438862070978,150.5124450951684
1.0,153.12905422206845,150.70766227428015
1.0,153.2137198234271,150.70766227428015
1.0,153.29838542478578,150.9028794533919
1.0,153.38305102614444,150.9028794533919
1.0,153.4677166275031,151.09809663250365
1.0,153.55238222886177,151.09809663250365
1.0,153.63704783022044,151.09809663250365
1.0,153.7217134315791,151.2933138116154
1.0,153.80637903293777,151.2933138116154
1.0,153.89104463429643,151.4885309907272
1.0,153.9757102356551,151.4885309907272
1.0,154.06037583701377,151.4885309907272
1.0,154.14504143837243,151.68374816983896
1.0,154.2297070397311,151.68374816983896
1.0,154.31437264108976,151.87896534895071
1.0,154.39903824244843,151.87896534895071
1.0,154.4837038438071,152.07418252806247
1.0,154.56836944516576,152.07418252806247
1.0,154.65303504652442,152.07418252806247
1.0,154.7377006478831,152.26939970717422
1.0,154.82236624924175,152.26939970717422
1.0,154.90703185060042,152.46461688628602
1.0,154.99169745195908,152.46461688628602
1.0,155.07636305331775,152.65983406539777
1.0,155.16102865467641,152.65983406539777
1.0,155.24569425603508,152.65983406539777
1.0,155.33035985739374,152.85505124450953
1.0,155.4150254587524,152.85505124450953
1.0,155.49969106011108,153.05026842362128
1.0,155.58435666146974,153.05026842362128
1.0,155.6690222628284,153.05026842362128
1.0,155.75368786418707,153.24548560273303
1.0,155.83835346554574,153.24548560273303
1.0,155.9230190669044,153.4407027818448
1.0,156.00768466826307,153.4407027818448
1.0,156.09235026962173,153.63591996095658
1.0,156.1770158709804,153.63591996095658
1.0,156.26168147233906,153.63591996095658
1.0,156.34634707369773,153.83113714006834
1.0,156.4310126750564,153.83113714006834
1.0,156.51567827641506,154.0263543191801
1.0,156.60034387777372,154.0263543191801
1.0,156.6850094791324,154.22157149829184
1.0,156.76967508049106,154.22157149829184
1.0,156.85434068184972,154.22157149829184
1.0,156.93900628320839,154.41678867740362
1.0,157.02367188456705,154.41678867740362
1.0,157.10833748592572,154.6120058565154
1.0,157.19300308728438,154.6120058565154
1.0,157.27766868864305,154.6120058565154
1.0,157.3623342900017,154.80722303562715
1.0,157.44699989136038,154.80722303562715
1.0,157.53166549271904,155.0024402147389
1.0,157.6163310940777,155.0024402147389
1.0,157.70099669543637,155.19765739385065
1.0,157.78566229679504,155.19765739385065
1.0,157.8703278981537,155.19765739385065
1.0,157.95499349951237,155.39287457296243
1.0,158.03965910087103,155.39287457296243
1.0,158.1243247022297,155.5880917520742
1.0,158.20899030358837,155.5880917520742
1.0,158.29365590494703,155.78330893118596
1.0,158.3783215063057,155.78330893118596
1.0,158.46298710766436,155.78330893118596
1.0,158.54765270902303,155.9785261102977
1.0,158.6323183103817,155.9785261102977
1.0,158.71698391174036,156.17374328940946
1.0,158.80164951309902,156.17374328940946
1.0,158.8863151144577,156.17374328940946
1.0,158.97098071581635,156.36896046852124
1.0,159.05564631717502,156.36896046852124
1.0,159.14031191853368,156.56417764763302
1.0,159.22497751989235,156.56417764763302
1.0,159.309643121251,156.75939482674477
1.0,159.39430872260968,156.75939482674477
1.0,159.47897432396834,156.75939482674477
1.0,159.563639925327,156.95461200585652
1.0,159.64830552668568,156.95461200585652
1.0,159.73297112804434,157.14982918496827
1.0,159.817636729403,157.14982918496827
1.0,159.90230233076167,157.34504636408005
1.0,159.98696793212034,157.34504636408005
1.0,160.071633533479,157.34504636408005
1.0,160.15629913483767,157.54026354319183
1.0,160.24096473619633,157.54026354319183
1.0,160.325630337555,157.73548072230358
1.0,160.41029593891366,157.73548072230358
1.0,160.49496154027233,157.73548072230358
1.0,160.579627141631,157.93069790141533
1.0,160.66429274298966,157.93069790141533
1.0,160.74895834434832,158.12591508052708
1.0,160.833623945707,158.12591508052708
1.0,160.91828954706565,158.32113225963883
1.0,161.00295514842432,158.32113225963883
1.0,161.08762074978299,158.32113225963883
1.0,161.17228635114165,158.51634943875064
1.0,161.25695195250032,158.51634943875064
1.0,161.34161755385898,158.7115666178624
1.0,161.42628315521765,158.7115666178624
1.0,161.5109487565763,158.90678379697414
1.0,161.59561435793498,158.90678379697414
1.0,161.68027995929364,158.90678379697414
1.0,161.7649455606523,159.1020009760859
1.0,161.84961116201097,159.1020009760859
1.0,161.93427676336964,159.29721815519764
1.0,162.0189423647283,159.29721815519764
1.0,162.10360796608697,159.29721815519764
1.0,162.18827356744563,159.49243533430945
1.0,162.2729391688043,159.49243533430945
1.0,162.35760477016296,159.6876525134212
1.0,162.44227037152163,159.6876525134212
1.0,162.5269359728803,159.88286969253295
1.0,162.61160157423896,159.88286969253295
1.0,162.69626717559763,159.88286969253295
1.0,162.7809327769563,160.0780868716447
1.0,162.86559837831496,160.0780868716447
1.0,162.95026397967362,160.27330405075645
1.0,163.0349295810323,160.27330405075645
1.0,163.11959518239095,160.46852122986826
1.0,163.20426078374962,160.46852122986826
1.0,163.28892638510828,160.46852122986826
1.0,163.37359198646695,160.66373840898
1.0,163.4582575878256,160.66373840898
1.0,163.54292318918428,160.85895558809176
1.0,163.62758879054294,160.85895558809176
1.0,163.7122543919016,160.85895558809176
1.0,163.79691999326027,161.0541727672035
1.0,163.88158559461894,161.0541727672035
1.0,163.9662511959776,161.24938994631526
1.0,164.05091679733627,161.24938994631526
1.0,164.13558239869494,161.44460712542704
1.0,164.2202480000536,161.44460712542704
1.0,164.30491360141227,161.44460712542704
1.0,164.38957920277093,161.63982430453882
1.0,164.4742448041296,161.63982430453882
1.0,164.55891040548826,161.83504148365057
1.0,164.64357600684693,161.83504148365057
1.0,164.7282416082056,161.83504148365057
1.0,164.81290720956426,162.03025866276232
1.0,164.89757281092292,162.03025866276232
1.0,164.9822384122816,162.22547584187407
1.0,165.06690401364025,162.22547584187407
1.0,165.15156961499892,162.42069302098585
1.0,165.23623521635758,162.42069302098585
1.0,165.32090081771625,162.42069302098585
1.0,165.40556641907492,162.61591020009763
1.0,165.49023202043358,162.61591020009763
1.0,165.57489762179225,162.81112737920938
1.0,165.6595632231509,162.81112737920938
1.0,165.74422882450958,163.00634455832113
1.0,165.82889442586824,163.00634455832113
1.0,165.9135600272269,163.00634455832113
1.0,165.99822562858557,163.20156173743288
1.0,166.08289122994424,163.20156173743288
1.0,166.1675568313029,163.39677891654466
1.0,166.25222243266157,163.39677891654466
1.0,166.33688803402023,163.39677891654466
1.0,166.4215536353789,163.59199609565644
1.0,166.50621923673756,163.59199609565644
1.0,166.59088483809623,163.7872132747682
1.0,166.6755504394549,163.7872132747682
1.0,166.76021604081356,163.98243045387994
1.0,166.84488164217223,163.98243045387994
1.0,166.9295472435309,163.98243045387994
1.0,167.01421284488956,164.1776476329917
1.0,167.09887844624822,164.1776476329917
1.0,167.1835440476069,164.37286481210347
1.0,167.26820964896555,164.37286481210347
1.0,167.35287525032422,164.56808199121525
1.0,167.43754085168288,164.56808199121525
1.0,167.52220645304155,164.56808199121525
1.0,167.6068720544002,164.763299170327
1.0,167.69153765575888,164.763299170327
1.0,167.77620325711754,164.95851634943875
1.0,167.8608688584762,164.95851634943875
1.0,167.94553445983487,164.95851634943875
1.0,168.03020006119354,165.1537335285505
1.0,168.1148656625522,165.1537335285505
1.0,168.19953126391087,165.34895070766228
1.0,168.28419686526954,165.34895070766228
1.0,168.3688624666282,165.54416788677406
1.0,168.45352806798687,165.54416788677406
1.0,168.53819366934553,165.54416788677406
1.0,168.6228592707042,165.7393850658858
1.0,168.70752487206286,165.7393850658858
1.0,168.79219047342153,165.93460224499756
1.0,168.8768560747802,165.93460224499756
1.0,168.96152167613886,166.12981942410931
1.0,169.04618727749752,166.12981942410931
1.0,169.1308528788562,166.12981942410931
1.0,169.21551848021485,166.3250366032211
1.0,169.30018408157352,166.3250366032211
1.0,169.38484968293218,166.52025378233287
1.0,169.46951528429085,166.52025378233287
1.0,169.55418088564952,166.52025378233287
1.0,169.63884648700818,166.71547096144462
1.0,169.72351208836685,166.71547096144462
1.0,169.8081776897255,166.91068814055637
1.0,169.89284329108418,166.91068814055637
1.0,169.97750889244284,167.10590531966812
1.0,170.0621744938015,167.10590531966812
1.0,170.14684009516017,167.10590531966812
1.0,170.23150569651884,167.30112249877988
1.0,170.3161712978775,167.30112249877988
1.0,170.40083689923617,167.49633967789168
1.0,170.48550250059483,167.49633967789168
1.0,170.5701681019535,167.49633967789168
1.0,170.65483370331216,167.69155685700343
1.0,170.73949930467083,167.69155685700343
1.0,170.8241649060295,167.88677403611518
1.0,170.90883050738816,167.88677403611518
1.0,170.99349610874683,168.08199121522694
1.0,171.0781617101055,168.08199121522694
1.0,171.16282731146416,168.08199121522694
1.0,171.24749291282282,168.2772083943387
1.0,171.3321585141815,168.2772083943387
1.0,171.41682411554015,168.47242557345047
1.0,171.50148971689882,168.47242557345047
1.0,171.58615531825748,168.47242557345047
1.0,171.67082091961615,168.66764275256224
1.0,171.7554865209748,168.66764275256224
1.0,171.84015212233348,168.862859931674
1.0,171.92481772369214,168.862859931674
1.0,172.0094833250508,169.05807711078575
1.0,172.09414892640947,169.05807711078575
1.0,172.17881452776814,169.05807711078575
1.0,172.2634801291268,169.2532942898975
1.0,172.34814573048547,169.2532942898975
1.0,172.43281133184414,169.44851146900928
1.0,172.5174769332028,169.44851146900928
1.0,172.60214253456147,169.44851146900928
1.0,172.68680813592013,169.64372864812105
1.0,172.7714737372788,169.64372864812105
1.0,172.85613933863746,169.8389458272328
1.0,172.94080493999613,169.8389458272328
1.0,173.0254705413548,170.03416300634456
1.0,173.11013614271346,170.03416300634456
1.0,173.19480174407212,170.03416300634456
1.0,173.2794673454308,170.2293801854563
1.0,173.36413294678945,170.2293801854563
1.0,173.44879854814812,170.4245973645681
1.0,173.53346414950678,170.4245973645681
1.0,173.61812975086545,170.4245973645681
1.0,173.70279535222411,170.61981454367987
1.0,173.78746095358278,170.61981454367987
1.0,173.87212655494145,170.81503172279162
1.0,173.9567921563001,170.81503172279162
1.0,174.04145775765878,171.01024890190337
1.0,174.12612335901744,171.01024890190337
1.0,174.2107889603761,171.01024890190337
1.0,174.29545456173477,171.20546608101512
1.0,174.38012016309344,171.20546608101512
1.0,174.4647857644521,171.4006832601269
1.0,174.54945136581077,171.4006832601269
1.0,174.63411696716943,171.4006832601269
1.0,174.7187825685281,171.59590043923868
1.0,174.80344816988676,171.59590043923868
1.0,174.88811377124543,171.79111761835043
1.0,174.9727793726041,171.79111761835043
1.0,175.05744497396276,171.98633479746218
1.0,175.14211057532142,171.98633479746218
1.0,175.2267761766801,171.98633479746218
1.0,175.31144177803876,172.18155197657393
1.0,175.39610737939742,172.18155197657393
1.0,175.4807729807561,172.3767691556857
1.0,175.56543858211475,172.3767691556857
1.0,175.65010418347342,172.3767691556857
1.0,175.73476978483208,172.5719863347975
1.0,175.81943538619075,172.5719863347975
1.0,175.9041009875494,172.76720351390924
1.0,175.98876658890808,172.76720351390924
1.0,176.07343219026674,172.962420693021
1.0,176.1580977916254,172.962420693021
1.0,176.24276339298407,172.962420693021
1.0,176.32742899434274,173.15763787213274
1.0,176.4120945957014,173.15763787213274
1.0,176.49676019706007,173.35285505124452
1.0,176.58142579841873,173.35285505124452
1.0,176.6660913997774,173.35285505124452
1.0,176.75075700113607,173.5480722303563
1.0,176.83542260249473,173.5480722303563
1.0,176.9200882038534,173.74328940946805
1.0,177.00475380521206,173.74328940946805
1.0,177.08941940657073,173.74328940946805
1.0,177.1740850079294,173.9385065885798
1.0,177.25875060928806,173.9385065885798
1.0,177.34341621064672,174.13372376769155
1.0,177.4280818120054,174.13372376769155
1.0,177.51274741336405,174.32894094680333
1.0,177.59741301472272,174.32894094680333
1.0,177.68207861608138,174.32894094680333
1.0,177.76674421744005,174.5241581259151
1.0,177.85140981879871,174.5241581259151
1.0,177.93607542015738,174.71937530502686
1.0,178.02074102151605,174.71937530502686
1.0,178.1054066228747,174.71937530502686
1.0,178.19007222423338,174.9145924841386
1.0,178.27473782559204,174.9145924841386
1.0,178.3594034269507,175.10980966325036
1.0,178.44406902830937,175.10980966325036
1.0,178.52873462966804,175.10980966325036
1.0,178.6134002310267,175.3050268423621
1.0,178.69806583238537,175.3050268423621
1.0,178.78273143374403,175.50024402147392
1.0,178.8673970351027,175.50024402147392
1.0,178.95206263646136,175.69546120058567
1.0,179.03672823782003,175.69546120058567
1.0,179.1213938391787,175.69546120058567
1.0,179.20605944053736,175.89067837969742
1.0,179.29072504189602,175.89067837969742
1.0,179.3753906432547,176.08589555880917
1.0,179.46005624461336,176.08589555880917
1.0,179.54472184597202,176.08589555880917
1.0,179.62938744733069,176.28111273792092
1.0,179.71405304868935,176.28111273792092
1.0,179.79871865004802,176.4763299170327
1.0,179.88338425140668,176.4763299170327
1.0,179.96804985276535,176.4763299170327
1.0,180.052715454124,176.67154709614448
1.0,180.13738105548268,176.67154709614448
1.0,180.22204665684134,176.86676427525623
1.0,180.3067122582,176.86676427525623
1.0,180.39137785955867,176.86676427525623
1.0,180.47604346091734,177.06198145436798
1.0,180.560709062276,177.06198145436798
1.0,180.64537466363467,177.25719863347973
1.0,180.73004026499333,177.25719863347973
1.0,180.814705866352,177.25719863347973
1.0,180.89937146771067,177.4524158125915
1.0,180.98403706906933,177.4524158125915
1.0,181.068702670428,177.6476329917033
1.0,181.08087901526346,177.6476329917033
1.0,181.09305536009893,177.6476329917033
1.0,181.1052317049344,177.6476329917033
1.0,181.11740804976986,177.6476329917033
1.0,181.1374948316547,177.6476329917033
1.0,181.15758161353952,177.6476329917033
1.0,181.17766839542435,177.6476329917033
1.0,181.23506298881279,177.6476329917033
1.0,181.29245758220122,177.84285017081504
1.0,181.34985217558966,177.84285017081504
1.0,181.42193563073226,177.84285017081504
1.0,181.49401908587487,178.0380673499268
1.0,181.56610254101747,178.0380673499268
1.0,181.63818599616008,178.0380673499268
1.0,181.7270751482841,178.23328452903854
1.0,181.8159643004081,178.23328452903854
1.0,181.9048534525321,178.42850170815032
1.0,181.99374260465612,178.42850170815032
1.0,182.08263175678013,178.42850170815032
1.0,182.17152090890414,178.6237188872621
1.0,182.18406262504482,178.6237188872621
1.0,182.1966043411855,178.6237188872621
1.0,182.20914605732617,178.6237188872621
1.0,182.22168777346684,178.6237188872621
1.0,182.2390180595453,178.6237188872621
1.0,182.25634834562373,178.6237188872621
1.0,182.27367863170218,178.6237188872621
1.0,182.33110800394144,178.81893606637385
1.0,182.3885373761807,178.81893606637385
1.0,182.44596674841995,178.81893606637385
1.0,182.50752218975663,178.81893606637385
1.0,182.5690776310933,179.0141532454856
1.0,182.63063307243,179.0141532454856
1.0,182.69218851376667,179.0141532454856
1.0,182.78033818978366,179.20937042459735
1.0,182.86848786580066,179.20937042459735
1.0,182.95663754181766,179.40458760370913
1.0,183.04478721783465,179.40458760370913
1.0,183.13293689385165,179.40458760370913
1.0,183.22108656986865,179.5998047828209
1.0,183.30923624588564,179.5998047828209
1.0,183.39738592190264,179.79502196193266
1.0,183.4097708892646,179.79502196193266
1.0,183.42215585662655,179.79502196193266
1.0,183.4345408239885,179.79502196193266
1.0,183.45231433666487,179.79502196193266
1.0,183.47008784934124,179.79502196193266
1.0,183.49577843400556,179.79502196193266
1.0,183.52146901866988,179.79502196193266
1.0,183.5471596033342,179.79502196193266
1.0,183.60021306010054,179.9902391410444
1.0,183.6532665168669,179.9902391410444
1.0,183.70631997363324,179.9902391410444
1.0,183.77125717490682,179.9902391410444
1.0,183.8361943761804,180.18545632015616
1.0,183.90113157745398,180.18545632015616
1.0,183.96606877872756,180.18545632015616
1.0,184.04004153539017,180.38067349926794
1.0,184.1140142920528,180.38067349926794
1.0,184.1879870487154,180.38067349926794
1.0,184.261959805378,180.57589067837972
1.0,184.33593256204063,180.57589067837972
1.0,184.40990531870324,180.57589067837972
1.0,184.48387807536585,180.77110785749147
1.0,184.55785083202846,180.77110785749147
1.0,184.63182358869108,180.77110785749147
1.0,184.7057963453537,180.96632503660322
1.0,184.7797691020163,180.96632503660322
1.0,184.85374185867892,180.96632503660322
1.0,184.92771461534153,181.16154221571497
1.0,185.00168737200414,181.16154221571497
1.0,185.07566012866675,181.35675939482675
1.0,185.14963288532937,181.35675939482675
1.0,185.22360564199198,181.35675939482675
1.0,185.2975783986546,181.55197657393853
1.0,185.3715511553172,181.55197657393853
1.0,185.44552391197982,181.55197657393853
1.0,185.51949666864243,181.74719375305028
1.0,185.59346942530505,181.74719375305028
1.0,185.66744218196766,181.74719375305028
1.0,185.74141493863027,181.94241093216203
1.0,185.81538769529288,181.94241093216203
1.0,185.8893604519555,181.94241093216203
1.0,185.9633332086181,182.13762811127378
1.0,186.03730596528072,182.13762811127378
1.0,186.11127872194334,182.13762811127378
1.0,186.16935175983073,182.33284529038556
1.0,186.17868091545662,182.33284529038556
1.0,186.18801007108252,182.33284529038556
1.0,186.1973392267084,182.33284529038556
1.0,186.2159975379602,182.33284529038556
1.0,186.23465584921198,182.33284529038556
1.0,186.25331416046376,182.33284529038556
1.0,186.30872579786248,182.33284529038556
1.0,186.3641374352612,182.33284529038556
1.0,186.41954907265992,182.52806246949734
1.0,186.47496071005864,182.52806246949734
1.0,186.53037234745736,182.52806246949734
1.0,186.58578398485608,182.7232796486091
1.0,186.6491894397614,182.7232796486091
1.0,186.7125948946667,182.7232796486091
1.0,186.776000349572,182.7232796486091
1.0,186.8394058044773,182.91849682772084
1.0,186.90281125938262,182.91849682772084
1.0,186.96621671428792,182.91849682772084
1.0,187.02962216919323,183.1137140068326
1.0,187.10373651099886,183.1137140068326
1.0,187.17785085280448,183.1137140068326
1.0,187.2519651946101,183.30893118594435
1.0,187.32607953641573,183.30893118594435
1.0,187.40019387822136,183.30893118594435
1.0,187.47430822002698,183.50414836505615
1.0,187.5484225618326,183.50414836505615
1.0,187.62253690363823,183.50414836505615
1.0,187.68372610320478,183.6993655441679
1.0,187.74491530277132,183.6993655441679
1.0,187.80610450233786,183.6993655441679
1.0,187.8672937019044,183.6993655441679
1.0,187.9357386930591,183.89458272327965
1.0,188.0041836842138,183.89458272327965
1.0,188.07262867536852,183.89458272327965
1.0,188.14107366652323,184.0897999023914
1.0,188.20951865767793,184.0897999023914
1.0,188.27796364883264,184.0897999023914
1.0,188.34640863998735,184.28501708150316
1.0,188.41485363114205,184.28501708150316
1.0,188.48329862229676,184.28501708150316
1.0,188.55174361345146,184.28501708150316
1.0,188.64103324004185,184.48023426061494
1.0,188.73032286663224,184.48023426061494
1.0,188.81961249322262,184.67545143972671
1.0,188.908902119813,184.67545143972671
1.0,188.9981917464034,184.67545143972671
1.0,189.08748137299378,184.87066861883847
1.0,189.17677099958416,184.87066861883847
1.0,189.26606062617455,185.06588579795022
1.0,189.35535025276494,185.06588579795022
1.0,189.44463987935532,185.06588579795022
1.0,189.5339295059457,185.26110297706197
1.0,189.6232191325361,185.26110297706197
1.0,189.71250875912648,185.45632015617375
1.0,189.72526463081658,185.45632015617375
1.0,189.73802050250669,185.45632015617375
1.0,189.7507763741968,185.45632015617375
1.0,189.76590673253165,185.45632015617375
1.0,189.7810370908665,185.45632015617375
1.0,189.79616744920136,185.45632015617375
1.0,189.82928892437437,185.45632015617375
1.0,189.86241039954737,185.45632015617375
1.0,189.89553187472038,185.45632015617375
1.0,189.95194642828423,185.65153733528552
1.0,190.00836098184809,185.65153733528552
1.0,190.06477553541194,185.65153733528552
1.0,190.1211900889758,185.65153733528552
1.0,190.21192356742205,185.84675451439728
1.0,190.3026570458683,185.84675451439728
1.0,190.39339052431455,186.04197169350903
1.0,190.4841240027608,186.04197169350903
1.0,190.57485748120706,186.23718887262078
1.0,190.66559095965331,186.23718887262078
1.0,190.67856384423118,186.23718887262078
1.0,190.69153672880904,186.23718887262078
1.0,190.7045096133869,186.23718887262078
1.0,190.71748249796477,186.23718887262078
1.0,190.7364751624728,186.23718887262078
1.0,190.75546782698083,186.23718887262078
1.0,190.77446049148887,186.23718887262078
1.0,190.83504272164237,186.43240605173256
1.0,190.89562495179587,186.43240605173256
1.0,190.95620718194937,186.43240605173256
1.0,191.03194000168793,186.62762323084434
1.0,191.1076728214265,186.62762323084434
1.0,191.18340564116505,186.62762323084434
1.0,191.2591384609036,186.8228404099561
1.0,191.35366437801306,186.8228404099561
1.0,191.44819029512252,186.8228404099561
1.0,191.54271621223197,187.01805758906784
1.0,191.63724212934142,187.01805758906784
1.0,191.73176804645087,187.2132747681796
1.0,191.82629396356032,187.2132747681796
1.0,191.83938217961412,187.2132747681796
1.0,191.85247039566792,187.2132747681796
1.0,191.86555861172172,187.2132747681796
1.0,191.87864682777553,187.2132747681796
1.0,191.89651602961348,187.2132747681796
1.0,191.91438523145143,187.2132747681796
1.0,191.9322544332894,187.40849194729137
1.0,191.99355092672204,187.40849194729137
1.0,192.0548474201547,187.40849194729137
1.0,192.11614391358734,187.40849194729137
1.0,192.19139098413967,187.60370912640315
1.0,192.266638054692,187.60370912640315
1.0,192.34188512524435,187.60370912640315
1.0,192.41713219579668,187.7989263055149
1.0,192.513209817236,187.7989263055149
1.0,192.60928743867532,187.7989263055149
1.0,192.70536506011464,187.99414348462665
1.0,192.80144268155397,187.99414348462665
1.0,192.89752030299329,188.1893606637384
1.0,192.9935979244326,188.1893606637384
1.0,193.00690177130298,188.1893606637384
1.0,193.02020561817335,188.1893606637384
1.0,193.03350946504372,188.1893606637384
1.0,193.0468133119141,188.1893606637384
1.0,193.06511345064357,188.1893606637384
1.0,193.08341358937304,188.38457784285018
1.0,193.1017137281025,188.38457784285018
1.0,193.1634082244104,188.38457784285018
1.0,193.2251027207183,188.38457784285018
1.0,193.2867972170262,188.38457784285018
1.0,193.36195438260944,188.57979502196196
1.0,193.4371115481927,188.57979502196196
1.0,193.51226871377594,188.57979502196196
1.0,193.5874258793592,188.7750122010737
1.0,193.6845724961314,188.7750122010737
1.0,193.78171911290363,188.97022938018546
1.0,193.87886572967585,188.97022938018546
1.0,193.97601234644807,188.97022938018546
1.0,194.0549276615976,189.1654465592972
1.0,194.1181868880755,189.1654465592972
1.0,194.18144611455344,189.1654465592972
1.0,194.24470534103136,189.360663738409
1.0,194.3079645675093,189.360663738409
1.0,194.3861755311474,189.360663738409
1.0,194.4643864947855,189.360663738409
1.0,194.5425974584236,189.55588091752077
1.0,194.62080842206169,189.55588091752077
1.0,194.71043947228523,189.75109809663252
1.0,194.80007052250878,189.75109809663252
1.0,194.88970157273232,189.75109809663252
1.0,194.97933262295587,189.94631527574427
1.0,195.0689636731794,189.94631527574427
1.0,195.15859472340296,189.94631527574427
1.0,195.2482257736265,190.14153245485602
1.0,195.26344593079168,190.14153245485602
1.0,195.2657364059925,190.14153245485602
1.0,195.26802688119332,190.14153245485602
1.0,195.27031735639414,190.14153245485602
1.0,195.2748983067958,190.14153245485602
1.0,195.27947925719744,190.14153245485602
1.0,195.29659565903086,190.14153245485602
1.0,195.31371206086428,190.14153245485602
1.0,195.34361649118185,190.14153245485602
1.0,195.37352092149942,190.14153245485602
1.0,195.403425351817,190.14153245485602
1.0,195.45455237586802,190.3367496339678
1.0,195.50567939991905,190.3367496339678
1.0,195.55680642397007,190.3367496339678
1.0,195.62722096914965,190.3367496339678
1.0,195.69763551432922,190.53196681307958
1.0,195.7680500595088,190.53196681307958
1.0,195.83846460468837,190.53196681307958
1.0,195.93774749872094,190.72718399219133
1.0,196.0370303927535,190.72718399219133
1.0,196.13631328678608,190.92240117130308
1.0,196.23559618081865,190.92240117130308
1.0,196.33487907485122,190.92240117130308
1.0,196.43416196888379,191.11761835041483
1.0,196.44760430128568,191.11761835041483
1.0,196.46104663368757,191.11761835041483
1.0,196.47448896608947,191.11761835041483
1.0,196.4902786458933,191.11761835041483
1.0,196.50606832569716,191.11761835041483
1.0,196.5325529344069,191.11761835041483
1.0,196.55903754311666,191.11761835041483
1.0,196.5855221518264,191.11761835041483
1.0,196.6461903036677,191.3128355295266
1.0,196.706858455509,191.3128355295266
1.0,196.7675266073503,191.3128355295266
1.0,196.8281882630434,191.5080527086384
1.0,196.88884991873647,191.5080527086384
1.0,196.94951157442955,191.5080527086384
1.0,197.01017323012263,191.5080527086384
1.0,197.11226708909368,191.70326988775014
1.0,197.19661096585236,191.70326988775014
1.0,197.28095484261104,191.70326988775014
1.0,197.36529871936972,191.8984870668619
1.0,197.4496425961284,191.8984870668619
1.0,197.53398647288708,191.8984870668619
1.0,197.61833034964576,192.09370424597364
1.0,197.70267422640444,192.09370424597364
1.0,197.78701810316312,192.2889214250854
1.0,197.8713619799218,192.2889214250854
1.0,197.88373682477828,192.2889214250854
1.0,197.88552646806016,192.2889214250854
1.0,197.88731611134205,192.2889214250854
1.0,197.8908953979058,192.2889214250854
1.0,197.89447468446957,192.2889214250854
1.0,197.90666895698098,192.2889214250854
1.0,197.9188632294924,192.2889214250854
1.0,197.95231318173043,192.2889214250854
1.0,197.98576313396848,192.2889214250854
1.0,198.01921308620652,192.2889214250854
1.0,198.0852968043819,192.48413860419717
1.0,198.15138052255728,192.48413860419717
1.0,198.21746424073265,192.48413860419717
1.0,198.29907136152772,192.67935578330895
1.0,198.3806784823228,192.67935578330895
1.0,198.46228560311786,192.67935578330895
1.0,198.54389272391293,192.8745729624207
1.0,198.64276649940095,192.8745729624207
1.0,198.74164027488897,192.8745729624207
1.0,198.84051405037698,193.06979014153245
1.0,198.939387825865,193.06979014153245
1.0,199.038261601353,193.2650073206442
1.0,199.13713537684103,193.2650073206442
1.0,199.2175203578728,193.2650073206442
1.0,199.29790533890454,193.46022449975598
1.0,199.3782903199363,193.46022449975598
1.0,199.45867530096805,193.46022449975598
1.0,199.5390602819998,193.65544167886776
1.0,199.61944526303157,193.65544167886776
1.0,199.69983024406332,193.65544167886776
1.0,199.80855784284518,193.8506588579795
1.0,199.89837664389842,193.8506588579795
1.0,199.98819544495166,194.04587603709126
1.0,200.0780142460049,194.04587603709126
1.0,200.16783304705814,194.04587603709126
1.0,200.25765184811138,194.241093216203
1.0,200.34747064916462,194.241093216203
1.0,200.43728945021786,194.241093216203
1.0,200.53723251539958,194.4363103953148
1.0,200.6371755805813,194.4363103953148
1.0,200.71904715030692,194.4363103953148
1.0,200.80091872003254,194.63152757442657
1.0,200.88279028975816,194.63152757442657
1.0,200.96466185948378,194.63152757442657
1.0,201.0465334292094,194.82674475353832
1.0,201.12840499893503,194.82674475353832
1.0,201.21027656866065,194.82674475353832
1.0,201.29214813838627,195.02196193265007
1.0,201.3740197081119,195.02196193265007
1.0,201.4558912778375,195.02196193265007
1.0,201.53665304287972,195.21717911176182
1.0,201.61741480792193,195.21717911176182
1.0,201.69817657296414,195.21717911176182
1.0,201.77893833800636,195.4123962908736
1.0,201.85970010304857,195.4123962908736
1.0,201.94046186809078,195.4123962908736
1.0,202.021223633133,195.60761346998538
1.0,202.1140937698016,195.60761346998538
1.0,202.2069639064702,195.60761346998538
1.0,202.28432622311993,195.80283064909713
1.0,202.36168853976966,195.80283064909713
1.0,202.43905085641939,195.80283064909713
1.0,202.5164131730691,195.99804782820888
1.0,202.60553185820132,195.99804782820888
1.0,202.69465054333352,195.99804782820888
1.0,202.78376922846573,196.19326500732063
1.0,202.87288791359794,196.19326500732063
1.0,202.96200659873014,196.19326500732063
1.0,203.05112528386235,196.3884821864324
1.0,203.14024396899455,196.3884821864324
1.0,203.22936265412676,196.3884821864324
1.0,203.31848133925897,196.5836993655442
1.0,203.40760002439117,196.5836993655442
1.0,203.49671870952338,196.77891654465594
1.0,203.58583739465558,196.77891654465594
1.0,203.6749560797878,196.77891654465594
1.0,203.76407476492,196.9741337237677
1.0,203.8531934500522,196.9741337237677
1.0,203.9423121351844,196.9741337237677
1.0,204.03143082031661,197.16935090287944
1.0,204.12054950544882,197.16935090287944
1.0,204.20966819058103,197.16935090287944
1.0,204.29878687571323,197.36456808199122
1.0,204.38790556084544,197.36456808199122
1.0,204.47702424597765,197.36456808199122
1.0,204.56614293110985,197.559785261103
1.0,204.65526161624206,197.559785261103
1.0,204.74438030137426,197.559785261103
1.0,204.83349898650647,197.75500244021475
1.0,204.92261767163868,197.75500244021475
1.0,205.01173635677088,197.75500244021475
1.0,205.07655946158695,197.9502196193265
1.0,205.14138256640302,197.9502196193265
1.0,205.15009613003716,197.9502196193265
1.0,205.1588096936713,197.9502196193265
1.0,205.16752325730542,197.9502196193265
1.0,205.18495038457365,197.9502196193265
1.0,205.2023775118419,197.9502196193265
1.0,205.21980463911012,197.9502196193265
1.0,205.25954408426406,197.9502196193265
1.0,205.299283529418,198.14543679843825
1.0,205.33902297457195,198.14543679843825
1.0,205.3787624197259,198.14543679843825
1.0,205.4143847087882,198.14543679843825
1.0,205.4500069978505,198.14543679843825
1.0,205.47682732879215,198.14543679843825
1.0,205.50364765973382,198.14543679843825
1.0,205.52241118862824,198.14543679843825
1.0,205.54117471752267,198.14543679843825
1.0,205.5561673328035,198.14543679843825
1.0,205.57115994808436,198.14543679843825
1.0,205.5861525633652,198.14543679843825
1.0,205.60114517864605,198.14543679843825
1.0,205.6032605454465,198.14543679843825
1.0,205.60537591224693,198.14543679843825
1.0,205.60749127904737,198.14543679843825
1.0,205.61172201264827,198.14543679843825
1.0,205.61595274624918,198.14543679843825
1.0,205.62018347985008,198.14543679843825
1.0,205.62816362936135,198.14543679843825
1.0,205.63614377887262,198.14543679843825
1.0,205.6441239283839,198.14543679843825
1.0,205.65210407789516,198.14543679843825
1.0,205.66263228763975,198.14543679843825
1.0,205.67316049738434,198.14543679843825
1.0,205.68368870712894,198.34065397755003
1.0,205.69421691687353,198.34065397755003
1.0,205.70474512661812,198.34065397755003
1.0,205.72125680597253,198.34065397755003
1.0,205.73776848532694,198.5358711566618
1.0,205.75428016468135,198.5358711566618
1.0,205.77079184403576,198.5358711566618
1.0,205.78730352339016,198.73108833577356
1.0,205.81567032510446,198.73108833577356
1.0,205.84403712681876,198.9263055148853
1.0,205.87240392853306,198.9263055148853
1.0,205.90077073024736,199.12152269399706
1.0,205.92913753196166,199.12152269399706
1.0,205.981983064514,199.31673987310884
1.0,206.03482859706634,199.70717423133237
1.0,206.08767412961868,199.90239141044412
1.0,206.14051966217102,199.90239141044412
1.0,206.19336519472336,199.90239141044412
1.0,206.30390883084192,199.90239141044412
1.0,206.41445246696048,199.90239141044412
1.0,206.49757207408402,199.90239141044412
1.0,206.5645573201181,199.90239141044412
1.0,206.63154256615218,199.90239141044412
1.0,206.69852781218626,199.90239141044412
1.0,206.70638501337777,199.90239141044412
1.0,206.71424221456928,199.90239141044412
1.0,206.7220994157608,199.90239141044412
1.0,206.7378138181438,199.90239141044412
1.0,206.7535282205268,199.90239141044412
1.0,206.7692426229098,199.90239141044412
1.0,206.80478255988297,199.90239141044412
1.0,206.84032249685615,199.90239141044412
1.0,206.87586243382933,199.90239141044412
1.0,206.9114023708025,199.90239141044412
1.0,206.95911950259088,199.90239141044412
1.0,207.00683663437925,199.90239141044412
1.0,207.05455376616763,199.90239141044412
1.0,207.12008749070804,199.90239141044412
1.0,207.18562121524846,199.90239141044412
1.0,207.25115493978888,199.90239141044412
1.0,207.3166886643293,199.90239141044412
1.0,207.39322324900493,199.90239141044412
1.0,207.46975783368057,199.90239141044412
1.0,207.54629241835622,199.90239141044412
1.0,207.62282700303186,199.90239141044412
1.0,207.6993615877075,199.90239141044412
1.0,207.77589617238314,199.90239141044412
1.0,207.85243075705878,199.90239141044412
1.0,207.94055884352787,199.90239141044412
1.0,208.02868692999695,199.90239141044412
1.0,208.11681501646603,199.90239141044412
1.0,208.25932432777262,199.90239141044412
1.0,208.37077128693952,199.90239141044412
1.0,208.4822182461064,199.90239141044412
1.0,208.5936652052733,199.90239141044412
1.0,208.7051121644402,199.90239141044412
1.0,208.835285345451,199.90239141044412
1.0,208.96545852646182,199.90239141044412
1.0,209.09563170747262,199.90239141044412
1.0,209.22580488848342,199.90239141044412
1.0,209.42521227730813,199.90239141044412
1.0,209.62461966613284,199.90239141044412
1.0,209.82402705495755,199.90239141044412
1.0,210.02343444378226,199.90239141044412
1.0,210.34327204230982,199.90239141044412
1.0,210.66310964083738,199.90239141044412
1.0,210.98294723936493,199.90239141044412
1.0,211.41781555983357,199.90239141044412
1.0,211.8526838803022,199.90239141044412
1.0,212.28755220077085,199.90239141044412
1.0,212.8664425424968,199.90239141044412
1.0,213.44533288422275,199.90239141044412
1.0,214.0242232259487,199.90239141044412
1.0,214.60311356767465,199.90239141044412
1.0,215.43635271617802,199.90239141044412
1.0,216.2695918646814,199.90239141044412
1.0,217.10283101318475,199.90239141044412
1.0,218.95795894950865,199.90239141044412
1.0,220.81308688583255,199.90239141044412
1.0,222.66821482215644,199.90239141044412
1.0,232.4869745133315,199.90239141044412
1.0,242.30573420450654,199.90239141044412
1.0,310.4139660200644,199.90239141044412
1.0,378.5221978356222,199.90239141044412
1.0,1059.6045159912005,199.90239141044412
1.0,1740.686834146779,199.90239141044412
1.0,2000.0,199.90239141044412
