g,t,width
0.0001,0.0,1.952171791117621
0.0001,0.000816411403968402,1.952171791117621
0.0001,0.0010205142549605025,1.952171791117621
0.0001,0.0010332706831475088,1.952171791117621
0.0001,0.0010460271113345151,1.952171791117621
0.0001,0.0010490864599071177,1.952171791117621
0.0001,0.0010521458084797202,1.952171791117621
0.0001,0.0010552051570523228,1.952171791117621
0.0001,0.0010582645056249253,1.952171791117621
0.0001,0.001061323854197528,1.952171791117621
0.0001,0.0010643832027701305,1.952171791117621
0.0001,0.001067442551342733,1.952171791117621
0.0001,0.0010705018999153356,1.952171791117621
0.0001,0.0010735612484879381,1.952171791117621
0.0001,0.0010766205970605407,1.952171791117621
0.0001,0.0010796799456331432,1.952171791117621
0.0001,0.0010827392942057458,1.952171791117621
0.0001,0.0010857986427783484,1.952171791117621
0.0001,0.001088857991350951,1.952171791117621
0.0001,0.0010919173399235535,1.952171791117621
0.0001,0.001094976688496156,1.952171791117621
0.0001,0.0010980360370687586,1.952171791117621
0.0001,0.0011041547342139635,1.952171791117621
0.0001,0.0011102734313591684,1.952171791117621
0.0001,0.0011714604028112182,1.952171791117621
0.0001,0.001232647374263268,1.952171791117621
0.0001,0.0018445170887837674,1.952171791117621
0.0001,0.0024563868033042665,1.952171791117621
0.0001,0.004109390105185656,1.952171791117621
0.0001,0.005762393407067046,1.952171791117621
0.0001,0.008353705509456267,1.7569546120058561
0.0001,0.010945017611845487,1.7569546120058561
0.0001,0.013536329714234708,1.7569546120058561
0.0001,0.017771168716205783,1.7569546120058561
0.0001,0.022006007718176856,1.7569546120058561
0.0001,0.02624084672014793,1.5617374328940912
0.0001,0.030475685722119002,1.5617374328940912
0.0001,0.03527743537180331,1.5617374328940912
0.0001,0.04007918502148763,1.3665202537823404
0.0001,0.04488093467117194,1.3665202537823404
0.0001,0.049682684320856256,1.1713030746705755
0.0001,0.055054511614375204,1.1713030746705755
0.0001,0.06042633890789415,0.9760858955588105
0.0001,0.0657981662014131,0.7808687164470456
0.0001,0.07116999349493204,0.5856515373352806
0.0001,0.07654182078845098,0.19521717911176495
0.0001,0.08191364808196992,0.0
0.0001,0.08728547537548886,0.0
0.0001,0.0926573026690078,0.0
0.0001,0.09668415005949756,0.0
0.0001,0.10006021980969929,0.0
0.0001,0.10343628955990102,0.0
0.0001,0.10681235931010274,0.0
0.0001,0.11212990334643703,0.0
0.0001,0.11744744738277133,0.0
0.0001,0.12276499141910562,0.0
0.0001,0.12999128473476054,0.0
0.0001,0.13721757805041548,0.0
0.0001,0.14444387136607043,0.0
0.0001,0.15167016468172537,0.0
0.0001,0.16070279781536204,0.0
0.0001,0.1697354309489987,0.0
0.0001,0.17876806408263538,0.0
0.0001,0.18780069721627204,0.0
0.0001,0.19890016160265328,0.0
0.0001,0.20999962598903452,0.0
0.0001,0.22109909037541575,0.0
0.0001,0.23705841469374483,0.0
0.0001,0.2530177390120739,0.0
0.0001,0.268977063330403,0.0
0.0001,0.29180497684090906,0.0
0.0001,0.3146328903514151,0.0
0.0001,0.3374608038619212,0.0
0.0001,0.370628890609117,0.0
0.0001,0.40379697735631287,0.0
0.0001,0.4369650641035087,0.0
0.0001,0.4867227242963633,0.0
0.0001,0.5364803844892179,3.709126403123477
0.0001,0.5862380446820724,3.904343582235242
0.0001,0.6635929908812315,3.904343582235242
0.0001,0.7409479370803905,4.099560761346993
0.0001,0.8183028832795496,4.099560761346993
0.0001,0.9302704077627553,4.099560761346993
0.0001,1.042237932245961,4.099560761346993
0.0001,1.1542054567291666,4.099560761346993
0.0001,1.2661729812123723,4.099560761346993
0.0001,1.4066747907273676,4.099560761346993
0.0001,1.5471766002423628,4.294777940458758
0.0001,1.687678409757358,4.294777940458758
0.0001,1.8950958954339294,4.294777940458758
0.0001,2.1025133811105006,4.294777940458758
0.0001,2.309930866787072,4.294777940458758
0.0001,2.6195256702585255,4.294777940458758
0.0001,2.929120473729979,4.294777940458758
0.0001,3.2387152772014325,4.294777940458758
0.0001,3.548310080672886,4.294777940458758
0.0001,4.013112448867333,4.294777940458758
0.0001,4.47791481706178,4.294777940458758
0.0001,4.942717185256227,4.294777940458758
0.0001,5.874663084550156,4.294777940458758
0.0001,6.806608983844085,4.489995119570523
0.0001,7.738554883138014,4.489995119570523
0.0001,9.22544247247991,4.489995119570523
0.0001,10.712330061821808,4.489995119570523
0.0001,12.199217651163705,4.489995119570523
0.0001,14.559338997728602,4.489995119570523
0.0001,16.919460344293498,4.489995119570523
0.0001,19.279581690858393,4.685212298682288
0.0001,22.9314903018484,4.685212298682288
0.0001,26.583398912838405,4.685212298682288
0.0001,30.23530752382841,4.685212298682288
0.0001,33.887216134818416,4.685212298682288
0.0001,37.53912474580842,4.880429477794053
0.0001,41.19103335679843,4.880429477794053
0.0001,45.285728775398994,4.880429477794053
0.0001,49.38042419399956,4.880429477794053
0.0001,53.475119612600125,4.880429477794053
0.0001,59.6440916853474,4.880429477794053
0.0001,65.81306375809467,4.880429477794053
0.0001,71.98203583084194,4.880429477794053
0.0001,80.11276851796126,4.880429477794053
0.0001,88.24350120508058,5.075646656905803
0.0001,96.3742338921999,5.075646656905803
0.0001,105.75315133329688,5.075646656905803
0.0001,115.13206877439387,5.075646656905803
0.0001,124.51098621549086,5.075646656905803
0.0001,135.7934578930412,5.075646656905803
0.0001,147.0759295705915,5.075646656905803
0.0001,158.35840124814183,5.075646656905803
0.0001,169.64087292569215,5.075646656905803
0.0001,185.57451556951744,5.075646656905803
0.0001,201.50815821334274,5.075646656905803
0.0001,217.44180085716803,5.075646656905803
0.0001,255.18799241229456,5.075646656905803
0.0001,292.93418396742106,5.075646656905803
0.0001,330.6803755225476,5.075646656905803
0.0001,410.4200402482852,5.270863836017568
0.0001,490.1597049740228,5.270863836017568
0.0001,569.8993696997604,5.270863836017568
0.0001,681.8703630188385,5.270863836017568
0.0001,793.8413563379165,5.466081015129333
0.0001,905.8123496569946,5.466081015129333
0.0001,1017.7833429760726,5.466081015129333
0.0001,1154.9226586516093,5.661298194241098
0.0001,1292.061974327146,5.661298194241098
0.0001,1429.2012900026825,5.661298194241098
0.0001,1566.3406056782192,5.856515373352863
0.0001,1740.8967696827217,5.856515373352863
0.0001,1915.4529336872242,6.051732552464614
0.0001,2090.0090976917268,6.051732552464614
0.0001,2264.5652616962293,6.246949731576379
0.0001,2439.121425700732,6.246949731576379
0.0001,2613.6775897052344,6.442166910688144
0.0001,2788.233753709737,6.442166910688144
0.0001,2962.7899177142394,6.637384089799895
0.0001,3137.346081718742,6.637384089799895
0.0001,3311.9022457232445,6.8326012689116595
0.0001,3486.458409727747,6.8326012689116595
0.0001,3661.0145737322496,7.0278184480234245
0.0001,3835.570737736752,7.223035627135189
0.0001,4010.1269017412546,7.223035627135189
0.0001,4184.683065745758,7.418252806246954
0.0001,4359.23922975026,7.418252806246954
0.0001,4533.795393754763,7.613469985358705
0.0001,4708.351557759265,7.613469985358705
0.0001,4882.907721763768,7.80868716447047
0.0001,5057.46388576827,7.80868716447047
0.0001,5232.020049772773,8.003904343582235
0.0001,5406.576213777275,8.003904343582235
0.0001,5581.132377781778,8.199121522694
0.0001,5755.68854178628,8.199121522694
0.0001,5930.244705790783,8.394338701805765
0.0001,6104.8008697952855,8.394338701805765
0.0001,6279.357033799788,8.589555880917516
0.0001,6453.913197804291,8.589555880917516
0.0001,6628.469361808793,8.78477306002928
0.0001,6803.025525813296,8.78477306002928
0.0001,6977.581689817798,8.979990239141046
0.0001,7152.137853822301,8.979990239141046
0.0001,7326.694017826803,9.17520741825281
0.0001,7501.250181831306,9.17520741825281
0.0001,7675.806345835808,9.370424597364575
0.0001,7850.362509840311,9.565641776476326
0.0001,8024.918673844813,9.565641776476326
0.0001,8199.474837849317,9.760858955588091
0.0001,8374.03100185382,9.760858955588091
0.0001,8548.587165858324,9.956076134699856
0.0001,8723.143329862827,9.956076134699856
0.0001,8897.69949386733,10.151293313811621
0.0001,9072.255657871834,10.151293313811621
0.0001,9246.811821876337,10.346510492923386
0.0001,9421.367985880841,10.346510492923386
0.0001,9595.924149885344,10.541727672035137
0.0001,9770.480313889848,10.541727672035137
0.0001,9945.036477894351,10.736944851146902
0.0001,10119.592641898855,10.736944851146902
0.0001,10294.148805903358,10.932162030258667
0.0001,10468.704969907862,11.127379209370417
0.0001,10643.261133912365,11.127379209370417
0.0001,10817.817297916868,11.322596388482182
0.0001,10992.373461921372,11.322596388482182
0.0001,11166.929625925875,11.517813567593947
0.0001,11341.485789930379,11.517813567593947
0.0001,11516.041953934882,11.713030746705712
0.0001,11690.598117939386,11.713030746705712
0.0001,11865.15428194389,11.908247925817477
0.0001,12039.710445948393,11.908247925817477
0.0001,12214.266609952896,12.103465104929228
0.0001,12388.8227739574,12.298682284040993
0.0001,12563.378937961903,12.298682284040993
0.0001,12737.935101966406,12.493899463152758
0.0001,12912.49126597091,12.493899463152758
0.0001,13087.047429975413,12.689116642264523
0.0001,13261.603593979917,12.689116642264523
0.0001,13436.15975798442,12.884333821376288
0.0001,13610.715921988924,12.884333821376288
0.0001,13785.272085993427,13.079551000488038
0.0001,13959.82824999793,13.274768179599803
0.0001,14134.384414002434,13.274768179599803
0.0001,14308.940578006937,13.469985358711568
0.0001,14453.836161095693,13.469985358711568
0.0001,14598.731744184448,13.665202537823333
0.0001,14743.627327273203,13.665202537823333
0.0001,14763.749351918972,13.665202537823333
0.0001,14783.87137656474,13.665202537823333
0.0001,14803.99340121051,13.665202537823333
0.0001,14830.418129160498,13.665202537823333
0.0001,14856.842857110487,13.665202537823333
0.0001,14883.267585060476,13.860419716935098
0.0001,14960.82421424251,13.860419716935098
0.0001,15038.380843424544,13.860419716935098
0.0001,15115.937472606578,13.860419716935098
0.0001,15212.008188230104,14.055636896046849
0.0001,15308.07890385363,14.055636896046849
0.0001,15380.07135100138,14.055636896046849
0.0001,15452.063798149129,14.055636896046849
0.0001,15524.056245296879,14.250854075158614
0.0001,15596.048692444629,14.250854075158614
0.0001,15668.041139592378,14.250854075158614
0.0001,15740.033586740128,14.250854075158614
0.0001,15812.026033887878,14.446071254270379
0.0001,15894.199476958858,14.446071254270379
0.0001,15976.372920029838,14.446071254270379
0.0001,16058.546363100819,14.446071254270379
0.0001,16140.719806171799,14.64128843338213
0.0001,16232.244889578351,14.64128843338213
0.0001,16323.769972984903,14.64128843338213
0.0001,16415.295056391453,14.64128843338213
0.0001,16506.820139798005,14.836505612493895
0.0001,16598.345223204557,14.836505612493895
0.0001,16689.87030661111,14.836505612493895
0.0001,16781.39539001766,15.03172279160566
0.0001,16903.65054684168,15.03172279160566
0.0001,17025.9057036657,15.03172279160566
0.0001,17148.16086048972,15.226939970717424
0.0001,17245.561922333713,15.226939970717424
0.0001,17342.962984177706,15.3245485602733
0.0001,17440.3640460217,15.42215714982919
0.0001,17537.765107865693,15.42215714982919
0.0001,17621.338635366767,15.42215714982919
0.0001,17704.91216286784,15.61737432894094
0.0001,17788.485690368914,15.61737432894094
0.0001,17872.059217869988,15.61737432894094
0.0001,17955.632745371062,15.812591508052705
0.0001,18039.206272872136,15.812591508052705
0.0001,18122.77980037321,15.812591508052705
0.0001,18192.28508683328,15.812591508052705
0.0001,18261.79037329335,16.00780868716447
0.0001,18331.295659753418,16.00780868716447
0.0001,18400.800946213487,16.00780868716447
0.0001,18482.361447171214,16.00780868716447
0.0001,18563.92194812894,16.203025866276235
0.0001,18645.482449086667,16.203025866276235
0.0001,18727.042950044393,16.203025866276235
0.0001,18808.60345100212,16.203025866276235
0.0001,18890.163951959847,16.398243045388
0.0001,18971.724452917573,16.398243045388
0.0001,19053.2849538753,16.398243045388
0.0001,19134.845454833026,16.398243045388
0.0001,19148.16284277686,16.398243045388
0.0001,19161.480230720692,16.495851634943875
0.0001,19174.797618664525,16.59346022449975
0.0001,19201.43239455219,16.59346022449975
0.0001,19228.067170439856,16.59346022449975
0.0001,19254.70194632752,16.59346022449975
0.0001,19334.792979816597,16.59346022449975
0.0001,19414.884013305673,16.59346022449975
0.0001,19494.97504679475,16.788677403611516
0.0001,19575.066080283825,16.788677403611516
0.0001,19655.1571137729,16.788677403611516
0.0001,19735.248147261977,16.788677403611516
0.0001,19808.338956273445,16.98389458272328
0.0001,19881.429765284913,16.98389458272328
0.0001,19954.52057429638,16.98389458272328
0.0001,20000.0,16.98389458272328
0.001,0.0,1.952171791117621
0.001,0.000816389472389299,1.952171791117621
0.001,0.0010204868404866236,1.952171791117621
0.001,0.0010332429259927063,1.952171791117621
0.001,0.001045999011498789,1.952171791117621
0.001,0.0010490584882385241,1.952171791117621
0.001,0.0010521179649782592,1.952171791117621
0.001,0.0010551774417179942,1.952171791117621
0.001,0.0010582369184577293,1.952171791117621
0.001,0.0010612963951974644,1.952171791117621
0.001,0.0010643558719371994,1.952171791117621
0.001,0.0010674153486769345,1.952171791117621
0.001,0.0010704748254166696,1.952171791117621
0.001,0.0010735343021564046,1.952171791117621
0.001,0.0010765937788961397,1.952171791117621
0.001,0.0010796532556358747,1.952171791117621
0.001,0.0010827127323756098,1.952171791117621
0.001,0.0010857722091153449,1.952171791117621
0.001,0.00108883168585508,1.952171791117621
0.001,0.001091891162594815,1.952171791117621
0.001,0.00109495063933455,1.952171791117621
0.001,0.0010980101160742851,1.952171791117621
0.001,0.0011041290695537553,1.952171791117621
0.001,0.0011102480230332254,1.952171791117621
0.001,0.0011714375578279266,1.952171791117621
0.001,0.001232627092622628,1.952171791117621
0.001,0.0018445224405696406,1.952171791117621
0.001,0.0024564177885166532,1.952171791117621
0.001,0.00410943525421943,1.952171791117621
0.001,0.005762452719922206,1.952171791117621
0.001,0.008353774625626342,1.7569546120058561
0.001,0.010945096531330478,1.7569546120058561
0.001,0.013536418437034613,1.7569546120058561
0.001,0.01777128405007785,1.7569546120058561
0.001,0.02200614966312109,1.7569546120058561
0.001,0.026241015276164327,1.5617374328940912
0.001,0.030475880889207566,1.5617374328940912
0.001,0.035277611688187514,1.5617374328940912
0.001,0.04007934248716746,1.3665202537823404
0.001,0.04488107328614741,1.3665202537823404
0.001,0.04968280408512736,1.1713030746705755
0.001,0.055054664693837,1.1713030746705755
0.001,0.060426525302546635,0.9760858955588105
0.001,0.06579838591125628,0.7808687164470456
0.001,0.07117024651996592,0.5856515373352806
0.001,0.07654210712867557,0.19521717911176495
0.001,0.08191396773738521,0.0
0.001,0.08728582834609486,0.0
0.001,0.0926576889548045,0.0
0.001,0.09668442183118052,0.0
0.001,0.10006035446847021,0.0
0.001,0.1034362871057599,0.0
0.001,0.1068122197430496,0.0
0.001,0.11212984468518704,0.0
0.001,0.11744746962732448,0.0
0.001,0.12276509456946193,0.0
0.001,0.12999086897562231,0.0
0.001,0.13721664338178272,0.0
0.001,0.14444241778794312,0.0
0.001,0.15166819219410352,0.0
0.001,0.16070099363255017,0.0
0.001,0.1697337950709968,0.0
0.001,0.17876659650944346,0.0
0.001,0.1877993979478901,0.0
0.001,0.1988992015119457,0.0
0.001,0.2099990050760013,0.0
0.001,0.2210988086400569,0.0
0.001,0.2370588696294468,0.0
0.001,0.25301893061883673,0.0
0.001,0.26897899160822664,0.0
0.001,0.2918073967379037,0.0
0.001,0.3146358018675807,0.0
0.001,0.33746420699725777,0.0
0.001,0.370633113320193,0.0
0.001,0.40380201964312823,0.0
0.001,0.43697092596606346,0.0
0.001,0.48673027625903187,0.0
0.001,0.5364896265520003,3.709126403123477
0.001,0.5862489768449687,3.904343582235242
0.001,0.6636080879862392,3.904343582235242
0.001,0.7409671991275097,4.099560761346993
0.001,0.8183263102687803,4.099560761346993
0.001,0.9303057391227543,4.099560761346993
0.001,1.0422851679767282,4.099560761346993
0.001,1.1542645968307021,4.099560761346993
0.001,1.266244025684676,4.099560761346993
0.001,1.4067345236746112,4.099560761346993
0.001,1.5472250216645462,4.294777940458758
0.001,1.6877155196544813,4.294777940458758
0.001,1.8952024649204524,4.294777940458758
0.001,2.1026894101864233,4.294777940458758
0.001,2.3101763554523944,4.294777940458758
0.001,2.620167206755119,4.294777940458758
0.001,2.930158058057844,4.294777940458758
0.001,3.2401489093605687,4.294777940458758
0.001,3.5501397606632934,4.294777940458758
0.001,4.012289248853851,4.294777940458758
0.001,4.474438737044409,4.294777940458758
0.001,4.936588225234966,4.294777940458758
0.001,5.866438617815307,4.294777940458758
0.001,6.796289010395647,4.489995119570523
0.001,7.726139402975987,4.489995119570523
0.001,9.238771894853897,4.489995119570523
0.001,10.75140438673181,4.489995119570523
0.001,12.264036878609723,4.489995119570523
0.001,14.745479551589742,4.489995119570523
0.001,17.226922224569762,4.685212298682288
0.001,19.70836489754978,4.685212298682288
0.001,23.553777294809375,4.685212298682288
0.001,27.39918969206897,4.685212298682288
0.001,31.244602089328563,4.880429477794053
0.001,35.09001448658815,4.880429477794053
0.001,38.10385930242581,4.880429477794053
0.001,41.11770411826347,4.880429477794053
0.001,44.131548934101126,4.880429477794053
0.001,50.15923856577644,5.075646656905803
0.001,56.186928197451756,5.075646656905803
0.001,62.21461782912707,5.075646656905803
0.001,68.2423074608024,5.075646656905803
0.001,74.26999709247771,5.270863836017568
0.001,80.29768672415302,5.270863836017568
0.001,86.32537635582834,5.270863836017568
0.001,92.35306598750365,5.270863836017568
0.001,98.38075561917897,5.466081015129333
0.001,104.40844525085429,5.466081015129333
0.001,110.4361348825296,5.466081015129333
0.001,116.46382451420492,5.466081015129333
0.001,125.24322540193799,5.466081015129333
0.001,134.02262628967105,5.661298194241098
0.001,142.8020271774041,5.661298194241098
0.001,152.8731473456,5.661298194241098
0.001,162.94426751379586,5.661298194241098
0.001,173.01538768199174,5.856515373352863
0.001,183.08650785018762,5.856515373352863
0.001,193.1576280183835,5.856515373352863
0.001,203.22874818657937,6.051732552464614
0.001,214.49104141233408,6.051732552464614
0.001,225.7533346380888,6.051732552464614
0.001,237.01562786384352,6.246949731576379
0.001,248.27792108959824,6.246949731576379
0.001,259.54021431535296,6.246949731576379
0.001,268.0806625361051,6.246949731576379
0.001,276.6211107568572,6.442166910688144
0.001,285.16155897760933,6.442166910688144
0.001,293.49584615454614,6.442166910688144
0.001,301.83013333148295,6.442166910688144
0.001,310.16442050841977,6.637384089799895
0.001,318.4987076853566,6.637384089799895
0.001,326.8329948622934,6.637384089799895
0.001,335.1672820392302,6.637384089799895
0.001,343.501569216167,6.8326012689116595
0.001,351.8358563931038,6.8326012689116595
0.001,360.17014357004064,6.8326012689116595
0.001,369.67878109105146,6.8326012689116595
0.001,379.1874186120623,7.0278184480234245
0.001,388.6960561330731,7.0278184480234245
0.001,398.20469365408394,7.0278184480234245
0.001,407.71333117509477,7.0278184480234245
0.001,417.2219686961056,7.223035627135189
0.001,426.7306062171164,7.223035627135189
0.001,436.23924373812724,7.223035627135189
0.001,445.74788125913807,7.418252806246954
0.001,456.5844393423882,7.418252806246954
0.001,467.4209974256383,7.418252806246954
0.001,478.2575555088884,7.613469985358705
0.001,489.0941135921385,7.613469985358705
0.001,502.00759667969754,7.613469985358705
0.001,514.9210797672566,7.80868716447047
0.001,527.8345628548157,7.80868716447047
0.001,540.7480459423747,7.80868716447047
0.001,553.6615290299337,8.003904343582235
0.001,566.5750121174927,8.003904343582235
0.001,579.4884952050518,8.199121522694
0.001,590.2265436685607,8.199121522694
0.001,600.9645921320696,8.199121522694
0.001,611.7026405955785,8.199121522694
0.001,622.4406890590874,8.394338701805765
0.001,634.8237213613293,8.394338701805765
0.001,647.2067536635711,8.589555880917516
0.001,659.589785965813,8.589555880917516
0.001,671.9728182680549,8.589555880917516
0.001,684.3558505702968,8.78477306002928
0.001,696.7388828725386,8.78477306002928
0.001,709.1219151747805,8.78477306002928
0.001,721.5049474770224,8.979990239141046
0.001,733.8879797792642,8.979990239141046
0.001,746.2710120815061,8.979990239141046
0.001,758.654044383748,9.17520741825281
0.001,771.0370766859899,9.17520741825281
0.001,783.4201089882317,9.370424597364575
0.001,795.8031412904736,9.370424597364575
0.001,808.1861735927155,9.370424597364575
0.001,820.5692058949573,9.565641776476326
0.001,832.9522381971992,9.565641776476326
0.001,845.3352704994411,9.565641776476326
0.001,857.718302801683,9.760858955588091
0.001,869.4638568388885,9.760858955588091
0.001,881.2094108760941,9.956076134699856
0.001,892.9549649132997,9.956076134699856
0.001,904.7005189505053,9.956076134699856
0.001,913.9400604571509,10.151293313811621
0.001,923.1796019637966,10.151293313811621
0.001,932.4191434704422,10.151293313811621
0.001,941.6586849770879,10.151293313811621
0.001,954.6062301018164,10.346510492923386
0.001,967.553775226545,10.346510492923386
0.001,980.5013203512735,10.541727672035137
0.001,993.4488654760021,10.541727672035137
0.001,1006.3964106007306,10.541727672035137
0.001,1019.3439557254592,10.736944851146902
0.001,1032.2915008501877,10.736944851146902
0.001,1045.2390459749163,10.932162030258667
0.001,1058.1865910996448,10.932162030258667
0.001,1071.1341362243734,10.932162030258667
0.001,1084.081681349102,11.127379209370417
0.001,1097.0292264738305,11.127379209370417
0.001,1107.773303863038,11.127379209370417
0.001,1118.5173812522457,11.322596388482182
0.001,1129.2614586414534,11.322596388482182
0.001,1140.005536030661,11.322596388482182
0.001,1150.7496134198686,11.517813567593947
0.001,1161.4936908090763,11.517813567593947
0.001,1172.237768198284,11.517813567593947
0.001,1186.1758177532292,11.713030746705712
0.001,1200.1138673081746,11.713030746705712
0.001,1214.05191686312,11.908247925817477
0.001,1227.9899664180653,11.908247925817477
0.001,1241.9280159730106,12.103465104929228
0.001,1255.866065527956,12.103465104929228
0.001,1269.8041150829013,12.201073694485103
0.001,1283.7421646378466,12.298682284040993
0.001,1297.680214192792,12.298682284040993
0.001,1311.6182637477373,12.493899463152758
0.001,1325.5563133026826,12.493899463152758
0.001,1339.494362857628,12.689116642264523
0.001,1353.4324124125733,12.689116642264523
0.001,1367.3704619675186,12.884333821376288
0.001,1381.308511522464,12.884333821376288
0.001,1395.2465610774093,12.884333821376288
0.001,1409.1846106323546,13.079551000488038
0.001,1423.1226601873,13.079551000488038
0.001,1437.0607097422453,13.274768179599803
0.001,1450.9987592971906,13.274768179599803
0.001,1464.936808852136,13.469985358711568
0.001,1478.8748584070813,13.469985358711568
0.001,1492.8129079620267,13.567593948267444
0.001,1506.750957516972,13.665202537823333
0.001,1520.6890070719173,13.665202537823333
0.001,1534.6270566268627,13.860419716935098
0.001,1548.565106181808,13.860419716935098
0.001,1562.5031557367533,14.055636896046849
0.001,1576.4412052916987,14.055636896046849
0.001,1590.379254846644,14.250854075158614
0.001,1604.3173044015894,14.250854075158614
0.001,1618.2553539565347,14.348462664714503
0.001,1632.19340351148,14.446071254270379
0.001,1646.1314530664254,14.446071254270379
0.001,1660.0695026213707,14.64128843338213
0.001,1674.007552176316,14.64128843338213
0.001,1687.9456017312614,14.836505612493895
0.001,1701.8836512862067,14.836505612493895
0.001,1715.821700841152,15.03172279160566
0.001,1729.7597503960974,15.03172279160566
0.001,1743.6977999510427,15.226939970717424
0.001,1757.635849505988,15.226939970717424
0.001,1771.5738990609334,15.226939970717424
0.001,1785.5119486158787,15.42215714982919
0.001,1799.449998170824,15.42215714982919
0.001,1813.3880477257694,15.61737432894094
0.001,1827.3260972807147,15.61737432894094
0.001,1841.26414683566,15.812591508052705
0.001,1855.2021963906054,15.812591508052705
0.001,1869.1402459455508,16.00780868716447
0.001,1883.078295500496,16.00780868716447
0.001,1897.0163450554414,16.203025866276235
0.001,1910.9543946103868,16.203025866276235
0.001,1924.892444165332,16.300634455832125
0.001,1936.2778534848321,16.398243045388
0.001,1947.6632628043321,16.398243045388
0.001,1959.0486721238321,16.59346022449975
0.001,1970.4340814433322,16.59346022449975
0.001,1981.8194907628322,16.59346022449975
0.001,1993.2049000823322,16.788677403611516
0.001,2004.5903094018322,16.788677403611516
0.001,2015.9757187213322,16.886285993167405
0.001,2027.3611280408322,16.98389458272328
0.001,2038.7465373603322,16.98389458272328
0.001,2050.1319466798323,17.179111761835046
0.001,2061.5173559993323,17.179111761835046
0.001,2072.9027653188323,17.179111761835046
0.001,2083.534769914936,17.37432894094681
0.001,2094.16677451104,17.37432894094681
0.001,2104.7987791071437,17.37432894094681
0.001,2115.4307837032475,17.56954612005856
0.001,2126.0627882993513,17.56954612005856
0.001,2136.694792895455,17.667154709614437
0.001,2147.326797491559,17.764763299170326
0.001,2155.526265130565,17.764763299170326
0.001,2162.269774401741,17.764763299170326
0.001,2169.0132836729167,17.95998047828209
0.001,2175.7567929440925,17.95998047828209
0.001,2182.500302215268,17.95998047828209
0.001,2190.5670926184853,17.95998047828209
0.001,2198.6338830217023,18.155197657393856
0.001,2206.7006734249194,18.155197657393856
0.001,2216.6588691289007,18.155197657393856
0.001,2226.617064832882,18.252806246949746
0.001,2236.5752605368634,18.35041483650562
0.001,2246.5334562408448,18.35041483650562
0.001,2256.491651944826,18.448023426061496
0.001,2266.4498476488075,18.54563201561737
0.001,2276.408043352789,18.54563201561737
0.001,2288.866558316355,18.740849194729137
0.001,2301.3250732799215,18.740849194729137
0.001,2313.783588243488,18.740849194729137
0.001,2326.2421032070542,18.9360663738409
0.001,2335.922339527156,18.9360663738409
0.001,2345.602575847258,19.131283552952652
0.001,2355.2828121673597,19.131283552952652
0.001,2364.9630484874615,19.131283552952652
0.001,2376.5441379000913,19.326500732064417
0.001,2388.125227312721,19.326500732064417
0.001,2399.706316725351,19.326500732064417
0.001,2411.2874061379807,19.521717911176182
0.001,2422.8684955506105,19.521717911176182
0.001,2434.4495849632403,19.716935090287947
0.001,2446.03067437587,19.716935090287947
0.001,2457.6117637885,19.716935090287947
0.001,2466.8486547174707,19.912152269399712
0.001,2476.0855456464415,19.912152269399712
0.001,2485.322436575412,19.912152269399712
0.001,2494.559327504383,20.107369448511463
0.001,2506.177432231176,20.107369448511463
0.001,2517.7955369579695,20.107369448511463
0.001,2529.4136416847628,20.302586627623228
0.001,2541.031746411556,20.302586627623228
0.001,2550.548683685712,20.497803806734993
0.001,2560.0656209598683,20.497803806734993
0.001,2569.5825582340244,20.497803806734993
0.001,2579.0994955081806,20.693020985846758
0.001,2590.811369177348,20.693020985846758
0.001,2602.523242846515,20.693020985846758
0.001,2614.2351165156824,20.888238164958523
0.001,2625.9469901848497,20.888238164958523
0.001,2639.28967365081,21.083455344070273
0.001,2652.6323571167704,21.083455344070273
0.001,2665.975040582731,21.27867252318204
0.001,2679.317724048691,21.27867252318204
0.001,2692.6604075146515,21.376281112737928
0.001,2706.003090980612,21.473889702293803
0.001,2719.3457744465722,21.473889702293803
0.001,2732.6884579125326,21.66910688140557
0.001,2746.031141378493,21.66910688140557
0.001,2759.3738248444533,21.864324060517333
0.001,2772.7165083104137,21.864324060517333
0.001,2786.059191776374,22.059541239629084
0.001,2799.4018752423344,22.059541239629084
0.001,2812.744558708295,22.25475841874085
0.001,2826.087242174255,22.25475841874085
0.001,2839.4299256402155,22.449975597852614
0.001,2852.772609106176,22.449975597852614
0.001,2866.1152925721362,22.64519277696438
0.001,2879.4579760380966,22.64519277696438
0.001,2892.800659504057,22.840409956076144
0.001,2906.1433429700173,22.840409956076144
0.001,2919.4860264359777,22.93801854563202
0.001,2932.828709901938,23.035627135187895
0.001,2946.1713933678984,23.035627135187895
0.001,2959.514076833859,23.23084431429966
0.001,2972.856760299819,23.23084431429966
0.001,2986.1994437657795,23.426061493411424
0.001,2999.54212723174,23.426061493411424
0.001,3012.8848106977002,23.621278672523175
0.001,3026.2274941636606,23.621278672523175
0.001,3039.570177629621,23.81649585163494
0.001,3052.9128610955813,23.81649585163494
0.001,3066.2555445615417,24.011713030746705
0.001,3079.598228027502,24.011713030746705
0.001,3092.9409114934624,24.20693020985847
0.001,3106.2835949594228,24.20693020985847
0.001,3119.626278425383,24.402147388970235
0.001,3132.9689618913435,24.402147388970235
0.001,3146.311645357304,24.597364568081986
0.001,3159.654328823264,24.597364568081986
0.001,3172.9970122892246,24.79258174719375
0.001,3186.339695755185,24.79258174719375
0.001,3199.6823792211453,24.987798926305516
0.001,3213.0250626871057,24.987798926305516
0.001,3226.367746153066,25.18301610541728
0.001,3239.7104296190264,25.18301610541728
0.001,3253.0531130849868,25.378233284529045
0.001,3266.395796550947,25.378233284529045
0.001,3279.7384800169075,25.47584187408492
0.001,3293.081163482868,25.573450463640796
0.001,3306.423846948828,25.67105905319667
0.001,3319.7665304147886,25.76866764275256
0.001,3333.109213880749,25.86627623230845
0.001,3346.4518973467093,25.963884821864326
0.001,3359.7945808126697,25.963884821864326
0.001,3373.13726427863,26.15910200097609
0.001,3386.4799477445904,26.15910200097609
0.001,3399.8226312105508,26.354319180087856
0.001,3413.165314676511,26.354319180087856
0.001,3426.5079981424715,26.549536359199607
0.001,3439.850681608432,26.549536359199607
0.001,3453.193365074392,26.74475353831137
0.001,3466.5360485403526,26.74475353831137
0.001,3479.878732006313,26.939970717423137
0.001,3493.2214154722733,26.939970717423137
0.001,3506.5640989382337,27.135187896534887
0.001,3519.906782404194,27.135187896534887
0.001,3533.2494658701544,27.330405075646652
0.001,3546.5921493361147,27.330405075646652
0.001,3559.934832802075,27.525622254758417
0.001,3573.2775162680355,27.525622254758417
0.001,3586.620199733996,27.720839433870182
0.001,3599.962883199956,27.720839433870182
0.001,3613.3055666659166,27.916056612981947
0.001,3626.648250131877,27.916056612981947
0.001,3639.9909335978373,28.111273792093698
0.001,3653.3336170637976,28.111273792093698
0.001,3666.676300529758,28.306490971205463
0.001,3680.0189839957184,28.306490971205463
0.001,3693.3616674616787,28.501708150317228
0.001,3706.704350927639,28.501708150317228
0.001,3720.0470343935995,28.696925329428993
0.001,3733.38971785956,28.696925329428993
0.001,3746.73240132552,28.892142508540758
0.001,3760.0750847914805,28.892142508540758
0.001,3773.417768257441,29.08735968765251
0.001,3786.7604517234013,29.08735968765251
0.001,3800.1031351893616,29.282576866764273
0.001,3813.445818655322,29.380185456320163
0.001,3826.7885021212824,29.47779404587604
0.001,3840.1311855872427,29.575402635431914
0.001,3853.473869053203,29.673011224987803
0.001,3866.8165525191635,29.86822840409957
0.001,3880.159235985124,29.86822840409957
0.001,3893.501919451084,30.06344558321132
0.001,3906.8446029170445,30.06344558321132
0.001,3920.187286383005,30.258662762323084
0.001,3933.5299698489653,30.258662762323084
0.001,3946.8726533149256,30.45387994143485
0.001,3960.215336780886,30.45387994143485
0.001,3973.5580202468464,30.649097120546614
0.001,3986.9007037128067,30.649097120546614
0.001,4000.243387178767,30.84431429965838
0.001,4013.5860706447274,30.84431429965838
0.001,4026.928754110688,31.03953147877013
0.001,4040.271437576648,31.03953147877013
0.001,4053.6141210426085,31.234748657881894
0.001,4066.956804508569,31.234748657881894
0.001,4080.2994879745293,31.42996583699366
0.001,4093.6421714404896,31.42996583699366
0.001,4106.98485490645,31.62518301610541
0.001,4120.32753837241,31.62518301610541
0.001,4133.670221838371,31.820400195217175
0.001,4147.012905304331,31.820400195217175
0.001,4160.355588770291,32.01561737432894
0.001,4173.698272236252,32.01561737432894
0.001,4187.040955702212,32.210834553440705
0.001,4200.3836391681725,32.308443142996595
0.001,4213.726322634133,32.40605173255247
0.001,4227.069006100093,32.60126891166422
0.001,4240.411689566054,32.60126891166422
0.001,4253.754373032014,32.796486090775986
0.001,4267.097056497974,32.796486090775986
0.001,4280.439739963935,32.99170326988775
0.001,4293.782423429895,32.99170326988775
0.001,4307.125106895855,33.186920448999516
0.001,4320.467790361816,33.186920448999516
0.001,4333.810473827776,33.38213762811128
0.001,4347.1531572937365,33.38213762811128
0.001,4360.495840759697,33.57735480722303
0.001,4373.838524225657,33.57735480722303
0.001,4387.181207691618,33.772571986334796
0.001,4400.523891157578,33.772571986334796
0.001,4413.866574623538,33.96778916544656
0.001,4427.209258089499,34.163006344558326
0.001,4440.551941555459,34.163006344558326
0.001,4453.894625021419,34.35822352367009
0.001,4467.23730848738,34.35822352367009
0.001,4480.57999195334,34.55344070278184
0.001,4493.9226754193005,34.55344070278184
0.001,4507.265358885261,34.74865788189361
0.001,4520.608042351221,34.74865788189361
0.001,4533.950725817182,34.94387506100537
0.001,4547.293409283142,34.94387506100537
0.001,4560.636092749102,35.13909224011714
0.001,4573.978776215063,35.13909224011714
0.001,4587.321459681023,35.3343094192289
0.001,4600.664143146983,35.52952659834065
0.001,4614.006826612944,35.52952659834065
0.001,4627.349510078904,35.72474377745242
0.001,4640.6921935448645,35.72474377745242
0.001,4654.034877010825,35.91996095656418
0.001,4667.377560476785,35.91996095656418
0.001,4680.720243942746,36.11517813567593
0.001,4694.062927408706,36.11517813567593
0.001,4707.405610874666,36.3103953147877
0.001,4720.748294340627,36.3103953147877
0.001,4734.090977806587,36.50561249389946
0.001,4747.433661272547,36.70082967301123
0.001,4760.776344738508,36.70082967301123
0.001,4774.119028204468,36.89604685212299
0.001,4787.4617116704285,36.89604685212299
0.001,4800.804395136389,37.09126403123474
0.001,4814.147078602349,37.09126403123474
0.001,4827.48976206831,37.28648121034651
0.001,4840.83244553427,37.28648121034651
0.001,4854.17512900023,37.48169838945827
0.001,4867.517812466191,37.67691556857004
0.001,4880.860495932151,37.67691556857004
0.001,4894.203179398111,37.8721327476818
0.001,4907.545862864072,37.8721327476818
0.001,4920.888546330032,38.067349926793554
0.001,4932.000130584932,38.067349926793554
0.001,4943.111714839832,38.26256710590532
0.001,4954.223299094731,38.26256710590532
0.001,4962.535436947757,38.36017569546121
0.001,4970.847574800783,38.457784285017084
0.001,4979.159712653809,38.457784285017084
0.001,4987.471850506835,38.65300146412885
0.001,4995.783988359861,38.65300146412885
0.001,5004.096126212887,38.65300146412885
0.001,5012.408264065913,38.848218643240614
0.001,5022.172001808688,38.848218643240614
0.001,5031.9357395514635,38.848218643240614
0.001,5041.699477294239,39.043435822352365
0.001,5051.463215037014,39.043435822352365
0.001,5062.546280635884,39.23865300146413
0.001,5073.629346234753,39.23865300146413
0.001,5084.712411833622,39.433870180575894
0.001,5095.795477432492,39.433870180575894
0.001,5106.878543031361,39.629087359687645
0.001,5117.96160863023,39.629087359687645
0.001,5129.0446742291,39.72669594924352
0.001,5140.127739827969,39.82430453879941
0.001,5151.210805426838,39.82430453879941
0.001,5162.293871025708,40.019521717911175
0.001,5173.376936624577,40.019521717911175
0.001,5184.460002223446,40.21473889702294
0.001,5195.543067822316,40.21473889702294
0.001,5206.626133421185,40.409956076134705
0.001,5217.709199020054,40.409956076134705
0.001,5228.792264618924,40.605173255246456
0.001,5239.875330217793,40.605173255246456
0.001,5250.958395816662,40.80039043435822
0.001,5262.041461415532,40.80039043435822
0.001,5273.124527014401,40.995607613469986
0.001,5284.20759261327,40.995607613469986
0.001,5295.2906582121395,41.19082479258175
0.001,5306.373723811009,41.19082479258175
0.001,5317.456789409878,41.386041971693516
0.001,5328.5398550087475,41.386041971693516
0.001,5339.622920607617,41.581259150805266
0.001,5350.705986206486,41.581259150805266
0.001,5361.7890518053555,41.67886774036114
0.001,5372.872117404225,41.77647632991703
0.001,5383.955183003094,41.77647632991703
0.001,5395.0382486019635,41.971693509028796
0.001,5406.121314200833,41.971693509028796
0.001,5417.204379799702,42.16691068814056
0.001,5428.287445398571,42.16691068814056
0.001,5439.370510997441,42.362127867252326
0.001,5450.45357659631,42.362127867252326
0.001,5461.536642195179,42.55734504636408
0.001,5472.619707794049,42.55734504636408
0.001,5483.702773392918,42.75256222547584
0.001,5494.785838991787,42.75256222547584
0.001,5505.868904590657,42.94777940458761
0.001,5516.951970189526,42.94777940458761
0.001,5528.035035788395,43.14299658369937
0.001,5539.118101387265,43.14299658369937
0.001,5550.201166986134,43.33821376281114
0.001,5561.284232585003,43.33821376281114
0.001,5572.367298183873,43.53343094192289
0.001,5583.450363782742,43.53343094192289
0.001,5594.533429381611,43.72864812103465
0.001,5605.616494980481,43.72864812103465
0.001,5616.69956057935,43.92386530014642
0.001,5627.782626178219,43.92386530014642
0.001,5638.865691777089,44.11908247925817
0.001,5649.948757375958,44.11908247925817
0.001,5661.031822974827,44.31429965836993
0.001,5672.114888573697,44.31429965836993
0.001,5683.197954172566,44.5095168374817
0.001,5694.281019771435,44.5095168374817
0.001,5705.364085370305,44.70473401659346
0.001,5716.447150969174,44.70473401659346
0.001,5727.530216568043,44.89995119570523
0.001,5738.6132821669125,44.89995119570523
0.001,5749.696347765782,45.09516837481698
0.001,5760.779413364651,45.09516837481698
0.001,5771.8624789635205,45.29038555392874
0.001,5782.94554456239,45.29038555392874
0.001,5794.028610161259,45.48560273304051
0.001,5805.1116757601285,45.48560273304051
0.001,5816.194741358998,45.583211322596384
0.001,5827.277806957867,45.68081991215227
0.001,5838.3608725567365,45.77842850170816
0.001,5849.443938155606,45.87603709126404
0.001,5860.527003754475,45.973645680819914
0.001,5871.610069353344,46.07125427037579
0.001,5882.693134952214,46.168862859931664
0.001,5893.776200551083,46.266471449487554
0.001,5904.859266149952,46.36408003904344
0.001,5915.942331748822,46.46168862859932
0.001,5927.025397347691,46.559297218155194
0.001,5938.10846294656,46.656905807711084
0.001,5949.19152854543,46.75451439726697
0.001,5960.274594144299,46.85212298682285
0.001,5971.357659743168,46.949731576378724
0.001,5982.440725342038,47.0473401659346
0.001,5993.523790940907,47.242557345046365
0.001,6004.606856539776,47.242557345046365
0.001,6015.689922138646,47.43777452415813
0.001,6026.772987737515,47.43777452415813
0.001,6037.856053336384,47.632991703269894
0.001,6048.939118935254,47.632991703269894
0.001,6060.022184534123,47.82820888238166
0.001,6071.105250132992,47.82820888238166
0.001,6082.188315731862,48.02342606149341
0.001,6093.271381330731,48.02342606149341
0.001,6104.3544469296,48.218643240605175
0.001,6115.43751252847,48.218643240605175
0.001,6126.520578127339,48.41386041971694
0.001,6137.603643726208,48.41386041971694
0.001,6148.686709325078,48.60907759882869
0.001,6159.769774923947,48.60907759882869
0.001,6170.852840522816,48.804294777940456
0.001,6181.935906121686,48.804294777940456
0.001,6193.018971720555,48.99951195705222
0.001,6204.102037319424,48.99951195705222
0.001,6215.1851029182935,49.194729136163986
0.001,6226.268168517163,49.194729136163986
0.001,6237.351234116032,49.38994631527575
0.001,6248.4342997149015,49.38994631527575
0.001,6259.517365313771,49.5851634943875
0.001,6270.60043091264,49.5851634943875
0.001,6281.6834965115095,49.780380673499266
0.001,6292.766562110379,49.780380673499266
0.001,6303.849627709248,49.97559785261103
0.001,6314.932693308117,49.97559785261103
0.001,6326.015758906987,50.170815031722796
0.001,6337.098824505856,50.170815031722796
0.001,6348.181890104725,50.36603221083456
0.001,6359.264955703595,50.36603221083456
0.001,6370.348021302464,50.56124938994631
0.001,6381.431086901333,50.56124938994631
0.001,6392.514152500203,50.75646656905808
0.001,6403.597218099072,50.854075158613966
0.001,6414.680283697941,50.95168374816984
0.001,6425.763349296811,51.14690092728161
0.001,6436.84641489568,51.14690092728161
0.001,6447.929480494549,51.34211810639337
0.001,6459.012546093419,51.34211810639337
0.001,6470.095611692288,51.53733528550512
0.001,6481.178677291157,51.53733528550512
0.001,6492.261742890027,51.73255246461689
0.001,6503.344808488896,51.73255246461689
0.001,6514.427874087765,51.92776964372865
0.001,6525.510939686635,51.92776964372865
0.001,6536.594005285504,52.1229868228404
0.001,6547.677070884373,52.1229868228404
0.001,6558.760136483243,52.31820400195217
0.001,6569.843202082112,52.31820400195217
0.001,6580.926267680981,52.51342118106393
0.001,6592.009333279851,52.51342118106393
0.001,6603.09239887872,52.7086383601757
0.001,6614.175464477589,52.80624694973159
0.001,6625.258530076459,52.90385553928746
0.001,6636.341595675328,53.09907271839921
0.001,6647.424661274197,53.09907271839921
0.001,6658.5077268730665,53.29428989751098
0.001,6669.590792471936,53.29428989751098
0.001,6680.673858070805,53.48950707662274
0.001,6691.7569236696745,53.48950707662274
0.001,6702.839989268544,53.68472425573451
0.001,6713.923054867413,53.68472425573451
0.001,6725.0061204662825,53.87994143484627
0.001,6736.089186065152,53.87994143484627
0.001,6747.172251664021,54.075158613958024
0.001,6758.2553172628905,54.075158613958024
0.001,6769.33838286176,54.27037579306979
0.001,6780.421448460629,54.36798438262568
0.001,6791.504514059498,54.465592972181554
0.001,6802.587579658368,54.66081015129332
0.001,6813.670645257237,54.66081015129332
0.001,6824.753710856106,54.856027330405084
0.001,6835.836776454976,54.856027330405084
0.001,6846.919842053845,55.051244509516835
0.001,6858.002907652714,55.051244509516835
0.001,6869.085973251584,55.2464616886286
0.001,6880.169038850453,55.2464616886286
0.001,6891.252104449322,55.441678867740364
0.001,6902.335170048192,55.441678867740364
0.001,6913.418235647061,55.63689604685213
0.001,6924.50130124593,55.832113225963894
0.001,6935.5843668448,55.832113225963894
0.001,6946.667432443669,56.027330405075645
0.001,6957.750498042538,56.027330405075645
0.001,6968.833563641408,56.222547584187396
0.001,6979.916629240277,56.222547584187396
0.001,6990.999694839146,56.41776476329919
0.001,7002.082760438016,56.41776476329919
0.001,7013.165826036885,56.61298194241094
0.001,7024.248891635754,56.61298194241094
0.001,7035.331957234624,56.80819912152269
0.001,7046.415022833493,57.003416300634456
0.001,7057.498088432362,57.003416300634456
0.001,7068.581154031232,57.198633479746206
0.001,7079.664219630101,57.198633479746206
0.001,7090.74728522897,57.393850658858
0.001,7101.8303508278395,57.393850658858
0.001,7112.913416426709,57.58906783796975
0.001,7123.996482025578,57.58906783796975
0.001,7135.0795476244475,57.7842850170815
0.001,7146.162613223317,57.88189360663739
0.001,7157.245678822186,57.979502196193266
0.001,7168.3287444210555,58.17471937530502
0.001,7179.411810019925,58.17471937530502
0.001,7190.494875618794,58.36993655441678
0.001,7201.5779412176635,58.36993655441678
0.001,7212.661006816533,58.56515373352856
0.001,7223.744072415402,58.56515373352856
0.001,7234.827138014271,58.76037091264031
0.001,7245.910203613141,58.8579795021962
0.001,7256.99326921201,58.95558809175208
0.001,7268.076334810879,59.15080527086383
0.001,7277.285058149118,59.15080527086383
0.001,7286.493781487357,59.34602244997559
0.001,7295.702504825596,59.34602244997559
0.001,7302.661250002349,59.34602244997559
0.001,7309.619995179102,59.54123962908737
0.001,7316.578740355855,59.54123962908737
0.001,7323.537485532608,59.54123962908737
0.001,7330.496230709361,59.73645680819912
0.001,7337.454975886114,59.73645680819912
0.001,7344.413721062867,59.83406539775501
0.001,7351.37246623962,59.93167398731089
0.001,7358.331211416373,59.93167398731089
0.001,7365.289956593126,60.12689116642264
0.001,7372.248701769879,60.12689116642264
0.001,7379.2074469466315,60.12689116642264
0.001,7386.1661921233845,60.3221083455344
0.001,7393.124937300137,60.3221083455344
0.001,7400.08368247689,60.3221083455344
0.001,7407.042427653643,60.51732552464618
0.001,7414.001172830396,60.51732552464618
0.001,7420.959918007149,60.51732552464618
0.001,7427.918663183902,60.71254270375793
0.001,7435.94836469556,60.71254270375793
0.001,7443.978066207217,60.9077598828697
0.001,7450.335678882486,60.9077598828697
0.001,7456.6932915577545,60.9077598828697
0.001,7463.050904233023,61.10297706198145
0.001,7469.408516908292,61.10297706198145
0.001,7478.196216829816,61.10297706198145
0.001,7486.98391675134,61.2981942410932
0.001,7495.771616672864,61.2981942410932
0.001,7504.559316594388,61.49341142020499
0.001,7511.698604755357,61.49341142020499
0.001,7518.837892916326,61.49341142020499
0.001,7525.977181077295,61.68862859931674
0.001,7533.1164692382645,61.68862859931674
0.001,7541.643061484529,61.88384577842851
0.001,7550.169653730794,61.88384577842851
0.001,7558.696245977059,61.88384577842851
0.001,7567.222838223324,62.07906295754026
0.001,7575.749430469589,62.07906295754026
0.001,7584.276022715854,62.27428013665201
0.001,7592.802614962119,62.27428013665201
0.001,7601.329207208384,62.4694973157638
0.001,7609.855799454649,62.4694973157638
0.001,7618.382391700914,62.664714494875554
0.001,7626.908983947179,62.664714494875554
0.001,7635.435576193444,62.664714494875554
0.001,7643.962168439709,62.85993167398732
0.001,7652.488760685974,62.85993167398732
0.001,7661.927947082473,63.05514885309907
0.001,7671.367133478972,63.05514885309907
0.001,7680.806319875472,63.25036603221082
0.001,7690.245506271971,63.25036603221082
0.001,7699.68469266847,63.445583211322614
0.001,7709.1238790649695,63.445583211322614
0.001,7718.563065461469,63.640800390434364
0.001,7728.002251857968,63.640800390434364
0.001,7737.441438254467,63.83601756954613
0.001,7746.880624650967,63.83601756954613
0.001,7756.319811047466,64.03123474865788
0.001,7765.758997443965,64.03123474865788
0.001,7775.1981838404645,64.22645192776963
0.001,7784.637370236964,64.22645192776963
0.001,7794.076556633463,64.42166910688142
0.001,7803.515743029962,64.42166910688142
0.001,7812.954929426462,64.61688628599317
0.001,7822.394115822961,64.61688628599317
0.001,7831.83330221946,64.81210346510493
0.001,7841.272488615959,64.81210346510493
0.001,7850.711675012459,65.00732064421669
0.001,7860.150861408958,65.00732064421669
0.001,7869.590047805457,65.20253782332844
0.001,7879.029234201957,65.20253782332844
0.001,7880.631950136201,65.20253782332844
0.001,7882.234666070446,65.20253782332844
0.001,7883.837382004691,65.30014641288433
0.001,7885.440097938936,65.39775500244023
0.001,7888.2535098701,65.39775500244023
0.001,7891.0669218012645,65.39775500244023
0.001,7893.880333732429,65.39775500244023
0.001,7899.254606932881,65.39775500244023
0.001,7904.628880133333,65.59297218155199
0.001,7910.003153333785,65.59297218155199
0.001,7915.377426534237,65.59297218155199
0.001,7920.751699734689,65.59297218155199
0.001,7926.125972935141,65.78818936066374
0.001,7931.500246135593,65.78818936066374
0.001,7936.8745193360455,65.78818936066374
0.001,7942.248792536498,65.9834065397755
0.001,7947.62306573695,65.9834065397755
0.001,7952.997338937402,65.9834065397755
0.001,7958.371612137854,65.9834065397755
0.001,7963.745885338306,66.17862371888725
0.001,7969.120158538758,66.17862371888725
0.001,7974.49443173921,66.17862371888725
0.001,7979.868704939662,66.37384089799905
0.001,7985.242978140114,66.37384089799905
0.001,7990.617251340566,66.37384089799905
0.001,7995.991524541018,66.37384089799905
0.001,8001.3657977414705,66.5690580771108
0.001,8006.740070941923,66.5690580771108
0.001,8012.905486960966,66.5690580771108
0.001,8019.07090298001,66.76427525622255
0.001,8025.236318999054,66.76427525622255
0.001,8031.4017350180975,66.76427525622255
0.001,8037.567151037141,66.95949243533431
0.001,8043.732567056185,66.95949243533431
0.001,8049.897983075229,66.95949243533431
0.001,8056.063399094272,67.15470961444606
0.001,8062.228815113316,67.15470961444606
0.001,8068.39423113236,67.15470961444606
0.001,8074.559647151404,67.34992679355783
0.001,8080.725063170447,67.34992679355783
0.001,8086.890479189491,67.34992679355783
0.001,8094.307846574028,67.5451439726696
0.001,8101.725213958565,67.5451439726696
0.001,8109.142581343102,67.74036115178136
0.001,8116.5599487276395,67.74036115178136
0.001,8123.977316112177,67.74036115178136
0.001,8131.394683496714,67.93557833089312
0.001,8137.507628218623,67.93557833089312
0.001,8143.620572940532,67.93557833089312
0.001,8149.733517662441,68.13079551000487
0.001,8155.84646238435,68.13079551000487
0.001,8163.101988178537,68.13079551000487
0.001,8170.357513972724,68.32601268911664
0.001,8177.61303976691,68.32601268911664
0.001,8184.868565561097,68.52122986822842
0.001,8192.124091355285,68.52122986822842
0.001,8199.379617149472,68.52122986822842
0.001,8206.63514294366,68.71644704734017
0.001,8213.890668737848,68.71644704734017
0.001,8221.146194532035,68.91166422645193
0.001,8228.401720326223,68.91166422645193
0.001,8235.65724612041,68.91166422645193
0.001,8242.912771914598,69.10688140556368
0.001,8250.168297708786,69.10688140556368
0.001,8257.423823502973,69.30209858467543
0.001,8264.679349297161,69.30209858467543
0.001,8271.934875091349,69.30209858467543
0.001,8280.256244058557,69.49731576378723
0.001,8288.577613025765,69.49731576378723
0.001,8296.898981992974,69.69253294289898
0.001,8305.220350960182,69.69253294289898
0.001,8313.54171992739,69.88775012201074
0.001,8321.863088894599,69.88775012201074
0.001,8330.184457861807,70.0829673011225
0.001,8338.505826829016,70.0829673011225
0.001,8346.827195796224,70.18057589067837
0.001,8355.148564763433,70.27818448023424
0.001,8363.469933730641,70.27818448023424
0.001,8371.79130269785,70.47340165934604
0.001,8380.112671665058,70.47340165934604
0.001,8388.434040632266,70.66861883845779
0.001,8396.755409599475,70.66861883845779
0.001,8405.076778566683,70.86383601756955
0.001,8413.398147533891,70.86383601756955
0.001,8421.7195165011,71.0590531966813
0.001,8430.040885468308,71.0590531966813
0.001,8438.362254435517,71.25427037579306
0.001,8446.683623402725,71.25427037579306
0.001,8455.004992369933,71.35187896534894
0.001,8463.326361337142,71.44948755490485
0.001,8471.64773030435,71.44948755490485
0.001,8479.969099271559,71.6447047340166
0.001,8488.290468238767,71.6447047340166
0.001,8496.611837205975,71.83992191312836
0.001,8504.933206173184,71.83992191312836
0.001,8513.254575140392,72.03513909224012
0.001,8521.5759441076,72.03513909224012
0.001,8529.897313074809,72.23035627135187
0.001,8538.218682042017,72.23035627135187
0.001,8546.540051009226,72.42557345046365
0.001,8554.861419976434,72.42557345046365
0.001,8563.182788943643,72.62079062957541
0.001,8571.504157910851,72.62079062957541
0.001,8579.82552687806,72.62079062957541
0.001,8588.146895845268,72.81600780868717
0.001,8596.468264812476,72.81600780868717
0.001,8604.789633779685,73.01122498779893
0.001,8613.111002746893,73.01122498779893
0.001,8621.432371714101,73.20644216691068
0.001,8629.75374068131,73.20644216691068
0.001,8638.075109648518,73.40165934602246
0.001,8646.396478615727,73.40165934602246
0.001,8654.717847582935,73.59687652513422
0.001,8663.039216550143,73.59687652513422
0.001,8671.360585517352,73.79209370424599
0.001,8679.68195448456,73.79209370424599
0.001,8688.003323451769,73.98731088335774
0.001,8696.324692418977,73.98731088335774
0.001,8704.646061386185,74.08491947291361
0.001,8712.967430353394,74.18252806246949
0.001,8719.679191524187,74.18252806246949
0.001,8726.39095269498,74.37774524158127
0.001,8733.102713865772,74.37774524158127
0.001,8739.814475036565,74.47535383113716
0.001,8746.526236207357,74.57296242069303
0.001,8753.23799737815,74.57296242069303
0.001,8759.949758548943,74.7681795998048
0.001,8766.661519719735,74.7681795998048
0.001,8773.373280890528,74.7681795998048
0.001,8780.08504206132,74.96339677891655
0.001,8786.796803232113,74.96339677891655
0.001,8793.508564402906,75.1586139580283
0.001,8800.220325573699,75.1586139580283
0.001,8806.932086744491,75.1586139580283
0.001,8813.643847915284,75.35383113714005
0.001,8820.355609086077,75.35383113714005
0.001,8827.06737025687,75.45143972669594
0.001,8833.779131427662,75.54904831625184
0.001,8840.490892598455,75.54904831625184
0.001,8848.0474724261,75.7442654953636
0.001,8855.604052253746,75.7442654953636
0.001,8863.160632081392,75.93948267447536
0.001,8870.717211909037,75.93948267447536
0.001,8876.788230027374,75.93948267447536
0.001,8882.85924814571,76.13469985358711
0.001,8888.930266264048,76.13469985358711
0.001,8895.001284382384,76.13469985358711
0.001,8902.791367926937,76.32991703269886
0.001,8910.58145147149,76.32991703269886
0.001,8918.371535016042,76.52513421181065
0.001,8926.161618560594,76.52513421181065
0.001,8932.49819327726,76.72035139092242
0.001,8938.834767993927,76.72035139092242
0.001,8945.171342710593,76.72035139092242
0.001,8951.50791742726,76.91556857003417
0.001,8959.157530715505,76.91556857003417
0.001,8966.807144003751,77.11078574914592
0.001,8974.456757291997,77.11078574914592
0.001,8982.106370580243,77.11078574914592
0.001,8988.425921690536,77.30600292825767
0.001,8994.745472800829,77.30600292825767
0.001,9001.065023911122,77.50122010736946
0.001,9007.384575021415,77.50122010736946
0.001,9013.704126131708,77.50122010736946
0.001,9020.023677242001,77.69643728648123
0.001,9021.23910552876,77.69643728648123
0.001,9022.45453381552,77.69643728648123
0.001,9023.66996210228,77.69643728648123
0.001,9024.88539038904,77.69643728648123
0.001,9026.493003072164,77.69643728648123
0.001,9028.10061575529,77.69643728648123
0.001,9029.708228438414,77.69643728648123
0.001,9034.080422280716,77.69643728648123
0.001,9038.452616123019,77.89165446559298
0.001,9042.824809965321,77.89165446559298
0.001,9048.55922738304,77.89165446559298
0.001,9054.29364480076,78.08687164470473
0.001,9060.02806221848,78.08687164470473
0.001,9065.7624796362,78.08687164470473
0.001,9072.515731968453,78.28208882381648
0.001,9079.268984300707,78.28208882381648
0.001,9086.02223663296,78.37969741337237
0.001,9092.775488965213,78.47730600292827
0.001,9100.585717771311,78.47730600292827
0.001,9108.39594657741,78.67252318204002
0.001,9116.206175383508,78.67252318204002
0.001,9124.016404189606,78.86774036115179
0.001,9131.826632995704,78.86774036115179
0.001,9139.636861801802,79.06295754026354
0.001,9147.4470906079,79.06295754026354
0.001,9153.66180582436,79.06295754026354
0.001,9159.87652104082,79.25817471937529
0.001,9166.09123625728,79.25817471937529
0.001,9172.30595147374,79.45339189848708
0.001,9179.811591511709,79.45339189848708
0.001,9187.317231549678,79.45339189848708
0.001,9194.822871587647,79.64860907759883
0.001,9202.328511625616,79.64860907759883
0.001,9209.834151663585,79.8438262567106
0.001,9217.339791701554,79.8438262567106
0.001,9224.845431739523,80.03904343582235
0.001,9232.351071777492,80.03904343582235
0.001,9239.85671181546,80.2342606149341
0.001,9247.36235185343,80.2342606149341
0.001,9254.867991891399,80.2342606149341
0.001,9262.373631929368,80.42947779404588
0.001,9269.879271967337,80.42947779404588
0.001,9277.384912005306,80.62469497315764
0.001,9284.890552043275,80.62469497315764
0.001,9292.396192081243,80.81991215226941
0.001,9299.901832119212,80.81991215226941
0.001,9307.407472157181,81.01512933138116
0.001,9314.91311219515,81.01512933138116
0.001,9322.41875223312,81.01512933138116
0.001,9329.924392271088,81.21034651049291
0.001,9337.430032309057,81.21034651049291
0.001,9344.935672347026,81.40556368960469
0.001,9352.441312384995,81.40556368960469
0.001,9359.946952422964,81.60078086871646
0.001,9367.452592460933,81.60078086871646
0.001,9374.958232498902,81.79599804782822
0.001,9382.463872536871,81.79599804782822
0.001,9389.96951257484,81.8936066373841
0.001,9397.47515261281,81.99121522693997
0.001,9403.67884359083,81.99121522693997
0.001,9409.88253456885,82.18643240605172
0.001,9416.08622554687,82.18643240605172
0.001,9422.28991652489,82.18643240605172
0.001,9428.493607502909,82.3816495851635
0.001,9434.697298480929,82.3816495851635
0.001,9440.900989458949,82.57686676427527
0.001,9447.104680436969,82.57686676427527
0.001,9452.404927256679,82.57686676427527
0.001,9457.705174076389,82.77208394338703
0.001,9463.0054208961,82.77208394338703
0.001,9468.30566771581,82.77208394338703
0.001,9473.60591453552,82.96730112249878
0.001,9478.90616135523,82.96730112249878
0.001,9484.20640817494,82.96730112249878
0.001,9489.50665499465,83.06490971205466
0.001,9494.80690181436,83.16251830161053
0.001,9500.10714863407,83.16251830161053
0.001,9507.159719617912,83.35773548072228
0.001,9514.212290601754,83.35773548072228
0.001,9521.264861585596,83.35773548072228
0.001,9528.317432569438,83.55295265983408
0.001,9535.37000355328,83.55295265983408
0.001,9542.422574537122,83.74816983894584
0.001,9549.475145520964,83.74816983894584
0.001,9556.527716504806,83.94338701805759
0.001,9562.227267937016,83.94338701805759
0.001,9567.926819369226,83.94338701805759
0.001,9573.626370801436,84.13860419716934
0.001,9579.325922233646,84.13860419716934
0.001,9585.025473665855,84.13860419716934
0.001,9590.725025098065,84.3338213762811
0.001,9596.424576530275,84.3338213762811
0.001,9602.124127962485,84.3338213762811
0.001,9607.823679394694,84.52903855539289
0.001,9613.523230826904,84.52903855539289
0.001,9620.044376845075,84.52903855539289
0.001,9626.565522863246,84.72425573450465
0.001,9633.086668881417,84.72425573450465
0.001,9639.607814899588,84.9194729136164
0.001,9646.128960917758,84.9194729136164
0.001,9652.65010693593,84.9194729136164
0.001,9659.1712529541,85.11469009272815
0.001,9667.200710010533,85.11469009272815
0.001,9675.230167066966,85.3099072718399
0.001,9683.259624123399,85.3099072718399
0.001,9691.289081179832,85.5051244509517
0.001,9699.318538236264,85.5051244509517
0.001,9707.347995292697,85.70034163006346
0.001,9715.37745234913,85.70034163006346
0.001,9723.406909405563,85.89555880917521
0.001,9731.436366461996,85.89555880917521
0.001,9739.465823518429,86.09077598828696
0.001,9747.495280574862,86.09077598828696
0.001,9755.524737631295,86.28599316739871
0.001,9763.554194687727,86.28599316739871
0.001,9771.58365174416,86.48121034651051
0.001,9779.613108800593,86.48121034651051
0.001,9787.642565857026,86.67642752562226
0.001,9795.672022913459,86.67642752562226
0.001,9803.701479969892,86.87164470473402
0.001,9811.730937026325,86.87164470473402
0.001,9819.760394082758,87.06686188384577
0.001,9827.78985113919,87.06686188384577
0.001,9835.819308195623,87.26207906295753
0.001,9843.848765252056,87.26207906295753
0.001,9851.878222308489,87.45729624206932
0.001,9859.907679364922,87.45729624206932
0.001,9867.937136421355,87.65251342118107
0.001,9875.966593477788,87.65251342118107
0.001,9883.99605053422,87.84773060029283
0.001,9892.025507590653,87.84773060029283
0.001,9900.054964647086,88.04294777940459
0.001,9908.08442170352,88.04294777940459
0.001,9916.113878759952,88.23816495851634
0.001,9924.143335816385,88.23816495851634
0.001,9932.172792872818,88.43338213762813
0.001,9940.20224992925,88.43338213762813
0.001,9948.231706985684,88.62859931673988
0.001,9956.261164042116,88.62859931673988
0.001,9964.29062109855,88.82381649585164
0.001,9972.320078154982,88.82381649585164
0.001,9980.349535211415,89.0190336749634
0.001,9988.378992267848,89.0190336749634
0.001,9996.40844932428,89.21425085407515
0.001,10004.437906380714,89.21425085407515
0.001,10012.467363437147,89.40946803318693
0.001,10020.49682049358,89.40946803318693
0.001,10028.526277550012,89.60468521229869
0.001,10036.555734606445,89.60468521229869
0.001,10044.585191662878,89.79990239141046
0.001,10052.614648719311,89.79990239141046
0.001,10060.644105775744,89.9951195705222
0.001,10068.673562832177,89.9951195705222
0.001,10076.70301988861,90.19033674963396
0.001,10084.732476945042,90.19033674963396
0.001,10092.761934001475,90.38555392874574
0.001,10100.791391057908,90.48316251830163
0.001,10108.820848114341,90.5807711078575
0.001,10116.850305170774,90.67837969741339
0.001,10124.879762227207,90.77598828696927
0.001,10132.90921928364,90.97120546608102
0.001,10140.938676340073,90.97120546608102
0.001,10148.968133396505,91.16642264519277
0.001,10156.997590452938,91.16642264519277
0.001,10165.027047509371,91.36163982430455
0.001,10173.056504565804,91.36163982430455
0.001,10181.085961622237,91.55685700341631
0.001,10189.11541867867,91.55685700341631
0.001,10197.144875735103,91.75207418252808
0.001,10205.174332791536,91.75207418252808
0.001,10213.203789847968,91.94729136163983
0.001,10221.233246904401,91.94729136163983
0.001,10229.262703960834,92.14250854075158
0.001,10237.292161017267,92.14250854075158
0.001,10245.3216180737,92.33772571986333
0.001,10253.351075130133,92.33772571986333
0.001,10261.380532186566,92.53294289897512
0.001,10269.409989242999,92.53294289897512
0.001,10277.439446299431,92.72816007808689
0.001,10285.468903355864,92.72816007808689
0.001,10293.498360412297,92.92337725719864
0.001,10301.52781746873,92.92337725719864
0.001,10309.557274525163,93.11859443631039
0.001,10317.586731581596,93.11859443631039
0.001,10325.616188638029,93.31381161542214
0.001,10333.645645694462,93.31381161542214
0.001,10341.675102750894,93.50902879453393
0.001,10349.704559807327,93.60663738408982
0.001,10357.73401686376,93.7042459736457
0.001,10365.763473920193,93.89946315275745
0.001,10373.792930976626,93.89946315275745
0.001,10381.822388033059,94.0946803318692
0.001,10389.851845089492,94.0946803318692
0.001,10397.881302145925,94.28989751098095
0.001,10405.910759202357,94.28989751098095
0.001,10413.94021625879,94.48511469009274
0.001,10421.969673315223,94.48511469009274
0.001,10429.999130371656,94.68033186920451
0.001,10438.028587428089,94.68033186920451
0.001,10446.058044484522,94.87554904831626
0.001,10454.087501540955,94.87554904831626
0.001,10462.116958597388,95.07076622742801
0.001,10470.14641565382,95.07076622742801
0.001,10478.175872710253,95.26598340653976
0.001,10486.205329766686,95.26598340653976
0.001,10494.234786823119,95.46120058565155
0.001,10502.264243879552,95.55880917520743
0.001,10510.293700935985,95.6564177647633
0.001,10518.323157992418,95.85163494387507
0.001,10526.35261504885,95.85163494387507
0.001,10534.382072105283,96.04685212298682
0.001,10542.411529161716,96.04685212298682
0.001,10550.44098621815,96.24206930209857
0.001,10558.470443274582,96.24206930209857
0.001,10566.499900331015,96.43728648121036
0.001,10574.529357387448,96.43728648121036
0.001,10582.55881444388,96.63250366032212
0.001,10590.588271500314,96.63250366032212
0.001,10598.617728556746,96.82772083943388
0.001,10606.64718561318,96.82772083943388
0.001,10614.676642669612,97.02293801854563
0.001,10622.706099726045,97.1205466081015
0.001,10630.735556782478,97.21815519765738
0.001,10638.76501383891,97.41337237676916
0.001,10646.794470895344,97.41337237676916
0.001,10654.823927951777,97.60858955588093
0.001,10662.85338500821,97.60858955588093
0.001,10670.882842064642,97.80380673499269
0.001,10678.912299121075,97.80380673499269
0.001,10686.941756177508,97.99902391410444
0.001,10694.971213233941,97.99902391410444
0.001,10703.000670290374,98.19424109321619
0.001,10711.030127346807,98.19424109321619
0.001,10719.05958440324,98.38945827232797
0.001,10727.089041459672,98.38945827232797
0.001,10735.118498516105,98.58467545143974
0.001,10743.147955572538,98.7798926305515
0.001,10751.177412628971,98.7798926305515
0.001,10759.206869685404,98.97510980966325
0.001,10767.236326741837,98.97510980966325
0.001,10775.26578379827,99.170326988775
0.001,10783.295240854703,99.170326988775
0.001,10791.324697911135,99.36554416788678
0.001,10799.354154967568,99.36554416788678
0.001,10807.383612024001,99.56076134699855
0.001,10815.413069080434,99.56076134699855
0.001,10823.442526136867,99.75597852611031
0.001,10831.4719831933,99.85358711566619
0.001,10839.501440249733,99.95119570522206
0.001,10847.530897306166,100.0
0.001,10855.560354362598,100.0
0.001,10863.589811419031,100.0
0.001,10871.619268475464,100.0
0.001,10879.648725531897,100.0
0.001,10887.67818258833,100.0
0.001,10895.707639644763,100.0
0.001,10903.737096701196,100.0
0.001,10911.766553757629,100.0
0.001,10919.796010814061,100.0
0.001,10927.825467870494,100.0
0.001,10935.854924926927,100.0
0.001,10943.88438198336,100.0
0.001,10951.913839039793,100.0
0.001,10958.600824292907,100.0
0.001,10965.287809546022,100.0
0.001,10970.338055237491,100.0
0.001,10975.38830092896,100.0
0.001,10980.43854662043,100.0
0.001,10985.488792311899,100.0
0.001,10990.539038003368,100.0
0.001,10995.589283694837,100.0
0.001,11000.639529386306,100.0
0.001,11006.91106423759,100.0
0.001,11013.182599088876,100.0
0.001,11019.45413394016,100.0
0.001,11025.725668791445,100.0
0.001,11030.905262071079,100.0
0.001,11036.084855350713,100.0
0.001,11041.264448630347,100.0
0.001,11046.444041909981,100.0
0.001,11053.033146381951,100.0
0.001,11059.622250853921,100.0
0.001,11066.211355325891,100.0
0.001,11072.800459797862,100.0
0.001,11079.389564269832,100.0
0.001,11085.978668741802,100.0
0.001,11091.415216239393,100.0
0.001,11096.851763736984,100.0
0.001,11102.288311234575,100.0
0.001,11107.724858732166,100.0
0.001,11113.161406229758,100.0
0.001,11118.597953727349,100.0
0.001,11124.03450122494,100.0
0.001,11129.471048722531,100.0
0.001,11134.907596220122,100.0
0.001,11140.344143717713,100.0
0.001,11147.134305252235,100.0
0.001,11153.924466786757,100.0
0.001,11160.714628321279,100.0
0.001,11167.5047898558,100.0
0.001,11174.294951390322,100.0
0.001,11181.085112924844,100.0
0.001,11187.875274459366,100.0
0.001,11194.665435993888,100.0
0.001,11201.45559752841,100.0
0.001,11208.245759062931,100.0
0.001,11215.035920597453,100.0
0.001,11221.826082131975,100.0
0.001,11228.616243666496,100.0
0.001,11235.406405201018,100.0
0.001,11242.19656673554,100.0
0.001,11248.986728270062,100.0
0.001,11255.776889804583,100.0
0.001,11262.567051339105,100.0
0.001,11269.357212873627,100.0
0.001,11276.147374408149,100.0
0.001,11282.93753594267,100.0
0.001,11289.727697477192,100.0
0.001,11296.517859011714,100.0
0.001,11303.308020546236,100.0
0.001,11310.098182080757,100.0
0.001,11316.88834361528,100.0
0.001,11323.678505149801,100.0
0.001,11330.468666684323,100.0
0.001,11337.258828218844,100.0
0.001,11344.048989753366,100.0
0.001,11350.839151287888,100.0
0.001,11357.62931282241,100.0
0.001,11364.419474356931,100.0
0.001,11371.209635891453,100.0
0.001,11377.999797425975,100.0
0.001,11384.789958960497,100.0
0.001,11391.580120495018,100.0
0.001,11398.37028202954,100.0
0.001,11405.160443564062,100.0
0.001,11411.950605098584,100.0
0.001,11417.404798350837,100.0
0.001,11422.85899160309,100.0
0.001,11428.313184855344,100.0
0.001,11433.767378107597,100.0
0.001,11439.22157135985,100.0
0.001,11444.675764612104,100.0
0.001,11450.129957864357,100.0
0.001,11455.58415111661,100.0
0.001,11461.038344368864,100.0
0.001,11466.492537621118,100.0
0.001,11471.946730873371,100.0
0.001,11477.400924125624,100.0
0.001,11482.855117377878,100.0
0.001,11488.309310630131,100.0
0.001,11493.763503882385,100.0
0.001,11499.217697134638,100.0
0.001,11504.671890386891,100.0
0.001,11510.126083639145,100.0
0.001,11515.580276891398,100.0
0.001,11521.034470143652,100.0
0.001,11526.488663395905,100.0
0.001,11531.942856648158,100.0
0.001,11537.397049900412,100.0
0.001,11542.851243152665,100.0
0.001,11548.305436404919,100.0
0.001,11553.759629657172,100.0
0.001,11559.213822909425,100.0
0.001,11564.668016161679,100.0
0.001,11571.145156951528,100.0
0.001,11577.622297741378,100.0
0.001,11584.099438531228,100.0
0.001,11590.576579321078,100.0
0.001,11597.053720110927,100.0
0.001,11603.530860900777,100.0
0.001,11610.008001690627,100.0
0.001,11616.485142480476,100.0
0.001,11622.962283270326,100.0
0.001,11629.439424060176,100.0
0.001,11635.916564850026,100.0
0.001,11642.393705639875,100.0
0.001,11648.870846429725,100.0
0.001,11655.347987219575,100.0
0.001,11661.825128009425,100.0
0.001,11668.302268799274,100.0
0.001,11674.779409589124,100.0
0.001,11679.874893359392,100.0
0.001,11684.97037712966,100.0
0.001,11690.06586089993,100.0
0.001,11695.161344670198,100.0
0.001,11701.146593790183,100.0
0.001,11707.131842910168,100.0
0.001,11713.117092030154,100.0
0.001,11719.10234115014,100.0
0.001,11725.087590270125,100.0
0.001,11726.208074691196,100.0
0.001,11727.328559112268,100.0
0.001,11728.44904353334,100.0
0.001,11729.56952795441,100.0
0.001,11731.245453953952,100.0
0.001,11732.921379953494,100.0
0.001,11734.597305953035,100.0
0.001,11738.499646777935,100.0
0.001,11742.401987602834,100.0
0.001,11746.304328427734,100.0
0.001,11750.206669252633,100.0
0.001,11754.109010077533,100.0
0.001,11758.011350902432,100.0
0.001,11761.913691727332,100.0
0.001,11765.816032552231,100.0
0.001,11769.71837337713,100.0
0.001,11773.62071420203,100.0
0.001,11777.52305502693,100.0
0.001,11781.42539585183,100.0
0.001,11786.160453712748,100.0
0.001,11790.895511573666,100.0
0.001,11795.630569434585,100.0
0.001,11799.526733382465,100.0
0.001,11803.422897330345,100.0
0.001,11807.319061278225,100.0
0.001,11811.215225226106,100.0
0.001,11816.353330205191,100.0
0.001,11821.491435184276,100.0
0.001,11826.629540163362,100.0
0.001,11831.767645142447,100.0
0.001,11836.905750121532,100.0
0.001,11842.043855100617,100.0
0.001,11847.181960079703,100.0
0.001,11852.320065058788,100.0
0.001,11857.458170037873,100.0
0.001,11862.596275016958,100.0
0.001,11867.734379996044,100.0
0.001,11872.872484975129,100.0
0.001,11878.010589954214,100.0
0.001,11883.1486949333,100.0
0.001,11888.286799912385,100.0
0.001,11893.42490489147,100.0
0.001,11899.09621875931,100.0
0.001,11904.767532627151,100.0
0.001,11910.438846494992,100.0
0.001,11916.110160362832,100.0
0.001,11921.781474230673,100.0
0.001,11927.452788098513,100.0
0.001,11933.124101966354,100.0
0.001,11938.795415834195,100.0
0.001,11944.466729702035,100.0
0.001,11950.138043569876,100.0
0.001,11955.809357437716,100.0
0.001,11961.480671305557,100.0
0.001,11967.151985173397,100.0
0.001,11972.823299041238,100.0
0.001,11978.494612909079,100.0
0.001,11984.16592677692,100.0
0.001,11989.83724064476,100.0
0.001,11995.5085545126,100.0
0.001,12001.17986838044,100.0
0.001,12006.851182248281,100.0
0.001,12012.522496116122,100.0
0.001,12018.193809983963,100.0
0.001,12023.865123851803,100.0
0.001,12029.536437719644,100.0
0.001,12035.207751587484,100.0
0.001,12040.879065455325,100.0
0.001,12046.550379323166,100.0
0.001,12052.221693191006,100.0
0.001,12057.893007058847,100.0
0.001,12063.564320926687,100.0
0.001,12069.235634794528,100.0
0.001,12074.906948662368,100.0
0.001,12080.578262530209,100.0
0.001,12086.24957639805,100.0
0.001,12091.92089026589,100.0
0.001,12097.59220413373,100.0
0.001,12103.263518001571,100.0
0.001,12108.934831869412,100.0
0.001,12114.606145737253,100.0
0.001,12120.277459605093,100.0
0.001,12125.948773472934,100.0
0.001,12131.620087340774,100.0
0.001,12137.291401208615,100.0
0.001,12142.962715076455,100.0
0.001,12148.634028944296,100.0
0.001,12154.305342812137,100.0
0.001,12159.976656679977,100.0
0.001,12165.647970547818,100.0
0.001,12171.319284415658,100.0
0.001,12176.990598283499,100.0
0.001,12182.66191215134,100.0
0.001,12188.33322601918,100.0
0.001,12194.00453988702,100.0
0.001,12199.675853754861,100.0
0.001,12205.347167622702,100.0
0.001,12211.018481490542,100.0
0.001,12216.689795358383,100.0
0.001,12222.361109226224,100.0
0.001,12228.032423094064,100.0
0.001,12233.703736961905,100.0
0.001,12239.375050829745,100.0
0.001,12245.046364697586,100.0
0.001,12249.767036347848,100.0
0.001,12254.48770799811,100.0
0.001,12259.208379648373,100.0
0.001,12263.929051298635,100.0
0.001,12268.649722948898,100.0
0.001,12273.37039459916,100.0
0.001,12278.091066249423,100.0
0.001,12282.811737899685,100.0
0.001,12287.532409549947,100.0
0.001,12292.25308120021,100.0
0.001,12296.973752850472,100.0
0.001,12301.694424500734,100.0
0.001,12306.415096150997,100.0
0.001,12311.13576780126,100.0
0.001,12315.856439451522,100.0
0.001,12320.577111101784,100.0
0.001,12326.20003303217,100.0
0.001,12331.822954962556,100.0
0.001,12337.445876892942,100.0
0.001,12343.068798823328,100.0
0.001,12348.691720753714,100.0
0.001,12353.271116666741,100.0
0.001,12357.85051257977,100.0
0.001,12362.429908492797,100.0
0.001,12367.009304405825,100.0
0.001,12372.283556133747,100.0
0.001,12377.557807861669,100.0
0.001,12382.832059589591,100.0
0.001,12388.106311317513,100.0
0.001,12394.032507366055,100.0
0.001,12399.958703414597,100.0
0.001,12405.884899463139,100.0
0.001,12411.81109551168,100.0
0.001,12416.49072811024,100.0
0.001,12421.1703607088,100.0
0.001,12425.84999330736,100.0
0.001,12430.52962590592,100.0
0.001,12436.452768379266,100.0
0.001,12442.375910852612,100.0
0.001,12448.299053325958,100.0
0.001,12454.222195799304,100.0
0.001,12460.14533827265,100.0
0.001,12466.068480745997,100.0
0.001,12471.991623219343,100.0
0.001,12477.914765692689,100.0
0.001,12483.837908166035,100.0
0.001,12489.761050639381,100.0
0.001,12495.684193112727,100.0
0.001,12501.607335586074,100.0
0.001,12507.53047805942,100.0
0.001,12513.453620532766,100.0
0.001,12519.376763006112,100.0
0.001,12525.299905479458,100.0
0.001,12531.223047952804,100.0
0.001,12537.14619042615,100.0
0.001,12543.069332899497,100.0
0.001,12548.992475372843,100.0
0.001,12554.915617846189,100.0
0.001,12559.634279252972,100.0
0.001,12564.352940659755,100.0
0.001,12569.071602066539,100.0
0.001,12573.790263473322,100.0
0.001,12579.575679191717,100.0
0.001,12585.361094910113,100.0
0.001,12591.146510628509,100.0
0.001,12596.931926346904,100.0
0.001,12601.662941900644,100.0
0.001,12606.393957454384,100.0
0.001,12611.124973008124,100.0
0.001,12615.855988561863,100.0
0.001,12620.587004115603,100.0
0.001,12625.318019669343,100.0
0.001,12630.049035223083,100.0
0.001,12634.780050776822,100.0
0.001,12639.511066330562,100.0
0.001,12644.242081884302,100.0
0.001,12650.367521525372,100.0
0.001,12656.492961166441,100.0
0.001,12662.61840080751,100.0
0.001,12668.74384044858,100.0
0.001,12674.86928008965,100.0
0.001,12680.99471973072,100.0
0.001,12687.120159371789,100.0
0.001,12693.245599012858,100.0
0.001,12699.371038653928,100.0
0.001,12705.496478294997,100.0
0.001,12711.621917936067,100.0
0.001,12717.747357577136,100.0
0.001,12723.872797218206,100.0
0.001,12729.998236859275,100.0
0.001,12736.123676500345,100.0
0.001,12742.249116141415,100.0
0.001,12748.374555782484,100.0
0.001,12754.499995423554,100.0
0.001,12760.625435064623,100.0
0.001,12766.750874705693,100.0
0.001,12772.876314346762,100.0
0.001,12779.001753987832,100.0
0.001,12785.127193628901,100.0
0.001,12791.25263326997,100.0
0.001,12797.37807291104,100.0
0.001,12803.50351255211,100.0
0.001,12809.62895219318,100.0
0.001,12815.754391834249,100.0
0.001,12821.879831475318,100.0
0.001,12828.005271116388,100.0
0.001,12834.130710757458,100.0
0.001,12840.256150398527,100.0
0.001,12846.381590039597,100.0
0.001,12852.507029680666,100.0
0.001,12858.632469321736,100.0
0.001,12864.757908962805,100.0
0.001,12870.883348603875,100.0
0.001,12877.008788244944,100.0
0.001,12883.134227886014,100.0
0.001,12889.259667527083,100.0
0.001,12895.385107168153,100.0
0.001,12901.510546809222,100.0
0.001,12907.635986450292,100.0
0.001,12913.761426091361,100.0
0.001,12919.886865732431,100.0
0.001,12926.0123053735,100.0
0.001,12932.13774501457,100.0
0.001,12938.26318465564,100.0
0.001,12944.38862429671,100.0
0.001,12950.514063937779,100.0
0.001,12956.639503578848,100.0
0.001,12962.764943219918,100.0
0.001,12968.890382860987,100.0
0.001,12975.015822502057,100.0
0.001,12981.141262143126,100.0
0.001,12987.266701784196,100.0
0.001,12993.392141425265,100.0
0.001,12999.517581066335,100.0
0.001,13005.643020707405,100.0
0.001,13011.768460348474,100.0
0.001,13017.893899989544,100.0
0.001,13024.019339630613,100.0
0.001,13030.144779271683,100.0
0.001,13036.270218912752,100.0
0.001,13042.395658553822,100.0
0.001,13048.521098194891,100.0
0.001,13054.64653783596,100.0
0.001,13060.77197747703,100.0
0.001,13066.8974171181,100.0
0.001,13073.02285675917,100.0
0.001,13079.148296400239,100.0
0.001,13085.273736041308,100.0
0.001,13091.399175682378,100.0
0.001,13097.524615323448,100.0
0.001,13103.650054964517,100.0
0.001,13109.775494605587,100.0
0.001,13115.900934246656,100.0
0.001,13122.026373887726,100.0
0.001,13128.151813528795,100.0
0.001,13134.277253169865,100.0
0.001,13140.402692810934,100.0
0.001,13146.528132452004,100.0
0.001,13152.653572093073,100.0
0.001,13158.779011734143,100.0
0.001,13164.904451375212,100.0
0.001,13171.029891016282,100.0
0.001,13177.155330657351,100.0
0.001,13183.280770298421,100.0
0.001,13189.40620993949,100.0
0.001,13195.53164958056,100.0
0.001,13201.65708922163,100.0
0.001,13207.7825288627,100.0
0.001,13213.907968503769,100.0
0.001,13220.033408144838,100.0
0.001,13226.158847785908,100.0
0.001,13232.284287426977,100.0
0.001,13238.409727068047,100.0
0.001,13244.535166709116,100.0
0.001,13250.660606350186,100.0
0.001,13256.786045991255,100.0
0.001,13262.911485632325,100.0
0.001,13269.036925273394,100.0
0.001,13275.162364914464,100.0
0.001,13281.287804555534,100.0
0.001,13287.413244196603,100.0
0.001,13293.538683837673,100.0
0.001,13299.664123478742,100.0
0.001,13305.789563119812,100.0
0.001,13311.915002760881,100.0
0.001,13318.04044240195,100.0
0.001,13324.16588204302,100.0
0.001,13330.29132168409,100.0
0.001,13336.41676132516,100.0
0.001,13342.542200966229,100.0
0.001,13348.667640607298,100.0
0.001,13354.793080248368,100.0
0.001,13360.918519889437,100.0
0.001,13367.043959530507,100.0
0.001,13373.169399171577,100.0
0.001,13379.294838812646,100.0
0.001,13385.420278453716,100.0
0.001,13391.545718094785,100.0
0.001,13397.671157735855,100.0
0.001,13403.796597376924,100.0
0.001,13409.922037017994,100.0
0.001,13416.047476659063,100.0
0.001,13422.172916300133,100.0
0.001,13428.298355941202,100.0
0.001,13434.423795582272,100.0
0.001,13440.549235223341,100.0
0.001,13446.674674864411,100.0
0.001,13452.80011450548,100.0
0.001,13458.92555414655,100.0
0.001,13465.05099378762,100.0
0.001,13471.176433428689,100.0
0.001,13477.301873069759,100.0
0.001,13483.427312710828,100.0
0.001,13489.552752351898,100.0
0.001,13495.678191992967,100.0
0.001,13501.803631634037,100.0
0.001,13507.929071275106,100.0
0.001,13514.054510916176,100.0
0.001,13520.179950557245,100.0
0.001,13526.305390198315,100.0
0.001,13532.430829839384,100.0
0.001,13538.556269480454,100.0
0.001,13544.681709121523,100.0
0.001,13550.807148762593,100.0
0.001,13556.932588403663,100.0
0.001,13563.058028044732,100.0
0.001,13569.183467685802,100.0
0.001,13575.308907326871,100.0
0.001,13581.43434696794,100.0
0.001,13587.55978660901,100.0
0.001,13593.68522625008,100.0
0.001,13599.81066589115,100.0
0.001,13605.936105532219,100.0
0.001,13612.061545173288,100.0
0.001,13618.186984814358,100.0
0.001,13624.312424455427,100.0
0.001,13630.437864096497,100.0
0.001,13636.563303737566,100.0
0.001,13642.688743378636,100.0
0.001,13648.814183019706,100.0
0.001,13654.939622660775,100.0
0.001,13661.065062301845,100.0
0.001,13667.190501942914,100.0
0.001,13673.315941583984,100.0
0.001,13679.441381225053,100.0
0.001,13685.566820866123,100.0
0.001,13691.692260507192,100.0
0.001,13697.817700148262,100.0
0.001,13703.943139789331,100.0
0.001,13710.0685794304,100.0
0.001,13716.19401907147,100.0
0.001,13722.31945871254,100.0
0.001,13728.44489835361,100.0
0.001,13734.570337994679,100.0
0.001,13740.695777635749,100.0
0.001,13746.821217276818,100.0
0.001,13752.946656917888,100.0
0.001,13759.072096558957,100.0
0.001,13765.197536200027,100.0
0.001,13771.322975841096,100.0
0.001,13777.448415482166,100.0
0.001,13783.573855123235,100.0
0.001,13789.699294764305,100.0
0.001,13795.824734405374,100.0
0.001,13801.950174046444,100.0
0.001,13808.075613687513,100.0
0.001,13814.201053328583,100.0
0.001,13820.326492969652,100.0
0.001,13826.451932610722,100.0
0.001,13832.577372251792,100.0
0.001,13838.702811892861,100.0
0.001,13844.82825153393,100.0
0.001,13850.953691175,100.0
0.001,13857.07913081607,100.0
0.001,13863.20457045714,100.0
0.001,13869.330010098209,100.0
0.001,13875.455449739278,100.0
0.001,13881.580889380348,100.0
0.001,13887.706329021417,100.0
0.001,13893.831768662487,100.0
0.001,13899.957208303556,100.0
0.001,13906.082647944626,100.0
0.001,13912.208087585695,100.0
0.001,13918.333527226765,100.0
0.001,13924.458966867835,100.0
0.001,13930.584406508904,100.0
0.001,13936.709846149974,100.0
0.001,13942.835285791043,100.0
0.001,13948.960725432113,100.0
0.001,13955.086165073182,100.0
0.001,13961.211604714252,100.0
0.001,13967.337044355321,100.0
0.001,13973.46248399639,100.0
0.001,13979.58792363746,100.0
0.001,13985.71336327853,100.0
0.001,13991.8388029196,100.0
0.001,13997.964242560669,100.0
0.001,14004.089682201738,100.0
0.001,14010.215121842808,100.0
0.001,14016.340561483878,100.0
0.001,14021.433825752756,100.0
0.001,14026.527090021635,100.0
0.001,14031.620354290513,100.0
0.001,14036.713618559392,100.0
0.001,14041.80688282827,100.0
0.001,14046.900147097149,100.0
0.001,14051.993411366027,100.0
0.001,14056.163896152553,100.0
0.001,14060.334380939079,100.0
0.001,14064.504865725605,100.0
0.001,14068.67535051213,100.0
0.001,14073.772352624013,100.0
0.001,14078.869354735896,100.0
0.001,14083.966356847779,100.0
0.001,14088.11750252281,100.0
0.001,14091.515218107046,100.0
0.001,14094.912933691283,100.0
0.001,14098.31064927552,100.0
0.001,14101.708364859756,100.0
0.001,14105.106080443993,100.0
0.001,14108.50379602823,100.0
0.001,14111.901511612466,100.0
0.001,14115.299227196703,100.0
0.001,14118.69694278094,100.0
0.001,14122.094658365177,100.0
0.001,14126.137813239771,100.0
0.001,14130.180968114366,100.0
0.001,14134.22412298896,100.0
0.001,14138.267277863555,100.0
0.001,14142.31043273815,100.0
0.001,14146.353587612744,100.0
0.001,14150.396742487339,100.0
0.001,14154.439897361934,100.0
0.001,14158.483052236528,100.0
0.001,14162.526207111123,100.0
0.001,14167.429228428538,100.0
0.001,14172.332249745954,100.0
0.001,14177.23527106337,100.0
0.001,14182.138292380785,100.0
0.001,14187.0413136982,100.0
0.001,14191.944335015616,100.0
0.001,14196.847356333032,100.0
0.001,14201.750377650447,100.0
0.001,14206.653398967863,100.0
0.001,14211.556420285278,100.0
0.001,14216.459441602694,100.0
0.001,14221.36246292011,100.0
0.001,14226.265484237525,100.0
0.001,14231.16850555494,100.0
0.001,14236.071526872356,100.0
0.001,14240.974548189772,100.0
0.001,14245.877569507187,100.0
0.001,14250.780590824603,100.0
0.001,14255.683612142018,100.0
0.001,14259.726313494248,100.0
0.001,14263.769014846477,100.0
0.001,14267.811716198707,100.0
0.001,14271.854417550936,100.0
0.001,14275.897118903165,100.0
0.001,14279.939820255395,100.0
0.001,14283.982521607624,100.0
0.001,14288.025222959854,100.0
0.001,14292.067924312083,100.0
0.001,14296.110625664312,100.0
0.001,14300.153327016542,100.0
0.001,14304.196028368771,100.0
0.001,14308.238729721,100.0
0.001,14312.751004784433,100.0
0.001,14317.263279847866,100.0
0.001,14321.775554911299,100.0
0.001,14326.287829974732,100.0
0.001,14331.749068821735,100.0
0.001,14337.210307668738,100.0
0.001,14342.671546515741,100.0
0.001,14348.132785362744,100.0
0.001,14353.594024209748,100.0
0.001,14359.05526305675,100.0
0.001,14364.516501903754,100.0
0.001,14369.977740750757,100.0
0.001,14375.43897959776,100.0
0.001,14380.900218444764,100.0
0.001,14386.361457291767,100.0
0.001,14391.82269613877,100.0
0.001,14397.283934985773,100.0
0.001,14402.745173832776,100.0
0.001,14408.20641267978,100.0
0.001,14413.667651526783,100.0
0.001,14419.128890373786,100.0
0.001,14424.59012922079,100.0
0.001,14430.051368067792,100.0
0.001,14435.512606914795,100.0
0.001,14440.973845761799,100.0
0.001,14446.435084608802,100.0
0.001,14451.896323455805,100.0
0.001,14457.357562302808,100.0
0.001,14462.818801149811,100.0
0.001,14468.280039996815,100.0
0.001,14473.741278843818,100.0
0.001,14479.202517690821,100.0
0.001,14484.663756537824,100.0
0.001,14490.124995384827,100.0
0.001,14495.58623423183,100.0
0.001,14501.047473078834,100.0
0.001,14506.508711925837,100.0
0.001,14511.96995077284,100.0
0.001,14517.431189619843,100.0
0.001,14522.892428466846,100.0
0.001,14528.35366731385,100.0
0.001,14533.814906160853,100.0
0.001,14539.276145007856,100.0
0.001,14544.73738385486,100.0
0.001,14550.198622701862,100.0
0.001,14555.659861548866,100.0
0.001,14561.121100395869,100.0
0.001,14566.582339242872,100.0
0.001,14572.043578089875,100.0
0.001,14577.504816936878,100.0
0.001,14582.966055783882,100.0
0.001,14588.427294630885,100.0
0.001,14593.888533477888,100.0
0.001,14599.349772324891,100.0
0.001,14604.811011171894,100.0
0.001,14610.272250018897,100.0
0.001,14615.7334888659,100.0
0.001,14621.194727712904,100.0
0.001,14626.655966559907,100.0
0.001,14632.11720540691,100.0
0.001,14637.578444253913,100.0
0.001,14643.039683100917,100.0
0.001,14648.50092194792,100.0
0.001,14653.962160794923,100.0
0.001,14659.423399641926,100.0
0.001,14664.88463848893,100.0
0.001,14670.345877335933,100.0
0.001,14675.807116182936,100.0
0.001,14681.268355029939,100.0
0.001,14686.729593876942,100.0
0.001,14692.190832723945,100.0
0.001,14697.652071570948,100.0
0.001,14703.113310417952,100.0
0.001,14708.574549264955,100.0
0.001,14714.035788111958,100.0
0.001,14719.497026958961,100.0
0.001,14724.958265805964,100.0
0.001,14730.419504652968,100.0
0.001,14735.88074349997,100.0
0.001,14741.341982346974,100.0
0.001,14746.803221193977,100.0
0.001,14752.26446004098,100.0
0.001,14757.725698887984,100.0
0.001,14763.186937734987,100.0
0.001,14768.64817658199,100.0
0.001,14774.109415428993,100.0
0.001,14779.570654275996,100.0
0.001,14785.031893123,100.0
0.001,14790.493131970003,100.0
0.001,14795.954370817006,100.0
0.001,14801.415609664009,100.0
0.001,14806.876848511012,100.0
0.001,14812.338087358015,100.0
0.001,14817.799326205019,100.0
0.001,14823.260565052022,100.0
0.001,14828.721803899025,100.0
0.001,14834.183042746028,100.0
0.001,14839.644281593031,100.0
0.001,14845.105520440035,100.0
0.001,14850.566759287038,100.0
0.001,14856.02799813404,100.0
0.001,14861.489236981044,100.0
0.001,14866.950475828047,100.0
0.001,14872.41171467505,100.0
0.001,14877.872953522054,100.0
0.001,14883.334192369057,100.0
0.001,14888.79543121606,100.0
0.001,14894.256670063063,100.0
0.001,14899.717908910066,100.0
0.001,14905.17914775707,100.0
0.001,14910.640386604073,100.0
0.001,14916.101625451076,100.0
0.001,14921.56286429808,100.0
0.001,14927.024103145082,100.0
0.001,14932.485341992086,100.0
0.001,14937.946580839089,100.0
0.001,14943.407819686092,100.0
0.001,14948.869058533095,100.0
0.001,14954.330297380098,100.0
0.001,14959.791536227101,100.0
0.001,14965.252775074105,100.0
0.001,14970.714013921108,100.0
0.001,14976.175252768111,100.0
0.001,14981.636491615114,100.0
0.001,14987.097730462117,100.0
0.001,14992.55896930912,100.0
0.001,14998.020208156124,100.0
0.001,15003.481447003127,100.0
0.001,15008.94268585013,100.0
0.001,15014.403924697133,100.0
0.001,15019.865163544137,100.0
0.001,15025.32640239114,100.0
0.001,15030.787641238143,100.0
0.001,15036.248880085146,100.0
0.001,15041.71011893215,100.0
0.001,15047.171357779152,100.0
0.001,15052.632596626156,100.0
0.001,15058.093835473159,100.0
0.001,15063.555074320162,100.0
0.001,15069.016313167165,100.0
0.001,15074.477552014168,100.0
0.001,15079.938790861172,100.0
0.001,15085.400029708175,100.0
0.001,15090.861268555178,100.0
0.001,15096.322507402181,100.0
0.001,15101.783746249184,100.0
0.001,15107.244985096188,100.0
0.001,15112.70622394319,100.0
0.001,15118.167462790194,100.0
0.001,15123.628701637197,100.0
0.001,15129.0899404842,100.0
0.001,15134.551179331203,100.0
0.001,15139.086690652066,100.0
0.001,15143.622201972928,100.0
0.001,15148.157713293791,100.0
0.001,15152.693224614653,100.0
0.001,15157.228735935516,100.0
0.001,15161.764247256378,100.0
0.001,15166.299758577241,100.0
0.001,15170.835269898103,100.0
0.001,15175.370781218966,100.0
0.001,15179.906292539828,100.0
0.001,15184.441803860691,100.0
0.001,15188.977315181553,100.0
0.001,15193.512826502416,100.0
0.001,15198.048337823278,100.0
0.001,15202.583849144141,100.0
0.001,15207.119360465003,100.0
0.001,15211.654871785866,100.0
0.001,15216.190383106728,100.0
0.001,15220.72589442759,100.0
0.001,15225.261405748453,100.0
0.001,15229.796917069316,100.0
0.001,15234.332428390178,100.0
0.001,15238.86793971104,100.0
0.001,15243.403451031903,100.0
0.001,15247.938962352766,100.0
0.001,15252.474473673628,100.0
0.001,15256.234741043889,100.0
0.001,15259.99500841415,100.0
0.001,15263.75527578441,100.0
0.001,15267.51554315467,100.0
0.001,15272.022505079927,100.0
0.001,15276.529467005184,100.0
0.001,15281.036428930442,100.0
0.001,15284.786296176026,100.0
0.001,15287.911064016149,100.0
0.001,15291.035831856272,100.0
0.001,15294.160599696395,100.0
0.001,15297.285367536519,100.0
0.001,15301.09817479605,100.0
0.001,15304.910982055582,100.0
0.001,15308.723789315114,100.0
0.001,15312.536596574646,100.0
0.001,15316.808849516214,100.0
0.001,15321.081102457782,100.0
0.001,15325.35335539935,100.0
0.001,15329.625608340917,100.0
0.001,15333.897861282485,100.0
0.001,15338.170114224053,100.0
0.001,15342.44236716562,100.0
0.001,15346.714620107188,100.0
0.001,15350.986873048756,100.0
0.001,15355.259125990324,100.0
0.001,15359.531378931892,100.0
0.001,15363.80363187346,100.0
0.001,15368.075884815027,100.0
0.001,15372.348137756595,100.0
0.001,15376.620390698163,100.0
0.001,15380.89264363973,100.0
0.001,15385.164896581298,100.0
0.001,15389.437149522866,100.0
0.001,15393.709402464434,100.0
0.001,15397.981655406002,100.0
0.001,15402.25390834757,100.0
0.001,15406.526161289137,100.0
0.001,15410.798414230705,100.0
0.001,15415.070667172273,100.0
0.001,15419.34292011384,100.0
0.001,15423.615173055408,100.0
0.001,15427.887425996976,100.0
0.001,15432.159678938544,100.0
0.001,15436.431931880112,100.0
0.001,15440.70418482168,100.0
0.001,15444.976437763247,100.0
0.001,15449.248690704815,100.0
0.001,15452.80490806174,100.0
0.001,15456.361125418665,100.0
0.001,15459.91734277559,100.0
0.001,15463.473560132516,100.0
0.001,15467.02977748944,100.0
0.001,15470.585994846366,100.0
0.001,15474.142212203291,100.0
0.001,15477.698429560216,100.0
0.001,15480.457751447067,100.0
0.001,15483.217073333919,100.0
0.001,15485.97639522077,100.0
0.001,15488.735717107622,100.0
0.001,15492.284957231377,100.0
0.001,15495.834197355132,100.0
0.001,15499.383437478888,100.0
0.001,15502.932677602643,100.0
0.001,15506.481917726398,100.0
0.001,15510.031157850153,100.0
0.001,15513.580397973908,100.0
0.001,15517.129638097664,100.0
0.001,15520.678878221419,100.0
0.001,15524.228118345174,100.0
0.001,15527.77735846893,100.0
0.001,15531.326598592685,100.0
0.001,15534.87583871644,100.0
0.001,15538.425078840195,100.0
0.001,15541.97431896395,100.0
0.001,15545.523559087706,100.0
0.001,15549.07279921146,100.0
0.001,15552.622039335216,100.0
0.001,15556.171279458971,100.0
0.001,15560.497025230183,100.0
0.001,15564.822771001394,100.0
0.001,15569.148516772606,100.0
0.001,15573.474262543818,100.0
0.001,15577.80000831503,100.0
0.001,15582.12575408624,100.0
0.001,15586.451499857452,100.0
0.001,15590.777245628664,100.0
0.001,15595.102991399875,100.0
0.001,15599.428737171087,100.0
0.001,15603.754482942299,100.0
0.001,15608.08022871351,100.0
0.001,15612.405974484722,100.0
0.001,15615.838828902275,100.0
0.001,15619.271683319828,100.0
0.001,15622.704537737382,100.0
0.001,15626.137392154935,100.0
0.001,15630.417213803192,100.0
0.001,15634.697035451449,100.0
0.001,15638.976857099706,100.0
0.001,15643.256678747963,100.0
0.001,15647.53650039622,100.0
0.001,15651.816322044477,100.0
0.001,15656.096143692734,100.0
0.001,15660.37596534099,100.0
0.001,15663.875350425604,100.0
0.001,15667.374735510217,100.0
0.001,15670.87412059483,100.0
0.001,15674.373505679443,100.0
0.001,15677.872890764056,100.0
0.001,15681.37227584867,100.0
0.001,15684.871660933282,100.0
0.001,15688.371046017895,100.0
0.001,15691.870431102509,100.0
0.001,15695.369816187122,100.0
0.001,15698.869201271735,100.0
0.001,15702.368586356348,100.0
0.001,15705.86797144096,100.0
0.001,15709.367356525574,100.0
0.001,15712.866741610187,100.0
0.001,15716.3661266948,100.0
0.001,15719.865511779413,100.0
0.001,15723.364896864026,100.0
0.001,15726.86428194864,100.0
0.001,15731.311033556427,100.0
0.001,15735.757785164215,100.0
0.001,15740.204536772002,100.0
0.001,15744.65128837979,100.0
0.001,15749.098039987577,100.0
0.001,15753.544791595365,100.0
0.001,15757.991543203152,100.0
0.001,15762.43829481094,100.0
0.001,15766.061005435973,100.0
0.001,15769.683716061007,100.0
0.001,15773.30642668604,100.0
0.001,15776.929137311074,100.0
0.001,15781.213183541482,100.0
0.001,15785.49722977189,100.0
0.001,15789.781276002299,100.0
0.001,15794.065322232707,100.0
0.001,15798.349368463116,100.0
0.001,15802.633414693524,100.0
0.001,15806.917460923933,100.0
0.001,15811.201507154341,100.0
0.001,15815.48555338475,100.0
0.001,15819.769599615158,100.0
0.001,15824.053645845566,100.0
0.001,15828.337692075975,100.0
0.001,15832.621738306383,100.0
0.001,15836.905784536792,100.0
0.001,15841.1898307672,100.0
0.001,15845.473876997608,100.0
0.001,15849.757923228017,100.0
0.001,15854.041969458425,100.0
0.001,15858.326015688834,100.0
0.001,15862.610061919242,100.0
0.001,15866.89410814965,100.0
0.001,15871.178154380059,100.0
0.001,15875.462200610467,100.0
0.001,15879.746246840876,100.0
0.001,15884.030293071284,100.0
0.001,15888.314339301693,100.0
0.001,15892.598385532101,100.0
0.001,15896.88243176251,100.0
0.001,15901.166477992918,100.0
0.001,15905.450524223326,100.0
0.001,15909.734570453735,100.0
0.001,15914.018616684143,100.0
0.001,15918.302662914552,100.0
0.001,15922.58670914496,100.0
0.001,15926.870755375368,100.0
0.001,15931.154801605777,100.0
0.001,15935.438847836185,100.0
0.001,15939.722894066594,100.0
0.001,15944.006940297002,100.0
0.001,15948.29098652741,100.0
0.001,15952.575032757819,100.0
0.001,15956.859078988227,100.0
0.001,15961.143125218636,100.0
0.001,15965.427171449044,100.0
0.001,15969.711217679453,100.0
0.001,15973.995263909861,100.0
0.001,15978.27931014027,100.0
0.001,15982.563356370678,100.0
0.001,15986.847402601086,100.0
0.001,15991.131448831495,100.0
0.001,15995.415495061903,100.0
0.001,15999.699541292312,100.0
0.001,16003.98358752272,100.0
0.001,16008.267633753128,100.0
0.001,16012.551679983537,100.0
0.001,16016.835726213945,100.0
0.001,16021.119772444354,100.0
0.001,16025.403818674762,100.0
0.001,16029.68786490517,100.0
0.001,16033.971911135579,100.0
0.001,16038.255957365987,100.0
0.001,16042.540003596396,100.0
0.001,16046.824049826804,100.0
0.001,16051.108096057213,100.0
0.001,16055.392142287621,100.0
0.001,16059.67618851803,100.0
0.001,16063.960234748438,100.0
0.001,16068.244280978846,100.0
0.001,16072.528327209255,100.0
0.001,16076.812373439663,100.0
0.001,16081.096419670072,100.0
0.001,16085.38046590048,100.0
0.001,16089.664512130888,100.0
0.001,16093.948558361297,100.0
0.001,16098.232604591705,100.0
0.001,16102.516650822114,100.0
0.001,16106.800697052522,100.0
0.001,16111.08474328293,100.0
0.001,16115.368789513339,100.0
0.001,16119.652835743747,100.0
0.001,16123.936881974156,100.0
0.001,16128.220928204564,100.0
0.001,16132.504974434973,100.0
0.001,16136.074898316687,100.0
0.001,16139.644822198401,100.0
0.001,16143.214746080115,100.0
0.001,16146.78466996183,100.0
0.001,16150.354593843544,100.0
0.001,16153.924517725258,100.0
0.001,16157.494441606972,100.0
0.001,16161.064365488686,100.0
0.001,16164.6342893704,100.0
0.001,16168.204213252115,100.0
0.001,16171.774137133829,100.0
0.001,16175.344061015543,100.0
0.001,16178.913984897257,100.0
0.001,16182.483908778971,100.0
0.001,16186.053832660686,100.0
0.001,16189.6237565424,100.0
0.001,16193.193680424114,100.0
0.001,16196.763604305828,100.0
0.001,16200.333528187542,100.0
0.001,16203.903452069257,100.0
0.001,16207.47337595097,100.0
0.001,16211.043299832685,100.0
0.001,16214.6132237144,100.0
0.001,16218.183147596113,100.0
0.001,16221.753071477828,100.0
0.001,16225.322995359542,100.0
0.001,16228.892919241256,100.0
0.001,16232.46284312297,100.0
0.001,16236.032767004685,100.0
0.001,16239.602690886399,100.0
0.001,16243.172614768113,100.0
0.001,16246.742538649827,100.0
0.001,16250.312462531541,100.0
0.001,16253.882386413256,100.0
0.001,16257.88103658364,100.0
0.001,16261.879686754024,100.0
0.001,16265.878336924408,100.0
0.001,16269.876987094793,100.0
0.001,16273.875637265177,100.0
0.001,16277.874287435561,100.0
0.001,16281.872937605945,100.0
0.001,16285.87158777633,100.0
0.001,16289.870237946714,100.0
0.001,16293.868888117098,100.0
0.001,16297.867538287483,100.0
0.001,16301.866188457867,100.0
0.001,16305.092206352601,100.0
0.001,16308.318224247336,100.0
0.001,16311.54424214207,100.0
0.001,16314.770260036805,100.0
0.001,16317.99627793154,100.0
0.001,16321.222295826274,100.0
0.001,16324.448313721008,100.0
0.001,16328.568938349412,100.0
0.001,16332.689562977816,100.0
0.001,16336.81018760622,100.0
0.001,16340.930812234623,100.0
0.001,16345.051436863027,100.0
0.001,16349.17206149143,100.0
0.001,16353.292686119834,100.0
0.001,16357.413310748238,100.0
0.001,16361.533935376641,100.0
0.001,16365.654560005045,100.0
0.001,16369.775184633449,100.0
0.001,16373.895809261852,100.0
0.001,16378.016433890256,100.0
0.001,16382.13705851866,100.0
0.001,16386.25768314706,100.0
0.001,16390.378307775463,100.0
0.001,16394.498932403865,100.0
0.001,16398.619557032267,100.0
0.001,16402.74018166067,100.0
0.001,16406.03061706417,100.0
0.001,16409.321052467672,100.0
0.001,16412.611487871174,100.0
0.001,16415.901923274676,100.0
0.001,16419.192358678178,100.0
0.001,16422.48279408168,100.0
0.001,16425.77322948518,100.0
0.001,16429.063664888683,100.0
0.001,16432.354100292185,100.0
0.001,16435.644535695686,100.0
0.001,16438.93497109919,100.0
0.001,16442.22540650269,100.0
0.001,16444.681272904323,100.0
0.001,16446.708651253135,100.0
0.001,16448.274396867724,100.0
0.001,16449.424472615105,100.0
0.001,16450.574548362485,100.0
0.001,16451.387268400256,100.0
0.001,16452.199988438028,100.0
0.001,16452.78295531718,100.0
0.001,16453.36592219633,100.0
0.001,16453.440871972743,100.0
0.001,16453.515821749155,100.0
0.001,16453.590771525567,100.0
0.001,16453.74067107839,100.0
0.001,16453.890570631214,100.0
0.001,16454.040470184038,100.0
0.001,16454.265055230288,100.0
0.001,16454.489640276537,100.0
0.001,16454.658147935967,100.0
0.001,16454.797793604954,100.0
0.001,16454.90584959004,100.0
0.001,16455.013905575124,100.0
0.001,16455.08613585322,100.0
0.001,16455.158366131316,100.0
0.001,16455.20675500947,100.0
0.001,16455.25514388762,100.0
0.001,16455.28881876612,100.0
0.001,16455.322493644617,100.0
0.001,16455.349666592545,100.0
0.001,16455.376839540473,100.0
0.001,16455.4040124884,100.0
0.001,16455.408308770173,100.0
0.001,16455.412605051944,100.0
0.001,16455.416901333716,100.0
0.001,16455.42549389726,100.0
0.001,16455.434086460802,100.0
0.001,16455.442679024345,100.0
0.001,16455.460166545246,100.0
0.001,16455.477654066148,100.0
0.001,16455.49514158705,100.0
0.001,16455.51262910795,100.0
0.001,16455.53402253135,100.0
0.001,16455.555415954746,100.0
0.001,16455.576809378144,100.0
0.001,16455.598202801542,100.0
0.001,16455.61959622494,100.0
0.001,16455.64098964834,100.0
0.001,16455.662383071736,100.0
0.001,16455.699211737152,100.0
0.001,16455.736040402568,100.0
0.001,16455.772869067983,100.0
0.001,16455.8096977334,100.0
0.001,16455.872089281034,100.0
0.001,16455.93448082867,100.0
0.001,16455.996872376305,100.0
0.001,16456.05926392394,100.0
0.001,16456.163425707702,100.0
0.001,16456.267587491464,100.0
0.001,16456.371749275226,100.0
0.001,16456.475911058988,100.0
0.001,16456.657298021582,100.0
0.001,16456.838684984177,100.0
0.001,16457.020071946772,100.0
0.001,16457.201458909367,100.0
0.001,16457.522684822343,100.0
0.001,16457.84391073532,100.0
0.001,16458.165136648295,100.0
0.001,16458.48636256127,100.0
0.001,16459.066951644778,100.0
0.001,16459.647540728285,100.0
0.001,16460.228129811792,100.0
0.001,16460.8087188953,100.0
0.001,16461.88481177522,100.0
0.001,16462.96090465514,100.0
0.001,16464.036997535062,100.0
0.001,16466.8426846394,100.0
0.001,16469.648371743737,100.0
0.001,16472.454058848074,100.0
0.001,16475.25974595241,100.0
0.001,16479.66554085297,100.0
0.001,16484.071335753528,100.0
0.001,16488.477130654086,100.0
0.001,16496.785451807504,100.0
0.001,16505.09377296092,100.0
0.001,16513.40209411434,100.0
0.001,16527.657493308492,100.0
0.001,16541.912892502645,100.0
0.001,16556.1682916968,100.0
0.001,16582.65788098313,100.0
0.001,16609.14747026946,100.0
0.001,16635.637059555793,100.0
0.001,16683.77734613061,100.0
0.001,16731.917632705427,100.0
0.001,16780.057919280243,100.0
0.001,16866.060941387357,100.0
0.001,16952.06396349447,100.0
0.001,17038.066985601585,100.0
0.001,17185.299276706264,100.0
0.001,17332.531567810944,100.0
0.001,17438.75820631756,100.0
0.001,17465.314865944216,100.0
0.001,17471.897381170933,100.0
0.001,17478.47989639765,100.0
0.001,17480.561435290216,100.0
0.001,17481.081820013358,100.0
0.001,17481.6022047365,100.0
0.001,17482.642974182785,100.0
0.001,17483.68374362907,100.0
0.001,17483.94393599064,100.0
0.001,17484.20412835221,100.0
0.001,17484.72451307535,100.0
0.001,17485.114927530438,100.0
0.001,17485.430271818335,100.0
0.001,17485.745616106233,100.0
0.001,17486.113514662968,100.0
0.001,17486.481413219703,100.0
0.001,17486.76792994586,100.0
0.001,17486.99439486348,100.0
0.001,17487.174939432436,100.0
0.001,17487.355484001393,100.0
0.001,17487.53602857035,100.0
0.001,17487.749257764277,100.0
0.001,17487.908166020174,100.0
0.001,17488.06707427607,100.0
0.001,17488.225982531967,100.0
0.001,17488.384890787864,100.0
0.001,17488.54379904376,100.0
0.001,17488.702707299657,100.0
0.001,17488.861615555554,100.0
0.001,17489.02052381145,100.0
0.001,17489.179432067347,100.0
0.001,17489.338340323244,100.0
0.001,17489.458056031002,100.0
0.001,17489.57777173876,100.0
0.001,17489.69748744652,100.0
0.001,17489.817203154278,100.0
0.001,17489.974420203198,100.0
0.001,17490.131637252118,100.0
0.001,17490.288854301038,100.0
0.001,17490.446071349957,100.0
0.001,17490.620995378475,100.0
0.001,17490.79591940699,100.0
0.001,17490.97084343551,100.0
0.001,17491.145767464026,100.0
0.001,17491.364144530366,100.0
0.001,17491.582521596705,100.0
0.001,17491.61467943007,100.0
0.001,17491.646837263434,100.0
0.001,17491.678995096798,100.0
0.001,17491.74331076353,100.0
0.001,17491.80762643026,100.0
0.001,17491.871942096994,100.0
0.001,17492.002765022935,100.0
0.001,17492.133587948876,100.0
0.001,17492.264410874817,100.0
0.001,17492.40880956398,100.0
0.001,17492.553208253146,100.0
0.001,17492.69760694231,100.0
0.001,17492.842005631475,100.0
0.001,17493.020404103037,100.0
0.001,17493.1988025746,100.0
0.001,17493.37720104616,100.0
0.001,17493.555599517724,100.0
0.001,17493.810946672995,100.0
0.001,17493.849471938986,100.0
0.001,17493.887997204976,100.0
0.001,17493.926522470967,100.0
0.001,17494.003573002945,100.0
0.001,17494.080623534923,100.0
0.001,17494.1576740669,100.0
0.001,17494.28516067973,100.0
0.001,17494.41264729256,100.0
0.001,17494.54013390539,100.0
0.001,17494.70595354349,100.0
0.001,17494.87177318159,100.0
0.001,17495.037592819688,100.0
0.001,17495.18843713092,100.0
0.001,17495.339281442153,100.0
0.001,17495.490125753386,100.0
0.001,17495.640970064618,100.0
0.001,17495.79181437585,100.0
0.001,17495.942658687083,100.0
0.001,17496.093502998316,100.0
0.001,17496.244347309548,100.0
0.001,17496.39519162078,100.0
0.001,17496.546035932013,100.0
0.001,17496.696880243246,100.0
0.001,17496.84772455448,100.0
0.001,17497.0777520685,100.0
0.001,17497.307779582523,100.0
0.001,17497.537807096545,100.0
0.001,17497.834538319723,100.0
0.001,17498.1312695429,100.0
0.001,17498.42800076608,100.0
0.001,17498.724731989256,100.0
0.001,17499.021463212433,100.0
0.001,17499.31819443561,100.0
0.001,17499.61492565879,100.0
0.001,17499.901564612264,100.0
0.001,17500.18820356574,100.0
0.001,17500.383317346557,100.0
0.001,17500.422191727524,100.0
0.001,17500.46106610849,100.0
0.001,17500.49994048946,100.0
0.001,17500.577689251393,100.0
0.001,17500.655438013328,100.0
0.001,17500.733186775262,100.0
0.001,17500.870330963477,100.0
0.001,17501.00747515169,100.0
0.001,17501.144619339906,100.0
0.001,17501.29744627638,100.0
0.001,17501.450273212857,100.0
0.001,17501.603100149332,100.0
0.001,17501.755927085807,100.0
0.001,17501.964509484464,100.0
0.001,17502.17309188312,100.0
0.001,17502.381674281776,100.0
0.001,17502.70796932134,100.0
0.001,17503.034264360907,100.0
0.001,17503.360559400473,100.0
0.001,17503.588701784432,100.0
0.001,17503.816844168392,100.0
0.001,17504.04498655235,100.0
0.001,17504.246855198166,100.0
0.001,17504.286944447424,100.0
0.001,17504.32703369668,100.0
0.001,17504.36712294594,100.0
0.001,17504.447301444456,100.0
0.001,17504.52747994297,100.0
0.001,17504.607658441488,100.0
0.001,17504.760739973164,100.0
0.001,17504.91382150484,100.0
0.001,17505.066903036517,100.0
0.001,17505.235670456637,100.0
0.001,17505.404437876758,100.0
0.001,17505.573205296878,100.0
0.001,17505.741972716998,100.0
0.001,17505.965386637316,100.0
0.001,17506.188800557633,100.0
0.001,17506.41221447795,100.0
0.001,17506.75912888409,100.0
0.001,17507.106043290227,100.0
0.001,17507.452957696365,100.0
0.001,17507.964059574937,100.0
0.001,17508.47516145351,100.0
0.001,17508.98626333208,100.0
0.001,17509.593983630322,100.0
0.001,17510.201703928564,100.0
0.001,17510.809424226805,100.0
0.001,17511.510709581988,100.0
0.001,17512.21199493717,100.0
0.001,17512.913280292352,100.0
0.001,17513.614565647535,100.0
0.001,17514.468194320045,100.0
0.001,17515.321822992555,100.0
0.001,17516.175451665065,100.0
0.001,17517.890375466864,100.0
0.001,17519.605299268664,100.0
0.001,17520.864569799764,100.0
0.001,17521.866866634184,100.0
0.001,17522.642813260467,100.0
0.001,17523.191233553018,100.0
0.001,17523.620073198184,100.0
0.001,17523.937943175082,100.0
0.001,17524.197799916652,100.0
0.001,17524.39869523212,100.0
0.001,17524.59959054759,100.0
0.001,17524.80048586306,100.0
0.001,17524.987900210755,100.0
0.001,17525.02535159163,100.0
0.001,17525.062802972505,100.0
0.001,17525.10025435338,100.0
0.001,17525.175157115125,100.0
0.001,17525.25005987687,100.0
0.001,17525.324962638617,100.0
0.001,17525.46705699344,100.0
0.001,17525.60915134826,100.0
0.001,17525.751245703083,100.0
0.001,17525.909655216412,100.0
0.001,17526.06806472974,100.0
0.001,17526.22647424307,100.0
0.001,17526.3848837564,100.0
0.001,17526.602203252554,100.0
0.001,17526.81952274871,100.0
0.001,17527.036842244863,100.0
0.001,17527.419264483524,100.0
0.001,17527.801686722185,100.0
0.001,17528.184108960846,100.0
0.001,17528.655041773847,100.0
0.001,17529.12597458685,100.0
0.001,17529.59690739985,100.0
0.001,17530.06784021285,100.0
0.001,17530.53877302585,100.0
0.001,17531.009705838853,100.0
0.001,17531.32695428949,100.0
0.001,17531.644202740124,100.0
0.001,17531.684692769923,100.0
0.001,17531.72518279972,100.0
0.001,17531.76567282952,100.0
0.001,17531.84665288911,100.0
0.001,17531.927632948704,100.0
0.001,17532.008613008296,100.0
0.001,17532.144112592952,100.0
0.001,17532.27961217761,100.0
0.001,17532.415111762264,100.0
0.001,17532.55061134692,100.0
0.001,17532.733471430667,100.0
0.001,17532.916331514414,100.0
0.001,17533.09919159816,100.0
0.001,17533.28205168191,100.0
0.001,17533.537543483722,100.0
0.001,17533.793035285536,100.0
0.001,17534.04852708735,100.0
0.001,17534.304018889165,100.0
0.001,17534.756974546566,100.0
0.001,17535.209930203968,100.0
0.001,17535.66288586137,100.0
0.001,17536.31147870849,100.0
0.001,17536.960071555608,100.0
0.001,17537.608664402727,100.0
0.001,17538.146894605874,100.0
0.001,17538.68512480902,100.0
0.001,17539.223355012167,100.0
0.001,17539.761585215314,100.0
0.001,17540.519333985805,100.0
0.001,17541.277082756296,100.0
0.001,17542.034831526787,100.0
0.001,17543.326251110233,100.0
0.001,17544.61767069368,100.0
0.001,17545.909090277124,100.0
0.001,17547.753437851836,100.0
0.001,17549.597785426547,100.0
0.001,17551.44213300126,100.0
0.001,17555.350719214104,100.0
0.001,17559.25930542695,100.0
0.001,17577.63360660865,100.0
0.001,17596.007907790354,100.0
0.001,17614.382208972056,100.0
0.001,17616.75879748454,100.0
0.001,17619.135385997026,100.0
0.001,17623.61958343333,100.0
0.001,17628.103780869635,100.0
0.001,17644.879811756713,100.0
0.001,17661.65584264379,100.0
0.001,17680.737400925005,100.0
0.001,17699.81895920622,100.0
0.001,17718.900517487433,100.0
0.001,17737.982075768647,100.0
0.001,17757.06363404986,100.0
0.001,17776.145192331074,100.0
0.001,17797.227332778537,100.0
0.001,17818.309473226,100.0
0.001,17839.391613673462,100.0
0.001,17860.473754120925,100.0
0.001,17881.555894568388,100.0
0.001,17902.63803501585,100.0
0.001,17929.023080396197,100.0
0.001,17955.408125776543,100.0
0.001,17981.79317115689,100.0
0.001,18013.895465861333,100.0
0.001,18040.491272312018,100.0
0.001,18067.087078762703,100.0
0.001,18093.682885213388,100.0
0.001,18120.54826138789,100.0
0.001,18141.976856143337,100.0
0.001,18163.405450898787,100.0
0.001,18184.834045654236,100.0
0.001,18206.262640409685,100.0
0.001,18227.691235165134,100.0
0.001,18249.119829920583,100.0
0.001,18270.54842467603,100.0
0.001,18291.97701943148,100.0
0.001,18313.40561418693,100.0
0.001,18338.867989857677,100.0
0.001,18364.330365528425,100.0
0.001,18389.792741199173,100.0
0.001,18415.25511686992,100.0
0.001,18440.71749254067,100.0
0.001,18466.179868211417,100.0
0.001,18491.642243882165,100.0
0.001,18517.104619552912,100.0
0.001,18542.56699522366,100.0
0.001,18568.02937089441,100.0
0.001,18589.17662951802,100.0
0.001,18606.293275828884,100.0
0.001,18623.40992213975,100.0
0.001,18640.526568450612,100.0
0.001,18657.643214761476,100.0
0.001,18674.75986107234,100.0
0.001,18691.876507383204,100.0
0.001,18708.993153694068,100.0
0.001,18726.10980000493,100.0
0.001,18743.226446315795,100.0
0.001,18760.34309262666,100.0
0.001,18777.459738937523,100.0
0.001,18794.576385248387,100.0
0.001,18811.69303155925,100.0
0.001,18828.809677870115,100.0
0.001,18845.92632418098,100.0
0.001,18867.329114043376,100.0
0.001,18884.877232857012,100.0
0.001,18902.42535167065,100.0
0.001,18919.973470484285,100.0
0.001,18922.034587203463,100.0
0.001,18924.09570392264,100.0
0.001,18926.15682064182,100.0
0.001,18930.27905408018,100.0
0.001,18934.40128751854,100.0
0.001,18941.740316932974,100.0
0.001,18949.079346347407,100.0
0.001,18953.83763250254,100.0
0.001,18958.59591865767,100.0
0.001,18961.10621539648,100.0
0.001,18963.616512135293,100.0
0.001,18964.906762643448,100.0
0.001,18965.972067601768,100.0
0.001,18966.727001009735,100.0
0.001,18967.31058221071,100.0
0.001,18967.741385839403,100.0
0.001,18968.088954706604,100.0
0.001,18968.3635291297,100.0
0.001,18968.590583022637,100.0
0.001,18968.776623960777,100.0
0.001,18968.962664898918,100.0
0.001,18969.14870583706,100.0
0.001,18969.34902652576,100.0
0.001,18969.389090663502,100.0
0.001,18969.429154801244,100.0
0.001,18969.469218938986,100.0
0.001,18969.549347214466,100.0
0.001,18969.629475489946,100.0
0.001,18969.709603765426,100.0
0.001,18969.882534842985,100.0
0.001,18970.055465920545,100.0
0.001,18970.228396998104,100.0
0.001,18970.436859820682,100.0
0.001,18970.64532264326,100.0
0.001,18970.85378546584,100.0
0.001,18971.062248288417,100.0
0.001,18971.348026421372,100.0
0.001,18971.633804554327,100.0
0.001,18971.919582687282,100.0
0.001,18972.42848707964,100.0
0.001,18972.937391471998,100.0
0.001,18973.446295864356,100.0
0.001,18974.207484702314,100.0
0.001,18974.968673540272,100.0
0.001,18975.72986237823,100.0
0.001,18976.696209007343,100.0
0.001,18977.662555636456,100.0
0.001,18978.62890226557,100.0
0.001,18979.595248894682,100.0
0.001,18980.561595523795,100.0
0.001,18981.52794215291,100.0
0.001,18982.800817708998,100.0
0.001,18984.073693265087,100.0
0.001,18985.346568821176,100.0
0.001,18987.51069985914,100.0
0.001,18989.674830897104,100.0
0.001,18991.838961935067,100.0
0.001,18994.250359761976,100.0
0.001,18996.661757588885,100.0
0.001,18999.073155415794,100.0
0.001,19001.484553242703,100.0
0.001,19005.51710784438,100.0
0.001,19009.549662446054,100.0
0.001,19013.58221704773,100.0
0.001,19017.614771649405,100.0
0.001,19023.956066285376,100.0
0.001,19030.297360921344,100.0
0.001,19036.63865555731,100.0
0.001,19042.97995019328,100.0
0.001,19049.321244829247,100.0
0.001,19057.057322766756,100.0
0.001,19064.793400704264,100.0
0.001,19072.529478641773,100.0
0.001,19080.26555657928,100.0
0.001,19088.00163451679,100.0
0.001,19097.632043354977,100.0
0.001,19107.262452193165,100.0
0.001,19116.892861031352,100.0
0.001,19126.52326986954,100.0
0.001,19134.722205975042,100.0
0.001,19140.706581397062,100.0
0.001,19141.556320758616,100.0
0.001,19142.40606012017,100.0
0.001,19143.255799481725,100.0
0.001,19144.955278204838,100.0
0.001,19146.65475692795,100.0
0.001,19148.05090154256,100.0
0.001,19149.05916150603,100.0
0.001,19150.0674214695,100.0
0.001,19150.5517300966,100.0
0.001,19151.036038723698,100.0
0.001,19151.338782946714,100.0
0.001,19151.64152716973,100.0
0.001,19151.85104188132,100.0
0.001,19152.06055659291,100.0
0.001,19152.2700713045,100.0
0.001,19152.49624095422,100.0
0.001,19152.541474884165,100.0
0.001,19152.58670881411,100.0
0.001,19152.631942744054,100.0
0.001,19152.722410603943,100.0
0.001,19152.812878463832,100.0
0.001,19152.91819385237,100.0
0.001,19153.023509240906,100.0
0.001,19153.128824629443,100.0
0.001,19153.309186138144,100.0
0.001,19153.489547646845,100.0
0.001,19153.669909155546,100.0
0.001,19153.911422716425,100.0
0.001,19154.152936277304,100.0
0.001,19154.394449838182,100.0
0.001,19154.63596339906,100.0
0.001,19154.95019015619,100.0
0.001,19155.264416913316,100.0
0.001,19155.578643670444,100.0
0.001,19156.186000836242,100.0
0.001,19156.79335800204,100.0
0.001,19157.400715167838,100.0
0.001,19158.331798899944,100.0
0.001,19159.26288263205,100.0
0.001,19160.193966364157,100.0
0.001,19161.76792328818,100.0
0.001,19163.3418802122,100.0
0.001,19164.91583713622,100.0
0.001,19167.350330564317,100.0
0.001,19169.784823992413,100.0
0.001,19172.21931742051,100.0
0.001,19174.653810848606,100.0
0.001,19178.178408018663,100.0
0.001,19181.70300518872,100.0
0.001,19185.227602358776,100.0
0.001,19189.87526755309,100.0
0.001,19193.631481209566,100.0
0.001,19196.218045721253,100.0
0.001,19198.281336902106,100.0
0.001,19199.66419571961,100.0
0.001,19200.765007326318,100.0
0.001,19201.54117267855,100.0
0.001,19202.142350182425,100.0
0.001,19202.583924162267,100.0
0.001,19202.939368330415,100.0
0.001,19203.219644155746,100.0
0.001,19203.450624902634,100.0
0.001,19203.63906444076,100.0
0.001,19203.827503978882,100.0
0.001,19204.015943517006,100.0
0.001,19204.223892210204,100.0
0.001,19204.265481948845,100.0
0.001,19204.307071687486,100.0
0.001,19204.348661426127,100.0
0.001,19204.431840903406,100.0
0.001,19204.515020380684,100.0
0.001,19204.598199857963,100.0
0.001,19204.773264220446,100.0
0.001,19204.94832858293,100.0
0.001,19205.123392945414,100.0
0.001,19205.333846933532,100.0
0.001,19205.54430092165,100.0
0.001,19205.75475490977,100.0
0.001,19205.965208897887,100.0
0.001,19206.25544372752,100.0
0.001,19206.545678557155,100.0
0.001,19206.83591338679,100.0
0.001,19207.352315308635,100.0
0.001,19207.86871723048,100.0
0.001,19208.385119152328,100.0
0.001,19209.15971377695,100.0
0.001,19209.93430840157,100.0
0.001,19210.708903026192,100.0
0.001,19211.852092921836,100.0
0.001,19212.99528281748,100.0
0.001,19214.138472713123,100.0
0.001,19214.321226154843,100.0
0.001,19214.503979596564,100.0
0.001,19214.686733038285,100.0
0.001,19215.052239921726,100.0
0.001,19215.417746805168,100.0
0.001,19216.481197737907,100.0
0.001,19217.544648670646,100.0
0.001,19218.608099603385,100.0
0.001,19220.87600562885,100.0
0.001,19223.14391165431,100.0
0.001,19225.411817679775,100.0
0.001,19228.14751366429,100.0
0.001,19230.883209648808,100.0
0.001,19233.618905633324,100.0
0.001,19236.77632959659,100.0
0.001,19239.933753559853,100.0
0.001,19243.091177523118,100.0
0.001,19246.248601486383,100.0
0.001,19249.406025449647,100.0
0.001,19252.56344941291,100.0
0.001,19258.144602697877,100.0
0.001,19263.725755982843,100.0
0.001,19269.30690926781,100.0
0.001,19275.35393792102,100.0
0.001,19281.40096657423,100.0
0.001,19281.979424075154,100.0
0.001,19282.55788157608,100.0
0.001,19283.136339077002,100.0
0.001,19284.29325407885,100.0
0.001,19285.450169080697,100.0
0.001,19287.485961503728,100.0
0.001,19289.094317203228,100.0
0.001,19290.212231363275,100.0
0.001,19291.112682697352,100.0
0.001,19291.74769752292,100.0
0.001,19292.244790975226,100.0
0.001,19292.615490670305,100.0
0.001,19292.918207275157,100.0
0.001,19293.15145766406,100.0
0.001,19293.38470805296,100.0
0.001,19293.568541130764,100.0
0.001,19293.75237420857,100.0
0.001,19293.936207286373,100.0
0.001,19294.081839366965,100.0
0.001,19294.227471447557,100.0
0.001,19294.37310352815,100.0
0.001,19294.51873560874,100.0
0.001,19294.664367689333,100.0
0.001,19294.809999769925,100.0
0.001,19295.026440487785,100.0
0.001,19295.242881205646,100.0
0.001,19295.459321923507,100.0
0.001,19295.740305455027,100.0
0.001,19296.021288986547,100.0
0.001,19296.302272518067,100.0
0.001,19296.583256049587,100.0
0.001,19296.963970225403,100.0
0.001,19297.344684401218,100.0
0.001,19297.725398577033,100.0
0.001,19298.36500306115,100.0
0.001,19299.004607545266,100.0
0.001,19299.644212029383,100.0
0.001,19300.75744438438,100.0
0.001,19301.870676739378,100.0
0.001,19302.983909094375,100.0
0.001,19304.850521074877,100.0
0.001,19306.71713305538,100.0
0.001,19308.58374503588,100.0
0.001,19311.793624573693,100.0
0.001,19313.999182191237,100.0
0.001,19315.648634047953,100.0
0.001,19316.788382223694,100.0
0.001,19317.71813059598,100.0
0.001,19318.371183771065,100.0
0.001,19318.881968752557,100.0
0.001,19319.261376384653,100.0
0.001,19319.570486384182,100.0
0.001,19319.8171762559,100.0
0.001,19320.063866127617,100.0
0.001,19320.244868494352,100.0
0.001,19320.425870861087,100.0
0.001,19320.60687322782,100.0
0.001,19320.63583227774,100.0
0.001,19320.66479132766,100.0
0.001,19320.69375037758,100.0
0.001,19320.751668477416,100.0
0.001,19320.809586577252,100.0
0.001,19320.91138648324,100.0
0.001,19320.988815076176,100.0
0.001,19321.066243669113,100.0
0.001,19321.183047672155,100.0
0.001,19321.299851675198,100.0
0.001,19321.41665567824,100.0
0.001,19321.618284107804,100.0
0.001,19321.81991253737,100.0
0.001,19322.021540966933,100.0
0.001,19322.26655603183,100.0
0.001,19322.51157109673,100.0
0.001,19322.756586161628,100.0
0.001,19323.054317972998,100.0
0.001,19323.352049784367,100.0
0.001,19323.649781595737,100.0
0.001,19324.227227991432,100.0
0.001,19324.804674387127,100.0
0.001,19325.382120782822,100.0
0.001,19326.294820124618,100.0
0.001,19327.207519466414,100.0
0.001,19328.12021880821,100.0
0.001,19329.63237406058,100.0
0.001,19331.14452931295,100.0
0.001,19332.65668456532,100.0
0.001,19335.239006192623,100.0
0.001,19337.821327819926,100.0
0.001,19340.403649447228,100.0
0.001,19344.875562792542,100.0
0.001,19349.347476137857,100.0
0.001,19353.81938948317,100.0
0.001,19361.53110124238,100.0
0.001,19369.24281300159,100.0
0.001,19376.9545247608,100.0
0.001,19385.988434231658,100.0
0.001,19395.022343702516,100.0
0.001,19404.056253173374,100.0
0.001,19413.090162644232,100.0
0.001,19424.163963790823,100.0
0.001,19435.237764937414,100.0
0.001,19446.311566084005,100.0
0.001,19455.111273146314,100.0
0.001,19461.05554453278,100.0
0.001,19461.87097328515,100.0
0.001,19462.686402037518,100.0
0.001,19463.501830789886,100.0
0.001,19465.132688294623,100.0
0.001,19466.76354579936,100.0
0.001,19468.394403304097,100.0
0.001,19469.46625319965,100.0
0.001,19470.538103095205,100.0
0.001,19471.11916830849,100.0
0.001,19471.59777020055,100.0
0.001,19471.956538099766,100.0
0.001,19472.248528883356,100.0
0.001,19472.484068280017,100.0
0.001,19472.719607676678,100.0
0.001,19472.898264469135,100.0
0.001,19473.076921261592,100.0
0.001,19473.25557805405,100.0
0.001,19473.28260726714,100.0
0.001,19473.309636480233,100.0
0.001,19473.336665693325,100.0
0.001,19473.39072411951,100.0
0.001,19473.444782545692,100.0
0.001,19473.559166180316,100.0
0.001,19473.641621607832,100.0
0.001,19473.72407703535,100.0
0.001,19473.85003887845,100.0
0.001,19473.97600072155,100.0
0.001,19474.101962564648,100.0
0.001,19474.280992202937,100.0
0.001,19474.460021841227,100.0
0.001,19474.639051479517,100.0
0.001,19474.818081117806,100.0
0.001,19474.997110756096,100.0
0.001,19475.176140394386,100.0
0.001,19475.355170032675,100.0
0.001,19475.569447043847,100.0
0.001,19475.783724055018,100.0
0.001,19475.99800106619,100.0
0.001,19476.549873757744,100.0
0.001,19477.101746449298,100.0
0.001,19477.653619140852,100.0
0.001,19478.46996048498,100.0
0.001,19479.28630182911,100.0
0.001,19480.10264317324,100.0
0.001,19481.471095014396,100.0
0.001,19482.839546855554,100.0
0.001,19484.20799869671,100.0
0.001,19486.539547988126,100.0
0.001,19488.87109727954,100.0
0.001,19491.202646570957,100.0
0.001,19495.218728934797,100.0
0.001,19499.234811298636,100.0
0.001,19503.250893662476,100.0
0.001,19505.86957015291,100.0
0.001,19508.488246643345,100.0
0.001,19509.999685279457,100.0
0.001,19511.51112391557,100.0
0.001,19512.290403686748,100.0
0.001,19512.935143969065,100.0
0.001,19513.404743846066,100.0
0.001,19513.778623073813,100.0
0.001,19514.071859043117,100.0
0.001,19514.309971706487,100.0
0.001,19514.49932941488,100.0
0.001,19514.688687123275,100.0
0.001,19514.87804483167,100.0
0.001,19515.086815503564,100.0
0.001,19515.128569637942,100.0
0.001,19515.17032377232,100.0
0.001,19515.212077906697,100.0
0.001,19515.295586175456,100.0
0.001,19515.379094444215,100.0
0.001,19515.474875317464,100.0
0.001,19515.570656190714,100.0
0.001,19515.666437063963,100.0
0.001,19515.83385646494,100.0
0.001,19516.001275865914,100.0
0.001,19516.16869526689,100.0
0.001,19516.39836829187,100.0
0.001,19516.62804131685,100.0
0.001,19516.85771434183,100.0
0.001,19517.08738736681,100.0
0.001,19517.31706039179,100.0
0.001,19517.54673341677,100.0
0.001,19517.77640644175,100.0
0.001,19518.22266398298,100.0
0.001,19518.668921524208,100.0
0.001,19519.115179065437,100.0
0.001,19519.561436606666,100.0
0.001,19520.42754725557,100.0
0.001,19521.293657904476,100.0
0.001,19522.15976855338,100.0
0.001,19523.025879202287,100.0
0.001,19524.61152947781,100.0
0.001,19526.197179753333,100.0
0.001,19527.782830028857,100.0
0.001,19531.626848638367,100.0
0.001,19535.470867247877,100.0
0.001,19539.314885857388,100.0
0.001,19543.158904466898,100.0
0.001,19549.247667675885,100.0
0.001,19555.336430884872,100.0
0.001,19561.42519409386,100.0
0.001,19573.021192945744,100.0
0.001,19584.617191797628,100.0
0.001,19596.213190649512,100.0
0.001,19615.995545166013,100.0
0.001,19635.777899682515,100.0
0.001,19655.560254199016,100.0
0.001,19664.79433142319,100.0
0.001,19674.028408647362,100.0
0.001,19683.262485871535,100.0
0.001,19687.860164872873,100.0
0.001,19692.45784387421,100.0
0.001,19697.055522875547,100.0
0.001,19698.260298796704,100.0
0.001,19699.46507471786,100.0
0.001,19701.874626560173,100.0
0.001,19704.284178402486,100.0
0.001,19706.6937302448,100.0
0.001,19709.739368022543,100.0
0.001,19711.87600467061,100.0
0.001,19713.53799395629,100.0
0.001,19715.199983241975,100.0
0.001,19716.442683695623,100.0
0.001,19717.68538414927,100.0
0.001,19718.672604929307,100.0
0.001,19719.456363033387,100.0
0.001,19720.240121137467,100.0
0.001,19721.023879241548,100.0
0.001,19722.189998040547,100.0
0.001,19723.356116839546,100.0
0.001,19724.522235638546,100.0
0.001,19725.96241240926,100.0
0.001,19727.402589179972,100.0
0.001,19728.842765950685,100.0
0.001,19730.466339888182,100.0
0.001,19732.08991382568,100.0
0.001,19733.713487763176,100.0
0.001,19735.875731869,100.0
0.001,19738.037975974825,100.0
0.001,19740.20022008065,100.0
0.001,19742.808221806124,100.0
0.001,19745.4162235316,100.0
0.001,19748.024225257075,100.0
0.001,19751.487247889087,100.0
0.001,19754.950270521098,100.0
0.001,19758.41329315311,100.0
0.001,19761.87631578512,100.0
0.001,19765.339338417132,100.0
0.001,19768.802361049144,100.0
0.001,19773.265746650628,100.0
0.001,19777.729132252112,100.0
0.001,19782.192517853597,100.0
0.001,19787.31498390275,100.0
0.001,19792.437449951904,100.0
0.001,19793.001374615735,100.0
0.001,19793.565299279566,100.0
0.001,19794.693148607228,100.0
0.001,19795.82099793489,100.0
0.001,19797.73816857541,100.0
0.001,19799.655339215933,100.0
0.001,19801.572509856454,100.0
0.001,19803.489680496976,100.0
0.001,19804.832271213414,100.0
0.001,19805.878411436322,100.0
0.001,19806.92455165923,100.0
0.001,19807.97069188214,100.0
0.001,19809.524766348968,100.0
0.001,19811.078840815797,100.0
0.001,19812.632915282626,100.0
0.001,19814.488484501904,100.0
0.001,19816.344053721183,100.0
0.001,19818.19962294046,100.0
0.001,19820.05519215974,100.0
0.001,19821.91076137902,100.0
0.001,19823.766330598297,100.0
0.001,19826.089811419555,100.0
0.001,19828.413292240813,100.0
0.001,19830.73677306207,100.0
0.001,19833.06025388333,100.0
0.001,19835.38373470459,100.0
0.001,19837.707215525847,100.0
0.001,19840.451693530256,100.0
0.001,19843.196171534666,100.0
0.001,19845.295702116793,100.0
0.001,19847.39523269892,100.0
0.001,19849.494763281047,100.0
0.001,19851.206976491303,100.0
0.001,19852.605530140583,100.0
0.001,19854.004083789863,100.0
0.001,19855.402637439143,100.0
0.001,19857.137267774997,100.0
0.001,19858.523252145784,100.0
0.001,19859.670986389403,100.0
0.001,19860.818720633022,100.0
0.001,19861.96645487664,100.0
0.001,19863.380937905797,100.0
0.001,19864.795420934952,100.0
0.001,19866.209903964107,100.0
0.001,19867.624386993262,100.0
0.001,19869.038870022418,100.0
0.001,19870.453353051573,100.0
0.001,19871.867836080728,100.0
0.001,19873.4654671834,100.0
0.001,19875.06309828607,100.0
0.001,19876.660729388743,100.0
0.001,19878.258360491414,100.0
0.001,19879.482155401678,100.0
0.001,19880.70595031194,100.0
0.001,19881.929745222205,100.0
0.001,19883.15354013247,100.0
0.001,19884.377335042733,100.0
0.001,19885.34871299891,100.0
0.001,19886.080298660316,100.0
0.001,19886.81188432172,100.0
0.001,19887.543469983124,100.0
0.001,19888.275055644528,100.0
0.001,19889.310267596917,100.0
0.001,19890.345479549305,100.0
0.001,19891.380691501694,100.0
0.001,19892.75455714264,100.0
0.001,19894.12842278359,100.0
0.001,19895.502288424537,100.0
0.001,19896.876154065485,100.0
0.001,19899.850148576763,100.0
0.001,19902.82414308804,100.0
0.001,19905.79813759932,100.0
0.001,19913.573405094103,100.0
0.001,19919.27263501162,100.0
0.001,19923.096521524727,100.0
0.001,19926.071363415926,100.0
0.001,19928.2343590821,100.0
0.001,19929.97176624983,100.0
0.001,19931.407795544335,100.0
0.001,19932.84382483884,100.0
0.001,19934.279854133347,100.0
0.001,19935.166734371945,100.0
0.001,19936.053614610544,100.0
0.001,19936.940494849143,100.0
0.001,19938.04838027451,100.0
0.001,19939.15626569988,100.0
0.001,19940.264151125248,100.0
0.001,19941.372036550616,100.0
0.001,19942.479921975984,100.0
0.001,19943.587807401353,100.0
0.001,19945.559366978046,100.0
0.001,19947.53092655474,100.0
0.001,19949.502486131434,100.0
0.001,19951.89887821589,100.0
0.001,19954.295270300343,100.0
0.001,19956.691662384797,100.0
0.001,19959.08805446925,100.0
0.001,19962.927875434816,100.0
0.001,19966.76769640038,100.0
0.001,19970.607517365945,100.0
0.001,19978.004768517007,100.0
0.001,19982.235037557628,100.0
0.001,19985.526075909318,100.0
0.001,19987.905962902863,100.0
0.001,19989.7703893426,100.0
0.001,19991.24879216857,100.0
0.001,19992.727194994543,100.0
0.001,19994.205597820514,100.0
0.001,19995.155225838706,100.0
0.001,19996.104853856898,100.0
0.001,19997.05448187509,100.0
0.001,19998.00410989328,100.0
0.001,19998.953737911474,100.0
0.001,19999.903365929666,100.0
0.001,20000.0,100.0
